Transaction_ID,Transaction_Date,Branch_ID,Branch,Region,Customer_ID,Customer_Name,Customer_Segment,Product_ID,Product_Name,Category,Quantity,Unit_Price,Discount,Cost_Ratio,Payment_Method
TXN0E2B28E23A,2024-12-30,BR03,Rajahmundry,Andhra Pradesh,CUST01402,Kiran Sarma,Retail,P001,Budget Smartphone 4G,Mobile,1,9829.57,0.0,0.8,Cash
TXN1A55165CF7,2023-02-12,BR03,Rajahmundry,Andhra Pradesh,CUST01076,Swathi Chowdary,Retail,P012,Mobile Charger,Accessories,1,1380.3,0.15,0.42,UPI
TXNE87E95DFE1,2023-10-25,BR03,Rajahmundry,Andhra Pradesh,CUST00953,Ravi Naidu,Retail,P019,LED TV 55-inch,Electronics,1,59543.67,0.0,0.79,Cash
TXND5782A7421,2024-05-23,BR03,Rajahmundry,Andhra Pradesh,CUST00620,Priya Varma,Wholesale,P019,LED TV 55-inch,Electronics,1,56248.06,0.05,0.79,Debit Card
TXN91C933B960,2024-05-27,BR03,Rajahmundry,Andhra Pradesh,CUST00671,Swathi Chowdary,Wholesale,P003,Flagship Smartphone,Mobile,1,77959.85,0.15,0.75,Credit Card
TXN55F7D32F19,2023-11-15,BR03,Rajahmundry,Andhra Pradesh,CUST01786,Vikram Murthy,Retail,P019,LED TV 55-inch,Electronics,1,58511.42,0.25,0.79,UPI
TXNC0C9579362,2023-07-03,BR03,Rajahmundry,Andhra Pradesh,CUST00640,Naveen Sharma,Retail,P013,Power Bank,Accessories,2,1870.1,0.1,0.48,UPI
TXN28C4B5AACA,2024-03-21,BR03,Rajahmundry,Andhra Pradesh,CUST00738,Aishwarya Prasad,Retail,P011,Bluetooth Speaker,Accessories,1,2899.49,0.1,0.5,UPI
TXNA9F85A169E,2024-09-25,BR03,Rajahmundry,Andhra Pradesh,CUST01681,Srinivas Babu,Wholesale,P001,Budget Smartphone 4G,Mobile,1,8783.23,0.0,0.8,Net Banking
TXNDAB4225939,2023-06-30,BR03,Rajahmundry,Andhra Pradesh,CUST00891,Kiran Varma,Retail,P003,Flagship Smartphone,Mobile,1,47431.24,0.05,0.75,Debit Card
TXN69F0C14A75,2023-05-22,BR03,Rajahmundry,Andhra Pradesh,CUST01442,Naveen Babu,Retail,P019,LED TV 55-inch,Electronics,1,55376.89,0.05,0.79,UPI
TXN2BF500FFF0,2023-02-11,BR03,Rajahmundry,Andhra Pradesh,CUST00190,Harika Prasad,Retail,P002,Mid-range Smartphone 5G,Mobile,1,19005.07,0.0,0.78,Credit Card
TXND7BA8FD1FF,2023-03-10,BR03,Rajahmundry,Andhra Pradesh,CUST00975,Ajay Varma,Retail,P011,Bluetooth Speaker,Accessories,1,2921.94,0.05,0.5,UPI
TXN4689DC99DB,2024-11-06,BR03,Rajahmundry,Andhra Pradesh,CUST00089,Priya Kumar,Retail,P001,Budget Smartphone 4G,Mobile,1,11080.88,0.0,0.8,Net Banking
TXN19E1299303,2024-01-05,BR03,Rajahmundry,Andhra Pradesh,CUST00936,Sandeep Chowdary,Retail,P013,Power Bank,Accessories,1,869.03,0.0,0.48,Credit Card
TXN78003B9113,2024-05-26,BR03,Rajahmundry,Andhra Pradesh,CUST01366,Ramesh Kumar,Corporate,P004,Wireless Earbuds,Mobile,1,4118.63,0.1,0.55,Credit Card
TXN44BEF1722E,2023-01-23,BR03,Rajahmundry,Andhra Pradesh,CUST01383,Lakshmi Reddy,Retail,P021,Smart Watch,Electronics,2,5903.01,0.1,0.55,Cash
TXNC001B13AA1,2023-03-19,BR03,Rajahmundry,Andhra Pradesh,CUST01175,Divya Murthy,Wholesale,P018,LED TV 43-inch,Electronics,1,25735.62,0.0,0.8,Debit Card
TXN2D31251610,2023-08-20,BR03,Rajahmundry,Andhra Pradesh,CUST00138,Sneha Naidu,Retail,P012,Mobile Charger,Accessories,2,1376.56,0.15,0.42,Credit Card
TXN907B20026E,2023-09-04,BR03,Rajahmundry,Andhra Pradesh,CUST01762,Pooja Babu,Retail,P003,Flagship Smartphone,Mobile,1,58512.41,0.1,0.75,Credit Card
TXNB7534094DE,2023-11-24,BR03,Rajahmundry,Andhra Pradesh,CUST01638,Deepika Murthy,Wholesale,P009,Laptop Bag,Accessories,1,786.91,0.2,0.45,UPI
TXN41F1A15F1B,2024-03-15,BR03,Rajahmundry,Andhra Pradesh,CUST00892,Naveen Murthy,Wholesale,P011,Bluetooth Speaker,Accessories,2,1680.49,0.0,0.5,UPI
TXN858162704F,2023-09-27,BR03,Rajahmundry,Andhra Pradesh,CUST01007,Suresh Rao,Wholesale,P012,Mobile Charger,Accessories,1,695.64,0.0,0.42,Credit Card
TXN3107C189DE,2023-11-14,BR03,Rajahmundry,Andhra Pradesh,CUST01050,Sneha Devi,Retail,P019,LED TV 55-inch,Electronics,1,45898.97,0.0,0.79,UPI
TXN66B5CCBF41,2024-08-05,BR03,Rajahmundry,Andhra Pradesh,CUST01354,Ramesh Varma,Corporate,P001,Budget Smartphone 4G,Mobile,1,11080.49,0.1,0.8,Cash
TXN6754A68DC5,2024-03-02,BR03,Rajahmundry,Andhra Pradesh,CUST01483,Naveen Sharma,Retail,P018,LED TV 43-inch,Electronics,1,33397.82,0.05,0.8,Credit Card
TXNA8DDF1DDA7,2024-11-17,BR03,Rajahmundry,Andhra Pradesh,CUST00161,Divya Devi,Retail,P009,Laptop Bag,Accessories,3,1077.87,0.05,0.45,Debit Card
TXN9F94BAB0CD,2024-04-29,BR03,Rajahmundry,Andhra Pradesh,CUST00043,Ramesh Devi,Retail,P002,Mid-range Smartphone 5G,Mobile,1,23400.34,0.1,0.78,UPI
TXNB8B1AB1113,2024-03-01,BR03,Rajahmundry,Andhra Pradesh,CUST00545,Naveen Chowdary,Wholesale,P015,Refrigerator 300L,Home Appliances,1,30802.44,0.15,0.82,Debit Card
TXND4027036CE,2024-02-07,BR03,Rajahmundry,Andhra Pradesh,CUST01294,Aishwarya Prasad,Retail,P015,Refrigerator 300L,Home Appliances,1,35904.92,0.15,0.82,Cash
TXNFEB36EF89B,2023-10-12,BR03,Rajahmundry,Andhra Pradesh,CUST01322,Ajay Reddy,Retail,P012,Mobile Charger,Accessories,2,1360.81,0.25,0.42,Credit Card
TXNFF4060E7C7,2023-06-23,BR03,Rajahmundry,Andhra Pradesh,CUST00656,Kavya Varma,Retail,P001,Budget Smartphone 4G,Mobile,2,9088.75,0.05,0.8,Credit Card
TXN69B47B5397,2024-05-10,BR03,Rajahmundry,Andhra Pradesh,CUST01383,Lakshmi Reddy,Retail,P001,Budget Smartphone 4G,Mobile,1,13482.41,0.15,0.8,Net Banking
TXNBEB4645D73,2024-11-22,BR03,Rajahmundry,Andhra Pradesh,CUST00222,Ravi Murthy,Retail,P012,Mobile Charger,Accessories,1,1474.39,0.1,0.42,UPI
TXN9E18D72864,2024-10-29,BR03,Rajahmundry,Andhra Pradesh,CUST01236,Anitha Reddy,Retail,P014,Split AC 1.5 Ton,Home Appliances,1,44407.93,0.05,0.83,UPI
TXN89A96A64DA,2024-12-09,BR03,Rajahmundry,Andhra Pradesh,CUST00858,Kavya Reddy,Corporate,P021,Smart Watch,Electronics,2,5311.45,0.05,0.55,UPI
TXNF88E8379BD,2024-08-20,BR03,Rajahmundry,Andhra Pradesh,CUST01821,Harika Sharma,Wholesale,P012,Mobile Charger,Accessories,1,978.12,0.0,0.42,Credit Card
TXNB769F521AB,2023-10-07,BR03,Rajahmundry,Andhra Pradesh,CUST00169,Srinivas Prasad,Wholesale,P008,Ultrabook Thin & Light,Laptop,1,65625.0,0.0,0.79,Credit Card
TXN3443C54CA9,2024-02-18,BR03,Rajahmundry,Andhra Pradesh,CUST01609,Praveen Rao,Retail,P015,Refrigerator 300L,Home Appliances,1,30093.83,0.15,0.82,Cash
TXN4F73F309C3,2023-07-11,BR03,Rajahmundry,Andhra Pradesh,CUST01351,Harika Prasad,Wholesale,P003,Flagship Smartphone,Mobile,1,62365.24,0.0,0.75,Debit Card
TXN0362ACFD0B,2024-09-10,BR03,Rajahmundry,Andhra Pradesh,CUST00293,Sneha Naidu,Retail,P011,Bluetooth Speaker,Accessories,2,3009.9,0.05,0.5,Debit Card
TXN6EA941F268,2023-12-03,BR03,Rajahmundry,Andhra Pradesh,CUST00081,Lakshmi Varma,Retail,P011,Bluetooth Speaker,Accessories,3,4641.21,0.1,0.5,UPI
TXN7E90213141,2024-11-22,BR03,Rajahmundry,Andhra Pradesh,CUST01662,Sandeep Varma,Corporate,P004,Wireless Earbuds,Mobile,1,3895.34,0.0,0.55,UPI
TXN8F1D42AFC3,2024-10-03,BR03,Rajahmundry,Andhra Pradesh,CUST00810,Meena Prasad,Wholesale,P018,LED TV 43-inch,Electronics,1,24464.12,0.05,0.8,Net Banking
TXN5544E874B0,2023-03-09,BR03,Rajahmundry,Andhra Pradesh,CUST01572,Sandeep Devi,Retail,P012,Mobile Charger,Accessories,1,853.47,0.0,0.42,Credit Card
TXNF0F9697207,2023-09-07,BR03,Rajahmundry,Andhra Pradesh,CUST00078,Harika Reddy,Retail,P012,Mobile Charger,Accessories,1,1048.09,0.1,0.42,Debit Card
TXNB80B63BA1E,2023-01-07,BR03,Rajahmundry,Andhra Pradesh,CUST00258,Deepika Murthy,Retail,P001,Budget Smartphone 4G,Mobile,1,13721.97,0.0,0.8,Net Banking
TXN150DE07ED2,2024-01-04,BR03,Rajahmundry,Andhra Pradesh,CUST01558,Kiran Reddy,Retail,P008,Ultrabook Thin & Light,Laptop,1,71907.89,0.15,0.79,UPI
TXN34E1896786,2024-03-01,BR03,Rajahmundry,Andhra Pradesh,CUST01813,Sandeep Kumar,Corporate,P020,Home Theatre System,Electronics,1,10597.17,0.15,0.6,Cash
TXN8E133B8DEC,2024-06-29,BR03,Rajahmundry,Andhra Pradesh,CUST01542,Ajay Devi,Wholesale,P004,Wireless Earbuds,Mobile,1,4463.19,0.05,0.55,UPI
TXN565C68F7BC,2024-05-29,BR03,Rajahmundry,Andhra Pradesh,CUST01658,Vikram Naidu,Retail,P020,Home Theatre System,Electronics,1,17215.56,0.0,0.6,UPI
TXN4766894BAB,2023-11-19,BR03,Rajahmundry,Andhra Pradesh,CUST01251,Kavya Devi,Retail,P013,Power Bank,Accessories,4,2188.64,0.25,0.48,Credit Card
TXN745989D183,2024-12-22,BR03,Rajahmundry,Andhra Pradesh,CUST00108,Suresh Reddy,Retail,P021,Smart Watch,Electronics,2,3527.02,0.0,0.55,UPI
TXNA4A22FC247,2023-11-17,BR03,Rajahmundry,Andhra Pradesh,CUST01358,Ajay Devi,Retail,P010,Wireless Mouse,Accessories,1,722.54,0.05,0.4,UPI
TXN50558D9F10,2023-12-31,BR03,Rajahmundry,Andhra Pradesh,CUST00382,Sandeep Sharma,Retail,P001,Budget Smartphone 4G,Mobile,1,9790.1,0.05,0.8,UPI
TXNFBFFA9467F,2023-01-10,BR03,Rajahmundry,Andhra Pradesh,CUST01871,Kavya Prasad,Retail,P002,Mid-range Smartphone 5G,Mobile,1,16101.67,0.0,0.78,Credit Card
TXN7FAF1039EA,2024-04-26,BR03,Rajahmundry,Andhra Pradesh,CUST01828,Meena Naidu,Retail,P015,Refrigerator 300L,Home Appliances,1,31721.1,0.05,0.82,Credit Card
TXN6785547871,2024-01-03,BR03,Rajahmundry,Andhra Pradesh,CUST00809,Aishwarya Sharma,Retail,P019,LED TV 55-inch,Electronics,1,40434.64,0.05,0.79,Cash
TXN9EF7A58344,2023-07-23,BR03,Rajahmundry,Andhra Pradesh,CUST01002,Ajay Murthy,Retail,P019,LED TV 55-inch,Electronics,1,58864.27,0.05,0.79,Cash
TXNBE44F13192,2024-06-06,BR03,Rajahmundry,Andhra Pradesh,CUST00506,Harika Reddy,Retail,P009,Laptop Bag,Accessories,1,976.94,0.05,0.45,UPI
TXN178DF2770C,2024-06-29,BR03,Rajahmundry,Andhra Pradesh,CUST01597,Manoj Chowdary,Corporate,P019,LED TV 55-inch,Electronics,1,41641.4,0.15,0.79,Credit Card
TXN713EC8D537,2023-11-29,BR03,Rajahmundry,Andhra Pradesh,CUST01495,Praveen Chowdary,Retail,P004,Wireless Earbuds,Mobile,2,5134.8,0.05,0.55,Credit Card
TXN09584A02F2,2024-12-11,BR03,Rajahmundry,Andhra Pradesh,CUST01126,Suresh Devi,Wholesale,P021,Smart Watch,Electronics,1,8366.04,0.0,0.55,Credit Card
TXNA967EE971C,2024-06-30,BR03,Rajahmundry,Andhra Pradesh,CUST01591,Manoj Sharma,Retail,P010,Wireless Mouse,Accessories,1,576.14,0.1,0.4,UPI
TXN1446E87214,2023-08-04,BR03,Rajahmundry,Andhra Pradesh,CUST00054,Srinivas Reddy,Retail,P018,LED TV 43-inch,Electronics,1,23524.07,0.0,0.8,Credit Card
TXN06EDDE1FE1,2024-10-30,BR03,Rajahmundry,Andhra Pradesh,CUST00553,Praveen Sarma,Retail,P012,Mobile Charger,Accessories,3,547.24,0.25,0.42,Credit Card
TXNBCEAFAA1EC,2024-09-26,BR03,Rajahmundry,Andhra Pradesh,CUST01398,Praveen Prasad,Corporate,P020,Home Theatre System,Electronics,2,12687.19,0.05,0.6,Credit Card
TXN35641763C8,2024-04-05,BR03,Rajahmundry,Andhra Pradesh,CUST00502,Ravi Prasad,Retail,P004,Wireless Earbuds,Mobile,2,4571.5,0.0,0.55,UPI
TXN029FB418B0,2023-11-02,BR03,Rajahmundry,Andhra Pradesh,CUST00532,Ramesh Prasad,Retail,P019,LED TV 55-inch,Electronics,1,47233.88,0.05,0.79,UPI
TXNFD172CA2FF,2024-05-01,BR03,Rajahmundry,Andhra Pradesh,CUST00021,Lakshmi Chowdary,Retail,P010,Wireless Mouse,Accessories,1,1458.71,0.15,0.4,Credit Card
TXN49B73A49F6,2024-10-13,BR03,Rajahmundry,Andhra Pradesh,CUST00896,Kavya Prasad,Retail,P008,Ultrabook Thin & Light,Laptop,1,71124.76,0.1,0.79,UPI
TXN53105593C5,2023-07-07,BR03,Rajahmundry,Andhra Pradesh,CUST01422,Kavya Rao,Retail,P007,Gaming Laptop i7,Laptop,1,99029.1,0.0,0.78,UPI
TXNC323EA9E16,2024-12-26,BR03,Rajahmundry,Andhra Pradesh,CUST01430,Divya Kumar,Retail,P011,Bluetooth Speaker,Accessories,2,4709.65,0.15,0.5,Debit Card
TXNAB6EC6BC2C,2023-10-20,BR03,Rajahmundry,Andhra Pradesh,CUST00050,Srinivas Rao,Wholesale,P004,Wireless Earbuds,Mobile,1,3453.28,0.05,0.55,Cash
TXNCA232006A1,2024-07-03,BR03,Rajahmundry,Andhra Pradesh,CUST00260,Harika Devi,Retail,P011,Bluetooth Speaker,Accessories,2,1059.59,0.0,0.5,Cash
TXN6B079EF121,2023-10-17,BR03,Rajahmundry,Andhra Pradesh,CUST00981,Sandeep Varma,Retail,P001,Budget Smartphone 4G,Mobile,4,13342.55,0.05,0.8,UPI
TXN93F778E3B0,2024-06-01,BR03,Rajahmundry,Andhra Pradesh,CUST00032,Vikram Murthy,Wholesale,P021,Smart Watch,Electronics,2,8326.3,0.0,0.55,UPI
TXN38901ABC9A,2024-12-07,BR03,Rajahmundry,Andhra Pradesh,CUST00726,Naveen Devi,Retail,P003,Flagship Smartphone,Mobile,1,84009.6,0.1,0.75,Net Banking
TXNB6EDA23700,2023-04-23,BR03,Rajahmundry,Andhra Pradesh,CUST01771,Suresh Devi,Retail,P013,Power Bank,Accessories,3,1003.9,0.1,0.48,Debit Card
TXN3F725A2F0E,2024-12-23,BR03,Rajahmundry,Andhra Pradesh,CUST01285,Naveen Sharma,Retail,P016,Washing Machine,Home Appliances,1,29239.22,0.0,0.8,Net Banking
TXND32DE71991,2024-09-17,BR03,Rajahmundry,Andhra Pradesh,CUST01196,Harika Sharma,Retail,P003,Flagship Smartphone,Mobile,1,75959.17,0.15,0.75,Credit Card
TXNC84CA62063,2024-10-07,BR03,Rajahmundry,Andhra Pradesh,CUST01973,Ramesh Prasad,Corporate,P008,Ultrabook Thin & Light,Laptop,1,74238.36,0.0,0.79,Debit Card
TXN6C5CDBD8EE,2023-08-04,BR03,Rajahmundry,Andhra Pradesh,CUST01465,Arjun Babu,Retail,P020,Home Theatre System,Electronics,3,15801.95,0.0,0.6,Debit Card
TXNEDC2DAFB00,2024-11-17,BR03,Rajahmundry,Andhra Pradesh,CUST00367,Priya Sharma,Wholesale,P007,Gaming Laptop i7,Laptop,1,108933.58,0.05,0.78,Credit Card
TXN3B6DB2875C,2023-06-27,BR03,Rajahmundry,Andhra Pradesh,CUST01256,Manoj Sarma,Retail,P009,Laptop Bag,Accessories,3,1650.82,0.0,0.45,Credit Card
TXNF0A7EB1F3B,2024-04-20,BR03,Rajahmundry,Andhra Pradesh,CUST01406,Divya Chowdary,Wholesale,P005,Entry Laptop i3,Laptop,1,32602.51,0.0,0.82,UPI
TXN2F8E583DC7,2024-11-18,BR03,Rajahmundry,Andhra Pradesh,CUST00559,Suresh Babu,Retail,P016,Washing Machine,Home Appliances,1,18777.62,0.05,0.8,UPI
TXN25659F6821,2024-09-01,BR03,Rajahmundry,Andhra Pradesh,CUST00655,Aishwarya Naidu,Retail,P006,Business Laptop i5,Laptop,1,58737.71,0.0,0.8,Credit Card
TXND57BFED882,2024-03-04,BR03,Rajahmundry,Andhra Pradesh,CUST01031,Aishwarya Kumar,Wholesale,P008,Ultrabook Thin & Light,Laptop,1,79755.04,0.0,0.79,UPI
TXNCC84F007DC,2024-04-06,BR03,Rajahmundry,Andhra Pradesh,CUST00054,Srinivas Reddy,Retail,P013,Power Bank,Accessories,2,1810.53,0.0,0.48,UPI
TXNA2AFD68D92,2024-06-19,BR03,Rajahmundry,Andhra Pradesh,CUST01470,Lakshmi Reddy,Retail,P004,Wireless Earbuds,Mobile,2,4603.65,0.0,0.55,Debit Card
TXN94AC4ECB65,2023-10-12,BR03,Rajahmundry,Andhra Pradesh,CUST00272,Ajay Kumar,Retail,P021,Smart Watch,Electronics,1,2913.59,0.0,0.55,Net Banking
TXNF2E7EAA9E0,2023-02-19,BR03,Rajahmundry,Andhra Pradesh,CUST00066,Srinivas Prasad,Retail,P018,LED TV 43-inch,Electronics,1,26855.17,0.15,0.8,Credit Card
TXNBDA2451ED6,2023-01-22,BR03,Rajahmundry,Andhra Pradesh,CUST00661,Divya Naidu,Wholesale,P008,Ultrabook Thin & Light,Laptop,1,88128.91,0.0,0.79,Cash
TXN1DD3EA588F,2023-09-23,BR03,Rajahmundry,Andhra Pradesh,CUST01363,Pooja Prasad,Retail,P018,LED TV 43-inch,Electronics,1,31981.12,0.15,0.8,UPI
TXN870B7C03B3,2023-11-10,BR03,Rajahmundry,Andhra Pradesh,CUST01605,Praveen Rao,Retail,P008,Ultrabook Thin & Light,Laptop,1,88657.0,0.2,0.79,Credit Card
TXNB3FC6F5B7D,2023-10-14,BR03,Rajahmundry,Andhra Pradesh,CUST01828,Meena Naidu,Retail,P011,Bluetooth Speaker,Accessories,1,3621.84,0.1,0.5,Credit Card
TXNF38390C0C2,2023-02-28,BR03,Rajahmundry,Andhra Pradesh,CUST01312,Priya Naidu,Retail,P012,Mobile Charger,Accessories,2,720.31,0.05,0.42,Net Banking
TXN3C2E47ADE9,2023-01-30,BR03,Rajahmundry,Andhra Pradesh,CUST01978,Ravi Sarma,Wholesale,P013,Power Bank,Accessories,3,1230.97,0.05,0.48,Credit Card
TXNBC3D307D09,2024-03-22,BR03,Rajahmundry,Andhra Pradesh,CUST00977,Divya Sarma,Retail,P001,Budget Smartphone 4G,Mobile,1,8132.69,0.0,0.8,UPI
TXN9ED5A19D4F,2024-09-07,BR03,Rajahmundry,Andhra Pradesh,CUST01903,Divya Sharma,Retail,P013,Power Bank,Accessories,4,2115.35,0.0,0.48,Cash
TXNAB2DABDC9C,2024-02-18,BR03,Rajahmundry,Andhra Pradesh,CUST00781,Priya Kumar,Retail,P006,Business Laptop i5,Laptop,1,52332.05,0.1,0.8,UPI
TXN966641A9D9,2023-12-26,BR03,Rajahmundry,Andhra Pradesh,CUST00193,Arjun Prasad,Retail,P004,Wireless Earbuds,Mobile,2,5935.36,0.05,0.55,UPI
TXNA99E738723,2024-08-07,BR03,Rajahmundry,Andhra Pradesh,CUST00493,Kavya Murthy,Retail,P012,Mobile Charger,Accessories,2,609.04,0.05,0.42,Cash
TXN4D59ABFE64,2023-02-12,BR03,Rajahmundry,Andhra Pradesh,CUST00030,Priya Varma,Wholesale,P012,Mobile Charger,Accessories,2,1761.76,0.05,0.42,Cash
TXN3C9B804D9D,2024-09-22,BR03,Rajahmundry,Andhra Pradesh,CUST01255,Aishwarya Varma,Wholesale,P012,Mobile Charger,Accessories,3,880.15,,0.42,UPI
TXN1347479643,2023-07-22,BR03,Rajahmundry,Andhra Pradesh,CUST00997,Praveen Murthy,Retail,P003,Flagship Smartphone,Mobile,1,84061.35,0.0,0.75,UPI
TXNACF979568D,2024-09-28,BR03,Rajahmundry,Andhra Pradesh,CUST00574,Kavya Varma,Retail,P019,LED TV 55-inch,Electronics,1,41719.32,0.05,0.79,Debit Card
TXNE5FE770DD7,2023-07-22,BR03,Rajahmundry,Andhra Pradesh,CUST01434,Aishwarya Devi,Retail,P001,Budget Smartphone 4G,Mobile,3,9579.57,0.15,0.8,Net Banking
TXND48E9B0043,2024-05-26,BR03,Rajahmundry,Andhra Pradesh,CUST00218,Kavya Reddy,Retail,P009,Laptop Bag,Accessories,4,823.75,0.0,0.45,Credit Card
TXN58B2FE7A70,2023-11-12,BR03,Rajahmundry,Andhra Pradesh,CUST01085,Vikram Prasad,Retail,P012,Mobile Charger,Accessories,1,1326.09,0.0,0.42,UPI
TXN7D4F95FEDE,2023-08-03,BR03,Rajahmundry,Andhra Pradesh,CUST01137,Aishwarya Kumar,Retail,P020,Home Theatre System,Electronics,3,18652.19,0.1,0.6,UPI
TXN67E6C118D0,2024-11-25,BR03,Rajahmundry,Andhra Pradesh,CUST01701,Arjun Kumar,Retail,P003,Flagship Smartphone,Mobile,1,61984.13,0.0,0.75,UPI
TXN139D57B43D,2023-06-29,BR03,Rajahmundry,Andhra Pradesh,CUST01473,Aishwarya Naidu,Wholesale,P021,Smart Watch,Electronics,1,2440.34,0.05,0.55,UPI
TXNB40782387D,2023-10-01,BR03,Rajahmundry,Andhra Pradesh,CUST00091,Ramesh Naidu,Retail,P001,Budget Smartphone 4G,Mobile,1,9408.91,0.0,0.8,Net Banking
TXN11603C4071,2023-01-01,BR03,Rajahmundry,Andhra Pradesh,CUST01015,Anitha Sarma,Retail,P019,LED TV 55-inch,Electronics,1,57650.04,0.15,0.79,UPI
TXN841349F9AE,2024-01-02,BR03,Rajahmundry,Andhra Pradesh,CUST01269,Ajay Naidu,Retail,P012,Mobile Charger,Accessories,1,750.32,0.0,0.42,Credit Card
TXNAD12175066,2024-10-08,BR03,Rajahmundry,Andhra Pradesh,CUST00691,Praveen Reddy,Retail,P002,Mid-range Smartphone 5G,Mobile,1,26990.04,0.15,0.78,Credit Card
TXN862943183A,2024-12-19,BR03,Rajahmundry,Andhra Pradesh,CUST01883,Lakshmi Babu,Retail,P009,Laptop Bag,Accessories,2,1828.89,0.1,0.45,Credit Card
TXN86AD11AF1A,2024-11-03,BR03,Rajahmundry,Andhra Pradesh,CUST00616,Deepika Prasad,Corporate,P003,Flagship Smartphone,Mobile,1,70185.0,0.05,0.75,Debit Card
TXN1452B0EFA1,2023-11-25,BR03,Rajahmundry,Andhra Pradesh,CUST01242,Arjun Devi,Wholesale,P016,Washing Machine,Home Appliances,1,30350.42,0.1,0.8,Credit Card
TXN5F46F384CE,2024-07-29,BR03,Rajahmundry,Andhra Pradesh,CUST00576,Divya Chowdary,Retail,P002,Mid-range Smartphone 5G,Mobile,2,16892.33,0.05,0.78,Debit Card
TXN123706B99C,2023-12-16,BR03,Rajahmundry,Andhra Pradesh,CUST00963,Deepika Chowdary,Retail,P005,Entry Laptop i3,Laptop,1,31270.88,0.05,0.82,UPI
TXN5D087C9E33,2024-06-21,BR03,Rajahmundry,Andhra Pradesh,CUST01535,Deepika Murthy,Retail,P009,Laptop Bag,Accessories,2,1327.52,0.15,0.45,UPI
TXN273CE26642,2023-09-15,BR03,Rajahmundry,Andhra Pradesh,CUST01229,Arjun Chowdary,Retail,P010,Wireless Mouse,Accessories,1,903.78,0.0,0.4,Debit Card
TXNFCB574574D,2024-03-01,BR03,Rajahmundry,Andhra Pradesh,CUST00718,Priya Murthy,Retail,P021,Smart Watch,Electronics,4,10970.39,0.05,0.55,Credit Card
TXNBBA73991DA,2024-01-31,BR03,Rajahmundry,Andhra Pradesh,CUST01050,Sneha Devi,Retail,P019,LED TV 55-inch,Electronics,1,39718.72,0.05,0.79,Credit Card
TXN168FF5BFCB,2023-09-22,BR03,Rajahmundry,Andhra Pradesh,CUST01368,Pooja Kumar,Wholesale,P011,Bluetooth Speaker,Accessories,2,4605.3,0.05,0.5,UPI
TXNA0B8EF670B,2023-06-06,BR03,Rajahmundry,Andhra Pradesh,CUST00679,Ajay Varma,Retail,P020,Home Theatre System,Electronics,1,12587.65,0.1,0.6,Credit Card
TXN5105A9B8E5,2023-02-03,BR03,Rajahmundry,Andhra Pradesh,CUST00180,Ravi Rao,Wholesale,P002,Mid-range Smartphone 5G,Mobile,2,19767.97,0.05,0.78,UPI
TXN1BEF8259EF,2024-02-24,BR03,Rajahmundry,Andhra Pradesh,CUST00620,Priya Varma,Wholesale,P002,Mid-range Smartphone 5G,Mobile,1,27253.52,0.15,0.78,UPI
TXNE674695849,2023-06-17,BR03,Rajahmundry,Andhra Pradesh,CUST01309,Deepika Naidu,Retail,P007,Gaming Laptop i7,Laptop,1,90882.82,0.15,0.78,UPI
TXN831C74DCF0,2024-09-21,BR03,Rajahmundry,Andhra Pradesh,CUST00513,Pooja Rao,Retail,P004,Wireless Earbuds,Mobile,1,3089.58,0.0,0.55,UPI
TXN61DB481A03,2024-08-31,BR03,Rajahmundry,Andhra Pradesh,CUST00912,Deepika Chowdary,Wholesale,P010,Wireless Mouse,Accessories,1,1444.34,0.15,0.4,UPI
TXNDF9F54E802,2024-05-27,BR03,Rajahmundry,Andhra Pradesh,CUST00022,Praveen Sharma,Retail,P018,LED TV 43-inch,Electronics,1,31363.72,0.15,0.8,UPI
TXNA9C20F43C2,2024-07-27,BR03,Rajahmundry,Andhra Pradesh,CUST01312,Priya Naidu,Retail,P021,Smart Watch,Electronics,4,8996.78,0.1,0.55,Debit Card
TXN719D540CAE,2024-11-10,BR03,Rajahmundry,Andhra Pradesh,CUST01125,Sneha Prasad,Retail,P002,Mid-range Smartphone 5G,Mobile,1,22361.48,0.15,0.78,Credit Card
TXNED8EBB0E83,2024-01-13,BR03,Rajahmundry,Andhra Pradesh,CUST00903,Praveen Varma,Retail,P012,Mobile Charger,Accessories,1,630.77,0.0,0.42,UPI
TXNF26339D606,2023-10-16,BR03,Rajahmundry,Andhra Pradesh,CUST01768,Vikram Prasad,Corporate,P008,Ultrabook Thin & Light,Laptop,1,90417.42,0.25,0.79,Credit Card
TXN235864E00F,2023-05-14,BR03,Rajahmundry,Andhra Pradesh,CUST01692,Pooja Murthy,Retail,P011,Bluetooth Speaker,Accessories,2,4194.67,0.1,0.5,UPI
TXN6D2522B6BF,2024-01-29,BR03,Rajahmundry,Andhra Pradesh,CUST00540,Manoj Sarma,Retail,P020,Home Theatre System,Electronics,4,13481.32,0.0,0.6,UPI
TXNC912F6559A,2023-07-29,BR03,Rajahmundry,Andhra Pradesh,CUST00335,Meena Kumar,Retail,P018,LED TV 43-inch,Electronics,1,24135.55,0.0,0.8,Cash
TXN17C25B370C,2023-04-21,BR03,Rajahmundry,Andhra Pradesh,CUST00383,Ajay Naidu,Retail,P020,Home Theatre System,Electronics,1,16113.75,0.15,0.6,Debit Card
TXNFFEAE60D58,2023-10-26,BR03,Rajahmundry,Andhra Pradesh,CUST01507,Meena Devi,Retail,P013,Power Bank,Accessories,1,1902.23,0.2,0.48,Credit Card
TXN7A707FB32E,2024-07-06,BR03,Rajahmundry,Andhra Pradesh,CUST00780,Sneha Devi,Retail,P015,Refrigerator 300L,Home Appliances,1,25445.7,0.15,0.82,UPI
TXNF278A2A1C4,2023-03-06,BR03,Rajahmundry,Andhra Pradesh,CUST01980,Sandeep Kumar,Retail,P009,Laptop Bag,Accessories,2,1702.1,0.15,0.45,UPI
TXN7EB2C9AA35,2023-12-01,BR03,Rajahmundry,Andhra Pradesh,CUST00306,Aishwarya Naidu,Retail,P002,Mid-range Smartphone 5G,Mobile,1,27295.46,0.15,0.78,Debit Card
TXN4453C2C95C,2024-04-26,BR03,Rajahmundry,Andhra Pradesh,CUST00298,Sneha Babu,Retail,P002,Mid-range Smartphone 5G,Mobile,1,21498.25,0.15,0.78,Net Banking
TXN0DA7AD5446,2024-04-22,BR03,Rajahmundry,Andhra Pradesh,CUST00784,Harika Naidu,Wholesale,P014,Split AC 1.5 Ton,Home Appliances,1,41693.4,0.0,0.83,Cash
TXNB8F6D48C77,2023-05-13,BR03,Rajahmundry,Andhra Pradesh,CUST01896,Anitha Varma,Wholesale,P020,Home Theatre System,Electronics,1,15825.06,0.05,0.6,UPI
TXNCF39861641,2023-03-29,BR03,Rajahmundry,Andhra Pradesh,CUST01088,Manoj Babu,Wholesale,P009,Laptop Bag,Accessories,1,631.33,0.0,0.45,UPI
TXN80F69CD8C3,2023-08-23,BR03,Rajahmundry,Andhra Pradesh,CUST01087,Kiran Murthy,Wholesale,P006,Business Laptop i5,Laptop,1,56633.95,0.05,0.8,Credit Card
TXN44A1EBEE0B,2023-12-24,BR03,Rajahmundry,Andhra Pradesh,CUST01017,Meena Chowdary,Corporate,P010,Wireless Mouse,Accessories,1,726.4,0.1,0.4,UPI
TXN5348982E6C,2024-03-11,BR03,Rajahmundry,Andhra Pradesh,CUST01629,Ravi Devi,Wholesale,P002,Mid-range Smartphone 5G,Mobile,1,23148.89,0.0,0.78,UPI
TXN9E0569293F,2023-10-18,BR03,Rajahmundry,Andhra Pradesh,CUST00683,Divya Murthy,Retail,P012,Mobile Charger,Accessories,3,1311.29,0.2,0.42,UPI
TXNB23F4A30E6,2023-03-05,BR03,Rajahmundry,Andhra Pradesh,CUST00644,Suresh Varma,Wholesale,P004,Wireless Earbuds,Mobile,2,4887.18,0.1,0.55,Debit Card
TXN59D1FE9493,2023-02-21,BR03,Rajahmundry,Andhra Pradesh,CUST01772,Lakshmi Devi,Corporate,P006,Business Laptop i5,Laptop,1,44912.93,0.05,0.8,Credit Card
TXNEF43F6CB32,2023-01-13,BR03,Rajahmundry,Andhra Pradesh,CUST00523,Praveen Rao,Retail,P012,Mobile Charger,Accessories,1,1210.11,0.0,0.42,UPI
TXNAC834C8CF8,2024-12-20,BR03,Rajahmundry,Andhra Pradesh,CUST00477,Sandeep Varma,Wholesale,P002,Mid-range Smartphone 5G,Mobile,1,18565.13,0.0,0.78,Debit Card
TXN56EE117AFE,2023-10-07,BR03,Rajahmundry,Andhra Pradesh,CUST01470,Lakshmi Reddy,Retail,P021,Smart Watch,Electronics,1,9453.32,0.2,0.55,UPI
TXN9BA4BF4489,2024-12-04,BR03,Rajahmundry,Andhra Pradesh,CUST00912,Deepika Chowdary,Wholesale,P020,Home Theatre System,Electronics,1,5286.45,0.05,0.6,UPI
TXN1F010410D2,2024-03-29,BR03,Rajahmundry,Andhra Pradesh,CUST01209,Anitha Reddy,Corporate,P013,Power Bank,Accessories,2,1588.28,0.05,0.48,UPI
TXNF6BDD730E9,2024-11-25,BR03,Rajahmundry,Andhra Pradesh,CUST01795,Kavya Sharma,Retail,P012,Mobile Charger,Accessories,4,801.77,0.15,0.42,Credit Card
TXN808DE6C7B9,2023-11-15,BR03,Rajahmundry,Andhra Pradesh,CUST01480,Anitha Rao,Retail,P017,Microwave Oven,Home Appliances,2,13796.09,0.2,0.75,Cash
TXN105CD50E9E,2023-11-10,BR03,Rajahmundry,Andhra Pradesh,CUST01163,Pooja Chowdary,Corporate,P008,Ultrabook Thin & Light,Laptop,1,79186.37,0.05,0.79,UPI
TXNC54C0A7C1D,2023-01-09,BR03,Rajahmundry,Andhra Pradesh,CUST00346,Sneha Murthy,Retail,P005,Entry Laptop i3,Laptop,1,29672.75,0.0,0.82,Cash
TXN12CE2C7960,2024-04-09,BR03,Rajahmundry,Andhra Pradesh,CUST01931,Ravi Babu,Retail,P008,Ultrabook Thin & Light,Laptop,1,83822.08,0.05,0.79,UPI
TXNA96060063D,2024-11-27,BR03,Rajahmundry,Andhra Pradesh,CUST00398,Arjun Kumar,Retail,P017,Microwave Oven,Home Appliances,2,11854.38,0.0,0.75,Cash
TXN3EF3274A97,2024-07-03,BR03,Rajahmundry,Andhra Pradesh,CUST01886,Kiran Reddy,Corporate,P001,Budget Smartphone 4G,Mobile,2,10204.93,0.0,0.8,Cash
TXN4A674A5E82,2024-12-11,BR03,Rajahmundry,Andhra Pradesh,CUST00465,Suresh Rao,Retail,P018,LED TV 43-inch,Electronics,1,24886.77,0.05,0.8,Debit Card
TXNC3716540D8,2023-03-31,BR03,Rajahmundry,Andhra Pradesh,CUST00941,Swathi Varma,Wholesale,P010,Wireless Mouse,Accessories,1,863.45,0.0,0.4,UPI
TXN0F91544666,2023-08-12,BR03,Rajahmundry,Andhra Pradesh,CUST01913,Aishwarya Kumar,Retail,P021,Smart Watch,Electronics,2,7331.79,0.15,0.55,UPI
TXN7C01B125C4,2024-02-07,BR03,Rajahmundry,Andhra Pradesh,CUST00691,Praveen Reddy,Retail,P019,LED TV 55-inch,Electronics,1,51087.92,0.0,0.79,Credit Card
TXN1F92DF8376,2023-10-20,BR03,Rajahmundry,Andhra Pradesh,CUST01099,Ajay Rao,Retail,P001,Budget Smartphone 4G,Mobile,3,9812.59,0.0,0.8,Debit Card
TXNC3A6CA993B,2023-03-11,BR03,Rajahmundry,Andhra Pradesh,CUST00875,Manoj Naidu,Corporate,P013,Power Bank,Accessories,1,2131.63,0.0,0.48,Credit Card
TXN82A601093C,2024-09-29,BR03,Rajahmundry,Andhra Pradesh,CUST00737,Harika Sarma,Retail,P016,Washing Machine,Home Appliances,1,32658.51,0.05,0.8,Cash
TXN4DA2325ED3,2023-06-17,BR03,Rajahmundry,Andhra Pradesh,CUST00657,Suresh Prasad,Retail,P001,Budget Smartphone 4G,Mobile,1,8897.92,0.0,0.8,Credit Card
TXNE11C6284D6,2023-09-21,BR03,Rajahmundry,Andhra Pradesh,CUST01798,Srinivas Naidu,Retail,P012,Mobile Charger,Accessories,2,895.89,0.0,0.42,Debit Card
TXN0972A58440,2024-02-24,BR03,Rajahmundry,Andhra Pradesh,CUST00859,Praveen Babu,Retail,P002,Mid-range Smartphone 5G,Mobile,1,24032.32,0.05,0.78,Net Banking
TXN407A78B759,2023-11-08,BR03,Rajahmundry,Andhra Pradesh,CUST01602,Divya Babu,Retail,P001,Budget Smartphone 4G,Mobile,1,11712.42,0.2,0.8,Cash
TXN956F4BD7FA,2024-01-19,BR03,Rajahmundry,Andhra Pradesh,CUST01865,Pooja Prasad,Retail,P003,Flagship Smartphone,Mobile,1,62002.34,0.0,0.75,Cash
TXN59802F748B,2023-11-30,BR03,Rajahmundry,Andhra Pradesh,CUST00669,Suresh Rao,Retail,P005,Entry Laptop i3,Laptop,1,31723.65,0.05,0.82,UPI
TXNA5AA8E35DD,2024-03-11,BR03,Rajahmundry,Andhra Pradesh,CUST01139,Vikram Kumar,Retail,P015,Refrigerator 300L,Home Appliances,1,34274.82,0.0,0.82,UPI
TXND7D77AF028,2023-11-20,BR03,Rajahmundry,Andhra Pradesh,CUST00436,Kiran Kumar,Retail,P013,Power Bank,Accessories,1,1556.79,0.1,0.48,UPI
TXNC2FD3D61AF,2024-05-04,BR03,Rajahmundry,Andhra Pradesh,CUST00776,Anitha Chowdary,Retail,P003,Flagship Smartphone,Mobile,1,67345.38,0.1,0.75,Credit Card
TXN91E532B0CE,2024-10-12,BR03,Rajahmundry,Andhra Pradesh,CUST00106,Naveen Kumar,Retail,P013,Power Bank,Accessories,1,1014.91,0.0,0.48,UPI
TXNAFED0D63B1,2023-11-28,BR03,Rajahmundry,Andhra Pradesh,CUST00544,Pooja Sharma,Corporate,P012,Mobile Charger,Accessories,2,1608.29,0.1,0.42,Credit Card
TXN1CEA0E9796,2023-02-15,BR03,Rajahmundry,Andhra Pradesh,CUST01418,Kavya Sharma,Retail,P009,Laptop Bag,Accessories,3,1573.24,0.15,0.45,UPI
TXN8E39B16992,2023-10-04,BR03,Rajahmundry,Andhra Pradesh,CUST01703,Praveen Reddy,Wholesale,P019,LED TV 55-inch,Electronics,1,45713.31,0.25,0.79,Debit Card
TXNF3D8C3F215,2023-07-07,BR03,Rajahmundry,Andhra Pradesh,CUST00029,Deepika Sharma,Wholesale,P003,Flagship Smartphone,Mobile,1,82889.19,0.0,0.75,Debit Card
TXN86C216C753,2024-09-11,BR03,Rajahmundry,Andhra Pradesh,CUST01154,Arjun Devi,Retail,P005,Entry Laptop i3,Laptop,1,30433.95,0.05,0.82,Net Banking
TXN4A42CE3ABA,2024-10-29,BR03,Rajahmundry,Andhra Pradesh,CUST01942,Vikram Rao,Retail,P009,Laptop Bag,Accessories,1,1608.28,0.25,0.45,Cash
TXN51FF331313,2024-06-10,BR03,Rajahmundry,Andhra Pradesh,CUST00552,Kiran Sharma,Retail,P013,Power Bank,Accessories,1,1444.93,0.0,0.48,UPI
TXN2F80665E61,2024-06-25,BR03,Rajahmundry,Andhra Pradesh,CUST01281,Suresh Sharma,Retail,P020,Home Theatre System,Electronics,1,19135.81,0.15,0.6,Net Banking
TXN033C387B6E,2024-08-10,BR03,Rajahmundry,Andhra Pradesh,CUST00304,Kavya Prasad,Retail,P010,Wireless Mouse,Accessories,1,1458.56,0.05,0.4,Credit Card
TXN4884BF60ED,2023-02-25,BR03,Rajahmundry,Andhra Pradesh,CUST00184,Lakshmi Prasad,Retail,P002,Mid-range Smartphone 5G,Mobile,1,21790.83,0.1,0.78,Cash
TXNB5DAEA7A4C,2023-11-29,BR03,Rajahmundry,Andhra Pradesh,CUST01486,Lakshmi Chowdary,Retail,P004,Wireless Earbuds,Mobile,3,5510.42,0.1,0.55,Credit Card
TXNFCF1296459,2023-06-02,BR03,Rajahmundry,Andhra Pradesh,CUST01926,Meena Sharma,Retail,P004,Wireless Earbuds,Mobile,4,1873.83,0.15,0.55,Debit Card
TXN9DF35078A2,2023-06-20,BR03,Rajahmundry,Andhra Pradesh,CUST01597,Manoj Chowdary,Corporate,P011,Bluetooth Speaker,Accessories,1,4348.48,0.0,0.5,UPI
TXN40364D0360,2023-02-27,BR03,Rajahmundry,Andhra Pradesh,CUST01049,Sneha Naidu,Retail,P013,Power Bank,Accessories,1,2407.34,0.0,0.48,UPI
TXNB26CE621D9,2023-01-08,BR03,Rajahmundry,Andhra Pradesh,CUST01468,Divya Sharma,Wholesale,P011,Bluetooth Speaker,Accessories,1,1728.24,0.0,0.5,UPI
TXNA6865B7E05,2024-05-19,BR03,Rajahmundry,Andhra Pradesh,CUST00202,Sandeep Chowdary,Retail,P006,Business Laptop i5,Laptop,1,52660.96,0.15,0.8,UPI
TXN51A0809DC7,2024-07-20,BR03,Rajahmundry,Andhra Pradesh,CUST01198,Vikram Kumar,Wholesale,P004,Wireless Earbuds,Mobile,3,5729.99,0.15,0.55,Cash
TXNE788DF517F,2023-02-10,BR03,Rajahmundry,Andhra Pradesh,CUST00428,Ramesh Rao,Retail,P019,LED TV 55-inch,Electronics,1,58709.97,0.05,0.79,UPI
TXNEEA1461F05,2024-03-05,BR03,Rajahmundry,Andhra Pradesh,CUST00623,Praveen Varma,Retail,P009,Laptop Bag,Accessories,1,1753.69,0.0,0.45,UPI
TXN1FB8FDA30E,2023-06-04,BR03,Rajahmundry,Andhra Pradesh,CUST00291,Ravi Chowdary,Retail,P012,Mobile Charger,Accessories,1,1676.71,0.0,0.42,UPI
TXN24832E554A,2023-06-24,BR03,Rajahmundry,Andhra Pradesh,CUST01882,Suresh Kumar,Retail,P018,LED TV 43-inch,Electronics,1,23746.93,0.1,0.8,Cash
TXNF8D21489DF,2023-08-05,BR03,Rajahmundry,Andhra Pradesh,CUST00278,Naveen Prasad,Retail,P001,Budget Smartphone 4G,Mobile,3,12205.06,0.0,0.8,UPI
TXN37EDEBB899,2023-09-26,BR03,Rajahmundry,Andhra Pradesh,CUST01399,Deepika Sharma,Retail,P012,Mobile Charger,Accessories,2,1447.49,0.15,0.42,UPI
TXNABF32391FF,2023-02-19,BR03,Rajahmundry,Andhra Pradesh,CUST01774,Ramesh Chowdary,Retail,P003,Flagship Smartphone,Mobile,1,69273.96,0.15,0.75,UPI
TXN98BF75A9F9,2024-06-12,BR03,Rajahmundry,Andhra Pradesh,CUST00182,Ajay Devi,Retail,P010,Wireless Mouse,Accessories,2,706.65,0.1,0.4,UPI
TXNACFFF17BA2,2024-03-07,BR03,Rajahmundry,Andhra Pradesh,CUST00448,Kavya Chowdary,Retail,P015,Refrigerator 300L,Home Appliances,1,28308.51,0.05,0.82,Debit Card
TXNAC8BCD8ACD,2024-02-14,BR03,Rajahmundry,Andhra Pradesh,CUST00889,Arjun Devi,Corporate,P011,Bluetooth Speaker,Accessories,2,2981.73,0.05,0.5,Net Banking
TXN82EC82211E,2023-11-01,BR03,Rajahmundry,Andhra Pradesh,CUST00817,Meena Kumar,Retail,P001,Budget Smartphone 4G,Mobile,4,8298.02,0.25,0.8,UPI
TXNA2FA7B65D3,2023-01-27,BR03,Rajahmundry,Andhra Pradesh,CUST00135,Anitha Chowdary,Retail,P009,Laptop Bag,Accessories,1,1182.38,0.0,0.45,Credit Card
TXN0277F8E7B8,2023-10-05,BR03,Rajahmundry,Andhra Pradesh,CUST00816,Meena Devi,Retail,P013,Power Bank,Accessories,1,1937.43,0.25,0.48,Cash
TXNB7100B0BF5,2024-04-23,BR03,Rajahmundry,Andhra Pradesh,CUST00823,Meena Prasad,Retail,P004,Wireless Earbuds,Mobile,2,3363.75,0.0,0.55,Net Banking
TXN59A2B0E3C6,2024-06-09,BR03,Rajahmundry,Andhra Pradesh,CUST01077,Praveen Rao,Retail,P013,Power Bank,Accessories,1,2116.4,0.0,0.48,Debit Card
TXN3F4AF05D17,2024-06-02,BR03,Rajahmundry,Andhra Pradesh,CUST00661,Divya Naidu,Wholesale,P008,Ultrabook Thin & Light,Laptop,1,81620.39,0.15,0.79,Net Banking
TXN9AB0B90990,2023-02-12,BR03,Rajahmundry,Andhra Pradesh,CUST00611,Pooja Rao,Retail,P013,Power Bank,Accessories,1,2429.16,0.0,0.48,UPI
TXN0F19C12CCE,2024-08-09,BR03,Rajahmundry,Andhra Pradesh,CUST01788,Vikram Prasad,Retail,P001,Budget Smartphone 4G,Mobile,4,12779.46,0.05,0.8,UPI
TXN14D5A08574,2024-03-30,BR03,Rajahmundry,Andhra Pradesh,CUST01524,Naveen Varma,Retail,P002,Mid-range Smartphone 5G,Mobile,1,20116.07,0.15,0.78,UPI
TXN91AD1021B3,2023-05-18,BR03,Rajahmundry,Andhra Pradesh,CUST00728,Kavya Devi,Retail,P012,Mobile Charger,Accessories,1,1437.57,0.0,0.42,UPI
TXN81136B0070,2024-09-06,BR03,Rajahmundry,Andhra Pradesh,CUST00642,Ravi Kumar,Wholesale,P014,Split AC 1.5 Ton,Home Appliances,1,38621.81,0.0,0.83,Cash
TXN83F582714D,2024-03-21,BR03,Rajahmundry,Andhra Pradesh,CUST00123,Manoj Kumar,Retail,P009,Laptop Bag,Accessories,1,672.47,0.05,0.45,UPI
TXN3760556A01,2023-11-22,BR03,Rajahmundry,Andhra Pradesh,CUST01299,Harika Devi,Retail,P012,Mobile Charger,Accessories,2,1170.84,0.15,0.42,Cash
TXN16BEE92AFD,2024-12-13,BR03,Rajahmundry,Andhra Pradesh,CUST01886,Kiran Reddy,Corporate,P010,Wireless Mouse,Accessories,3,415.4,0.15,0.4,Cash
TXNF6248875DB,2023-03-30,BR03,Rajahmundry,Andhra Pradesh,CUST00531,Pooja Devi,Retail,P009,Laptop Bag,Accessories,2,786.58,0.1,0.45,Credit Card
TXNF7F2CF0130,2024-10-15,BR03,Rajahmundry,Andhra Pradesh,CUST01228,Meena Prasad,Retail,P019,LED TV 55-inch,Electronics,1,59570.24,0.15,0.79,Credit Card
TXNCAB17043B8,2024-03-30,BR03,Rajahmundry,Andhra Pradesh,CUST00849,Vikram Reddy,Retail,P009,Laptop Bag,Accessories,1,1851.15,0.05,0.45,Cash
TXND1A7757CEF,2024-11-18,BR03,Rajahmundry,Andhra Pradesh,CUST01238,Arjun Reddy,Wholesale,P011,Bluetooth Speaker,Accessories,1,3571.95,0.2,0.5,Debit Card
TXN9B0E6AD8D8,2024-09-10,BR03,Rajahmundry,Andhra Pradesh,CUST00772,Srinivas Varma,Retail,P001,Budget Smartphone 4G,Mobile,2,9102.84,0.05,0.8,Credit Card
TXNA9472632CD,2023-10-14,BR03,Rajahmundry,Andhra Pradesh,CUST00644,Suresh Varma,Wholesale,P006,Business Laptop i5,Laptop,1,50802.16,0.1,0.8,UPI
TXNAEC656B007,2023-06-09,BR03,Rajahmundry,Andhra Pradesh,CUST00809,Aishwarya Sharma,Retail,P013,Power Bank,Accessories,1,1987.82,0.0,0.48,UPI
TXN2438680B50,2024-10-07,BR03,Rajahmundry,Andhra Pradesh,CUST00009,Ramesh Murthy,Retail,P001,Budget Smartphone 4G,Mobile,1,9318.26,0.2,0.8,Credit Card
TXNACD8173152,2024-06-13,BR03,Rajahmundry,Andhra Pradesh,CUST01187,Suresh Reddy,Corporate,P021,Smart Watch,Electronics,3,7712.86,0.1,0.55,Credit Card
TXNF598BDF401,2023-02-11,BR03,Rajahmundry,Andhra Pradesh,CUST00545,Naveen Chowdary,Wholesale,P011,Bluetooth Speaker,Accessories,3,2510.51,0.0,0.5,Debit Card
TXN433C20067F,2024-07-25,BR03,Rajahmundry,Andhra Pradesh,CUST00287,Aishwarya Sarma,Retail,P005,Entry Laptop i3,Laptop,1,33845.3,0.0,0.82,UPI
TXN183A63E7F4,2024-05-12,BR03,Rajahmundry,Andhra Pradesh,CUST00257,Naveen Sarma,Retail,P009,Laptop Bag,Accessories,1,737.61,0.1,0.45,UPI
TXNCED7B4DE8E,2024-06-11,BR03,Rajahmundry,Andhra Pradesh,CUST00814,Ajay Sharma,Retail,P018,LED TV 43-inch,Electronics,1,29408.39,0.0,0.8,Credit Card
TXNB2E941E192,2024-08-17,BR03,Rajahmundry,Andhra Pradesh,CUST00977,Divya Sarma,Retail,P011,Bluetooth Speaker,Accessories,1,3262.4,0.05,0.5,Credit Card
TXN14902BA1E7,2023-06-05,BR03,Rajahmundry,Andhra Pradesh,CUST00385,Sandeep Babu,Wholesale,P009,Laptop Bag,Accessories,1,1770.32,0.0,0.45,UPI
TXNAC6876B058,2024-03-20,BR03,Rajahmundry,Andhra Pradesh,CUST01662,Sandeep Varma,Corporate,P021,Smart Watch,Electronics,1,7175.85,0.0,0.55,UPI
TXN4A89B6A2AF,2024-01-09,BR03,Rajahmundry,Andhra Pradesh,CUST01333,Arjun Devi,Retail,P010,Wireless Mouse,Accessories,1,1381.31,0.0,0.4,UPI
TXN03E560B406,2024-09-16,BR03,Rajahmundry,Andhra Pradesh,CUST01415,Vikram Sharma,Retail,P011,Bluetooth Speaker,Accessories,1,3595.31,0.1,0.5,Net Banking
TXN1AD79CE513,2024-06-25,BR03,Rajahmundry,Andhra Pradesh,CUST00165,Meena Reddy,Retail,P003,Flagship Smartphone,Mobile,1,60754.38,0.05,0.75,Credit Card
TXN220EC07C8A,2023-05-02,BR03,Rajahmundry,Andhra Pradesh,CUST01918,Lakshmi Kumar,Retail,P013,Power Bank,Accessories,2,1493.6,0.0,0.48,Net Banking
TXN7184EAAB34,2023-05-10,BR03,Rajahmundry,Andhra Pradesh,CUST00438,Ravi Kumar,Retail,P008,Ultrabook Thin & Light,Laptop,1,68589.28,0.0,0.79,Net Banking
TXN1B5E96A72F,2024-12-01,BR03,Rajahmundry,Andhra Pradesh,CUST00493,Kavya Murthy,Retail,P017,Microwave Oven,Home Appliances,1,12081.57,0.0,0.75,UPI
TXN308B328C36,2023-05-12,BR03,Rajahmundry,Andhra Pradesh,CUST01427,Srinivas Varma,Retail,P010,Wireless Mouse,Accessories,1,922.31,0.15,0.4,Cash
TXN23CCC22804,2024-11-30,BR03,Rajahmundry,Andhra Pradesh,CUST01416,Sandeep Prasad,Retail,P021,Smart Watch,Electronics,1,8956.07,0.05,0.55,UPI
TXN87DC0820EE,2024-12-21,BR03,Rajahmundry,Andhra Pradesh,CUST00077,Swathi Chowdary,Retail,P019,LED TV 55-inch,Electronics,1,59812.07,0.0,0.79,Credit Card
TXNF4DE80C813,2024-11-08,BR03,Rajahmundry,Andhra Pradesh,CUST00569,Anitha Sarma,Retail,P005,Entry Laptop i3,Laptop,1,33792.95,0.15,0.82,Cash
TXNE2712BFD59,2023-07-26,BR03,Rajahmundry,Andhra Pradesh,CUST00968,Sneha Sarma,Retail,P017,Microwave Oven,Home Appliances,1,10849.18,0.0,0.75,Debit Card
TXNE0E6B648FD,2024-09-04,BR03,Rajahmundry,Andhra Pradesh,CUST01381,Vikram Prasad,Retail,P007,Gaming Laptop i7,Laptop,1,88453.28,0.0,0.78,UPI
TXN199DC22F6D,2023-06-03,BR03,Rajahmundry,Andhra Pradesh,CUST00727,Priya Kumar,Retail,P005,Entry Laptop i3,Laptop,1,28225.27,0.1,0.82,Credit Card
TXN895151F3E5,2024-04-06,BR03,Rajahmundry,Andhra Pradesh,CUST01517,Manoj Sharma,Wholesale,P019,LED TV 55-inch,Electronics,1,56436.19,0.05,0.79,UPI
TXN4B2960F3EC,2023-09-05,BR03,Rajahmundry,Andhra Pradesh,CUST01055,Priya Sarma,Retail,P021,Smart Watch,Electronics,2,10404.16,0.0,0.55,Debit Card
TXNE51987B4AC,2024-06-04,BR03,Rajahmundry,Andhra Pradesh,CUST00487,Ramesh Sharma,Retail,P020,Home Theatre System,Electronics,1,18201.1,0.15,0.6,UPI
TXN179CD3A05F,2024-02-24,BR03,Rajahmundry,Andhra Pradesh,CUST00449,Lakshmi Prasad,Retail,P012,Mobile Charger,Accessories,1,1216.22,,0.42,UPI
TXN9A5E2BEE2C,2023-10-03,BR03,Rajahmundry,Andhra Pradesh,CUST00732,Sandeep Sharma,Retail,P013,Power Bank,Accessories,1,2212.62,0.05,0.48,Cash
TXN084FA4DF35,2024-09-16,BR03,Rajahmundry,Andhra Pradesh,CUST01831,Sandeep Babu,Retail,P016,Washing Machine,Home Appliances,1,32112.31,0.0,0.8,UPI
TXN3601C1C676,2024-03-26,BR03,Rajahmundry,Andhra Pradesh,CUST00741,Anitha Devi,Retail,P009,Laptop Bag,Accessories,2,1692.18,0.0,0.45,UPI
TXNCAC023D0B8,2023-02-12,BR03,Rajahmundry,Andhra Pradesh,CUST00614,Kiran Reddy,Retail,P005,Entry Laptop i3,Laptop,1,33161.46,0.15,0.82,Cash
TXNE3F8515B61,2023-10-10,BR03,Rajahmundry,Andhra Pradesh,CUST01549,Praveen Sharma,Retail,P010,Wireless Mouse,Accessories,2,578.29,0.1,0.4,UPI
TXNF10268F72C,2024-04-07,BR03,Rajahmundry,Andhra Pradesh,CUST00697,Vikram Sharma,Retail,P006,Business Laptop i5,Laptop,1,50997.71,0.05,0.8,Net Banking
TXN24D9B12F8B,2023-08-02,BR03,Rajahmundry,Andhra Pradesh,CUST01591,Manoj Sharma,Retail,P020,Home Theatre System,Electronics,1,14927.5,0.1,0.6,UPI
TXN6602ACA7B4,2024-06-15,BR03,Rajahmundry,Andhra Pradesh,CUST01163,Pooja Chowdary,Corporate,P010,Wireless Mouse,Accessories,1,1139.6,0.0,0.4,UPI
TXN4EBCC98B47,2023-04-01,BR03,Rajahmundry,Andhra Pradesh,CUST00155,Harika Sarma,Retail,P019,LED TV 55-inch,Electronics,1,41377.64,0.0,0.79,Credit Card
TXN9B8B1A9FB4,2024-03-01,BR03,Rajahmundry,Andhra Pradesh,CUST01219,Manoj Rao,Retail,P020,Home Theatre System,Electronics,4,12149.99,0.05,0.6,Debit Card
TXNFF96FF78D7,2023-10-11,BR03,Rajahmundry,Andhra Pradesh,CUST00472,Aishwarya Naidu,Retail,P006,Business Laptop i5,Laptop,1,57088.63,0.05,0.8,Cash
TXN31C6104530,2023-04-14,BR03,Rajahmundry,Andhra Pradesh,CUST01104,Kavya Rao,Retail,P018,LED TV 43-inch,Electronics,1,34134.26,0.0,0.8,UPI
TXNFCBB2408CA,2023-12-29,BR03,Rajahmundry,Andhra Pradesh,CUST00622,Meena Prasad,Retail,P009,Laptop Bag,Accessories,1,1450.67,0.1,0.45,Debit Card
TXN433D54BAEF,2023-12-02,BR03,Rajahmundry,Andhra Pradesh,CUST00588,Suresh Sharma,Retail,P012,Mobile Charger,Accessories,1,491.09,0.0,0.42,UPI
TXN63CD740EEF,2024-11-08,BR03,Rajahmundry,Andhra Pradesh,CUST00440,Anitha Naidu,Retail,P021,Smart Watch,Electronics,1,9905.59,0.1,0.55,Cash
TXN63F0B294C6,2024-09-16,BR03,Rajahmundry,Andhra Pradesh,CUST00546,Deepika Murthy,Retail,P001,Budget Smartphone 4G,Mobile,2,11462.76,0.0,0.8,UPI
TXN29CC0CDCDD,2024-03-13,BR03,Rajahmundry,Andhra Pradesh,CUST00274,Sandeep Naidu,Retail,P021,Smart Watch,Electronics,1,4906.08,0.0,0.55,Cash
TXN64BD5B8325,2024-11-23,BR03,Rajahmundry,Andhra Pradesh,CUST00219,Priya Sharma,Retail,P003,Flagship Smartphone,Mobile,1,53931.48,0.1,0.75,Cash
TXNC6476AA60D,2023-02-11,BR03,Rajahmundry,Andhra Pradesh,CUST00039,Kiran Devi,Retail,P011,Bluetooth Speaker,Accessories,4,1884.2,0.05,0.5,UPI
TXN906DC71B97,2024-05-23,BR03,Rajahmundry,Andhra Pradesh,CUST00641,Harika Babu,Retail,P011,Bluetooth Speaker,Accessories,3,4920.87,0.05,0.5,UPI
TXNAF248A0369,2024-10-19,BR03,Rajahmundry,Andhra Pradesh,CUST01191,Kiran Babu,Wholesale,P012,Mobile Charger,Accessories,1,764.56,0.0,0.42,UPI
TXNCC5B9AB880,2024-02-06,BR03,Rajahmundry,Andhra Pradesh,CUST01301,Priya Chowdary,Retail,P002,Mid-range Smartphone 5G,Mobile,1,22328.34,0.15,0.78,Cash
TXN86C18D356B,2023-01-30,BR03,Rajahmundry,Andhra Pradesh,CUST01679,Ramesh Reddy,Retail,P010,Wireless Mouse,Accessories,1,1289.77,0.1,0.4,UPI
TXND1BC521154,2023-12-12,BR03,Rajahmundry,Andhra Pradesh,CUST01876,Praveen Chowdary,Wholesale,P013,Power Bank,Accessories,2,1578.45,0.1,0.48,UPI
TXN8052019E93,2023-03-10,BR03,Rajahmundry,Andhra Pradesh,CUST00518,Praveen Rao,Retail,P021,Smart Watch,Electronics,1,3726.43,0.15,0.55,UPI
TXN3147B44A78,2024-12-10,BR03,Rajahmundry,Andhra Pradesh,CUST01423,Swathi Babu,Retail,P018,LED TV 43-inch,Electronics,1,33519.51,0.05,0.8,Credit Card
TXNB5E713E716,2024-07-03,BR03,Rajahmundry,Andhra Pradesh,CUST00981,Sandeep Varma,Retail,P004,Wireless Earbuds,Mobile,2,5147.09,0.05,0.55,Credit Card
TXN8D3D3DF907,2024-09-21,BR03,Rajahmundry,Andhra Pradesh,CUST00318,Suresh Sharma,Retail,P021,Smart Watch,Electronics,2,7139.49,0.0,0.55,UPI
TXNEF20F5D523,2023-10-28,BR03,Rajahmundry,Andhra Pradesh,CUST00188,Srinivas Chowdary,Wholesale,P009,Laptop Bag,Accessories,2,1177.2,0.1,0.45,Net Banking
TXN64BE1ECFD2,2024-10-01,BR03,Rajahmundry,Andhra Pradesh,CUST01360,Vikram Varma,Wholesale,P016,Washing Machine,Home Appliances,1,29023.18,0.25,0.8,UPI
TXN9EB8795A23,2024-03-09,BR03,Rajahmundry,Andhra Pradesh,CUST01093,Kiran Babu,Retail,P017,Microwave Oven,Home Appliances,2,11160.86,0.15,0.75,Credit Card
TXNB12B0849D7,2024-03-10,BR03,Rajahmundry,Andhra Pradesh,CUST01677,Vikram Devi,Corporate,P019,LED TV 55-inch,Electronics,1,52702.86,0.05,0.79,UPI
TXNCAF37A0AF3,2024-12-12,BR03,Rajahmundry,Andhra Pradesh,CUST00303,Naveen Naidu,Retail,P003,Flagship Smartphone,Mobile,1,45374.14,0.0,0.75,UPI
TXN358F74C236,2023-05-28,BR03,Rajahmundry,Andhra Pradesh,CUST01931,Ravi Babu,Retail,P001,Budget Smartphone 4G,Mobile,3,11728.97,0.1,0.8,Credit Card
TXN92E9EE0414,2023-10-28,BR03,Rajahmundry,Andhra Pradesh,CUST00009,Ramesh Murthy,Retail,P004,Wireless Earbuds,Mobile,2,5475.65,0.0,0.55,Debit Card
TXN784E0A1ECA,2023-03-13,BR03,Rajahmundry,Andhra Pradesh,CUST00492,Arjun Prasad,Retail,P021,Smart Watch,Electronics,1,10033.17,0.0,0.55,UPI
TXNA074C5DFCD,2024-01-23,BR03,Rajahmundry,Andhra Pradesh,CUST00464,Deepika Prasad,Retail,P021,Smart Watch,Electronics,1,3495.43,0.1,0.55,Credit Card
TXNFDA7469F0F,2023-08-22,BR03,Rajahmundry,Andhra Pradesh,CUST00334,Kavya Prasad,Retail,P003,Flagship Smartphone,Mobile,1,73061.99,0.0,0.75,Net Banking
TXN258A33C100,2024-03-25,BR03,Rajahmundry,Andhra Pradesh,CUST01512,Priya Varma,Wholesale,P007,Gaming Laptop i7,Laptop,1,124422.23,0.05,0.78,UPI
TXN9455E282EC,2024-12-29,BR03,Rajahmundry,Andhra Pradesh,CUST00217,Swathi Naidu,Wholesale,P004,Wireless Earbuds,Mobile,1,3709.92,0.0,0.55,Credit Card
TXN4ABFD23CFB,2023-12-20,BR03,Rajahmundry,Andhra Pradesh,CUST00734,Sandeep Naidu,Retail,P019,LED TV 55-inch,Electronics,1,48577.29,0.0,0.79,Cash
TXNCDDE21244B,2023-10-01,BR03,Rajahmundry,Andhra Pradesh,CUST01645,Suresh Varma,Retail,P013,Power Bank,Accessories,2,1907.78,0.15,0.48,UPI
TXNDDD7340006,2024-04-19,BR03,Rajahmundry,Andhra Pradesh,CUST01354,Ramesh Varma,Corporate,P001,Budget Smartphone 4G,Mobile,1,9036.32,0.15,0.8,Credit Card
TXN06DE35F292,2024-06-10,BR03,Rajahmundry,Andhra Pradesh,CUST00912,Deepika Chowdary,Wholesale,P011,Bluetooth Speaker,Accessories,2,3747.41,0.0,0.5,Cash
TXN785C0A4B7F,2024-11-21,BR03,Rajahmundry,Andhra Pradesh,CUST01137,Aishwarya Kumar,Retail,P010,Wireless Mouse,Accessories,1,731.04,0.15,0.4,UPI
TXN7C0ED2F821,2023-02-08,BR03,Rajahmundry,Andhra Pradesh,CUST01182,Ravi Sharma,Retail,P013,Power Bank,Accessories,1,1810.68,0.0,0.48,UPI
TXNE0C535326A,2023-09-09,BR03,Rajahmundry,Andhra Pradesh,CUST01444,Priya Babu,Retail,P010,Wireless Mouse,Accessories,1,933.28,0.1,0.4,Net Banking
TXN98930B4C2F,2024-08-29,BR03,Rajahmundry,Andhra Pradesh,CUST00863,Sneha Naidu,Wholesale,P010,Wireless Mouse,Accessories,2,1051.56,0.0,0.4,UPI
TXNAB6D235685,2024-10-26,BR03,Rajahmundry,Andhra Pradesh,CUST00610,Pooja Naidu,Retail,P010,Wireless Mouse,Accessories,1,1220.9,0.15,0.4,Debit Card
TXN6CC92B1C7B,2024-04-27,BR03,Rajahmundry,Andhra Pradesh,CUST00292,Aishwarya Prasad,Retail,P002,Mid-range Smartphone 5G,Mobile,1,22501.08,0.15,0.78,Credit Card
TXN97244AA57E,2024-07-31,BR03,Rajahmundry,Andhra Pradesh,CUST00069,Sneha Reddy,Retail,P004,Wireless Earbuds,Mobile,1,3417.38,0.0,0.55,UPI
TXNF56D919833,2023-11-15,BR03,Rajahmundry,Andhra Pradesh,CUST01539,Manoj Naidu,Retail,P001,Budget Smartphone 4G,Mobile,1,11661.92,0.05,0.8,UPI
TXN5179DA482B,2023-11-30,BR03,Rajahmundry,Andhra Pradesh,CUST01663,Meena Naidu,Retail,P004,Wireless Earbuds,Mobile,3,3085.79,0.0,0.55,UPI
TXN7C550CFE5F,2023-11-09,BR03,Rajahmundry,Andhra Pradesh,CUST00736,Lakshmi Chowdary,Retail,P012,Mobile Charger,Accessories,2,514.61,0.0,0.42,Debit Card
TXNB485B951A1,2024-10-28,BR03,Rajahmundry,Andhra Pradesh,CUST00931,Priya Kumar,Corporate,P009,Laptop Bag,Accessories,1,1042.67,0.25,0.45,UPI
TXN074B306D14,2024-02-04,BR03,Rajahmundry,Andhra Pradesh,CUST01755,Ramesh Reddy,Retail,P011,Bluetooth Speaker,Accessories,1,4225.69,0.0,0.5,Credit Card
TXNC82098AE3A,2024-02-02,BR03,Rajahmundry,Andhra Pradesh,CUST00017,Praveen Murthy,Wholesale,P002,Mid-range Smartphone 5G,Mobile,1,20030.3,0.15,0.78,Credit Card
TXNAD5E7CD866,2024-10-28,BR03,Rajahmundry,Andhra Pradesh,CUST01401,Anitha Naidu,Retail,P001,Budget Smartphone 4G,Mobile,3,10270.87,0.25,0.8,UPI
TXN2AB2C0B28A,2024-01-23,BR03,Rajahmundry,Andhra Pradesh,CUST01427,Srinivas Varma,Retail,P013,Power Bank,Accessories,4,1718.57,0.05,0.48,Credit Card
TXN90E4DFF5AF,2023-05-06,BR03,Rajahmundry,Andhra Pradesh,CUST01911,Sneha Reddy,Corporate,P013,Power Bank,Accessories,1,1186.04,0.05,0.48,UPI
TXN9788182140,2024-09-29,BR03,Rajahmundry,Andhra Pradesh,CUST01622,Divya Murthy,Retail,P009,Laptop Bag,Accessories,1,639.89,0.0,0.45,UPI
TXN33E0242447,2023-12-28,BR03,Rajahmundry,Andhra Pradesh,CUST01126,Suresh Devi,Wholesale,P008,Ultrabook Thin & Light,Laptop,1,70105.01,0.0,0.79,Debit Card
TXN5E74C896DB,2024-12-26,BR03,Rajahmundry,Andhra Pradesh,CUST01479,Ajay Sarma,Retail,P016,Washing Machine,Home Appliances,1,21358.54,0.0,0.8,Net Banking
TXN958C513100,2024-04-17,BR03,Rajahmundry,Andhra Pradesh,CUST00871,Deepika Murthy,Retail,P009,Laptop Bag,Accessories,2,1283.36,0.05,0.45,UPI
TXNE81590EC51,2024-06-04,BR03,Rajahmundry,Andhra Pradesh,CUST00129,Swathi Kumar,Retail,P009,Laptop Bag,Accessories,1,1372.55,0.15,0.45,Credit Card
TXN1BB9E0F250,2024-12-14,BR03,Rajahmundry,Andhra Pradesh,CUST01810,Kavya Chowdary,Retail,P005,Entry Laptop i3,Laptop,1,37158.06,0.1,0.82,Debit Card
TXNF130577947,2023-06-22,BR03,Rajahmundry,Andhra Pradesh,CUST01568,Priya Reddy,Retail,P008,Ultrabook Thin & Light,Laptop,1,88586.28,0.1,0.79,UPI
TXN7466AF3C12,2023-07-26,BR03,Rajahmundry,Andhra Pradesh,CUST01616,Manoj Reddy,Retail,P019,LED TV 55-inch,Electronics,1,48280.14,0.1,0.79,Debit Card
TXN0A8375426F,2024-06-14,BR03,Rajahmundry,Andhra Pradesh,CUST01822,Divya Naidu,Retail,P003,Flagship Smartphone,Mobile,1,64220.23,0.05,0.75,Debit Card
TXN8BFF6F2D92,2024-10-20,BR03,Rajahmundry,Andhra Pradesh,CUST01399,Deepika Sharma,Retail,P011,Bluetooth Speaker,Accessories,2,2100.71,0.0,0.5,UPI
TXN19AA529699,2024-10-05,BR03,Rajahmundry,Andhra Pradesh,CUST00669,Suresh Rao,Retail,P001,Budget Smartphone 4G,Mobile,1,11655.55,0.2,0.8,Net Banking
TXND51E6FD4CF,2023-10-17,BR03,Rajahmundry,Andhra Pradesh,CUST00414,Priya Naidu,Corporate,P003,Flagship Smartphone,Mobile,1,81766.61,0.0,0.75,UPI
TXND7CA3B7F6B,2023-02-19,BR03,Rajahmundry,Andhra Pradesh,CUST00888,Sneha Sarma,Retail,P001,Budget Smartphone 4G,Mobile,2,12115.83,0.0,0.8,Net Banking
TXN9BA59082EE,2023-07-10,BR03,Rajahmundry,Andhra Pradesh,CUST00110,Vikram Devi,Retail,P019,LED TV 55-inch,Electronics,1,43068.88,0.15,0.79,UPI
TXN96E14A429D,2024-10-04,BR03,Rajahmundry,Andhra Pradesh,CUST00385,Sandeep Babu,Wholesale,P002,Mid-range Smartphone 5G,Mobile,1,19153.56,0.25,0.78,Debit Card
TXN7C8F57BA29,2024-09-24,BR03,Rajahmundry,Andhra Pradesh,CUST00880,Sneha Devi,Retail,P011,Bluetooth Speaker,Accessories,2,2892.33,0.05,0.5,UPI
TXN76F1842429,2024-02-12,BR03,Rajahmundry,Andhra Pradesh,CUST00696,Ramesh Chowdary,Retail,P018,LED TV 43-inch,Electronics,1,27222.18,0.1,0.8,Net Banking
TXNB5FD1B51EF,2023-01-03,BR03,Rajahmundry,Andhra Pradesh,CUST01071,Praveen Kumar,Retail,P006,Business Laptop i5,Laptop,1,55906.83,0.0,0.8,Cash
TXN15DE263051,2023-02-24,BR03,Rajahmundry,Andhra Pradesh,CUST01903,Divya Sharma,Retail,P001,Budget Smartphone 4G,Mobile,1,13398.25,0.05,0.8,Debit Card
TXND09D698C66,2024-10-17,BR03,Rajahmundry,Andhra Pradesh,CUST00228,Ravi Naidu,Retail,P012,Mobile Charger,Accessories,4,316.09,0.1,0.42,Credit Card
TXNC71BD9DE4F,2024-11-02,BR03,Rajahmundry,Andhra Pradesh,CUST01006,Kavya Rao,Retail,P015,Refrigerator 300L,Home Appliances,1,31820.95,0.15,0.82,Cash
TXN3B9B3C205E,2024-10-12,BR03,Rajahmundry,Andhra Pradesh,CUST01215,Praveen Rao,Retail,P006,Business Laptop i5,Laptop,1,49026.18,0.2,0.8,UPI
TXNB274949A54,2023-09-02,BR03,Rajahmundry,Andhra Pradesh,CUST01137,Aishwarya Kumar,Retail,P011,Bluetooth Speaker,Accessories,1,3712.98,0.0,0.5,Debit Card
TXN475CF424CE,2023-08-10,BR03,Rajahmundry,Andhra Pradesh,CUST00483,Anitha Kumar,Retail,P001,Budget Smartphone 4G,Mobile,1,11182.22,0.1,0.8,Credit Card
TXNCCFE8BF3AE,2024-11-07,BR03,Rajahmundry,Andhra Pradesh,CUST01874,Swathi Devi,Retail,P010,Wireless Mouse,Accessories,1,1314.04,0.1,0.4,Debit Card
TXNA54F16BC6D,2023-01-05,BR03,Rajahmundry,Andhra Pradesh,CUST01890,Suresh Kumar,Retail,P017,Microwave Oven,Home Appliances,1,8920.62,0.05,0.75,Debit Card
TXN8396014AF8,2024-09-29,BR03,Rajahmundry,Andhra Pradesh,CUST01075,Sandeep Babu,Retail,P003,Flagship Smartphone,Mobile,1,51761.42,0.0,0.75,Cash
TXN969F19E0E6,2023-03-27,BR03,Rajahmundry,Andhra Pradesh,CUST00128,Pooja Murthy,Retail,P014,Split AC 1.5 Ton,Home Appliances,1,35665.18,0.1,0.83,Credit Card
TXN3DB0BBE33B,2023-06-07,BR03,Rajahmundry,Andhra Pradesh,CUST00088,Kavya Varma,Wholesale,P001,Budget Smartphone 4G,Mobile,1,12924.75,0.1,0.8,Credit Card
TXNA8B56C85C2,2024-09-06,BR03,Rajahmundry,Andhra Pradesh,CUST01949,Suresh Prasad,Wholesale,P002,Mid-range Smartphone 5G,Mobile,1,20941.81,0.05,0.78,Net Banking
TXNE4494FCBB8,2023-02-10,BR03,Rajahmundry,Andhra Pradesh,CUST01499,Suresh Prasad,Retail,P018,LED TV 43-inch,Electronics,1,22385.29,0.0,0.8,UPI
TXNB62FA9B8D0,2023-12-17,BR03,Rajahmundry,Andhra Pradesh,CUST01748,,Retail,P002,Mid-range Smartphone 5G,Mobile,2,17981.92,0.15,0.78,Cash
TXN71491EEB0A,2023-09-04,BR03,Rajahmundry,Andhra Pradesh,CUST01379,Praveen Naidu,Retail,P001,Budget Smartphone 4G,Mobile,2,12601.09,0.15,0.8,UPI
TXN664FED2415,2023-01-22,BR03,Rajahmundry,Andhra Pradesh,CUST00524,Praveen Prasad,Retail,P003,Flagship Smartphone,Mobile,1,57604.69,0.05,0.75,UPI
TXN863B832CC3,2023-03-20,BR03,Rajahmundry,Andhra Pradesh,CUST01318,Priya Chowdary,Wholesale,P002,Mid-range Smartphone 5G,Mobile,4,16092.32,0.0,0.78,UPI
TXN73FDACF37E,2023-05-24,BR03,Rajahmundry,Andhra Pradesh,CUST01145,Aishwarya Reddy,Retail,P021,Smart Watch,Electronics,1,11635.34,0.05,0.55,Debit Card
TXNF0DDF0BE6B,2024-04-24,BR03,Rajahmundry,Andhra Pradesh,CUST00338,Swathi Sharma,Corporate,P013,Power Bank,Accessories,4,1693.58,0.15,0.48,Net Banking
TXNBA584577F8,2023-10-07,BR03,Rajahmundry,Andhra Pradesh,CUST01969,Praveen Chowdary,Wholesale,P003,Flagship Smartphone,Mobile,1,79631.59,0.1,0.75,UPI
TXN1D870C0736,2024-12-13,BR03,Rajahmundry,Andhra Pradesh,CUST01029,Aishwarya Chowdary,Retail,P004,Wireless Earbuds,Mobile,1,3615.09,0.0,0.55,Net Banking
TXNBF7174F482,2023-01-15,BR03,Rajahmundry,Andhra Pradesh,CUST01546,Pooja Babu,Retail,P004,Wireless Earbuds,Mobile,2,4994.51,0.05,0.55,Debit Card
TXNA381D7D188,2024-01-31,BR03,Rajahmundry,Andhra Pradesh,CUST01967,Manoj Devi,Corporate,P011,Bluetooth Speaker,Accessories,1,4695.71,0.15,0.5,Credit Card
TXNFD59873F24,2024-05-26,BR03,Rajahmundry,Andhra Pradesh,CUST01533,Anitha Sarma,Retail,P011,Bluetooth Speaker,Accessories,1,3903.63,0.05,0.5,UPI
TXN3D1636209C,2023-08-03,BR03,Rajahmundry,Andhra Pradesh,CUST00267,Srinivas Murthy,Retail,P018,LED TV 43-inch,Electronics,1,33049.88,0.0,0.8,Cash
TXNA7E3FFEA66,2024-06-07,BR03,Rajahmundry,Andhra Pradesh,CUST00915,Aishwarya Devi,Retail,P013,Power Bank,Accessories,3,1984.0,0.05,0.48,UPI
TXN92B3408F63,2024-08-11,BR03,Rajahmundry,Andhra Pradesh,CUST00730,Aishwarya Sharma,Retail,P002,Mid-range Smartphone 5G,Mobile,3,17765.89,0.1,0.78,UPI
TXN610F14D26F,2023-10-27,BR03,Rajahmundry,Andhra Pradesh,CUST00765,Ajay Rao,Retail,P001,Budget Smartphone 4G,Mobile,1,9205.44,0.2,0.8,UPI
TXNC85D8CC339,2024-05-16,BR03,Rajahmundry,Andhra Pradesh,CUST00896,Kavya Prasad,Retail,P017,Microwave Oven,Home Appliances,1,12651.48,0.05,0.75,UPI
TXN21041A1BC6,2024-06-20,BR03,Rajahmundry,Andhra Pradesh,CUST00349,Naveen Chowdary,Corporate,P003,Flagship Smartphone,Mobile,1,77599.49,0.05,0.75,Cash
TXN2BFA800A0F,2024-01-06,BR03,Rajahmundry,Andhra Pradesh,CUST00963,Deepika Chowdary,Retail,P019,LED TV 55-inch,Electronics,1,43515.24,0.15,0.79,UPI
TXND1AFC98D92,2024-11-14,BR03,Rajahmundry,Andhra Pradesh,CUST00789,Vikram Rao,Retail,P020,Home Theatre System,Electronics,1,10992.48,0.15,0.6,UPI
TXN0DE88A7F1F,2023-09-15,BR03,Rajahmundry,Andhra Pradesh,CUST01902,Vikram Prasad,Retail,P010,Wireless Mouse,Accessories,1,974.57,0.15,0.4,UPI
TXNEAEFEB35B4,2023-11-03,BR03,Rajahmundry,Andhra Pradesh,CUST00741,Anitha Devi,Retail,P014,Split AC 1.5 Ton,Home Appliances,1,38898.0,0.25,0.83,UPI
TXNF557479AC5,2023-09-15,BR03,Rajahmundry,Andhra Pradesh,CUST01167,Harika Sharma,Retail,P010,Wireless Mouse,Accessories,1,897.78,0.05,0.4,Credit Card
TXN2727BB95F8,2023-04-02,BR03,Rajahmundry,Andhra Pradesh,CUST00507,Ramesh Rao,Wholesale,P012,Mobile Charger,Accessories,3,1732.86,0.1,0.42,Net Banking
TXNE46653FEEC,2024-09-12,BR03,Rajahmundry,Andhra Pradesh,CUST01243,Harika Reddy,Wholesale,P019,LED TV 55-inch,Electronics,1,40884.56,0.1,0.79,UPI
TXN835430D3C9,2024-10-20,BR03,Rajahmundry,Andhra Pradesh,CUST00909,Ravi Reddy,Retail,P004,Wireless Earbuds,Mobile,1,3044.16,0.0,0.55,Credit Card
TXNF67E0CBF4D,2023-04-19,BR03,Rajahmundry,Andhra Pradesh,CUST00262,Arjun Varma,Retail,P006,Business Laptop i5,Laptop,1,52441.76,0.15,0.8,UPI
TXN4587230E32,2023-11-18,BR03,Rajahmundry,Andhra Pradesh,CUST01727,Meena Chowdary,Retail,P021,Smart Watch,Electronics,1,10176.26,0.0,0.55,UPI
TXNA4A6F3ECB3,2023-02-12,BR03,Rajahmundry,Andhra Pradesh,CUST00917,Suresh Sharma,Corporate,P016,Washing Machine,Home Appliances,1,31075.21,0.0,0.8,UPI
TXN0FE476F006,2024-07-12,BR03,Rajahmundry,Andhra Pradesh,CUST01270,Harika Reddy,Corporate,P002,Mid-range Smartphone 5G,Mobile,2,17018.32,0.0,0.78,Cash
TXNA3E2DE3F25,2023-07-17,BR03,Rajahmundry,Andhra Pradesh,CUST00882,Praveen Sharma,Retail,P016,Washing Machine,Home Appliances,1,22306.36,0.05,0.8,UPI
TXN1DD0ABC473,2023-11-02,BR03,Rajahmundry,Andhra Pradesh,CUST00776,Anitha Chowdary,Retail,P001,Budget Smartphone 4G,Mobile,2,11596.97,0.0,0.8,UPI
TXN673F99883F,2024-09-22,BR03,Rajahmundry,Andhra Pradesh,CUST01394,Arjun Chowdary,Retail,P021,Smart Watch,Electronics,4,8040.71,0.0,0.55,UPI
TXNC64267F893,2024-07-31,BR03,Rajahmundry,Andhra Pradesh,CUST00792,Manoj Naidu,Retail,P007,Gaming Laptop i7,Laptop,1,127501.25,0.0,0.78,Debit Card
TXNDB31847813,2023-01-28,BR03,Rajahmundry,Andhra Pradesh,CUST01645,Suresh Varma,Retail,P002,Mid-range Smartphone 5G,Mobile,1,20211.59,0.15,0.78,Cash
TXND8136D38F0,2024-04-24,BR03,Rajahmundry,Andhra Pradesh,CUST00656,Kavya Varma,Retail,P017,Microwave Oven,Home Appliances,1,9702.91,0.15,0.75,Cash
TXNE32BCE8265,2023-08-27,BR03,Rajahmundry,Andhra Pradesh,CUST01503,Ramesh Murthy,Retail,P016,Washing Machine,Home Appliances,1,25414.79,0.15,0.8,UPI
TXND88E54603C,2023-10-02,BR03,Rajahmundry,Andhra Pradesh,CUST01164,Anitha Reddy,Retail,P011,Bluetooth Speaker,Accessories,2,3257.98,0.0,0.5,UPI
TXN2FD5796E0D,2023-10-23,BR03,Rajahmundry,Andhra Pradesh,CUST00368,Divya Sharma,Retail,P003,Flagship Smartphone,Mobile,1,73429.94,0.2,0.75,UPI
TXND5A8B5B234,2024-10-22,BR03,Rajahmundry,Andhra Pradesh,CUST00535,Naveen Prasad,Retail,P011,Bluetooth Speaker,Accessories,1,4416.27,0.1,0.5,UPI
TXN679215A0B2,2024-08-27,BR03,Rajahmundry,Andhra Pradesh,CUST00497,Kavya Devi,Retail,P008,Ultrabook Thin & Light,Laptop,1,70104.8,0.15,0.79,UPI
TXN3D5004E530,2023-09-10,BR03,Rajahmundry,Andhra Pradesh,CUST00348,Kavya Sarma,Corporate,P013,Power Bank,Accessories,2,1519.33,0.05,0.48,UPI
TXNA298FDF0C8,2024-03-23,BR03,Rajahmundry,Andhra Pradesh,CUST00471,Harika Reddy,Corporate,P004,Wireless Earbuds,Mobile,2,3704.0,0.15,0.55,Debit Card
TXND2696C98D3,2024-03-03,BR03,Rajahmundry,Andhra Pradesh,CUST01761,Suresh Naidu,Wholesale,P020,Home Theatre System,Electronics,1,16601.62,0.0,0.6,UPI
TXN464ADA5AC5,2024-03-16,BR03,rajahmundry  ,Andhra Pradesh,CUST01865,Pooja Prasad,Retail,P001,Budget Smartphone 4G,Mobile,3,11782.77,0.0,0.8,Debit Card
TXN57A5ABD05A,2023-11-15,BR03,Rajahmundry,Andhra Pradesh,CUST01972,Meena Sarma,Retail,P007,Gaming Laptop i7,Laptop,1,123709.39,0.05,0.78,Debit Card
TXNBD00DDEBE1,2024-11-20,BR03,Rajahmundry,Andhra Pradesh,CUST01266,Ajay Murthy,Wholesale,P004,Wireless Earbuds,Mobile,1,2497.02,0.25,0.55,UPI
TXN3A98D9324C,2023-10-23,BR03,Rajahmundry,Andhra Pradesh,CUST01558,Kiran Reddy,Retail,P012,Mobile Charger,Accessories,2,1367.45,0.05,0.42,UPI
TXNCA72E86562,2023-12-23,BR03,Rajahmundry,Andhra Pradesh,CUST00341,Sandeep Murthy,Corporate,P009,Laptop Bag,Accessories,1,1286.46,0.15,0.45,UPI
TXN425D731759,2024-09-09,BR03,Rajahmundry,Andhra Pradesh,CUST01334,Ravi Sarma,Retail,P001,Budget Smartphone 4G,Mobile,1,11825.29,0.1,0.8,Debit Card
TXN7A183BF4BC,2023-12-21,BR03,Rajahmundry,Andhra Pradesh,CUST01163,Pooja Chowdary,Corporate,P002,Mid-range Smartphone 5G,Mobile,1,17164.81,0.1,0.78,Cash
TXN50D8826C4D,2023-01-09,BR03,Rajahmundry,Andhra Pradesh,CUST00967,Suresh Sharma,Retail,P003,Flagship Smartphone,Mobile,1,55906.01,0.0,0.75,UPI
TXN24D49CEC97,2024-01-13,BR03,Rajahmundry,Andhra Pradesh,CUST01247,Manoj Sarma,Retail,P010,Wireless Mouse,Accessories,1,372.34,0.15,0.4,Cash
TXN90A67E4F28,2024-12-12,BR03,Rajahmundry,Andhra Pradesh,CUST01632,Meena Rao,Retail,P003,Flagship Smartphone,Mobile,1,70685.89,0.0,0.75,Net Banking
TXN72C447EE2F,2024-05-30,BR03,Rajahmundry,Andhra Pradesh,CUST00856,Sandeep Sarma,Corporate,P011,Bluetooth Speaker,Accessories,1,1557.13,0.05,0.5,Cash
TXN13C07D3261,2024-01-23,BR03,Rajahmundry,Andhra Pradesh,CUST01048,Sandeep Reddy,Wholesale,P003,Flagship Smartphone,Mobile,1,60839.79,0.0,0.75,UPI
TXN50DA244C39,2024-03-16,BR03,Rajahmundry,Andhra Pradesh,CUST00467,Kiran Devi,Retail,P003,Flagship Smartphone,Mobile,1,83296.69,0.0,0.75,UPI
TXN1B0FFBAED2,2023-04-17,BR03,Rajahmundry,Andhra Pradesh,CUST01217,Suresh Varma,Corporate,P003,Flagship Smartphone,Mobile,1,69445.4,0.0,0.75,Credit Card
TXND8E1882CF7,2024-12-31,BR03,Rajahmundry,Andhra Pradesh,CUST00930,Arjun Devi,Retail,P020,Home Theatre System,Electronics,1,18467.64,0.15,0.6,UPI
TXNFB4E2949EC,2024-10-15,BR03,Rajahmundry,Andhra Pradesh,CUST00396,Anitha Varma,Retail,P010,Wireless Mouse,Accessories,4,717.21,0.1,0.4,UPI
TXN1E476432DE,2023-08-21,BR03,Rajahmundry,Andhra Pradesh,CUST00658,Ajay Prasad,Corporate,P001,Budget Smartphone 4G,Mobile,3,9287.03,0.0,0.8,Cash
TXNC47C6DC43F,2023-06-02,BR03,Rajahmundry,Andhra Pradesh,CUST00083,Anitha Naidu,Retail,P004,Wireless Earbuds,Mobile,2,2053.67,0.05,0.55,Net Banking
TXN39A92D26DE,2024-09-13,BR03,Rajahmundry,Andhra Pradesh,CUST01840,Sneha Sharma,Retail,P010,Wireless Mouse,Accessories,1,928.87,0.15,0.4,UPI
TXN7633C89837,2024-09-05,BR03,Rajahmundry,Andhra Pradesh,CUST00400,Manoj Rao,Retail,P003,Flagship Smartphone,Mobile,1,50170.83,0.15,0.75,UPI
TXNE5BC04DE46,2024-07-27,BR03,Rajahmundry,Andhra Pradesh,CUST01865,Pooja Prasad,Retail,P013,Power Bank,Accessories,1,2444.8,0.1,0.48,Net Banking
TXN2C8DA3D876,2023-04-23,BR03,Rajahmundry,Andhra Pradesh,CUST00663,Praveen Kumar,Wholesale,P010,Wireless Mouse,Accessories,2,599.69,0.15,0.4,UPI
TXN1C7395166B,2024-03-08,BR03,Rajahmundry,Andhra Pradesh,CUST01770,Swathi Devi,Retail,P016,Washing Machine,Home Appliances,1,20533.55,0.05,0.8,UPI
TXNE1406FD208,2024-09-27,BR03,Rajahmundry,Andhra Pradesh,CUST00665,Vikram Kumar,Retail,P014,Split AC 1.5 Ton,Home Appliances,1,35014.23,0.05,0.83,Cash
TXN5AE88B39F2,2024-05-21,BR03,Rajahmundry,Andhra Pradesh,CUST01702,Naveen Murthy,Corporate,P010,Wireless Mouse,Accessories,1,781.23,0.15,0.4,Credit Card
TXNDE30FBDDD3,2023-05-14,BR03,Rajahmundry,Andhra Pradesh,CUST00988,Deepika Kumar,Retail,P010,Wireless Mouse,Accessories,3,765.6,0.05,0.4,UPI
TXN36EFB9FC66,2024-06-19,BR03,Rajahmundry,Andhra Pradesh,CUST01487,Suresh Naidu,Retail,P013,Power Bank,Accessories,1,1305.81,0.1,0.48,Debit Card
TXN649DB5F8BA,2024-11-25,BR03,Rajahmundry,Andhra Pradesh,CUST01245,Naveen Sharma,Corporate,P021,Smart Watch,Electronics,1,5788.78,0.25,0.55,UPI
TXN286F148E00,2024-01-09,BR03,Rajahmundry,Andhra Pradesh,CUST00266,Harika Murthy,Corporate,P006,Business Laptop i5,Laptop,1,44792.49,0.05,0.8,Credit Card
TXN139E0632A2,2023-10-11,BR03,Rajahmundry,Andhra Pradesh,CUST01763,Sandeep Varma,Retail,P014,Split AC 1.5 Ton,Home Appliances,1,35661.93,0.15,0.83,UPI
TXN27D4C339CB,2024-01-24,BR03,Rajahmundry,Andhra Pradesh,CUST00459,Swathi Prasad,Wholesale,P006,Business Laptop i5,Laptop,1,42583.51,0.15,0.8,Cash
TXN547E566058,2023-06-12,BR03,Rajahmundry,Andhra Pradesh,CUST00161,Divya Devi,Retail,P006,Business Laptop i5,Laptop,1,42282.59,0.15,0.8,Credit Card
TXNBFE8A6D156,2024-08-10,BR03,Rajahmundry,Andhra Pradesh,CUST00212,Ravi Rao,Retail,P015,Refrigerator 300L,Home Appliances,1,27901.03,0.0,0.82,Debit Card
TXNE3554B48E5,2023-01-03,BR03,Rajahmundry,Andhra Pradesh,CUST01084,Naveen Varma,Corporate,P019,LED TV 55-inch,Electronics,1,42228.75,0.0,0.79,UPI
TXN7BC182BC77,2023-12-31,BR03,Rajahmundry,Andhra Pradesh,CUST01661,Sandeep Murthy,Retail,P021,Smart Watch,Electronics,1,6489.02,0.05,0.55,Debit Card
TXN76FE571614,2024-11-01,BR03,Rajahmundry,Andhra Pradesh,CUST01313,Arjun Varma,Wholesale,P007,Gaming Laptop i7,Laptop,1,93464.33,0.1,0.78,Cash
TXN7B5D9E8434,2023-06-19,BR03,Rajahmundry,Andhra Pradesh,CUST00897,Pooja Kumar,Retail,P018,LED TV 43-inch,Electronics,1,30936.52,0.1,0.8,Cash
TXND63D962751,2023-06-07,BR03,Rajahmundry,Andhra Pradesh,CUST00261,Ajay Prasad,Retail,P007,Gaming Laptop i7,Laptop,1,122634.46,0.0,0.78,Credit Card
TXNA1AAD0F5AF,2024-08-30,BR03,Rajahmundry,Andhra Pradesh,CUST01021,Vikram Prasad,Retail,P010,Wireless Mouse,Accessories,1,1224.33,0.15,0.4,Credit Card
TXN9DD05F1260,2024-03-10,BR03,Rajahmundry,Andhra Pradesh,CUST01577,Naveen Reddy,Retail,P001,Budget Smartphone 4G,Mobile,3,13626.94,0.05,0.8,UPI
TXNBDFF247993,2024-03-02,BR03,Rajahmundry,Andhra Pradesh,CUST01731,Vikram Sarma,Wholesale,P001,Budget Smartphone 4G,Mobile,2,9687.91,0.05,0.8,Credit Card
TXNCC227F70DA,2023-12-21,BR03,Rajahmundry,Andhra Pradesh,CUST00534,Suresh Murthy,Retail,P012,Mobile Charger,Accessories,3,1782.28,0.1,0.42,Credit Card
TXNE768F98F49,2023-01-16,BR03,Rajahmundry,Andhra Pradesh,CUST00409,Ravi Murthy,Wholesale,P006,Business Laptop i5,Laptop,1,51982.41,0.15,0.8,Debit Card
TXN3C41C11C41,2024-10-18,BR03,Rajahmundry,Andhra Pradesh,CUST00124,Arjun Kumar,Retail,P002,Mid-range Smartphone 5G,Mobile,1,18181.28,0.15,0.78,Cash
TXN8AA0B6364C,2024-10-29,BR03,Rajahmundry,Andhra Pradesh,CUST01652,Arjun Sharma,Retail,P003,Flagship Smartphone,Mobile,1,87535.47,0.05,0.75,UPI
TXNBBAC2063DD,2023-03-25,BR03,Rajahmundry,Andhra Pradesh,CUST00264,Meena Sarma,Retail,P012,Mobile Charger,Accessories,1,850.81,0.05,0.42,Debit Card
TXNA33A4E2194,2024-10-30,BR03,Rajahmundry,Andhra Pradesh,CUST01551,Sandeep Babu,Retail,P002,Mid-range Smartphone 5G,Mobile,1,18777.81,0.05,0.78,UPI
TXNC54308D71B,2023-05-21,BR03,Rajahmundry,Andhra Pradesh,CUST00705,Anitha Sharma,Corporate,P007,Gaming Laptop i7,Laptop,1,113964.41,0.0,0.78,UPI
TXNA09E18242D,2023-08-16,BR03,Rajahmundry,Andhra Pradesh,CUST00305,Priya Chowdary,Retail,P010,Wireless Mouse,Accessories,2,806.73,0.0,0.4,Cash
TXN612DA21A0F,2024-08-13,BR03,Rajahmundry,Andhra Pradesh,CUST00286,Divya Murthy,Retail,P004,Wireless Earbuds,Mobile,1,4992.88,0.0,0.55,Debit Card
TXNDB4BDA2AD8,2023-06-23,BR03,Rajahmundry,Andhra Pradesh,CUST00770,Aishwarya Sarma,Retail,P002,Mid-range Smartphone 5G,Mobile,3,16450.88,0.15,0.78,Debit Card
TXND53D912D6E,2023-10-12,BR03,Rajahmundry,Andhra Pradesh,CUST01625,Meena Varma,Retail,P021,Smart Watch,Electronics,1,9404.29,0.0,0.55,Cash
TXN53C6D8F65A,2023-11-25,BR03,Rajahmundry,Andhra Pradesh,CUST01932,Harika Kumar,Wholesale,P019,LED TV 55-inch,Electronics,1,58102.98,0.1,0.79,Credit Card
TXNA405CEF2F6,2024-10-12,BR03,Rajahmundry,Andhra Pradesh,CUST01273,Manoj Murthy,Retail,P002,Mid-range Smartphone 5G,Mobile,1,27825.95,0.25,0.78,UPI
TXN7DE1D05C85,2024-11-08,BR03,Rajahmundry,Andhra Pradesh,CUST00469,Lakshmi Chowdary,Retail,P008,Ultrabook Thin & Light,Laptop,1,80033.74,0.25,0.79,Net Banking
TXNB7B332F517,2023-11-29,BR03,Rajahmundry,Andhra Pradesh,CUST01179,Sneha Kumar,Retail,P021,Smart Watch,Electronics,1,11154.49,0.2,0.55,Net Banking
TXN63385B1BFB,2024-10-05,BR03,Rajahmundry,Andhra Pradesh,CUST01611,Manoj Reddy,Retail,P006,Business Laptop i5,Laptop,1,48745.82,0.25,0.8,Credit Card
TXN6F6FAD26E7,2024-05-07,BR03,Rajahmundry,Andhra Pradesh,CUST00959,Manoj Chowdary,Retail,P020,Home Theatre System,Electronics,1,9075.38,0.1,0.6,UPI
TXNA92C658354,2023-11-28,BR03,Rajahmundry,Andhra Pradesh,CUST01857,Anitha Reddy,Retail,P002,Mid-range Smartphone 5G,Mobile,1,23189.09,0.15,0.78,Debit Card
TXN4F88078EE9,2023-10-12,BR03,Rajahmundry,Andhra Pradesh,CUST00133,Swathi Murthy,Retail,P013,Power Bank,Accessories,1,1634.65,0.1,0.48,UPI
TXN2145CF942E,2023-06-27,BR03,Rajahmundry,Andhra Pradesh,CUST00875,Manoj Naidu,Corporate,P006,Business Laptop i5,Laptop,1,43783.95,0.15,0.8,Cash
TXNA566175B10,2024-11-01,BR03,Rajahmundry,Andhra Pradesh,CUST01416,Sandeep Prasad,Retail,P011,Bluetooth Speaker,Accessories,2,3534.75,0.25,0.5,UPI
TXN06DE04EA1D,2024-02-09,BR03,Rajahmundry,Andhra Pradesh,CUST01802,Deepika Kumar,Retail,P021,Smart Watch,Electronics,1,9622.96,0.0,0.55,UPI
TXNFC1F0D268B,2023-06-19,BR03,Rajahmundry,Andhra Pradesh,CUST00604,Sneha Murthy,Retail,P010,Wireless Mouse,Accessories,1,897.44,0.15,0.4,Cash
TXN7081669B4C,2023-02-20,BR03,Rajahmundry,Andhra Pradesh,CUST00649,Sandeep Kumar,Retail,P018,LED TV 43-inch,Electronics,1,32954.83,0.05,0.8,Credit Card
TXN97BF15FDC8,2023-11-14,BR03,Rajahmundry,Andhra Pradesh,CUST00793,Vikram Kumar,Retail,P018,LED TV 43-inch,Electronics,1,27209.25,0.1,0.8,UPI
TXN71E7095772,2023-06-03,BR03,Rajahmundry,Andhra Pradesh,CUST01351,Harika Prasad,Wholesale,P012,Mobile Charger,Accessories,4,1611.15,0.1,0.42,Net Banking
TXN7A993BEDF9,2024-05-09,BR03,Rajahmundry,Andhra Pradesh,CUST01636,Anitha Varma,Retail,P010,Wireless Mouse,Accessories,2,885.72,0.15,0.4,UPI
TXNC2F59D3F2E,2024-12-26,BR03,Rajahmundry,Andhra Pradesh,CUST01158,Anitha Sharma,Retail,P010,Wireless Mouse,Accessories,1,1442.08,0.0,0.4,Credit Card
TXNDDD4705274,2023-12-19,BR03,Rajahmundry,Andhra Pradesh,CUST00655,Aishwarya Naidu,Retail,P006,Business Laptop i5,Laptop,1,54482.43,0.15,0.8,Credit Card
TXNC093D25371,2024-03-12,BR03,Rajahmundry,Andhra Pradesh,CUST00119,Ajay Sharma,Retail,P003,Flagship Smartphone,Mobile,1,61061.55,0.1,0.75,Debit Card
TXN3BEE631A8D,2024-12-03,BR03,Rajahmundry,Andhra Pradesh,CUST01176,Harika Murthy,Retail,P003,Flagship Smartphone,Mobile,1,48060.95,0.1,0.75,UPI
TXN72C092BBD0,2024-07-23,BR03,Rajahmundry,Andhra Pradesh,CUST01723,Kavya Chowdary,Retail,P001,Budget Smartphone 4G,Mobile,1,10670.79,0.05,0.8,UPI
TXNE05227FCD5,2023-03-21,BR03,Rajahmundry,Andhra Pradesh,CUST00282,Swathi Murthy,Retail,P005,Entry Laptop i3,Laptop,1,36407.31,0.05,0.82,Credit Card
TXN27A4D7C1A7,2024-05-28,BR03,Rajahmundry,Andhra Pradesh,CUST00739,Praveen Murthy,Retail,P014,Split AC 1.5 Ton,Home Appliances,1,46295.04,0.0,0.83,Cash
TXN193FEAC2D2,2024-05-24,BR03,Rajahmundry,Andhra Pradesh,CUST00163,Deepika Sarma,Corporate,P004,Wireless Earbuds,Mobile,1,4018.02,0.1,0.55,UPI
TXNCD056364D7,2023-11-02,BR03,Rajahmundry,Andhra Pradesh,CUST00645,Pooja Sharma,Retail,P019,LED TV 55-inch,Electronics,1,41437.96,0.0,0.79,Net Banking
TXN0C15EB6EEB,2023-01-04,BR03,Rajahmundry,Andhra Pradesh,CUST01052,Kavya Devi,Retail,P021,Smart Watch,Electronics,1,7252.76,0.1,0.55,Cash
TXNC5C6B1E750,2024-07-10,BR03,Rajahmundry,Andhra Pradesh,CUST01505,Kavya Sarma,Retail,P018,LED TV 43-inch,Electronics,1,34450.64,0.05,0.8,UPI
TXN86773CE40D,2024-01-28,BR03,Rajahmundry,Andhra Pradesh,CUST01896,Anitha Varma,Wholesale,P021,Smart Watch,Electronics,2,6676.64,0.0,0.55,UPI
TXN5E8945B0AB,2024-09-15,BR03,Rajahmundry,Andhra Pradesh,CUST01905,Meena Devi,Retail,P009,Laptop Bag,Accessories,1,1405.36,0.1,0.45,Cash
TXN19FE28BB13,2024-02-03,BR03,Rajahmundry,Andhra Pradesh,CUST00570,Swathi Sharma,Retail,P002,Mid-range Smartphone 5G,Mobile,1,21065.75,0.0,0.78,UPI
TXN70C1FBBF88,2023-06-05,BR03,Rajahmundry,Andhra Pradesh,CUST00206,Kavya Varma,Retail,P013,Power Bank,Accessories,1,1877.24,0.05,0.48,UPI
TXND6D593B225,2023-08-17,BR03,Rajahmundry,Andhra Pradesh,CUST01476,Ramesh Naidu,Wholesale,P007,Gaming Laptop i7,Laptop,1,89246.57,0.05,0.78,UPI
TXN51C6452DA4,2023-12-12,BR03,Rajahmundry,Andhra Pradesh,CUST00999,Manoj Chowdary,Retail,P015,Refrigerator 300L,Home Appliances,1,34261.94,0.1,0.82,Debit Card
TXN5313A31BF3,2024-08-29,BR03,Rajahmundry,Andhra Pradesh,CUST01084,Naveen Varma,Corporate,P017,Microwave Oven,Home Appliances,1,8366.94,0.1,0.75,UPI
TXN9EB974FDAE,2024-12-28,BR03,Rajahmundry,Andhra Pradesh,CUST00149,Swathi Sharma,Retail,P010,Wireless Mouse,Accessories,3,800.01,0.0,0.4,UPI
TXN96B4A0708B,2024-05-17,BR03,Rajahmundry,Andhra Pradesh,CUST01171,Priya Chowdary,Retail,P003,Flagship Smartphone,Mobile,1,57705.22,0.0,0.75,UPI
TXN1278A08D32,2024-10-13,BR03,Rajahmundry,Andhra Pradesh,CUST00008,Ajay Devi,Retail,P011,Bluetooth Speaker,Accessories,4,2996.15,0.0,0.5,Cash
TXN48554156B9,2023-12-09,BR03,Rajahmundry,Andhra Pradesh,CUST01083,Pooja Rao,Wholesale,P003,Flagship Smartphone,Mobile,1,79411.95,0.0,0.75,Debit Card
TXN8E10ECB9F8,2023-08-13,BR03,Rajahmundry,Andhra Pradesh,CUST01846,Sneha Babu,Retail,P019,LED TV 55-inch,Electronics,1,49907.89,0.0,0.79,Debit Card
TXNED155A7FD7,2024-09-08,BR03,Rajahmundry,Andhra Pradesh,CUST01448,Kiran Varma,Retail,P007,Gaming Laptop i7,Laptop,1,128435.59,0.05,0.78,Credit Card
TXN1378E4CB69,2024-07-19,BR03,Rajahmundry,Andhra Pradesh,CUST00870,Vikram Reddy,Retail,P012,Mobile Charger,Accessories,1,1688.63,0.05,0.42,Credit Card
TXNAEAF2BC5B0,2023-06-21,BR03,Rajahmundry,Andhra Pradesh,CUST01366,Ramesh Kumar,Corporate,P021,Smart Watch,Electronics,1,6890.27,0.15,0.55,Cash
TXNB60B5A7F82,2024-11-08,BR03,Rajahmundry,Andhra Pradesh,CUST00395,Divya Sharma,Retail,P004,Wireless Earbuds,Mobile,4,1803.22,0.2,0.55,Net Banking
TXNB0724E7905,2023-03-08,BR03,Rajahmundry,Andhra Pradesh,CUST00420,Swathi Babu,Retail,P002,Mid-range Smartphone 5G,Mobile,1,20996.46,0.0,0.78,Cash
TXNEADF191F81,2023-07-09,BR03,Rajahmundry,Andhra Pradesh,CUST00070,Praveen Reddy,Retail,P011,Bluetooth Speaker,Accessories,1,2728.92,0.05,0.5,UPI
TXNCC4CE47D80,2023-01-31,BR03,Rajahmundry,Andhra Pradesh,CUST00159,Divya Devi,Retail,P001,Budget Smartphone 4G,Mobile,1,10314.3,0.0,0.8,Debit Card
TXN12D21222C8,2024-07-16,BR03,Rajahmundry,Andhra Pradesh,CUST00847,Priya Varma,Retail,P020,Home Theatre System,Electronics,1,10629.84,0.0,0.6,Cash
TXN4580A783B8,2024-04-14,BR03,Rajahmundry,Andhra Pradesh,CUST00391,Kiran Babu,Retail,P006,Business Laptop i5,Laptop,1,46731.43,0.0,0.8,Credit Card
TXNA0293DF831,2023-12-08,BR03,Rajahmundry,Andhra Pradesh,CUST01775,Sneha Sharma,Corporate,P002,Mid-range Smartphone 5G,Mobile,1,20074.45,0.15,0.78,UPI
TXN894547BD8D,2023-02-27,BR03,Rajahmundry,Andhra Pradesh,CUST01409,Kavya Reddy,Wholesale,P019,LED TV 55-inch,Electronics,1,42582.33,0.0,0.79,UPI
TXN0A6B053485,2023-05-02,BR03,Rajahmundry,Andhra Pradesh,CUST01103,Lakshmi Chowdary,Retail,P017,Microwave Oven,Home Appliances,1,8751.65,0.0,0.75,Net Banking
TXNA0F0C477D6,2023-10-13,BR03,Rajahmundry,Andhra Pradesh,CUST01723,Kavya Chowdary,Retail,P021,Smart Watch,Electronics,1,5868.82,0.2,0.55,UPI
TXNAC5DACA67A,2024-10-26,BR03,Rajahmundry,Andhra Pradesh,CUST00186,Meena Murthy,Retail,P003,Flagship Smartphone,Mobile,1,85717.38,0.15,0.75,Credit Card
TXN2B59F28F67,2024-03-26,BR03,Rajahmundry,Andhra Pradesh,CUST01568,Priya Reddy,Retail,P013,Power Bank,Accessories,1,1498.98,0.0,0.48,UPI
TXN8382670228,2023-04-06,BR03,Rajahmundry,Andhra Pradesh,CUST00405,Lakshmi Prasad,Retail,P012,Mobile Charger,Accessories,2,1521.26,0.15,0.42,UPI
TXNCECD8080B1,2024-10-15,BR03,Rajahmundry,Andhra Pradesh,CUST00060,Kiran Babu,Retail,P016,Washing Machine,Home Appliances,1,29258.88,0.1,0.8,UPI
TXN793C369971,2023-12-16,BR03,Rajahmundry,Andhra Pradesh,CUST00218,Kavya Reddy,Retail,P004,Wireless Earbuds,Mobile,1,3391.35,0.0,0.55,UPI
TXN7FAEAC25DA,2023-02-09,BR03,Rajahmundry,Andhra Pradesh,CUST00486,Srinivas Varma,Retail,P008,Ultrabook Thin & Light,Laptop,1,57452.28,0.1,0.79,Net Banking
TXNA3B794E55F,2024-04-09,BR03,Rajahmundry,Andhra Pradesh,CUST00123,Manoj Kumar,Retail,P010,Wireless Mouse,Accessories,1,497.42,0.15,0.4,Cash
TXND96A1FC2F6,2024-09-14,BR03,Rajahmundry,Andhra Pradesh,CUST01488,Ravi Sarma,Wholesale,P001,Budget Smartphone 4G,Mobile,3,10825.54,0.15,0.8,UPI
TXNBAECEFC001,2023-07-27,BR03,Rajahmundry,Andhra Pradesh,CUST00432,Vikram Rao,Wholesale,P017,Microwave Oven,Home Appliances,1,9907.5,0.0,0.75,Net Banking
TXN356B97CF71,2023-07-10,BR03,Rajahmundry,Andhra Pradesh,CUST01167,Harika Sharma,Retail,P006,Business Laptop i5,Laptop,1,58656.9,0.15,0.8,UPI
TXNBE1D0A4E27,2023-07-30,BR03,Rajahmundry,Andhra Pradesh,CUST01948,Vikram Babu,Retail,P004,Wireless Earbuds,Mobile,1,2342.61,0.0,0.55,UPI
TXN81478E38AA,2023-09-16,BR03,Rajahmundry,Andhra Pradesh,CUST01731,Vikram Sarma,Wholesale,P004,Wireless Earbuds,Mobile,2,3413.97,0.0,0.55,Credit Card
TXN0201E64A37,2023-09-11,BR03,Rajahmundry,Andhra Pradesh,CUST01316,Deepika Sharma,Wholesale,P007,Gaming Laptop i7,Laptop,1,109594.07,0.05,0.78,Credit Card
TXN7A2151A028,2024-10-02,BR03,Rajahmundry,Andhra Pradesh,CUST00682,Meena Naidu,Retail,P012,Mobile Charger,Accessories,3,334.51,0.15,0.42,Debit Card
TXN670A231DF9,2023-06-14,BR03,Rajahmundry,Andhra Pradesh,CUST00391,Kiran Babu,Retail,P016,Washing Machine,Home Appliances,1,28660.84,0.0,0.8,Net Banking
TXN49A3ECE48B,2023-12-02,BR03,Rajahmundry,Andhra Pradesh,CUST01497,Praveen Kumar,Retail,P012,Mobile Charger,Accessories,2,580.65,0.15,0.42,UPI
TXN7EB15493B4,2023-08-08,BR03,Rajahmundry,Andhra Pradesh,CUST01739,Meena Prasad,Retail,P021,Smart Watch,Electronics,2,11926.56,0.0,0.55,Net Banking
TXN1E36A87EFD,2023-12-19,BR03,Rajahmundry,Andhra Pradesh,CUST00664,Srinivas Varma,Retail,P021,Smart Watch,Electronics,1,5572.3,0.15,0.55,Credit Card
TXN922330B739,2023-07-18,BR03,Rajahmundry,Andhra Pradesh,CUST01065,Sandeep Sharma,Retail,P008,Ultrabook Thin & Light,Laptop,1,76820.16,0.0,0.79,UPI
TXNFF13FE4B4F,2023-01-27,BR03,Rajahmundry,Andhra Pradesh,CUST01429,Sneha Sarma,Wholesale,P010,Wireless Mouse,Accessories,2,980.76,0.0,0.4,Net Banking
TXN15EB17F4FC,2023-12-17,BR03,Rajahmundry,Andhra Pradesh,CUST01070,Swathi Reddy,Corporate,P007,Gaming Laptop i7,Laptop,1,105404.92,0.0,0.78,Debit Card
TXN402B5D0EDE,2024-10-21,BR03,Rajahmundry,Andhra Pradesh,CUST00497,Kavya Devi,Retail,P020,Home Theatre System,Electronics,2,14362.08,0.2,0.6,Cash
TXN4A662E49FB,2024-10-07,BR03,Rajahmundry,Andhra Pradesh,CUST00752,Ramesh Devi,Retail,P014,Split AC 1.5 Ton,Home Appliances,1,33567.59,0.2,0.83,Debit Card
TXN7AEE84BEC9,2024-05-26,BR03,Rajahmundry,Andhra Pradesh,CUST01118,Praveen Rao,Retail,P019,LED TV 55-inch,Electronics,1,47651.65,0.05,0.79,UPI
TXNC71E1B2CCE,2023-06-04,BR03,Rajahmundry,Andhra Pradesh,CUST01790,Arjun Varma,Retail,P011,Bluetooth Speaker,Accessories,2,3933.99,0.1,0.5,UPI
TXN5C203EF394,2024-11-29,BR03,Rajahmundry,Andhra Pradesh,CUST01743,Ramesh Sarma,Corporate,P011,Bluetooth Speaker,Accessories,1,4804.42,0.0,0.5,Net Banking
TXN7107E969AD,2024-03-25,BR03,Rajahmundry,Andhra Pradesh,CUST01692,Pooja Murthy,Retail,P006,Business Laptop i5,Laptop,1,59942.89,0.0,0.8,Debit Card
TXNECC5815044,2024-10-19,BR03,Rajahmundry,Andhra Pradesh,CUST01925,Kavya Varma,Retail,P019,LED TV 55-inch,Electronics,1,40314.75,0.15,0.79,Credit Card
TXN58920902C7,2023-09-03,BR03,Rajahmundry,Andhra Pradesh,CUST01576,Anitha Sarma,Retail,P011,Bluetooth Speaker,Accessories,1,4212.5,0.15,0.5,UPI
TXN81EB59055B,2024-10-06,BR03,Rajahmundry,Andhra Pradesh,CUST00087,Sneha Kumar,Retail,P012,Mobile Charger,Accessories,4,907.23,0.2,0.42,Credit Card
TXN637E7F4A33,2023-02-13,BR03,Rajahmundry,Andhra Pradesh,CUST00258,Deepika Murthy,Retail,P004,Wireless Earbuds,Mobile,1,3660.4,0.15,0.55,UPI
TXN0593C9527B,2023-07-20,BR03,Rajahmundry,Andhra Pradesh,CUST00681,Arjun Varma,Retail,P003,Flagship Smartphone,Mobile,1,49847.54,0.05,0.75,Debit Card
TXNBBBBC440B2,2023-07-24,BR03,Rajahmundry,Andhra Pradesh,CUST00966,Arjun Chowdary,Retail,P012,Mobile Charger,Accessories,1,1116.5,0.0,0.42,Debit Card
TXN9228EB9322,2024-04-23,BR03,Rajahmundry,Andhra Pradesh,CUST01877,,Retail,P005,Entry Laptop i3,Laptop,1,37534.25,0.05,0.82,UPI
TXN0DD41CA335,2023-11-11,BR03,Rajahmundry,Andhra Pradesh,CUST01387,Manoj Naidu,Retail,P003,Flagship Smartphone,Mobile,1,73898.72,0.2,0.75,UPI
TXN6421F5564D,2024-11-07,BR03,Rajahmundry,Andhra Pradesh,CUST01333,Arjun Devi,Retail,P002,Mid-range Smartphone 5G,Mobile,1,22323.72,0.15,0.78,UPI
TXN8352270953,2024-08-20,BR03,Rajahmundry,Andhra Pradesh,CUST00894,Deepika Sharma,Retail,P013,Power Bank,Accessories,1,1564.8,0.1,0.48,UPI
TXN4B9FBFD092,2024-06-22,BR03,Rajahmundry,Andhra Pradesh,CUST00913,Anitha Rao,Corporate,P003,Flagship Smartphone,Mobile,1,64823.88,0.0,0.75,Debit Card
TXN50EA2F2F61,2024-08-25,BR03,Rajahmundry,Andhra Pradesh,CUST00482,Divya Sharma,Retail,P009,Laptop Bag,Accessories,1,1637.2,0.0,0.45,UPI
TXN76A2C9EDEE,2023-10-19,BR03,Rajahmundry,Andhra Pradesh,CUST01356,Srinivas Sharma,Wholesale,P002,Mid-range Smartphone 5G,Mobile,2,18604.71,0.25,0.78,Credit Card
TXN8A49C59EC1,2024-04-12,BR03,Rajahmundry,Andhra Pradesh,CUST01315,Ajay Babu,Retail,P012,Mobile Charger,Accessories,2,1201.69,0.1,0.42,UPI
TXN5E107572FC,2024-09-24,BR03,Rajahmundry,Andhra Pradesh,CUST00997,Praveen Murthy,Retail,P020,Home Theatre System,Electronics,1,9987.11,0.0,0.6,UPI
TXNF284AFE189,2023-08-07,BR03,Rajahmundry,Andhra Pradesh,CUST01652,Arjun Sharma,Retail,P019,LED TV 55-inch,Electronics,1,49350.5,0.0,0.79,Cash
TXN56DE9A217F,2023-10-13,BR03,Rajahmundry,Andhra Pradesh,CUST01483,Naveen Sharma,Retail,P018,LED TV 43-inch,Electronics,1,31267.81,0.15,0.8,Cash
TXN84465937B8,2023-02-03,BR03,Rajahmundry,Andhra Pradesh,CUST00924,Anitha Rao,Retail,P006,Business Laptop i5,Laptop,1,56013.29,0.0,0.8,Debit Card
TXN04B5BAC2D4,2024-07-27,BR03,rajahmundry  ,Andhra Pradesh,CUST00447,Praveen Reddy,Retail,P004,Wireless Earbuds,Mobile,1,2771.85,0.0,0.55,UPI
TXN5D47A33153,2023-01-05,BR03,Rajahmundry,Andhra Pradesh,CUST00832,Pooja Chowdary,Retail,P020,Home Theatre System,Electronics,1,17419.12,0.0,0.6,UPI
TXN8F2D39A50A,2023-10-06,BR03,Rajahmundry,Andhra Pradesh,CUST01981,Ramesh Sharma,Retail,P013,Power Bank,Accessories,3,1046.71,0.25,0.48,Credit Card
TXN7173DD31CC,2024-08-08,BR03,Rajahmundry,Andhra Pradesh,CUST01939,Lakshmi Rao,Retail,P021,Smart Watch,Electronics,1,3471.16,0.15,0.55,Cash
TXN517C192DBA,2024-11-21,BR03,Rajahmundry,Andhra Pradesh,CUST01054,Meena Sharma,Retail,P011,Bluetooth Speaker,Accessories,1,3746.77,0.2,0.5,UPI
TXN6C32765912,2024-12-09,BR03,Rajahmundry,Andhra Pradesh,CUST00653,Meena Rao,Retail,P005,Entry Laptop i3,Laptop,1,32310.76,0.1,0.82,UPI
TXNDB5E720CFA,2023-09-23,BR03,Rajahmundry,Andhra Pradesh,CUST00357,Arjun Sharma,Retail,P010,Wireless Mouse,Accessories,3,1203.47,0.0,0.4,UPI
TXN80CE177273,2024-12-07,BR03,Rajahmundry,Andhra Pradesh,CUST01810,Kavya Chowdary,Retail,P020,Home Theatre System,Electronics,4,8867.7,0.0,0.6,UPI
TXN6B6C0E528E,2024-03-07,BR03,Rajahmundry,Andhra Pradesh,CUST01977,Sneha Varma,Wholesale,P008,Ultrabook Thin & Light,Laptop,1,58878.14,0.1,0.79,UPI
TXNE00BD74B05,2024-01-01,BR03,Rajahmundry,Andhra Pradesh,CUST00014,Aishwarya Naidu,Wholesale,P001,Budget Smartphone 4G,Mobile,2,8282.66,,0.8,Credit Card
TXN793A5DFB6F,2023-01-03,BR03,Rajahmundry,Andhra Pradesh,CUST00473,Sandeep Devi,Retail,P002,Mid-range Smartphone 5G,Mobile,1,23188.45,0.0,0.78,Cash
TXND28017B6AE,2024-06-06,BR03,Rajahmundry,Andhra Pradesh,CUST01485,Kiran Prasad,Corporate,P009,Laptop Bag,Accessories,3,1279.44,0.0,0.45,UPI
TXN23E841C2E5,2024-01-07,BR03,Rajahmundry,Andhra Pradesh,CUST01441,Ajay Babu,Wholesale,P010,Wireless Mouse,Accessories,2,1257.86,0.0,0.4,Credit Card
TXN613D22F486,2023-03-12,BR03,Rajahmundry,Andhra Pradesh,CUST00481,Anitha Naidu,Retail,P011,Bluetooth Speaker,Accessories,2,1197.19,0.1,0.5,Debit Card
TXNC6CE808653,2023-04-05,BR03,Rajahmundry,Andhra Pradesh,CUST01764,Harika Sarma,Retail,P001,Budget Smartphone 4G,Mobile,1,10315.61,0.15,0.8,Credit Card
TXN5E5C5DAD31,2023-05-18,BR03,Rajahmundry,Andhra Pradesh,CUST01524,Naveen Varma,Retail,P006,Business Laptop i5,Laptop,1,52723.57,0.15,0.8,Net Banking
TXNE0725DD05D,2023-01-13,BR03,Rajahmundry,Andhra Pradesh,CUST01550,Pooja Devi,Retail,P004,Wireless Earbuds,Mobile,4,4882.22,0.0,0.55,Debit Card
TXN7D51E0D2F9,2023-02-23,BR03,Rajahmundry,Andhra Pradesh,CUST01325,Ramesh Kumar,Corporate,P007,Gaming Laptop i7,Laptop,1,108956.19,0.1,0.78,Cash
TXN48F83D73BC,2024-04-24,BR03,Rajahmundry,Andhra Pradesh,CUST00405,Lakshmi Prasad,Retail,P009,Laptop Bag,Accessories,3,943.16,0.1,0.45,Cash
TXNEF6BCE0DA1,2023-11-09,BR03,Rajahmundry,Andhra Pradesh,CUST00702,Arjun Prasad,Retail,P015,Refrigerator 300L,Home Appliances,1,29923.92,0.15,0.82,UPI
TXN0BCF80D394,2024-09-26,BR03,Rajahmundry,Andhra Pradesh,CUST01608,Ajay Sarma,Wholesale,P011,Bluetooth Speaker,Accessories,2,1512.21,0.15,0.5,Debit Card
TXND1D497525C,2023-02-02,BR03,Rajahmundry,Andhra Pradesh,CUST00719,Pooja Devi,Retail,P002,Mid-range Smartphone 5G,Mobile,1,24595.17,0.0,0.78,Cash
TXN5E683AD22B,2023-12-29,BR03,Rajahmundry,Andhra Pradesh,CUST01120,Divya Sarma,Retail,P001,Budget Smartphone 4G,Mobile,1,11695.75,0.0,0.8,Net Banking
TXN2CC74FFB23,2024-03-26,BR03,Rajahmundry,Andhra Pradesh,CUST00684,Srinivas Babu,Retail,P013,Power Bank,Accessories,1,1014.44,0.15,0.48,UPI
TXNE5594AE6EF,2023-09-02,BR03,Rajahmundry,Andhra Pradesh,CUST01889,Ramesh Sarma,Retail,P005,Entry Laptop i3,Laptop,1,34412.08,0.15,0.82,UPI
TXNE605C7AA24,2024-11-27,BR03,Rajahmundry,Andhra Pradesh,CUST00416,Meena Kumar,Retail,P010,Wireless Mouse,Accessories,2,340.17,0.25,0.4,UPI
TXN0A49DC5651,2024-08-17,BR03,Rajahmundry,Andhra Pradesh,CUST00854,Deepika Devi,Retail,P010,Wireless Mouse,Accessories,3,403.92,0.15,0.4,UPI
TXN6FD49F6B9B,2024-06-13,BR03,Rajahmundry,Andhra Pradesh,CUST00618,Kiran Rao,Retail,P021,Smart Watch,Electronics,1,10566.43,0.15,0.55,UPI
TXN1627E6E513,2023-10-21,BR03,Rajahmundry,Andhra Pradesh,CUST01563,Harika Babu,Retail,P009,Laptop Bag,Accessories,1,1766.89,0.2,0.45,Cash
TXNFA251048DD,2024-08-24,BR03,Rajahmundry,Andhra Pradesh,CUST01550,Pooja Devi,Retail,P004,Wireless Earbuds,Mobile,1,3251.14,0.0,0.55,UPI
TXNE03618A2B2,2024-03-15,BR03,Rajahmundry,Andhra Pradesh,CUST00252,Vikram Rao,Retail,P011,Bluetooth Speaker,Accessories,2,3088.02,0.0,0.5,Credit Card
TXND6E6C56FDC,2024-02-18,BR03,Rajahmundry,Andhra Pradesh,CUST01103,Lakshmi Chowdary,Retail,P002,Mid-range Smartphone 5G,Mobile,1,20724.77,0.1,0.78,UPI
TXNDE7BBE16F1,2024-07-20,BR03,Rajahmundry,Andhra Pradesh,CUST01789,Sneha Sarma,Retail,P020,Home Theatre System,Electronics,1,17652.36,0.05,0.6,UPI
TXNE09B148C3A,2024-08-10,BR03,Rajahmundry,Andhra Pradesh,CUST01859,Ramesh Devi,Corporate,P011,Bluetooth Speaker,Accessories,1,1569.68,0.1,0.5,Credit Card
TXNF13277D800,2023-07-15,BR03,Rajahmundry,Andhra Pradesh,CUST00565,Harika Devi,Retail,P021,Smart Watch,Electronics,2,7779.07,0.15,0.55,Cash
TXNA60793D47A,2023-09-26,BR03,Rajahmundry,Andhra Pradesh,CUST01256,Manoj Sarma,Retail,P013,Power Bank,Accessories,1,2065.3,0.1,0.48,Credit Card
TXNBCB48CE93A,2024-09-29,BR03,Rajahmundry,Andhra Pradesh,CUST00764,Kiran Naidu,Retail,P015,Refrigerator 300L,Home Appliances,1,35904.93,0.0,0.82,UPI
TXN379BC09171,2024-01-17,BR03,Rajahmundry,Andhra Pradesh,CUST01114,Vikram Rao,Wholesale,P019,LED TV 55-inch,Electronics,1,56771.29,0.05,0.79,Debit Card
TXN2AF3A6A9ED,2024-02-22,BR03,Rajahmundry,Andhra Pradesh,CUST01038,Swathi Kumar,Retail,P006,Business Laptop i5,Laptop,1,52291.27,0.0,0.8,Credit Card
TXN8271EA1AD3,2024-08-10,BR03,Rajahmundry,Andhra Pradesh,CUST00209,Harika Kumar,Wholesale,P007,Gaming Laptop i7,Laptop,1,111134.3,0.05,0.78,Net Banking
TXNDE25142AF5,2023-03-21,BR03,Rajahmundry,Andhra Pradesh,CUST01063,Anitha Murthy,Retail,P018,LED TV 43-inch,Electronics,1,28956.28,0.0,0.8,UPI
TXN9BE8558189,2024-05-12,BR03,Rajahmundry,Andhra Pradesh,CUST00751,Naveen Sharma,Corporate,P006,Business Laptop i5,Laptop,1,53208.09,0.1,0.8,Credit Card
TXN9B873AAD18,2024-01-02,BR03,Rajahmundry,Andhra Pradesh,CUST00437,Anitha Rao,Retail,P009,Laptop Bag,Accessories,1,624.06,0.0,0.45,Cash
TXN0516FEEA74,2023-11-24,BR03,Rajahmundry,Andhra Pradesh,CUST00434,Sneha Sharma,Wholesale,P013,Power Bank,Accessories,2,1988.91,0.05,0.48,Debit Card
TXNE5DD3B8B53,2024-10-26,BR03,Rajahmundry,Andhra Pradesh,CUST01226,Aishwarya Murthy,Retail,P004,Wireless Earbuds,Mobile,3,2108.74,0.05,0.55,Debit Card
TXN70A25DC02D,2024-06-28,BR03,Rajahmundry,Andhra Pradesh,CUST01128,Kiran Chowdary,Wholesale,P008,Ultrabook Thin & Light,Laptop,1,64426.78,0.1,0.79,Net Banking
TXNC19AF2306A,2024-01-12,BR03,Rajahmundry,Andhra Pradesh,CUST00492,Arjun Prasad,Retail,P003,Flagship Smartphone,Mobile,1,46596.57,0.0,0.75,Credit Card
TXN3F6FF70D6F,2024-03-31,BR03,Rajahmundry,Andhra Pradesh,CUST00206,Kavya Varma,Retail,P015,Refrigerator 300L,Home Appliances,1,26141.55,0.0,0.82,Cash
TXNC3BC4D543A,2024-03-18,BR03,Rajahmundry,Andhra Pradesh,CUST01708,Sandeep Kumar,Retail,P003,Flagship Smartphone,Mobile,1,84749.39,0.0,0.75,UPI
TXN3171D7944A,2024-07-16,BR03,Rajahmundry,Andhra Pradesh,CUST01400,Anitha Babu,Wholesale,P004,Wireless Earbuds,Mobile,1,3059.37,0.15,0.55,UPI
TXN88B3AA240D,2023-06-06,BR03,Rajahmundry,Andhra Pradesh,CUST00416,Meena Kumar,Retail,P013,Power Bank,Accessories,1,2410.25,0.05,0.48,Net Banking
TXN2BF7EFCC7D,2023-07-10,BR03,Rajahmundry,Andhra Pradesh,CUST00183,Meena Varma,Corporate,P008,Ultrabook Thin & Light,Laptop,1,83370.24,0.0,0.79,UPI
TXN94D0C7E861,2023-05-07,BR03,Rajahmundry,Andhra Pradesh,CUST01997,Srinivas Reddy,Retail,P021,Smart Watch,Electronics,1,9962.18,0.15,0.55,Net Banking
TXN3CFD2D81AB,2024-10-02,BR03,Rajahmundry,Andhra Pradesh,CUST00573,Sneha Naidu,Corporate,P004,Wireless Earbuds,Mobile,1,3019.23,0.15,0.55,UPI
TXNA601045F1C,2023-11-19,BR03,Rajahmundry,Andhra Pradesh,CUST00841,Pooja Kumar,Retail,P010,Wireless Mouse,Accessories,2,793.64,0.1,0.4,UPI
TXN3B3FE4CE76,2023-03-25,BR03,Rajahmundry,Andhra Pradesh,CUST00814,Ajay Sharma,Retail,P008,Ultrabook Thin & Light,Laptop,1,70808.48,0.0,0.79,UPI
TXNE6075FBD70,2024-06-22,BR03,Rajahmundry,Andhra Pradesh,CUST01267,Sneha Babu,Retail,P013,Power Bank,Accessories,1,1219.46,0.0,0.48,Debit Card
TXNA82F30DBFF,2024-02-01,BR03,Rajahmundry,Andhra Pradesh,CUST00637,Pooja Murthy,Corporate,P013,Power Bank,Accessories,2,2029.67,0.05,0.48,UPI
TXN91CA20986F,2024-01-10,BR03,Rajahmundry,Andhra Pradesh,CUST01858,Pooja Sharma,Wholesale,P013,Power Bank,Accessories,1,2213.89,0.05,0.48,Credit Card
TXNA2F380E55F,2024-01-18,BR03,Rajahmundry,Andhra Pradesh,CUST00449,Lakshmi Prasad,Retail,P004,Wireless Earbuds,Mobile,2,2057.43,0.0,0.55,UPI
TXNC36840A07B,2024-11-28,BR03,Rajahmundry,Andhra Pradesh,CUST01751,Aishwarya Reddy,Retail,P011,Bluetooth Speaker,Accessories,2,4154.36,0.2,0.5,Cash
TXNB343E00DDB,2023-07-09,BR03,Rajahmundry,Andhra Pradesh,CUST01169,Srinivas Babu,Corporate,P004,Wireless Earbuds,Mobile,1,3666.85,0.0,0.55,UPI
TXNFF4939BCB6,2023-01-04,BR03,Rajahmundry,Andhra Pradesh,CUST01688,Aishwarya Reddy,Retail,P011,Bluetooth Speaker,Accessories,4,3443.34,0.15,0.5,UPI
TXN87C79A5878,2023-10-13,BR03,Rajahmundry,Andhra Pradesh,CUST00954,Arjun Rao,Retail,P012,Mobile Charger,Accessories,2,1079.12,0.05,0.42,Debit Card
TXN5F6AAA6A7F,2023-10-31,BR03,Rajahmundry,Andhra Pradesh,CUST00677,Priya Rao,Retail,P008,Ultrabook Thin & Light,Laptop,1,71210.01,0.1,0.79,UPI
TXNEBB4A05264,2023-02-18,BR03,Rajahmundry,Andhra Pradesh,CUST01886,Kiran Reddy,Corporate,P010,Wireless Mouse,Accessories,1,816.2,0.05,0.4,UPI
TXNC74830E715,2023-05-08,BR03,Rajahmundry,Andhra Pradesh,CUST01530,Ravi Devi,Retail,P002,Mid-range Smartphone 5G,Mobile,1,21506.32,0.0,0.78,Cash
TXN20805A117E,2024-01-16,BR03,Rajahmundry,Andhra Pradesh,CUST00496,Divya Babu,Retail,P002,Mid-range Smartphone 5G,Mobile,1,17673.35,0.1,0.78,Cash
TXN82A41ADC7D,2023-05-20,BR03,Rajahmundry,Andhra Pradesh,CUST01952,Priya Murthy,Retail,P002,Mid-range Smartphone 5G,Mobile,1,23844.55,0.0,0.78,Cash
TXN0C454E1960,2024-09-26,BR03,Rajahmundry,Andhra Pradesh,CUST00615,Manoj Babu,Retail,P013,Power Bank,Accessories,3,2023.38,0.0,0.48,UPI
TXN5F50DAB80C,2023-03-14,BR03,Rajahmundry,Andhra Pradesh,CUST01099,Ajay Rao,Retail,P018,LED TV 43-inch,Electronics,1,33238.35,0.05,0.8,UPI
TXN1D8BC02766,2024-08-04,BR03,Rajahmundry,Andhra Pradesh,CUST01491,Deepika Sharma,Retail,P001,Budget Smartphone 4G,Mobile,2,9945.17,0.15,0.8,UPI
TXN8E1C56A12A,2024-03-07,BR03,Rajahmundry,Andhra Pradesh,CUST00720,Naveen Devi,Retail,P021,Smart Watch,Electronics,2,2423.0,0.0,0.55,Cash
TXN8C11F73E3D,2024-04-04,BR03,Rajahmundry,Andhra Pradesh,CUST00395,Divya Sharma,Retail,P004,Wireless Earbuds,Mobile,1,3692.19,0.0,0.55,Credit Card
TXN2B89403DEC,2023-12-21,BR03,Rajahmundry,Andhra Pradesh,CUST01183,Deepika Chowdary,Wholesale,P005,Entry Laptop i3,Laptop,1,33649.72,0.0,0.82,Debit Card
TXN2C408626B5,2023-09-02,BR03,Rajahmundry,Andhra Pradesh,CUST00746,Swathi Sarma,Retail,P015,Refrigerator 300L,Home Appliances,1,40494.18,0.15,0.82,Debit Card
TXNAB1C83607F,2023-12-21,BR03,Rajahmundry,Andhra Pradesh,CUST00616,Deepika Prasad,Corporate,P016,Washing Machine,Home Appliances,1,25289.6,0.0,0.8,Debit Card
TXN3AC8E1B656,2023-05-17,BR03,Rajahmundry,Andhra Pradesh,CUST00971,Naveen Sharma,Wholesale,P013,Power Bank,Accessories,1,1751.45,0.0,0.48,Cash
TXN203E05B854,2023-02-04,BR03,Rajahmundry,Andhra Pradesh,CUST00066,Srinivas Prasad,Retail,P004,Wireless Earbuds,Mobile,2,2848.42,0.1,0.55,UPI
TXNB50A3C3576,2023-08-17,BR03,Rajahmundry,Andhra Pradesh,CUST00545,Naveen Chowdary,Wholesale,P019,LED TV 55-inch,Electronics,1,40516.91,0.1,0.79,Debit Card
TXN21C6839428,2024-07-07,BR03,Rajahmundry,Andhra Pradesh,CUST00964,Arjun Naidu,Retail,P002,Mid-range Smartphone 5G,Mobile,4,17807.29,0.0,0.78,Cash
TXN70AD07E4B1,2024-12-17,BR03,Rajahmundry,Andhra Pradesh,CUST01806,Lakshmi Sharma,Retail,P017,Microwave Oven,Home Appliances,4,13828.37,0.05,0.75,UPI
TXN1F6334DAAE,2023-11-02,BR03,Rajahmundry,Andhra Pradesh,CUST00903,Praveen Varma,Retail,P002,Mid-range Smartphone 5G,Mobile,1,26368.66,0.2,0.78,Credit Card
TXN8CD4ABB4AC,2023-12-02,BR03,Rajahmundry,Andhra Pradesh,CUST00300,Anitha Naidu,Retail,P001,Budget Smartphone 4G,Mobile,1,10529.06,0.0,0.8,UPI
TXN2947C76900,2024-03-04,BR03,Rajahmundry,Andhra Pradesh,CUST00945,Ramesh Prasad,Retail,P009,Laptop Bag,Accessories,1,1504.59,0.1,0.45,Cash
TXNED57893132,2024-01-25,BR03,Rajahmundry,Andhra Pradesh,CUST00012,Manoj Rao,Retail,P006,Business Laptop i5,Laptop,1,53136.14,0.0,0.8,Debit Card
TXN73E8E441AE,2024-02-15,BR03,Rajahmundry,Andhra Pradesh,CUST01297,Manoj Varma,Corporate,P013,Power Bank,Accessories,2,1732.12,0.0,0.48,UPI
TXN6C2845C83B,2024-10-15,BR03,Rajahmundry,Andhra Pradesh,CUST00494,Arjun Varma,Wholesale,P019,LED TV 55-inch,Electronics,1,59175.89,0.15,0.79,UPI
TXNA7440FB997,2023-01-08,BR03,Rajahmundry,Andhra Pradesh,CUST00672,Suresh Kumar,Corporate,P013,Power Bank,Accessories,4,1817.17,0.1,0.48,UPI
TXN48D23C69B6,2023-09-22,BR03,Rajahmundry,Andhra Pradesh,CUST00673,Praveen Rao,Retail,P008,Ultrabook Thin & Light,Laptop,1,73600.37,0.1,0.79,UPI
TXN2FEF217888,2024-02-02,BR03,Rajahmundry,Andhra Pradesh,CUST01822,Divya Naidu,Retail,P010,Wireless Mouse,Accessories,1,417.55,0.05,0.4,Net Banking
TXN1A93AE3BB6,2023-06-15,BR03,Rajahmundry,Andhra Pradesh,CUST01331,Suresh Rao,Retail,P010,Wireless Mouse,Accessories,1,1375.32,0.05,0.4,Cash
TXN90E2A127DD,2024-07-28,BR03,Rajahmundry,Andhra Pradesh,CUST00051,Divya Babu,Retail,P010,Wireless Mouse,Accessories,2,909.38,0.05,0.4,UPI
TXN171C34C266,2024-08-25,BR03,Rajahmundry,Andhra Pradesh,CUST01573,Vikram Sarma,Corporate,P018,LED TV 43-inch,Electronics,1,34155.18,0.0,0.8,UPI
TXN3B28FF5E29,2024-10-15,BR03,Rajahmundry,Andhra Pradesh,CUST00180,Ravi Rao,Wholesale,P011,Bluetooth Speaker,Accessories,2,1992.08,0.05,0.5,Debit Card
TXN10BF04B8AB,2024-08-25,BR03,Rajahmundry,Andhra Pradesh,CUST01514,Aishwarya Prasad,Retail,P019,LED TV 55-inch,Electronics,1,42154.01,0.15,0.79,Cash
TXN68BB4CC2DC,2023-06-08,BR03,Rajahmundry,Andhra Pradesh,CUST01305,Vikram Rao,Retail,P010,Wireless Mouse,Accessories,4,1347.95,0.15,0.4,Net Banking
TXN1B154BE81B,2023-02-02,BR03,Rajahmundry,Andhra Pradesh,CUST01734,Arjun Devi,Retail,P004,Wireless Earbuds,Mobile,1,4414.88,0.1,0.55,UPI
TXNDF85AC5BD4,2024-01-08,BR03,Rajahmundry,Andhra Pradesh,CUST01868,Ravi Reddy,Retail,P021,Smart Watch,Electronics,3,7188.1,0.0,0.55,UPI
TXNCADE7DA5C8,2023-10-14,BR03,Rajahmundry,Andhra Pradesh,CUST00273,Kavya Rao,Wholesale,P010,Wireless Mouse,Accessories,1,1257.08,0.05,0.4,Debit Card
TXNAEE0DB6FDB,2024-12-10,BR03,Rajahmundry,Andhra Pradesh,CUST00802,Pooja Sarma,Retail,P018,LED TV 43-inch,Electronics,1,27800.7,0.05,0.8,Credit Card
TXNBEF94B0526,2023-10-29,BR03,Rajahmundry,Andhra Pradesh,CUST00609,Kavya Reddy,Retail,P010,Wireless Mouse,Accessories,1,351.76,0.25,0.4,Credit Card
TXN1ADA0CEFDE,2024-11-13,BR03,Rajahmundry,Andhra Pradesh,CUST01492,Ajay Sarma,Retail,P003,Flagship Smartphone,Mobile,1,76547.82,0.05,0.75,Debit Card
TXN63BD95CF39,2023-04-23,BR03,Rajahmundry,Andhra Pradesh,CUST00617,Kavya Babu,Retail,P012,Mobile Charger,Accessories,1,712.67,0.0,0.42,UPI
TXND40F82C148,2024-02-06,BR03,Rajahmundry,Andhra Pradesh,CUST01395,Harika Reddy,Retail,P011,Bluetooth Speaker,Accessories,2,4082.84,0.0,0.5,UPI
TXN136BA26D62,2024-05-20,BR03,Rajahmundry,Andhra Pradesh,CUST01931,Ravi Babu,Retail,P011,Bluetooth Speaker,Accessories,4,1707.15,0.0,0.5,Net Banking
TXNCE2CFA2501,2024-09-03,BR03,Rajahmundry,Andhra Pradesh,CUST00437,Anitha Rao,Retail,P014,Split AC 1.5 Ton,Home Appliances,1,35456.8,0.1,0.83,Credit Card
TXNBB17D06769,2024-11-29,BR03,Rajahmundry,Andhra Pradesh,CUST01220,Ramesh Reddy,Retail,P010,Wireless Mouse,Accessories,1,936.54,0.25,0.4,Cash
TXN7D6E2DD1C4,2023-07-15,BR03,Rajahmundry,Andhra Pradesh,CUST00821,Priya Prasad,Retail,P011,Bluetooth Speaker,Accessories,1,2277.36,0.0,0.5,UPI
TXNA8904E5C52,2024-02-19,BR03,Rajahmundry,Andhra Pradesh,CUST01713,Ravi Varma,Retail,P014,Split AC 1.5 Ton,Home Appliances,1,36782.96,0.15,0.83,UPI
TXN5E7491D373,2024-09-12,BR03,Rajahmundry,Andhra Pradesh,CUST00069,Sneha Reddy,Retail,P003,Flagship Smartphone,Mobile,1,63994.05,0.0,0.75,UPI
TXN3B57414881,2023-12-10,BR03,Rajahmundry,Andhra Pradesh,CUST01719,Aishwarya Devi,Wholesale,P010,Wireless Mouse,Accessories,2,1008.53,0.15,0.4,Net Banking
TXN971B7DD351,2024-04-17,BR03,Rajahmundry,Andhra Pradesh,CUST00947,Deepika Murthy,Retail,P015,Refrigerator 300L,Home Appliances,1,29847.98,0.1,0.82,Net Banking
TXN7DAA18E390,2024-02-14,BR03,Rajahmundry,Andhra Pradesh,CUST00686,Aishwarya Sarma,Corporate,P021,Smart Watch,Electronics,2,5090.66,0.0,0.55,Debit Card
TXN055AE0488C,2024-02-09,BR03,Rajahmundry,Andhra Pradesh,CUST01541,Ajay Sarma,Retail,P014,Split AC 1.5 Ton,Home Appliances,1,38015.41,0.05,0.83,Cash
TXN8BE6508432,2023-10-28,BR03,Rajahmundry,Andhra Pradesh,CUST00544,Pooja Sharma,Corporate,P005,Entry Laptop i3,Laptop,1,30960.18,0.2,0.82,Net Banking
TXNDBA741BC4A,2023-03-15,BR03,Rajahmundry,Andhra Pradesh,CUST00219,Priya Sharma,Retail,P012,Mobile Charger,Accessories,1,1750.06,0.05,0.42,Cash
TXNCDD8753190,2023-11-03,BR03,Rajahmundry,Andhra Pradesh,CUST01060,Lakshmi Varma,Retail,P003,Flagship Smartphone,Mobile,1,59901.74,0.15,0.75,Net Banking
TXNF848D111A7,2023-06-29,BR03,Rajahmundry,Andhra Pradesh,CUST01235,Srinivas Sharma,Retail,P005,Entry Laptop i3,Laptop,1,32942.61,0.05,0.82,Cash
TXN2FB16F96E5,2024-06-06,BR03,Rajahmundry,Andhra Pradesh,CUST00260,Harika Devi,Retail,P020,Home Theatre System,Electronics,3,18964.0,0.05,0.6,UPI
TXNBDA5252C43,2024-09-25,BR03,Rajahmundry,Andhra Pradesh,CUST01839,Suresh Rao,Retail,P021,Smart Watch,Electronics,2,8506.97,0.0,0.55,Debit Card
TXN4384C1A26F,2023-10-14,BR03,Rajahmundry,Andhra Pradesh,CUST01241,Lakshmi Varma,Retail,P012,Mobile Charger,Accessories,2,1061.63,0.1,0.42,UPI
TXN11260633F5,2024-06-08,BR03,Rajahmundry,Andhra Pradesh,CUST01499,Suresh Prasad,Retail,P004,Wireless Earbuds,Mobile,2,5147.08,0.0,0.55,Credit Card
TXNE026405BC1,2023-02-07,BR03,Rajahmundry,Andhra Pradesh,CUST00887,Swathi Reddy,Retail,P006,Business Laptop i5,Laptop,1,49349.15,0.05,0.8,UPI
TXN1574EC223A,2024-11-16,BR03,Rajahmundry,Andhra Pradesh,CUST00703,Lakshmi Reddy,Retail,P002,Mid-range Smartphone 5G,Mobile,1,21070.2,0.0,0.78,UPI
TXN91CE98A044,2023-10-01,BR03,Rajahmundry,Andhra Pradesh,CUST01291,Anitha Chowdary,Retail,P007,Gaming Laptop i7,Laptop,1,103295.31,0.2,0.78,UPI
TXNE7E695C2F3,2023-05-21,BR03,Rajahmundry,Andhra Pradesh,CUST01256,Manoj Sarma,Retail,P010,Wireless Mouse,Accessories,1,668.29,0.05,0.4,UPI
TXN4F2E7D6A13,2023-11-13,BR03,Rajahmundry,Andhra Pradesh,CUST01560,Priya Sharma,Wholesale,P017,Microwave Oven,Home Appliances,1,8407.17,0.2,0.75,Debit Card
TXNA28505EFBD,2023-11-04,BR03,Rajahmundry,Andhra Pradesh,CUST01348,Divya Naidu,Retail,P007,Gaming Laptop i7,Laptop,1,110376.76,0.2,0.78,UPI
TXNDD6AEF6450,2023-10-30,BR03,Rajahmundry,Andhra Pradesh,CUST00091,Ramesh Naidu,Retail,P013,Power Bank,Accessories,3,895.97,0.05,0.48,Net Banking
TXNCD1E540CE6,2024-01-14,BR03,Rajahmundry,Andhra Pradesh,CUST01119,Aishwarya Murthy,Retail,P001,Budget Smartphone 4G,Mobile,2,13733.61,0.1,0.8,Credit Card
TXNFFAA67D00B,2023-05-20,BR03,Rajahmundry,Andhra Pradesh,CUST01552,Deepika Sarma,Wholesale,P010,Wireless Mouse,Accessories,1,426.1,0.15,0.4,Cash
TXN92543D0EC0,2024-12-07,BR03,Rajahmundry,Andhra Pradesh,CUST00371,Anitha Kumar,Retail,P017,Microwave Oven,Home Appliances,1,13621.61,0.0,0.75,UPI
TXN2DB40EAAE6,2024-08-20,BR03,Rajahmundry,Andhra Pradesh,CUST01317,Swathi Murthy,Retail,P002,Mid-range Smartphone 5G,Mobile,2,17844.19,0.0,0.78,UPI
TXN07EE0519D7,2024-04-03,BR03,Rajahmundry,Andhra Pradesh,CUST00366,Ajay Naidu,Corporate,P021,Smart Watch,Electronics,1,10113.39,0.1,0.55,UPI
TXN564944BBC0,2024-11-12,BR03,Rajahmundry,Andhra Pradesh,CUST01913,Aishwarya Kumar,Retail,P015,Refrigerator 300L,Home Appliances,1,34952.04,0.25,0.82,Credit Card
TXNFE1FE81E1C,2023-05-16,BR03,Rajahmundry,Andhra Pradesh,CUST01004,Deepika Murthy,Retail,P011,Bluetooth Speaker,Accessories,1,4527.33,0.1,0.5,UPI
TXN26D55A489F,2024-03-13,BR03,Rajahmundry,Andhra Pradesh,CUST00024,,Retail,P004,Wireless Earbuds,Mobile,1,2536.35,0.1,0.55,Debit Card
TXN310AA60ACA,2023-02-11,BR03,Rajahmundry,Andhra Pradesh,CUST00350,Praveen Kumar,Retail,P019,LED TV 55-inch,Electronics,1,38080.64,0.15,0.79,Cash
TXN0F1CDF3A38,2023-03-02,BR03,Rajahmundry,Andhra Pradesh,CUST01752,Naveen Murthy,Retail,P021,Smart Watch,Electronics,3,3915.97,0.05,0.55,UPI
TXN42618CD214,2023-07-15,BR03,Rajahmundry,Andhra Pradesh,CUST01473,Aishwarya Naidu,Wholesale,P012,Mobile Charger,Accessories,1,1742.45,0.1,0.42,Credit Card
TXN3882885C75,2023-09-05,BR03,Rajahmundry,Andhra Pradesh,CUST00402,Sneha Babu,Retail,P002,Mid-range Smartphone 5G,Mobile,4,15514.89,0.1,0.78,UPI
TXN269305730D,2024-05-12,BR03,Rajahmundry,Andhra Pradesh,CUST00557,Deepika Sarma,Wholesale,P004,Wireless Earbuds,Mobile,1,4522.79,0.05,0.55,Credit Card
TXN38DCF862A9,2024-11-25,BR03,Rajahmundry,Andhra Pradesh,CUST01926,Meena Sharma,Retail,P011,Bluetooth Speaker,Accessories,4,1925.9,0.25,0.5,UPI
TXN9F2E191B47,2024-02-09,BR03,Rajahmundry,Andhra Pradesh,CUST00626,Naveen Sarma,Retail,P001,Budget Smartphone 4G,Mobile,3,9477.66,0.0,0.8,Credit Card
TXN6B0B774968,2024-02-07,BR03,Rajahmundry,Andhra Pradesh,CUST00447,Praveen Reddy,Retail,P019,LED TV 55-inch,Electronics,1,38224.84,0.05,0.79,UPI
TXNCB036472BF,2023-11-16,BR03,Rajahmundry,Andhra Pradesh,CUST01883,Lakshmi Babu,Retail,P016,Washing Machine,Home Appliances,1,29340.89,0.25,0.8,Credit Card
TXN9604EDAFD3,2023-06-22,BR03,Rajahmundry,Andhra Pradesh,CUST01676,Pooja Varma,Retail,P002,Mid-range Smartphone 5G,Mobile,1,24736.76,0.1,0.78,Net Banking
TXNEDC95CF82F,2023-01-13,BR03,Rajahmundry,Andhra Pradesh,CUST01198,Vikram Kumar,Wholesale,P002,Mid-range Smartphone 5G,Mobile,1,22984.75,0.15,0.78,UPI
TXN38F24A302E,2024-05-27,BR03,Rajahmundry,Andhra Pradesh,CUST01260,Suresh Sharma,Retail,P020,Home Theatre System,Electronics,1,18313.65,0.1,0.6,UPI
TXN8A98F4042A,2024-03-08,BR03,Rajahmundry,Andhra Pradesh,CUST00960,Swathi Chowdary,Wholesale,P009,Laptop Bag,Accessories,2,1951.11,0.05,0.45,UPI
TXNF2FCBDA6E7,2024-12-12,BR03,Rajahmundry,Andhra Pradesh,CUST00672,Suresh Kumar,Corporate,P013,Power Bank,Accessories,3,1732.7,0.0,0.48,Cash
TXNB9A54FC372,2024-10-19,BR03,Rajahmundry,Andhra Pradesh,CUST00585,Sneha Prasad,Wholesale,P002,Mid-range Smartphone 5G,Mobile,1,15730.71,0.0,0.78,Debit Card
TXN3152C2FBEE,2024-02-22,BR03,Rajahmundry,Andhra Pradesh,CUST01769,Sandeep Reddy,Retail,P013,Power Bank,Accessories,3,2430.97,0.0,0.48,UPI
TXN4DDF4BDC4F,2024-01-30,BR03,Rajahmundry,Andhra Pradesh,CUST00483,Anitha Kumar,Retail,P002,Mid-range Smartphone 5G,Mobile,1,20179.6,0.0,0.78,Debit Card
TXNC91743737E,2023-07-11,BR03,Rajahmundry,Andhra Pradesh,CUST01150,Harika Naidu,Retail,P011,Bluetooth Speaker,Accessories,1,1039.25,0.0,0.5,Cash
TXNC300564B79,2023-07-17,BR03,Rajahmundry,Andhra Pradesh,CUST01974,Ravi Sarma,Retail,P006,Business Laptop i5,Laptop,1,52079.19,0.0,0.8,UPI
TXN56DFC87CDB,2023-08-13,BR03,Rajahmundry,Andhra Pradesh,CUST01346,Harika Prasad,Corporate,P007,Gaming Laptop i7,Laptop,1,102295.47,0.15,0.78,UPI
TXNA7C200E212,2024-10-24,BR03,Rajahmundry,Andhra Pradesh,CUST01367,Kavya Murthy,Retail,P006,Business Laptop i5,Laptop,1,44958.81,0.05,0.8,UPI
TXN552ECEF085,2024-11-10,BR03,Rajahmundry,Andhra Pradesh,CUST01020,Naveen Reddy,Retail,P001,Budget Smartphone 4G,Mobile,1,9102.6,0.25,0.8,UPI
TXN85130BA1E8,2024-03-03,BR03,Rajahmundry,Andhra Pradesh,CUST00973,Swathi Babu,Corporate,P012,Mobile Charger,Accessories,2,1040.39,0.0,0.42,UPI
TXNB467CD2F53,2023-06-19,BR03,Rajahmundry,Andhra Pradesh,CUST01893,Priya Sharma,Retail,P002,Mid-range Smartphone 5G,Mobile,1,26498.89,0.05,0.78,UPI
TXN5D47A178FE,2023-02-06,BR03,Rajahmundry,Andhra Pradesh,CUST01946,Priya Sharma,Retail,P001,Budget Smartphone 4G,Mobile,3,12693.68,0.15,0.8,Cash
TXN494F4779E0,2024-03-21,BR03,Rajahmundry,Andhra Pradesh,CUST01856,Kiran Kumar,Retail,P001,Budget Smartphone 4G,Mobile,2,10213.69,0.15,0.8,UPI
TXNB404411A8B,2023-09-18,BR03,Rajahmundry,Andhra Pradesh,CUST00812,Deepika Murthy,Wholesale,P009,Laptop Bag,Accessories,2,1841.22,0.05,0.45,Net Banking
TXN255E1A702C,2023-02-25,BR03,Rajahmundry,Andhra Pradesh,CUST00735,Ravi Sharma,Retail,P007,Gaming Laptop i7,Laptop,1,127983.84,0.15,0.78,Cash
TXN032668889F,2024-11-07,BR03,rajahmundry  ,Andhra Pradesh,CUST01224,Vikram Kumar,Retail,P010,Wireless Mouse,Accessories,4,1287.41,0.15,0.4,Credit Card
TXN1D149415E9,2023-08-19,BR03,Rajahmundry,Andhra Pradesh,CUST01345,Manoj Sarma,Retail,P001,Budget Smartphone 4G,Mobile,1,8211.76,0.15,0.8,Cash
TXNDCDEAB6F7A,2024-12-24,BR03,Rajahmundry,Andhra Pradesh,CUST01818,Harika Kumar,Retail,P001,Budget Smartphone 4G,Mobile,1,8538.76,0.0,0.8,Cash
TXNF666381F5D,2023-07-22,BR03,Rajahmundry,Andhra Pradesh,CUST01245,Naveen Sharma,Corporate,P004,Wireless Earbuds,Mobile,1,5798.55,0.05,0.55,UPI
TXN9465651381,2024-11-12,BR03,Rajahmundry,Andhra Pradesh,CUST00604,Sneha Murthy,Retail,P004,Wireless Earbuds,Mobile,1,5748.04,0.05,0.55,UPI
TXN27C9E0189A,2024-08-18,BR03,Rajahmundry,Andhra Pradesh,CUST01020,Naveen Reddy,Retail,P007,Gaming Laptop i7,Laptop,1,110612.48,0.05,0.78,Net Banking
TXNBD9FEE87E9,2023-11-04,BR03,Rajahmundry,Andhra Pradesh,CUST00179,Sneha Kumar,Retail,P006,Business Laptop i5,Laptop,1,54350.17,0.1,0.8,Debit Card
TXN4B82919FAD,2024-02-23,BR03,Rajahmundry,Andhra Pradesh,CUST01885,Kavya Varma,Retail,P020,Home Theatre System,Electronics,1,6192.48,0.0,0.6,Cash
TXN21B691416B,2024-02-11,BR03,Rajahmundry,Andhra Pradesh,CUST01046,Deepika Prasad,Retail,P020,Home Theatre System,Electronics,2,19463.23,0.0,0.6,Credit Card
TXN27B8E46515,2023-07-29,BR03,Rajahmundry,Andhra Pradesh,CUST00524,Praveen Prasad,Retail,P012,Mobile Charger,Accessories,1,349.75,0.15,0.42,Debit Card
TXN24559F8E0F,2024-03-19,BR03,Rajahmundry,Andhra Pradesh,CUST00177,Praveen Murthy,Retail,P008,Ultrabook Thin & Light,Laptop,1,70163.14,0.0,0.79,Cash
TXN4F0B815E2A,2024-05-04,BR03,Rajahmundry,Andhra Pradesh,CUST01772,Lakshmi Devi,Corporate,P001,Budget Smartphone 4G,Mobile,2,11270.36,0.05,0.8,Credit Card
TXNCB1F22EF7F,2024-01-19,BR03,Rajahmundry,Andhra Pradesh,CUST00446,Deepika Devi,Retail,P021,Smart Watch,Electronics,1,9436.77,0.0,0.55,UPI
TXN7332B550E9,2024-11-26,BR03,Rajahmundry,Andhra Pradesh,CUST01996,Praveen Chowdary,Retail,P013,Power Bank,Accessories,1,1739.19,0.0,0.48,UPI
TXNAB89DFC705,2024-12-29,BR03,Rajahmundry,Andhra Pradesh,CUST01961,Sandeep Sharma,Retail,P018,LED TV 43-inch,Electronics,1,34751.94,0.0,0.8,Debit Card
TXN2330539E51,2023-09-10,BR03,Rajahmundry,Andhra Pradesh,CUST00396,Anitha Varma,Retail,P002,Mid-range Smartphone 5G,Mobile,1,25635.39,0.05,0.78,UPI
TXNF5580D85B6,2023-12-25,BR03,Rajahmundry,Andhra Pradesh,CUST00634,Aishwarya Sarma,Retail,P014,Split AC 1.5 Ton,Home Appliances,1,34693.76,0.0,0.83,UPI
TXN2112A3BB0B,2023-01-17,BR03,Rajahmundry,Andhra Pradesh,CUST01864,Praveen Babu,Retail,P004,Wireless Earbuds,Mobile,2,3483.05,0.0,0.55,Cash
TXN25CE923A0D,2024-05-27,BR03,Rajahmundry,Andhra Pradesh,CUST01948,Vikram Babu,Retail,P019,LED TV 55-inch,Electronics,1,47656.63,0.0,0.79,Debit Card
TXNAC41952F94,2023-07-17,BR03,Rajahmundry,Andhra Pradesh,CUST01134,Praveen Sarma,Retail,P021,Smart Watch,Electronics,1,9735.73,0.0,0.55,UPI
TXNABFD2C22E0,2024-01-17,BR03,Rajahmundry,Andhra Pradesh,CUST00076,Lakshmi Babu,Retail,P004,Wireless Earbuds,Mobile,2,5669.37,0.15,0.55,UPI
TXN69E696D7C3,2023-04-16,BR03,Rajahmundry,Andhra Pradesh,CUST00899,Meena Babu,Corporate,P013,Power Bank,Accessories,1,1363.64,0.0,0.48,UPI
TXNB5F00E3819,2023-07-05,BR03,Rajahmundry,Andhra Pradesh,CUST01773,Meena Murthy,Retail,P001,Budget Smartphone 4G,Mobile,1,12413.77,0.0,0.8,UPI
TXN1902DDD19F,2023-10-14,BR03,Rajahmundry,Andhra Pradesh,CUST00202,Sandeep Chowdary,Retail,P002,Mid-range Smartphone 5G,Mobile,2,15023.63,0.15,0.78,Debit Card
TXNE14BF54785,2024-01-18,BR03,Rajahmundry,Andhra Pradesh,CUST00844,Ravi Varma,Retail,P021,Smart Watch,Electronics,2,3262.72,0.05,0.55,Credit Card
TXNDF885E9A93,2023-11-25,BR03,Rajahmundry,Andhra Pradesh,CUST00939,Ajay Sarma,Retail,P017,Microwave Oven,Home Appliances,2,8785.46,0.15,0.75,UPI
TXNA1B959501B,2023-04-29,BR03,Rajahmundry,Andhra Pradesh,CUST00289,Deepika Rao,Retail,P011,Bluetooth Speaker,Accessories,2,4301.58,0.0,0.5,UPI
TXNBE56F8A54B,2023-10-31,BR03,rajahmundry  ,Andhra Pradesh,CUST00841,Pooja Kumar,Retail,P003,Flagship Smartphone,Mobile,1,85815.82,0.2,0.75,UPI
TXN15A9CFF798,2024-02-07,BR03,Rajahmundry,Andhra Pradesh,CUST00499,Aishwarya Reddy,Retail,P014,Split AC 1.5 Ton,Home Appliances,1,38431.94,0.0,0.83,Credit Card
TXND9C88EDF9F,2023-12-11,BR03,Rajahmundry,Andhra Pradesh,CUST01590,Sneha Varma,Retail,P021,Smart Watch,Electronics,2,4316.63,0.1,0.55,Net Banking
TXN9E886B2850,2023-08-22,BR03,Rajahmundry,Andhra Pradesh,CUST00897,Pooja Kumar,Retail,P009,Laptop Bag,Accessories,3,793.58,0.1,0.45,Debit Card
TXNFC64059C6F,2024-09-16,BR03,Rajahmundry,Andhra Pradesh,CUST00537,Sandeep Babu,Retail,P003,Flagship Smartphone,Mobile,1,63230.29,0.0,0.75,UPI
TXN92517CE3A9,2024-10-17,BR03,Rajahmundry,Andhra Pradesh,CUST00383,Ajay Naidu,Retail,P002,Mid-range Smartphone 5G,Mobile,1,21952.45,0.0,0.78,Credit Card
TXNEEE059165E,2023-03-14,BR03,Rajahmundry,Andhra Pradesh,CUST01318,Priya Chowdary,Wholesale,P008,Ultrabook Thin & Light,Laptop,1,92609.16,0.05,0.79,UPI
TXNC0F7463820,2023-02-10,BR03,Rajahmundry,Andhra Pradesh,CUST01530,Ravi Devi,Retail,P011,Bluetooth Speaker,Accessories,1,4914.46,0.0,0.5,Debit Card
TXN4FE1079C63,2024-04-28,BR03,Rajahmundry,Andhra Pradesh,CUST01739,Meena Prasad,Retail,P001,Budget Smartphone 4G,Mobile,2,13744.06,0.05,0.8,UPI
TXN54F13C5434,2023-02-20,BR03,Rajahmundry,Andhra Pradesh,CUST00470,Deepika Chowdary,Wholesale,P020,Home Theatre System,Electronics,2,10514.2,0.0,0.6,Net Banking
TXNFA33BE6A5E,2024-06-17,BR03,Rajahmundry,Andhra Pradesh,CUST01912,Sandeep Sarma,Retail,P008,Ultrabook Thin & Light,Laptop,1,65279.38,0.1,0.79,Cash
TXNB7B6565808,2023-10-11,BR03,Rajahmundry,Andhra Pradesh,CUST01573,Vikram Sarma,Corporate,P009,Laptop Bag,Accessories,4,1192.01,0.0,0.45,Debit Card
TXNDFBA23F55F,2023-06-11,BR03,Rajahmundry,Andhra Pradesh,CUST00764,Kiran Naidu,Retail,P002,Mid-range Smartphone 5G,Mobile,1,27862.15,0.1,0.78,Net Banking
TXNFCBFD63B1B,2023-06-06,BR03,Rajahmundry,Andhra Pradesh,CUST01892,Kavya Sharma,Retail,P018,LED TV 43-inch,Electronics,1,31401.15,0.0,0.8,Credit Card
TXNE80DB1B761,2023-02-19,BR03,Rajahmundry,Andhra Pradesh,CUST01801,Priya Devi,Retail,P009,Laptop Bag,Accessories,3,1392.37,0.05,0.45,Net Banking
TXN1E2479E599,2023-07-01,BR03,Rajahmundry,Andhra Pradesh,CUST01448,Kiran Varma,Retail,P015,Refrigerator 300L,Home Appliances,1,39084.33,0.05,0.82,Net Banking
TXNBAAD9D474A,2023-09-24,BR03,Rajahmundry,Andhra Pradesh,CUST00267,Srinivas Murthy,Retail,P001,Budget Smartphone 4G,Mobile,2,9617.1,0.1,0.8,UPI
TXN39CB1F63B4,2023-08-16,BR03,Rajahmundry,Andhra Pradesh,CUST00678,Divya Kumar,Retail,P019,LED TV 55-inch,Electronics,1,40779.87,0.1,0.79,Cash
TXN52027E8876,2023-10-19,BR03,Rajahmundry,Andhra Pradesh,CUST00027,Naveen Naidu,Corporate,P021,Smart Watch,Electronics,1,5281.04,0.2,0.55,Debit Card
TXN96E8085914,2024-10-10,BR03,Rajahmundry,Andhra Pradesh,CUST00155,Harika Sarma,Retail,P004,Wireless Earbuds,Mobile,1,5026.44,0.0,0.55,UPI
TXN58DAF488B4,2024-09-02,BR03,Rajahmundry,Andhra Pradesh,CUST00153,Ajay Chowdary,Retail,P019,LED TV 55-inch,Electronics,1,56332.71,0.15,0.79,Cash
TXN56AC5619A4,2023-06-28,BR03,Rajahmundry,Andhra Pradesh,CUST00851,Harika Murthy,Retail,P011,Bluetooth Speaker,Accessories,1,1738.12,0.0,0.5,Credit Card
TXNAD6235CA76,2024-10-16,BR03,Rajahmundry,Andhra Pradesh,CUST01181,Pooja Babu,Wholesale,P004,Wireless Earbuds,Mobile,2,4764.36,0.0,0.55,UPI
TXN0288015751,2023-07-17,BR03,Rajahmundry,Andhra Pradesh,CUST00554,Kiran Murthy,Retail,P007,Gaming Laptop i7,Laptop,1,125530.54,0.1,0.78,Net Banking
TXNDEE49E8F83,2023-05-15,BR03,Rajahmundry,Andhra Pradesh,CUST00070,Praveen Reddy,Retail,P021,Smart Watch,Electronics,3,2583.49,0.1,0.55,Cash
TXN2D7DE35D3B,2023-08-10,BR03,Rajahmundry,Andhra Pradesh,CUST01892,Kavya Sharma,Retail,P011,Bluetooth Speaker,Accessories,1,4858.01,0.0,0.5,UPI
TXNCFDCDEB620,2024-03-09,BR03,Rajahmundry,Andhra Pradesh,CUST01427,Srinivas Varma,Retail,P006,Business Laptop i5,Laptop,1,50069.24,0.15,0.8,Debit Card
TXN05514045DF,2023-07-22,BR03,Rajahmundry,Andhra Pradesh,CUST01419,Anitha Sharma,Retail,P002,Mid-range Smartphone 5G,Mobile,2,15922.14,0.15,0.78,UPI
TXNF66D5FDC4F,2024-07-02,BR03,Rajahmundry,Andhra Pradesh,CUST01960,Harika Rao,Wholesale,P003,Flagship Smartphone,Mobile,1,63855.5,0.0,0.75,UPI
TXNC241031C44,2023-05-20,BR03,Rajahmundry,Andhra Pradesh,CUST01597,Manoj Chowdary,Corporate,P002,Mid-range Smartphone 5G,Mobile,1,20785.76,0.0,0.78,Net Banking
TXND0BB7CA3DB,2024-12-09,BR03,Rajahmundry,Andhra Pradesh,CUST00855,Divya Naidu,Retail,P001,Budget Smartphone 4G,Mobile,3,10455.21,0.1,0.8,Credit Card
TXN65E3C98ED6,2024-03-10,BR03,Rajahmundry,Andhra Pradesh,CUST01440,Srinivas Kumar,Retail,P005,Entry Laptop i3,Laptop,1,37760.49,0.0,0.82,UPI
TXN5249FF65C5,2023-10-13,BR03,Rajahmundry,Andhra Pradesh,CUST01173,Divya Sharma,Retail,P005,Entry Laptop i3,Laptop,1,31317.5,0.0,0.82,Net Banking
TXNB5CB374803,2023-09-24,BR03,Rajahmundry,Andhra Pradesh,CUST00185,Ramesh Babu,Retail,P001,Budget Smartphone 4G,Mobile,1,13398.15,0.1,0.8,Cash
TXN0A5CAF834D,2024-10-30,BR03,Rajahmundry,Andhra Pradesh,CUST01848,Vikram Kumar,Retail,P017,Microwave Oven,Home Appliances,2,8268.23,0.15,0.75,Debit Card
TXN93452A4D0E,2023-06-14,BR03,Rajahmundry,Andhra Pradesh,CUST01004,Deepika Murthy,Retail,P002,Mid-range Smartphone 5G,Mobile,1,17962.08,0.15,0.78,Debit Card
TXN64A161B403,2023-12-24,BR03,Rajahmundry,Andhra Pradesh,CUST00560,Srinivas Sharma,Retail,P018,LED TV 43-inch,Electronics,1,26467.14,0.15,0.8,Credit Card
TXN7D5243E35D,2023-10-16,BR03,Rajahmundry,Andhra Pradesh,CUST01522,Lakshmi Naidu,Retail,P001,Budget Smartphone 4G,Mobile,1,10731.94,0.05,0.8,Credit Card
TXN9D5B052451,2024-12-01,BR03,Rajahmundry,Andhra Pradesh,CUST00872,Suresh Varma,Wholesale,P007,Gaming Laptop i7,Laptop,1,105343.06,0.15,0.78,UPI
TXN00822E8E42,2024-01-23,BR03,Rajahmundry,Andhra Pradesh,CUST01530,Ravi Devi,Retail,P017,Microwave Oven,Home Appliances,3,10955.59,0.0,0.75,Cash
TXN5B61BC42EF,2024-10-13,BR03,Rajahmundry,Andhra Pradesh,CUST00129,Swathi Kumar,Retail,P012,Mobile Charger,Accessories,3,349.43,0.25,0.42,Credit Card
TXNA810BD326F,2023-01-28,BR03,Rajahmundry,Andhra Pradesh,CUST00115,Meena Naidu,Corporate,P010,Wireless Mouse,Accessories,1,307.48,0.05,0.4,Net Banking
TXNBAF201DDC6,2024-09-03,BR03,Rajahmundry,Andhra Pradesh,CUST01342,Anitha Naidu,Retail,P003,Flagship Smartphone,Mobile,1,62931.26,0.0,0.75,UPI
TXNC9D203E5A6,2024-09-15,BR03,Rajahmundry,Andhra Pradesh,CUST01319,Swathi Devi,Retail,P012,Mobile Charger,Accessories,2,973.26,0.05,0.42,UPI
TXN4625DB9381,2023-02-15,BR03,Rajahmundry,Andhra Pradesh,CUST00571,Sneha Prasad,Retail,P006,Business Laptop i5,Laptop,1,46256.36,0.0,0.8,UPI
TXNC02B0A6A4B,2023-04-09,BR03,Rajahmundry,Andhra Pradesh,CUST00672,Suresh Kumar,Corporate,P016,Washing Machine,Home Appliances,1,28803.79,0.1,0.8,UPI
TXNF9B4D45262,2024-09-15,BR03,Rajahmundry,Andhra Pradesh,CUST00232,Divya Babu,Retail,P008,Ultrabook Thin & Light,Laptop,1,86010.64,0.0,0.79,Debit Card
TXN89150E5C8B,2024-08-18,BR03,Rajahmundry,Andhra Pradesh,CUST01290,Arjun Rao,Retail,P007,Gaming Laptop i7,Laptop,1,78655.27,0.0,0.78,UPI
TXN9E47D3A0AF,2023-10-15,BR03,Rajahmundry,Andhra Pradesh,CUST00208,Deepika Babu,Wholesale,P003,Flagship Smartphone,Mobile,1,71323.02,0.0,0.75,UPI
TXNFBA5749C0B,2024-12-05,BR03,Rajahmundry,Andhra Pradesh,CUST01724,Harika Sarma,Retail,P002,Mid-range Smartphone 5G,Mobile,1,16199.09,0.05,0.78,UPI
TXNAC5A852474,2023-02-06,BR03,Rajahmundry,Andhra Pradesh,CUST01616,Manoj Reddy,Retail,P010,Wireless Mouse,Accessories,4,945.73,0.0,0.4,Net Banking
TXN1085EB1D49,2024-07-07,BR03,Rajahmundry,Andhra Pradesh,CUST01463,Kiran Rao,Wholesale,P004,Wireless Earbuds,Mobile,1,3868.94,0.05,0.55,UPI
TXNF8A673B577,2023-01-10,BR03,Rajahmundry,Andhra Pradesh,CUST00855,Divya Naidu,Retail,P001,Budget Smartphone 4G,Mobile,2,13292.31,0.1,0.8,UPI
TXN6FEFBD3B67,2024-12-17,BR03,Rajahmundry,Andhra Pradesh,CUST01276,Sneha Sharma,Corporate,P018,LED TV 43-inch,Electronics,1,30878.83,0.0,0.8,UPI
TXN06AB6E53B6,2024-09-14,BR03,Rajahmundry,Andhra Pradesh,CUST00946,Meena Chowdary,Retail,P021,Smart Watch,Electronics,1,6409.46,0.0,0.55,UPI
TXNDFC9BA40F6,2023-09-11,BR03,Rajahmundry,Andhra Pradesh,CUST00749,Kiran Devi,Retail,P005,Entry Laptop i3,Laptop,1,37328.64,0.0,0.82,UPI
TXN7244573882,2024-05-14,BR03,Rajahmundry,Andhra Pradesh,CUST01432,Suresh Reddy,Retail,P020,Home Theatre System,Electronics,1,13110.71,0.0,0.6,Credit Card
TXNF6016BAD99,2023-03-10,BR03,Rajahmundry,Andhra Pradesh,CUST01629,Ravi Devi,Wholesale,P008,Ultrabook Thin & Light,Laptop,1,74586.69,0.05,0.79,Cash
TXNF6E468C382,2023-09-16,BR03,Rajahmundry,Andhra Pradesh,CUST00849,Vikram Reddy,Retail,P021,Smart Watch,Electronics,1,7541.51,0.1,0.55,UPI
TXN9E1609C0D5,2023-05-10,BR03,Rajahmundry,Andhra Pradesh,CUST00546,Deepika Murthy,Retail,P013,Power Bank,Accessories,1,1609.54,0.0,0.48,Cash
TXN185FC99377,2023-09-23,BR03,Rajahmundry,Andhra Pradesh,CUST00787,Praveen Devi,Retail,P010,Wireless Mouse,Accessories,1,1136.57,0.0,0.4,UPI
TXN8A049BE71A,2024-12-15,BR03,Rajahmundry,Andhra Pradesh,CUST00772,Srinivas Varma,Retail,P001,Budget Smartphone 4G,Mobile,2,10826.35,0.0,0.8,UPI
TXN08F434E86B,2024-05-18,BR03,Rajahmundry,Andhra Pradesh,CUST00623,Praveen Varma,Retail,P021,Smart Watch,Electronics,1,5762.12,0.15,0.55,Debit Card
TXNE4E8FEFB98,2023-11-06,BR03,Rajahmundry,Andhra Pradesh,CUST01939,Lakshmi Rao,Retail,P021,Smart Watch,Electronics,2,7228.86,0.2,0.55,UPI
TXN0DA7A0A862,2024-12-01,BR03,Rajahmundry,Andhra Pradesh,CUST01414,Priya Kumar,Retail,P006,Business Laptop i5,Laptop,1,48512.7,0.05,0.8,Credit Card
TXN1D5A166732,2023-07-23,BR03,Rajahmundry,Andhra Pradesh,CUST01512,Priya Varma,Wholesale,P002,Mid-range Smartphone 5G,Mobile,1,27982.72,0.05,0.78,Debit Card
TXN078B767862,2024-08-20,BR03,Rajahmundry,Andhra Pradesh,CUST01801,Priya Devi,Retail,P021,Smart Watch,Electronics,2,3652.54,0.05,0.55,UPI
TXN55B0EFDF73,2024-12-01,BR03,Rajahmundry,Andhra Pradesh,CUST01443,Meena Murthy,Retail,P020,Home Theatre System,Electronics,2,13658.68,0.15,0.6,Credit Card
TXNF2C67B1E32,2023-05-13,BR03,Rajahmundry,Andhra Pradesh,CUST00856,Sandeep Sarma,Corporate,P007,Gaming Laptop i7,Laptop,1,77188.58,0.15,0.78,UPI
TXN0BBF267A56,2023-05-06,BR03,Rajahmundry,Andhra Pradesh,CUST01692,Pooja Murthy,Retail,P013,Power Bank,Accessories,1,1780.43,0.1,0.48,UPI
TXN304AD710FB,2023-11-30,BR03,Rajahmundry,Andhra Pradesh,CUST00452,Kiran Naidu,Retail,P018,LED TV 43-inch,Electronics,1,33594.68,0.2,0.8,UPI
TXNB6D638EF79,2023-01-03,BR03,Rajahmundry,Andhra Pradesh,CUST01315,Ajay Babu,Retail,P020,Home Theatre System,Electronics,2,12572.51,0.1,0.6,Cash
TXN4B438F82E3,2023-09-24,BR03,Rajahmundry,Andhra Pradesh,CUST01292,Suresh Devi,Corporate,P003,Flagship Smartphone,Mobile,1,80070.01,0.1,0.75,Cash
TXN317DCBDD17,2023-03-11,BR03,Rajahmundry,Andhra Pradesh,CUST00132,Lakshmi Sharma,Wholesale,P013,Power Bank,Accessories,3,1494.72,0.0,0.48,UPI
TXN2DA6AD71E8,2023-05-05,BR03,Rajahmundry,Andhra Pradesh,CUST00248,Manoj Kumar,Retail,P003,Flagship Smartphone,Mobile,1,67526.71,0.0,0.75,UPI
TXNC292BD6222,2024-02-24,BR03,Rajahmundry,Andhra Pradesh,CUST00313,Kavya Rao,Retail,P009,Laptop Bag,Accessories,2,1008.51,0.1,0.45,Debit Card
TXNC654DD5257,2024-09-27,BR03,Rajahmundry,Andhra Pradesh,CUST01757,Priya Murthy,Retail,P021,Smart Watch,Electronics,1,5677.57,0.0,0.55,Cash
TXN32464E0D4A,2023-08-14,BR03,Rajahmundry,Andhra Pradesh,CUST00210,Kiran Murthy,Retail,P006,Business Laptop i5,Laptop,1,59038.44,0.15,0.8,Debit Card
TXN5B544E87AC,2023-11-25,BR03,Rajahmundry,Andhra Pradesh,CUST01474,Suresh Sharma,Wholesale,P013,Power Bank,Accessories,2,882.68,0.0,0.48,UPI
TXN8830F6A006,2023-12-27,BR03,Rajahmundry,Andhra Pradesh,CUST01144,Swathi Rao,Retail,P011,Bluetooth Speaker,Accessories,3,3476.86,0.05,0.5,Debit Card
TXN949A2EB755,2023-02-07,BR03,Rajahmundry,Andhra Pradesh,CUST01070,Swathi Reddy,Corporate,P008,Ultrabook Thin & Light,Laptop,1,92610.88,0.0,0.79,UPI
TXN70D852E4C3,2023-10-12,BR03,Rajahmundry,Andhra Pradesh,CUST00556,Praveen Sharma,Wholesale,P017,Microwave Oven,Home Appliances,1,8643.56,0.25,0.75,Cash
TXN1446BD7B5B,2024-03-21,BR03,Rajahmundry,Andhra Pradesh,CUST01340,Arjun Chowdary,Retail,P007,Gaming Laptop i7,Laptop,1,97321.28,0.0,0.78,Cash
TXN6D6227485C,2023-05-29,BR03,Rajahmundry,Andhra Pradesh,CUST00628,Kavya Sarma,Retail,P001,Budget Smartphone 4G,Mobile,2,8960.2,0.05,0.8,UPI
TXN936D58886D,2023-01-14,BR03,Rajahmundry,Andhra Pradesh,CUST01140,Naveen Murthy,Retail,P010,Wireless Mouse,Accessories,2,848.48,0.15,0.4,Debit Card
TXNE56BAE63CB,2024-12-04,BR03,Rajahmundry,Andhra Pradesh,CUST01893,Priya Sharma,Retail,P012,Mobile Charger,Accessories,1,663.34,0.1,0.42,UPI
TXN3B788CAEA7,2023-10-30,BR03,Rajahmundry,Andhra Pradesh,CUST01759,Deepika Reddy,Retail,P003,Flagship Smartphone,Mobile,1,60058.2,0.25,0.75,UPI
TXN310C8880CD,2023-09-23,BR03,Rajahmundry,Andhra Pradesh,CUST00176,Suresh Prasad,Retail,P005,Entry Laptop i3,Laptop,1,28228.47,0.0,0.82,UPI
TXN10384333C8,2024-07-04,BR03,Rajahmundry,Andhra Pradesh,CUST00048,Ravi Sarma,Wholesale,P021,Smart Watch,Electronics,1,3946.5,0.1,0.55,UPI
TXN1B32099F5C,2024-04-14,BR03,Rajahmundry,Andhra Pradesh,CUST00976,Anitha Chowdary,Corporate,P010,Wireless Mouse,Accessories,3,721.95,0.0,0.4,Credit Card
TXNE8A89E250B,2024-03-13,BR03,Rajahmundry,Andhra Pradesh,CUST01011,Lakshmi Prasad,Retail,P002,Mid-range Smartphone 5G,Mobile,1,15067.96,0.05,0.78,Net Banking
TXN3E0CD66325,2024-02-24,BR03,Rajahmundry,Andhra Pradesh,CUST01874,Swathi Devi,Retail,P010,Wireless Mouse,Accessories,1,1463.48,0.05,0.4,UPI
TXN81E95B5DE4,2023-05-28,BR03,Rajahmundry,Andhra Pradesh,CUST00962,Sneha Murthy,Retail,P002,Mid-range Smartphone 5G,Mobile,1,18359.26,0.05,0.78,Credit Card
TXN2FC112427B,2024-01-31,BR03,Rajahmundry,Andhra Pradesh,CUST00184,Lakshmi Prasad,Retail,P021,Smart Watch,Electronics,1,8753.77,0.0,0.55,Debit Card
TXNC2E431ACF5,2023-04-29,BR03,Rajahmundry,Andhra Pradesh,CUST01039,Meena Sarma,Corporate,P006,Business Laptop i5,Laptop,1,47094.44,0.1,0.8,UPI
TXNBCEAFC4340,2024-10-06,BR03,Rajahmundry,Andhra Pradesh,CUST00962,Sneha Murthy,Retail,P018,LED TV 43-inch,Electronics,1,22326.69,0.05,0.8,Cash
TXN5697651B84,2023-07-15,BR03,Rajahmundry,Andhra Pradesh,CUST00985,Divya Sarma,Retail,P012,Mobile Charger,Accessories,1,914.18,0.05,0.42,Cash
TXNF4EFFC9D62,2024-01-02,BR03,Rajahmundry,Andhra Pradesh,CUST00973,Swathi Babu,Corporate,P006,Business Laptop i5,Laptop,1,49203.79,0.0,0.8,Cash
TXNFBA232D01F,2023-07-16,BR03,Rajahmundry,Andhra Pradesh,CUST00073,Vikram Devi,Retail,P004,Wireless Earbuds,Mobile,1,5460.1,0.15,0.55,Credit Card
TXN047434C611,2024-12-12,BR03,Rajahmundry,Andhra Pradesh,CUST01373,Deepika Varma,Retail,P009,Laptop Bag,Accessories,1,1112.62,0.15,0.45,Cash
TXN89B8C4F0BF,2024-10-31,BR03,Rajahmundry,Andhra Pradesh,CUST01937,Meena Kumar,Retail,P012,Mobile Charger,Accessories,1,1757.63,0.25,0.42,UPI
TXNF41F34D2C8,2024-10-09,BR03,Rajahmundry,Andhra Pradesh,CUST01650,Manoj Varma,Wholesale,P015,Refrigerator 300L,Home Appliances,1,37403.47,0.15,0.82,Cash
TXN6340BCE66C,2024-01-25,BR03,Rajahmundry,Andhra Pradesh,CUST01815,Harika Naidu,Wholesale,P010,Wireless Mouse,Accessories,3,384.96,0.05,0.4,Net Banking
TXNFC3FC9B3EB,2023-04-26,BR03,Rajahmundry,Andhra Pradesh,CUST01098,Sneha Chowdary,Retail,P014,Split AC 1.5 Ton,Home Appliances,1,36736.54,0.0,0.83,UPI
TXN34826B92A5,2024-05-28,BR03,Rajahmundry,Andhra Pradesh,CUST01119,Aishwarya Murthy,Retail,P016,Washing Machine,Home Appliances,1,24499.4,0.0,0.8,UPI
TXN1C895591CC,2024-02-14,BR03,Rajahmundry,Andhra Pradesh,CUST01701,Arjun Kumar,Retail,P006,Business Laptop i5,Laptop,1,55546.76,0.05,0.8,UPI
TXNB498E2DFAC,2024-11-04,BR03,Rajahmundry,Andhra Pradesh,CUST01291,Anitha Chowdary,Retail,P009,Laptop Bag,Accessories,2,940.47,0.15,0.45,UPI
TXN6493987335,2024-05-20,BR03,Rajahmundry,Andhra Pradesh,CUST01283,Naveen Prasad,Retail,P009,Laptop Bag,Accessories,2,698.35,0.0,0.45,Cash
TXNE58C11F446,2024-05-16,BR03,Rajahmundry,Andhra Pradesh,CUST01829,Swathi Rao,Retail,P020,Home Theatre System,Electronics,2,6243.05,0.15,0.6,UPI
TXN40B1792A19,2023-02-12,BR03,Rajahmundry,Andhra Pradesh,CUST01364,Praveen Rao,Retail,P001,Budget Smartphone 4G,Mobile,1,9104.49,0.05,0.8,UPI
TXN3A8E0AFECE,2023-05-14,BR03,Rajahmundry,Andhra Pradesh,CUST01735,Pooja Murthy,Retail,P003,Flagship Smartphone,Mobile,1,45731.49,0.1,0.75,Credit Card
TXN7228D34DAE,2023-01-15,BR03,Rajahmundry,Andhra Pradesh,CUST01300,Divya Naidu,Retail,P001,Budget Smartphone 4G,Mobile,1,13755.75,0.0,0.8,Net Banking
TXND93FE6B92D,2024-01-08,BR03,Rajahmundry,Andhra Pradesh,CUST00706,Harika Sharma,Retail,P009,Laptop Bag,Accessories,1,1287.46,0.0,0.45,Credit Card
TXNC5B0B7EFAD,2023-05-27,BR03,Rajahmundry,Andhra Pradesh,CUST00844,Ravi Varma,Retail,P004,Wireless Earbuds,Mobile,1,4112.49,0.1,0.55,UPI
TXNA2E74F2512,2024-10-24,BR03,Rajahmundry,Andhra Pradesh,CUST01256,Manoj Sarma,Retail,P013,Power Bank,Accessories,1,2214.89,0.05,0.48,Debit Card
TXN7C4FB62B29,2024-09-28,BR03,Rajahmundry,Andhra Pradesh,CUST00327,Praveen Murthy,Wholesale,P007,Gaming Laptop i7,Laptop,1,96638.54,0.15,0.78,Cash
TXNFA7AA86398,2024-03-11,BR03,Rajahmundry,Andhra Pradesh,CUST01518,Divya Devi,Retail,P018,LED TV 43-inch,Electronics,1,25782.87,0.0,0.8,Credit Card
TXN4405AC6243,2024-09-07,BR03,Rajahmundry,Andhra Pradesh,CUST00442,Harika Rao,Retail,P010,Wireless Mouse,Accessories,1,941.15,0.0,0.4,Cash
TXN5B59D91808,2024-08-07,BR03,Rajahmundry,Andhra Pradesh,CUST00750,Manoj Babu,Retail,P010,Wireless Mouse,Accessories,1,761.28,0.0,0.4,UPI
TXNCB934EBB6A,2024-07-05,BR03,Rajahmundry,Andhra Pradesh,CUST00937,Meena Sharma,Retail,P008,Ultrabook Thin & Light,Laptop,1,60424.72,0.0,0.79,Cash
TXN94F5BBC1FF,2023-06-15,BR03,rajahmundry  ,Andhra Pradesh,CUST01607,Swathi Rao,Retail,P020,Home Theatre System,Electronics,2,8709.24,0.15,0.6,UPI
TXN41864BD8DD,2024-05-09,BR03,Rajahmundry,Andhra Pradesh,CUST00617,Kavya Babu,Retail,P021,Smart Watch,Electronics,2,9175.9,0.0,0.55,Cash
TXN99A12E13BF,2023-11-18,BR03,Rajahmundry,Andhra Pradesh,CUST00820,Suresh Devi,Retail,P001,Budget Smartphone 4G,Mobile,2,10796.47,0.0,0.8,UPI
TXNF54A6BFA43,2024-08-14,BR03,Rajahmundry,Andhra Pradesh,CUST01497,Praveen Kumar,Retail,P018,LED TV 43-inch,Electronics,1,33234.31,0.0,0.8,Net Banking
TXNBB5CEFA3CA,2023-01-09,BR03,Rajahmundry,Andhra Pradesh,CUST00145,Srinivas Chowdary,Retail,P002,Mid-range Smartphone 5G,Mobile,1,23885.0,0.05,0.78,Debit Card
TXN7F4E5A7B92,2023-11-27,BR03,Rajahmundry,Andhra Pradesh,CUST00597,Lakshmi Naidu,Retail,P004,Wireless Earbuds,Mobile,1,5101.92,0.25,0.55,UPI
TXN7A148D344B,2024-01-12,BR03,Rajahmundry,Andhra Pradesh,CUST00728,Kavya Devi,Retail,P012,Mobile Charger,Accessories,2,1238.75,0.05,0.42,Net Banking
TXN65AD5308A6,2023-06-08,BR03,Rajahmundry,Andhra Pradesh,CUST00529,Suresh Prasad,Retail,P002,Mid-range Smartphone 5G,Mobile,1,24287.47,0.05,0.78,Net Banking
TXN425DAD6DAA,2024-03-19,BR03,Rajahmundry,Andhra Pradesh,CUST00179,Sneha Kumar,Retail,P002,Mid-range Smartphone 5G,Mobile,1,25124.25,0.05,0.78,UPI
TXN5B2E714110,2024-11-12,BR03,Rajahmundry,Andhra Pradesh,CUST00305,Priya Chowdary,Retail,P015,Refrigerator 300L,Home Appliances,1,38829.26,0.15,0.82,UPI
TXN2CB966ECCA,2024-12-29,BR03,Rajahmundry,Andhra Pradesh,CUST01743,Ramesh Sarma,Corporate,P005,Entry Laptop i3,Laptop,1,28499.93,0.0,0.82,Debit Card
TXN1255C357DF,2023-12-29,BR03,Rajahmundry,Andhra Pradesh,CUST00854,Deepika Devi,Retail,P004,Wireless Earbuds,Mobile,2,5950.15,0.05,0.55,Cash
TXN23F0F72A82,2023-11-08,BR03,Rajahmundry,Andhra Pradesh,CUST01065,Sandeep Sharma,Retail,P004,Wireless Earbuds,Mobile,1,2322.5,0.05,0.55,UPI
TXN5253D7278D,2024-08-20,BR03,Rajahmundry,Andhra Pradesh,CUST00663,Praveen Kumar,Wholesale,P021,Smart Watch,Electronics,1,11696.1,0.0,0.55,Credit Card
TXN32FE8AA60B,2023-07-18,BR03,Rajahmundry,Andhra Pradesh,CUST00663,Praveen Kumar,Wholesale,P016,Washing Machine,Home Appliances,1,29867.41,0.05,0.8,UPI
TXNFCBF8F9125,2023-12-14,BR03,Rajahmundry,Andhra Pradesh,CUST00881,Divya Chowdary,Retail,P020,Home Theatre System,Electronics,3,14606.8,0.0,0.6,Credit Card
TXNCA9BF764E9,2023-03-01,BR03,Rajahmundry,Andhra Pradesh,CUST00572,Harika Prasad,Retail,P010,Wireless Mouse,Accessories,1,1272.89,0.0,0.4,Credit Card
TXN86A2BD7EBB,2023-01-16,BR03,Rajahmundry,Andhra Pradesh,CUST01882,Suresh Kumar,Retail,P014,Split AC 1.5 Ton,Home Appliances,1,43282.31,0.0,0.83,UPI
TXN05A08BBA0F,2024-03-23,BR03,Rajahmundry,Andhra Pradesh,CUST00642,Ravi Kumar,Wholesale,P010,Wireless Mouse,Accessories,3,623.73,0.15,0.4,UPI
TXN1304C58C35,2023-08-18,BR03,Rajahmundry,Andhra Pradesh,CUST01654,Ramesh Prasad,Retail,P009,Laptop Bag,Accessories,4,1577.07,0.05,0.45,Cash
TXN66A0D03CDA,2023-11-21,BR03,Rajahmundry,Andhra Pradesh,CUST00198,Swathi Chowdary,Retail,P002,Mid-range Smartphone 5G,Mobile,1,17124.85,0.2,0.78,Net Banking
TXN410ECFFF5D,2024-03-05,BR03,Rajahmundry,Andhra Pradesh,CUST00754,Harika Babu,Retail,P013,Power Bank,Accessories,3,934.41,0.0,0.48,UPI
TXN5E650788FE,2023-06-21,BR03,Rajahmundry,Andhra Pradesh,CUST01217,Suresh Varma,Corporate,P015,Refrigerator 300L,Home Appliances,1,37415.96,0.1,0.82,Cash
TXN0D8744D86C,2023-01-24,BR03,Rajahmundry,Andhra Pradesh,CUST00984,Ramesh Sarma,Retail,P002,Mid-range Smartphone 5G,Mobile,2,17730.08,0.05,0.78,UPI
TXN91861A796F,2023-02-18,BR03,Rajahmundry,Andhra Pradesh,CUST01523,Vikram Rao,Corporate,P009,Laptop Bag,Accessories,1,1871.15,0.0,0.45,Net Banking
TXN39FD28E419,2024-10-02,BR03,Rajahmundry,Andhra Pradesh,CUST01854,Naveen Naidu,Retail,P020,Home Theatre System,Electronics,2,9705.67,0.2,0.6,UPI
TXN5D64F32A88,2023-10-14,BR03,Rajahmundry,Andhra Pradesh,CUST01152,Arjun Sarma,Wholesale,P021,Smart Watch,Electronics,2,9394.27,0.1,0.55,Cash
TXN9D1951212A,2023-09-03,BR03,Rajahmundry,Andhra Pradesh,CUST01654,Ramesh Prasad,Retail,P004,Wireless Earbuds,Mobile,2,4623.17,0.15,0.55,Net Banking
TXNAD978226FB,2024-01-02,BR03,Rajahmundry,Andhra Pradesh,CUST01767,Arjun Varma,Retail,P003,Flagship Smartphone,Mobile,1,81948.25,0.15,0.75,Credit Card
TXN6549A77852,2024-05-23,BR03,Rajahmundry,Andhra Pradesh,CUST00580,Pooja Devi,Corporate,P013,Power Bank,Accessories,1,2294.29,0.15,0.48,Credit Card
TXN1F81FE50B6,2024-08-03,BR03,Rajahmundry,Andhra Pradesh,CUST01914,Suresh Varma,Retail,P018,LED TV 43-inch,Electronics,1,33968.62,0.15,0.8,UPI
TXNA34144E056,2024-04-11,BR03,Rajahmundry,Andhra Pradesh,CUST00980,Naveen Sharma,Retail,P001,Budget Smartphone 4G,Mobile,2,8651.52,0.1,0.8,UPI
TXN6D499C2F60,2023-12-02,BR03,Rajahmundry,Andhra Pradesh,CUST00695,Suresh Sarma,Retail,P008,Ultrabook Thin & Light,Laptop,1,77307.49,0.0,0.79,Debit Card
TXNC16E9E5422,2024-02-20,BR03,Rajahmundry,Andhra Pradesh,CUST00883,Pooja Devi,Wholesale,P001,Budget Smartphone 4G,Mobile,3,12186.7,0.0,0.8,UPI
TXN1782EEDFD7,2023-08-25,BR03,Rajahmundry,Andhra Pradesh,CUST00392,Praveen Babu,Retail,P005,Entry Laptop i3,Laptop,1,28205.34,0.15,0.82,Cash
TXNB6E5035E82,2023-11-04,BR03,Rajahmundry,Andhra Pradesh,CUST00917,Suresh Sharma,Corporate,P012,Mobile Charger,Accessories,1,862.71,0.1,0.42,Cash
TXN3C8C317A9D,2024-08-27,BR03,Rajahmundry,Andhra Pradesh,CUST01756,Deepika Devi,Retail,P011,Bluetooth Speaker,Accessories,1,2308.31,0.0,0.5,Debit Card
TXNF17E71A3CB,2024-10-22,BR03,Rajahmundry,Andhra Pradesh,CUST00657,Suresh Prasad,Retail,P012,Mobile Charger,Accessories,1,723.56,0.05,0.42,Cash
TXN0341847696,2024-04-22,BR03,Rajahmundry,Andhra Pradesh,CUST00648,Pooja Prasad,Wholesale,P009,Laptop Bag,Accessories,1,1896.05,0.15,0.45,UPI
TXNEF52B3908B,2023-08-23,BR03,Rajahmundry,Andhra Pradesh,CUST00857,Praveen Babu,Retail,P011,Bluetooth Speaker,Accessories,1,1189.44,0.05,0.5,Cash
TXND585C7EF83,2024-11-29,BR03,Rajahmundry,Andhra Pradesh,CUST00608,Srinivas Devi,Retail,P011,Bluetooth Speaker,Accessories,3,3099.78,0.25,0.5,Debit Card
TXNEB21D354AD,2023-12-23,BR03,Rajahmundry,Andhra Pradesh,CUST01036,Kiran Devi,Retail,P006,Business Laptop i5,Laptop,1,46739.48,0.05,0.8,UPI
TXN332606CC11,2023-07-18,BR03,Rajahmundry,Andhra Pradesh,CUST01549,Praveen Sharma,Retail,P001,Budget Smartphone 4G,Mobile,2,12673.03,0.15,0.8,Credit Card
TXN3ED885F562,2024-12-21,BR03,Rajahmundry,Andhra Pradesh,CUST01441,Ajay Babu,Wholesale,P005,Entry Laptop i3,Laptop,1,31388.44,0.05,0.82,UPI
TXN642DDFBCDC,2024-11-27,BR03,Rajahmundry,Andhra Pradesh,CUST00342,Kavya Kumar,Retail,P005,Entry Laptop i3,Laptop,1,36473.79,0.05,0.82,Cash
TXNF5CB75A6B7,2024-06-25,BR03,Rajahmundry,Andhra Pradesh,CUST00771,Sneha Reddy,Retail,P003,Flagship Smartphone,Mobile,1,71124.83,0.15,0.75,Net Banking
TXN26FBBE9773,2024-03-20,BR03,Rajahmundry,Andhra Pradesh,CUST01118,Praveen Rao,Retail,P011,Bluetooth Speaker,Accessories,1,3155.44,0.05,0.5,UPI
TXNF88A100CC2,2023-10-22,BR03,Rajahmundry,Andhra Pradesh,CUST00360,Naveen Sharma,Retail,P012,Mobile Charger,Accessories,1,596.56,0.0,0.42,Credit Card
TXN11B9CF98A4,2024-07-01,BR03,Rajahmundry,Andhra Pradesh,CUST00261,Ajay Prasad,Retail,P009,Laptop Bag,Accessories,1,1900.38,0.05,0.45,UPI
TXN0E28EBF6D7,2024-01-07,BR03,Rajahmundry,Andhra Pradesh,CUST00522,Aishwarya Kumar,Wholesale,P013,Power Bank,Accessories,2,1567.37,0.15,0.48,Debit Card
TXNE523ABB2E6,2024-03-10,BR03,Rajahmundry,Andhra Pradesh,CUST01554,Swathi Reddy,Retail,P013,Power Bank,Accessories,2,1742.75,0.0,0.48,Net Banking
TXN14E4E6A369,2024-03-24,BR03,Rajahmundry,Andhra Pradesh,CUST01083,Pooja Rao,Wholesale,P004,Wireless Earbuds,Mobile,1,3933.86,0.15,0.55,UPI
TXNC90FABA84E,2023-11-03,BR03,Rajahmundry,Andhra Pradesh,CUST00210,Kiran Murthy,Retail,P012,Mobile Charger,Accessories,3,780.08,0.15,0.42,UPI
TXN090FCD6CC2,2024-11-20,BR03,Rajahmundry,Andhra Pradesh,CUST01752,Naveen Murthy,Retail,P014,Split AC 1.5 Ton,Home Appliances,1,46740.95,0.0,0.83,Debit Card
TXN24B0B698C3,2023-11-28,BR03,Rajahmundry,Andhra Pradesh,CUST01835,Naveen Murthy,Retail,P001,Budget Smartphone 4G,Mobile,1,8436.59,0.15,0.8,UPI
TXNFE37400093,2023-06-10,BR03,Rajahmundry,Andhra Pradesh,CUST00162,Swathi Babu,Corporate,P019,LED TV 55-inch,Electronics,1,59502.45,0.0,0.79,UPI
TXN2E09B3BC33,2024-11-03,BR03,Rajahmundry,Andhra Pradesh,CUST01070,Swathi Reddy,Corporate,P001,Budget Smartphone 4G,Mobile,2,11396.45,0.1,0.8,UPI
TXNF7DB7C1BA7,2024-08-23,BR03,Rajahmundry,Andhra Pradesh,CUST00656,Kavya Varma,Retail,P003,Flagship Smartphone,Mobile,1,52552.01,0.0,0.75,UPI
TXN2964481179,2024-03-31,BR03,Rajahmundry,Andhra Pradesh,CUST00088,Kavya Varma,Wholesale,P016,Washing Machine,Home Appliances,1,27163.4,0.1,0.8,UPI
TXN3612849BA1,2024-10-21,BR03,Rajahmundry,Andhra Pradesh,CUST01817,Vikram Kumar,Wholesale,P010,Wireless Mouse,Accessories,4,1119.92,0.0,0.4,Net Banking
TXN2CA9646314,2024-08-05,BR03,Rajahmundry,Andhra Pradesh,CUST01712,Naveen Chowdary,Retail,P009,Laptop Bag,Accessories,3,1514.5,0.0,0.45,Debit Card
TXNFA56880FD3,2023-07-29,BR03,Rajahmundry,Andhra Pradesh,CUST01501,Sneha Devi,Retail,P012,Mobile Charger,Accessories,2,508.01,0.0,0.42,UPI
TXNC645B9B541,2024-02-20,BR03,Rajahmundry,Andhra Pradesh,CUST01691,Vikram Kumar,Retail,P007,Gaming Laptop i7,Laptop,1,96613.45,0.0,0.78,Cash
TXNCF97D84B56,2023-06-28,BR03,Rajahmundry,Andhra Pradesh,CUST01366,Ramesh Kumar,Corporate,P004,Wireless Earbuds,Mobile,2,3463.16,0.1,0.55,UPI
TXN26E058F467,2023-10-08,BR03,Rajahmundry,Andhra Pradesh,CUST00366,Ajay Naidu,Corporate,P002,Mid-range Smartphone 5G,Mobile,1,23454.86,0.2,0.78,Net Banking
TXNF8C657CAC3,2023-04-18,BR03,Rajahmundry,Andhra Pradesh,CUST00329,Ravi Devi,Retail,P006,Business Laptop i5,Laptop,1,43891.83,0.15,0.8,UPI
TXN2C7E052F71,2023-10-20,BR03,Rajahmundry,Andhra Pradesh,CUST01773,Meena Murthy,Retail,P021,Smart Watch,Electronics,3,10727.9,0.05,0.55,UPI
TXNBEED15E33F,2023-07-08,BR03,Rajahmundry,Andhra Pradesh,CUST01528,Ramesh Prasad,Retail,P004,Wireless Earbuds,Mobile,3,5534.49,0.0,0.55,Cash
TXN117D7FAA83,2024-10-26,BR03,Rajahmundry,Andhra Pradesh,CUST00714,Divya Devi,Retail,P001,Budget Smartphone 4G,Mobile,1,8066.08,0.2,0.8,Debit Card
TXNBA2458578A,2023-02-13,BR03,Rajahmundry,Andhra Pradesh,CUST01310,Meena Chowdary,Retail,P011,Bluetooth Speaker,Accessories,3,2197.26,0.1,0.5,Net Banking
TXN1AFAB64C40,2024-05-19,BR03,Rajahmundry,Andhra Pradesh,CUST01021,Vikram Prasad,Retail,P011,Bluetooth Speaker,Accessories,2,4882.28,0.0,0.5,UPI
TXN4849846C4C,2023-06-05,BR03,Rajahmundry,Andhra Pradesh,CUST01459,Kavya Varma,Retail,P011,Bluetooth Speaker,Accessories,2,3477.68,0.05,0.5,UPI
TXN0D40D4DB9D,2023-08-29,BR03,Rajahmundry,Andhra Pradesh,CUST00383,Ajay Naidu,Retail,P021,Smart Watch,Electronics,1,7966.47,0.0,0.55,Debit Card
TXN7EFD7F657C,2023-10-01,BR03,Rajahmundry,Andhra Pradesh,CUST01410,Sandeep Murthy,Corporate,P004,Wireless Earbuds,Mobile,2,2769.53,0.2,0.55,UPI
TXN0D7128889F,2024-05-28,BR03,Rajahmundry,Andhra Pradesh,CUST00301,Sandeep Naidu,Retail,P010,Wireless Mouse,Accessories,3,1479.86,0.0,0.4,UPI
TXNE624CCF6DA,2024-09-28,BR03,Rajahmundry,Andhra Pradesh,CUST00624,Priya Babu,Retail,P011,Bluetooth Speaker,Accessories,3,1203.77,0.0,0.5,UPI
TXN46084725AA,2024-03-13,BR03,Rajahmundry,Andhra Pradesh,CUST00745,Ramesh Sharma,Retail,P018,LED TV 43-inch,Electronics,1,30779.23,0.15,0.8,UPI
TXNF195C69749,2023-04-01,BR03,Rajahmundry,Andhra Pradesh,CUST00280,Kiran Murthy,Corporate,P002,Mid-range Smartphone 5G,Mobile,1,19013.55,0.1,0.78,UPI
TXN8965D44D2C,2024-02-24,BR03,Rajahmundry,Andhra Pradesh,CUST01864,Praveen Babu,Retail,P021,Smart Watch,Electronics,1,10677.85,0.05,0.55,UPI
TXN0ED51A24DA,2023-03-02,BR03,Rajahmundry,Andhra Pradesh,CUST01819,Ravi Kumar,Retail,P010,Wireless Mouse,Accessories,1,926.24,0.15,0.4,UPI
TXN4E63386E36,2024-07-19,BR03,Rajahmundry,Andhra Pradesh,CUST01085,Vikram Prasad,Retail,P015,Refrigerator 300L,Home Appliances,1,31089.45,0.0,0.82,UPI
TXNE5A510829A,2024-07-16,BR03,Rajahmundry,Andhra Pradesh,CUST01051,Ramesh Murthy,Retail,P001,Budget Smartphone 4G,Mobile,1,8213.38,0.1,0.8,UPI
TXN35CCA613A9,2024-12-02,BR03,Rajahmundry,Andhra Pradesh,CUST01341,Sandeep Murthy,Retail,P019,LED TV 55-inch,Electronics,1,50004.14,0.15,0.79,Net Banking
TXN00D90AA846,2023-12-03,BR03,Rajahmundry,Andhra Pradesh,CUST00170,Harika Kumar,Retail,P006,Business Laptop i5,Laptop,1,57760.95,0.1,0.8,Credit Card
TXN998063DA04,2024-01-16,BR03,Rajahmundry,Andhra Pradesh,CUST01654,Ramesh Prasad,Retail,P014,Split AC 1.5 Ton,Home Appliances,1,45237.04,0.15,0.83,Debit Card
TXN79A98BBBB7,2023-03-31,BR03,Rajahmundry,Andhra Pradesh,CUST01403,Meena Kumar,Corporate,P006,Business Laptop i5,Laptop,1,52153.45,0.0,0.8,UPI
TXN7DBEEBFF77,2024-12-19,BR03,Rajahmundry,Andhra Pradesh,CUST01827,Arjun Sharma,Retail,P004,Wireless Earbuds,Mobile,2,2864.07,0.05,0.55,UPI
TXNE6508C3B68,2024-12-27,BR03,Rajahmundry,Andhra Pradesh,CUST01667,Kiran Prasad,Retail,P010,Wireless Mouse,Accessories,1,642.26,0.0,0.4,UPI
TXNF3B0489A0C,2024-11-23,BR03,Rajahmundry,Andhra Pradesh,CUST00482,Divya Sharma,Retail,P013,Power Bank,Accessories,4,1873.34,0.05,0.48,UPI
TXNE85C13495C,2024-10-18,BR03,Rajahmundry,Andhra Pradesh,CUST01720,Deepika Babu,Retail,P012,Mobile Charger,Accessories,1,457.72,0.0,0.42,UPI
TXN06A7B7A7FF,2023-09-06,BR03,Rajahmundry,Andhra Pradesh,CUST01777,Sandeep Reddy,Retail,P021,Smart Watch,Electronics,2,8542.85,0.1,0.55,UPI
TXN0850D1B0C6,2023-09-11,BR03,Rajahmundry,Andhra Pradesh,CUST01773,Meena Murthy,Retail,P019,LED TV 55-inch,Electronics,1,41354.74,0.15,0.79,Net Banking
TXNFD237A9F18,2024-04-03,BR03,Rajahmundry,Andhra Pradesh,CUST01692,Pooja Murthy,Retail,P003,Flagship Smartphone,Mobile,1,85608.04,0.15,0.75,Net Banking
TXN94DDC4749B,2023-06-18,BR03,Rajahmundry,Andhra Pradesh,CUST00159,Divya Devi,Retail,P005,Entry Laptop i3,Laptop,1,33041.98,0.0,0.82,Credit Card
TXN34AF82C83A,2024-11-07,BR03,Rajahmundry,Andhra Pradesh,CUST01810,Kavya Chowdary,Retail,P002,Mid-range Smartphone 5G,Mobile,1,27934.08,0.05,0.78,Cash
TXN1A51F454B3,2024-06-29,BR03,Rajahmundry,Andhra Pradesh,CUST01056,Vikram Chowdary,Retail,P019,LED TV 55-inch,Electronics,1,55133.17,0.0,0.79,Cash
TXNC8DB58E818,2023-10-30,BR03,Rajahmundry,Andhra Pradesh,CUST01514,Aishwarya Prasad,Retail,P020,Home Theatre System,Electronics,1,8750.22,0.0,0.6,Net Banking
TXNC8EF420710,2023-05-09,BR03,Rajahmundry,Andhra Pradesh,CUST01143,Sneha Reddy,Retail,P003,Flagship Smartphone,Mobile,1,47230.8,0.15,0.75,UPI
TXN21933A95FC,2024-05-29,BR03,Rajahmundry,Andhra Pradesh,CUST00880,Sneha Devi,Retail,P001,Budget Smartphone 4G,Mobile,1,9494.74,0.05,0.8,UPI
TXNFD2A6D7ED5,2023-01-06,BR03,Rajahmundry,Andhra Pradesh,CUST00442,Harika Rao,Retail,P010,Wireless Mouse,Accessories,2,397.31,0.05,0.4,UPI
TXN8231480826,2024-01-17,BR03,Rajahmundry,Andhra Pradesh,CUST00636,Priya Sarma,Wholesale,P010,Wireless Mouse,Accessories,1,450.53,0.1,0.4,UPI
TXN7056806C60,2023-10-31,BR03,Rajahmundry,Andhra Pradesh,CUST01428,Ravi Babu,Retail,P012,Mobile Charger,Accessories,1,1267.82,0.2,0.42,Debit Card
TXN80BF11A364,2024-12-06,BR03,Rajahmundry,Andhra Pradesh,CUST01357,Srinivas Kumar,Retail,P007,Gaming Laptop i7,Laptop,1,95536.74,0.15,0.78,Credit Card
TXND6518C33D0,2024-09-02,BR03,Rajahmundry,Andhra Pradesh,CUST00623,Praveen Varma,Retail,P013,Power Bank,Accessories,2,2132.24,0.05,0.48,Cash
TXND9CEE00C59,2023-11-14,BR03,Rajahmundry,Andhra Pradesh,CUST01625,Meena Varma,Retail,P001,Budget Smartphone 4G,Mobile,1,11198.32,0.25,0.8,Cash
TXNCF72C76481,2023-10-24,BR03,Rajahmundry,Andhra Pradesh,CUST00913,Anitha Rao,Corporate,P019,LED TV 55-inch,Electronics,1,48978.38,0.0,0.79,UPI
TXNFF27B63DD3,2024-12-08,BR03,Rajahmundry,Andhra Pradesh,CUST00739,Praveen Murthy,Retail,P011,Bluetooth Speaker,Accessories,2,4495.16,0.0,0.5,Credit Card
TXN96E57B16E7,2023-02-22,BR03,Rajahmundry,Andhra Pradesh,CUST00656,Kavya Varma,Retail,P009,Laptop Bag,Accessories,1,640.95,0.15,0.45,UPI
TXN75F337C409,2024-01-12,BR03,Rajahmundry,Andhra Pradesh,CUST00359,Manoj Babu,Wholesale,P009,Laptop Bag,Accessories,1,1150.27,0.05,0.45,Cash
TXNBD25D3DAD5,2024-10-07,BR03,Rajahmundry,Andhra Pradesh,CUST01744,Lakshmi Varma,Retail,P011,Bluetooth Speaker,Accessories,1,4538.07,0.15,0.5,Net Banking
TXNC89C74FA77,2023-01-07,BR03,Rajahmundry,Andhra Pradesh,CUST00858,Kavya Reddy,Corporate,P004,Wireless Earbuds,Mobile,1,1851.96,0.0,0.55,Credit Card
TXNBACAAA9251,2024-07-13,BR03,Rajahmundry,Andhra Pradesh,CUST00753,Pooja Babu,Wholesale,P013,Power Bank,Accessories,3,1964.67,0.15,0.48,Net Banking
TXNB336A861C9,2023-01-08,BR03,Rajahmundry,Andhra Pradesh,CUST00771,Sneha Reddy,Retail,P004,Wireless Earbuds,Mobile,1,2051.06,0.15,0.55,UPI
TXN45AC69DD72,2024-08-31,BR03,Rajahmundry,Andhra Pradesh,CUST00771,Sneha Reddy,Retail,P004,Wireless Earbuds,Mobile,1,1724.28,0.15,0.55,UPI
TXN2B3D8448AC,2024-05-16,BR03,Rajahmundry,Andhra Pradesh,CUST01655,Divya Prasad,Retail,P004,Wireless Earbuds,Mobile,2,5027.98,0.1,0.55,Cash
TXN5A80652FC3,2023-02-09,BR03,Rajahmundry,Andhra Pradesh,CUST01843,Ramesh Sharma,Retail,P001,Budget Smartphone 4G,Mobile,1,12625.75,0.0,0.8,UPI
TXN8ED859EC27,2024-10-24,BR03,Rajahmundry,Andhra Pradesh,CUST00752,Ramesh Devi,Retail,P013,Power Bank,Accessories,1,2433.88,0.05,0.48,Debit Card
TXNE0245790F9,2023-11-13,BR03,Rajahmundry,Andhra Pradesh,CUST00081,Lakshmi Varma,Retail,P003,Flagship Smartphone,Mobile,1,72209.44,0.0,0.75,UPI
TXNC5E720DE5C,2024-09-26,BR03,Rajahmundry,Andhra Pradesh,CUST00336,Aishwarya Devi,Retail,P003,Flagship Smartphone,Mobile,1,88823.4,0.0,0.75,UPI
TXN48F89506D8,2024-04-23,BR03,Rajahmundry,Andhra Pradesh,CUST01003,Pooja Chowdary,Retail,P017,Microwave Oven,Home Appliances,1,6365.51,0.1,0.75,Debit Card
TXNAA662BA5A9,2024-09-17,BR03,Rajahmundry,Andhra Pradesh,CUST00419,Harika Sarma,Retail,P016,Washing Machine,Home Appliances,1,29639.58,0.15,0.8,UPI
TXND4F806354B,2023-11-14,BR03,Rajahmundry,Andhra Pradesh,CUST00211,Naveen Murthy,Retail,P004,Wireless Earbuds,Mobile,3,3605.46,0.05,0.55,Debit Card
TXN38DD2DA351,2024-05-28,BR03,Rajahmundry,Andhra Pradesh,CUST01237,Sneha Reddy,Wholesale,P021,Smart Watch,Electronics,1,10779.04,0.0,0.55,UPI
TXN03AAFC266C,2024-05-27,BR03,Rajahmundry,Andhra Pradesh,CUST00409,Ravi Murthy,Wholesale,P010,Wireless Mouse,Accessories,1,340.44,0.1,0.4,UPI
TXN576AB832BA,2024-03-05,BR03,Rajahmundry,Andhra Pradesh,CUST01264,Praveen Prasad,Retail,P005,Entry Laptop i3,Laptop,1,30033.89,0.0,0.82,UPI
TXN71925E2DBF,2023-02-25,BR03,Rajahmundry,Andhra Pradesh,CUST00463,Arjun Sharma,Corporate,P012,Mobile Charger,Accessories,2,1282.0,0.1,0.42,Debit Card
TXN644FBF822E,2023-03-10,BR03,Rajahmundry,Andhra Pradesh,CUST00930,Arjun Devi,Retail,P011,Bluetooth Speaker,Accessories,1,4273.6,0.1,0.5,UPI
TXN36C055E358,2024-01-24,BR03,Rajahmundry,Andhra Pradesh,CUST01608,Ajay Sarma,Wholesale,P018,LED TV 43-inch,Electronics,1,31412.9,0.05,0.8,Cash
TXNA05994D621,2024-02-12,BR03,Rajahmundry,Andhra Pradesh,CUST00340,Divya Sarma,Retail,P011,Bluetooth Speaker,Accessories,2,3249.73,0.0,0.5,Cash
TXN82C1FA32FB,2023-08-31,BR03,Rajahmundry,Andhra Pradesh,CUST01734,Arjun Devi,Retail,P021,Smart Watch,Electronics,1,3664.96,0.1,0.55,UPI
TXNE80BE86C65,2023-08-19,BR03,Rajahmundry,Andhra Pradesh,CUST01910,Arjun Murthy,Retail,P020,Home Theatre System,Electronics,4,12755.29,0.05,0.6,UPI
TXNAAEE8DA4B3,2023-10-12,BR03,Rajahmundry,Andhra Pradesh,CUST00630,Harika Chowdary,Retail,P004,Wireless Earbuds,Mobile,3,5780.29,0.25,0.55,Debit Card
TXNB473EBF851,2023-02-12,BR03,Rajahmundry,Andhra Pradesh,CUST00014,Aishwarya Naidu,Wholesale,P010,Wireless Mouse,Accessories,2,951.53,0.0,0.4,UPI
TXN05C2C61F68,2023-02-13,BR03,Rajahmundry,Andhra Pradesh,CUST00290,Anitha Devi,Retail,P001,Budget Smartphone 4G,Mobile,1,11363.24,0.1,0.8,Cash
TXNE320B2004B,2023-07-11,BR03,Rajahmundry,Andhra Pradesh,CUST01055,Priya Sarma,Retail,P004,Wireless Earbuds,Mobile,3,5848.97,0.05,0.55,Credit Card
TXNB330971731,2023-09-30,BR03,Rajahmundry,Andhra Pradesh,CUST00397,Meena Sharma,Retail,P015,Refrigerator 300L,Home Appliances,1,29280.19,0.1,0.82,Cash
TXNFA850B110B,2023-11-05,BR03,Rajahmundry,Andhra Pradesh,CUST01211,Sneha Rao,Retail,P010,Wireless Mouse,Accessories,2,893.53,0.0,0.4,Credit Card
TXN7F3DC2EDF6,2024-02-26,BR03,Rajahmundry,Andhra Pradesh,CUST00536,Harika Reddy,Retail,P013,Power Bank,Accessories,2,2209.99,0.0,0.48,Credit Card
TXNE78EF60976,2024-02-15,BR03,Rajahmundry,Andhra Pradesh,CUST01629,Ravi Devi,Wholesale,P002,Mid-range Smartphone 5G,Mobile,1,21397.44,0.0,0.78,Net Banking
TXN6D92E36C43,2023-10-30,BR03,Rajahmundry,Andhra Pradesh,CUST01048,Sandeep Reddy,Wholesale,P011,Bluetooth Speaker,Accessories,1,1435.45,0.2,0.5,UPI
TXNA806246C6E,2023-07-08,BR03,Rajahmundry,Andhra Pradesh,CUST00322,Srinivas Sharma,Retail,P010,Wireless Mouse,Accessories,2,1370.61,0.15,0.4,UPI
TXNFCA7387519,2024-09-10,BR03,Rajahmundry,Andhra Pradesh,CUST01472,Manoj Sharma,Wholesale,P016,Washing Machine,Home Appliances,1,31132.05,0.1,0.8,Credit Card
TXN460E705012,2023-06-23,BR03,Rajahmundry,Andhra Pradesh,CUST00648,Pooja Prasad,Wholesale,P020,Home Theatre System,Electronics,2,14036.69,0.15,0.6,UPI
TXNE96575D125,2024-11-15,BR03,Rajahmundry,Andhra Pradesh,CUST01570,Ramesh Varma,Corporate,P021,Smart Watch,Electronics,1,5701.31,0.15,0.55,Credit Card
TXNAFCF896019,2023-02-19,BR03,Rajahmundry,Andhra Pradesh,CUST01330,Arjun Sharma,Corporate,P021,Smart Watch,Electronics,1,5411.61,0.05,0.55,UPI
TXN742C689AD1,2024-02-15,BR03,Rajahmundry,Andhra Pradesh,CUST01453,Lakshmi Devi,Retail,P011,Bluetooth Speaker,Accessories,1,4785.7,0.1,0.5,UPI
TXN87D496ADE9,2023-01-31,BR03,Rajahmundry,Andhra Pradesh,CUST01885,Kavya Varma,Retail,P010,Wireless Mouse,Accessories,3,991.32,0.1,0.4,UPI
TXNEA3449853C,2023-05-09,BR03,Rajahmundry,Andhra Pradesh,CUST01592,Aishwarya Devi,Retail,P006,Business Laptop i5,Laptop,1,52334.14,0.1,0.8,Debit Card
TXN9B56BDB8F7,2023-02-27,BR03,Rajahmundry,Andhra Pradesh,CUST00530,Divya Naidu,Retail,P018,LED TV 43-inch,Electronics,1,22786.09,0.1,0.8,UPI
TXN1E809603D0,2023-05-10,BR03,Rajahmundry,Andhra Pradesh,CUST01212,Kiran Rao,Retail,P004,Wireless Earbuds,Mobile,4,4251.91,0.15,0.55,UPI
TXN8246798132,2024-02-04,BR03,Rajahmundry,Andhra Pradesh,CUST00403,Naveen Devi,Retail,P010,Wireless Mouse,Accessories,1,1040.48,0.0,0.4,UPI
TXN7A962F8F21,2024-08-12,BR03,Rajahmundry,Andhra Pradesh,CUST00267,Srinivas Murthy,Retail,P007,Gaming Laptop i7,Laptop,1,77460.87,0.1,0.78,Credit Card
TXN80D40D9285,2024-02-24,BR03,Rajahmundry,Andhra Pradesh,CUST01597,Manoj Chowdary,Corporate,P011,Bluetooth Speaker,Accessories,1,1802.96,0.1,0.5,UPI
TXNC0638170E7,2023-09-07,BR03,Rajahmundry,Andhra Pradesh,CUST01979,Meena Devi,Retail,P020,Home Theatre System,Electronics,1,5017.62,0.05,0.6,Cash
TXN09461D4957,2024-01-19,BR03,Rajahmundry,Andhra Pradesh,CUST01563,Harika Babu,Retail,P016,Washing Machine,Home Appliances,1,28973.7,0.1,0.8,Cash
TXN84BFB79403,2023-06-25,BR03,Rajahmundry,Andhra Pradesh,CUST00462,Manoj Chowdary,Retail,P004,Wireless Earbuds,Mobile,1,1707.06,0.05,0.55,Net Banking
TXNB4195302A8,2023-08-28,BR03,Rajahmundry,Andhra Pradesh,CUST00316,Ajay Prasad,Retail,P011,Bluetooth Speaker,Accessories,2,4883.75,0.15,0.5,Debit Card
TXNE72ECA32BC,2024-03-04,BR03,Rajahmundry,Andhra Pradesh,CUST00695,Suresh Sarma,Retail,P001,Budget Smartphone 4G,Mobile,1,9084.52,0.15,0.8,Cash
TXND22C3AB0B8,2024-02-16,BR03,Rajahmundry,Andhra Pradesh,CUST00377,Anitha Rao,Retail,P019,LED TV 55-inch,Electronics,1,51640.77,0.0,0.79,Net Banking
TXN588388A6B5,2024-08-27,BR03,Rajahmundry,Andhra Pradesh,CUST01583,Praveen Murthy,Wholesale,P017,Microwave Oven,Home Appliances,3,7479.17,0.15,0.75,UPI
TXN051884CF36,2023-08-05,BR03,Rajahmundry,Andhra Pradesh,CUST00927,Priya Varma,Retail,P003,Flagship Smartphone,Mobile,1,86793.55,0.05,0.75,Cash
TXN3606EBEE81,2023-11-18,BR03,Rajahmundry,Andhra Pradesh,CUST01096,Praveen Kumar,Retail,P011,Bluetooth Speaker,Accessories,2,3506.52,0.25,0.5,Net Banking
TXNDE6B13B304,2024-06-27,BR03,Rajahmundry,Andhra Pradesh,CUST00588,,Retail,P007,Gaming Laptop i7,Laptop,1,84844.37,0.1,0.78,Credit Card
TXN95FC060678,2023-01-25,BR03,Rajahmundry,Andhra Pradesh,CUST01302,Kavya Kumar,Retail,P001,Budget Smartphone 4G,Mobile,1,11715.19,0.1,0.8,Debit Card
TXN3888341535,2024-03-14,BR03,Rajahmundry,Andhra Pradesh,CUST01971,,Retail,P009,Laptop Bag,Accessories,1,1109.33,0.05,0.45,Net Banking
TXN9A2DA2E68C,2023-10-30,BR03,Rajahmundry,Andhra Pradesh,CUST00311,Ramesh Naidu,Retail,P014,Split AC 1.5 Ton,Home Appliances,1,47773.58,0.15,0.83,UPI
TXN82063145AD,2024-05-17,BR03,Rajahmundry,Andhra Pradesh,CUST00876,Ravi Varma,Corporate,P004,Wireless Earbuds,Mobile,3,5623.28,0.1,0.55,UPI
TXN786368214A,2024-07-18,BR03,Rajahmundry,Andhra Pradesh,CUST01106,Lakshmi Sharma,Retail,P007,Gaming Laptop i7,Laptop,1,95981.08,0.15,0.78,UPI
TXNEE08FBC625,2023-03-01,BR03,Rajahmundry,Andhra Pradesh,CUST00188,Srinivas Chowdary,Wholesale,P012,Mobile Charger,Accessories,2,643.83,0.15,0.42,Cash
TXNDEA6A517E9,2023-12-08,BR03,Rajahmundry,Andhra Pradesh,CUST00455,Ramesh Devi,Retail,P010,Wireless Mouse,Accessories,1,1093.55,0.15,0.4,Credit Card
TXNFBF6292820,2023-05-08,BR03,Rajahmundry,Andhra Pradesh,CUST00358,Naveen Babu,Retail,P020,Home Theatre System,Electronics,3,17775.99,0.0,0.6,Net Banking
TXN52DA52555B,2024-04-17,BR03,Rajahmundry,Andhra Pradesh,CUST00425,Deepika Sharma,Retail,P011,Bluetooth Speaker,Accessories,1,4769.25,0.1,0.5,Credit Card
TXN4D0BF63912,2023-08-18,BR03,Rajahmundry,Andhra Pradesh,CUST01471,Kiran Babu,Retail,P013,Power Bank,Accessories,1,1107.56,0.0,0.48,UPI
TXN0DAB799228,2024-12-30,BR03,Rajahmundry,Andhra Pradesh,CUST00885,Harika Prasad,Wholesale,P021,Smart Watch,Electronics,4,5259.89,0.0,0.55,UPI
TXNAFC6B757FF,2024-11-27,BR03,Rajahmundry,Andhra Pradesh,CUST00522,Aishwarya Kumar,Wholesale,P003,Flagship Smartphone,Mobile,1,80161.17,0.15,0.75,UPI
TXNF93B4D2F6F,2024-02-02,BR03,Rajahmundry,Andhra Pradesh,CUST01130,Deepika Kumar,Wholesale,P015,Refrigerator 300L,Home Appliances,1,26358.77,0.15,0.82,UPI
TXNF5EBDB4B0F,2024-07-14,BR03,Rajahmundry,Andhra Pradesh,CUST00378,Pooja Murthy,Retail,P011,Bluetooth Speaker,Accessories,1,3799.03,0.0,0.5,Cash
TXN2B5EB1786D,2023-03-01,BR03,Rajahmundry,Andhra Pradesh,CUST00017,Praveen Murthy,Wholesale,P012,Mobile Charger,Accessories,4,372.3,0.1,0.42,UPI
TXN6EB45C0E76,2024-09-03,BR03,Rajahmundry,Andhra Pradesh,CUST01446,Swathi Prasad,Retail,P001,Budget Smartphone 4G,Mobile,1,13564.48,0.0,0.8,UPI
TXNA8AA75601B,2024-12-11,BR03,Rajahmundry,Andhra Pradesh,CUST00318,Suresh Sharma,Retail,P004,Wireless Earbuds,Mobile,2,5036.88,0.05,0.55,Net Banking
TXN469FBE6B4C,2023-09-25,BR03,Rajahmundry,Andhra Pradesh,CUST00425,Deepika Sharma,Retail,P012,Mobile Charger,Accessories,1,720.98,0.1,0.42,Net Banking
TXNC3ABB64A55,2024-06-27,BR03,Rajahmundry,Andhra Pradesh,CUST01106,Lakshmi Sharma,Retail,P013,Power Bank,Accessories,1,1583.9,0.1,0.48,UPI
TXNCD205EB24E,2024-05-12,BR03,Rajahmundry,Andhra Pradesh,CUST00885,Harika Prasad,Wholesale,P010,Wireless Mouse,Accessories,1,1206.49,0.1,0.4,UPI
TXNB092B05D5B,2023-02-09,BR03,Rajahmundry,Andhra Pradesh,CUST01259,Lakshmi Devi,Wholesale,P019,LED TV 55-inch,Electronics,1,40458.87,0.0,0.79,Cash
TXNA5CB26A6B6,2024-06-06,BR03,Rajahmundry,Andhra Pradesh,CUST00097,Srinivas Devi,Retail,P006,Business Laptop i5,Laptop,1,44738.15,0.0,0.8,UPI
TXNA6A2C7155A,2023-03-04,BR03,Rajahmundry,Andhra Pradesh,CUST01329,Praveen Kumar,Wholesale,P020,Home Theatre System,Electronics,1,9489.67,0.15,0.6,UPI
TXNC6324591EB,2023-10-04,BR03,Rajahmundry,Andhra Pradesh,CUST00799,Sneha Prasad,Wholesale,P002,Mid-range Smartphone 5G,Mobile,1,20367.17,0.2,0.78,UPI
TXN1CD46B57BB,2023-11-29,BR03,Rajahmundry,Andhra Pradesh,CUST00683,Divya Murthy,Retail,P001,Budget Smartphone 4G,Mobile,2,11878.59,0.0,0.8,UPI
TXNF1FC55D0A2,2024-05-01,BR03,Rajahmundry,Andhra Pradesh,CUST00462,Manoj Chowdary,Retail,P004,Wireless Earbuds,Mobile,2,4851.19,0.0,0.55,Credit Card
TXN16DE393CEB,2023-10-28,BR03,Rajahmundry,Andhra Pradesh,CUST00461,Naveen Chowdary,Retail,P013,Power Bank,Accessories,1,2092.55,0.0,0.48,UPI
TXN5D68025D0E,2024-08-06,BR03,Rajahmundry,Andhra Pradesh,CUST01599,Harika Naidu,Retail,P013,Power Bank,Accessories,1,2190.4,0.15,0.48,UPI
TXN8A67390F59,2023-11-15,BR03,Rajahmundry,Andhra Pradesh,CUST00549,Naveen Naidu,Retail,P002,Mid-range Smartphone 5G,Mobile,1,16442.25,0.2,0.78,UPI
TXNB6B83B4D4D,2023-02-09,BR03,Rajahmundry,Andhra Pradesh,CUST00909,Ravi Reddy,Retail,P011,Bluetooth Speaker,Accessories,1,3768.61,0.1,0.5,Cash
TXNC514A29575,2024-04-09,BR03,Rajahmundry,Andhra Pradesh,CUST00689,Praveen Murthy,Retail,P005,Entry Laptop i3,Laptop,1,29688.67,0.0,0.82,UPI
TXN321188B30A,2024-01-27,BR03,Rajahmundry,Andhra Pradesh,CUST00101,Sandeep Varma,Retail,P001,Budget Smartphone 4G,Mobile,1,11673.26,0.05,0.8,UPI
TXNB42F80F097,2023-05-04,BR03,Rajahmundry,Andhra Pradesh,CUST01356,Srinivas Sharma,Wholesale,P012,Mobile Charger,Accessories,1,519.48,0.15,0.42,UPI
TXND4D7AE45CF,2024-02-11,BR03,Rajahmundry,Andhra Pradesh,CUST00776,Anitha Chowdary,Retail,P012,Mobile Charger,Accessories,1,1743.33,0.05,0.42,UPI
TXN1E1A41E88D,2024-11-15,BR03,Rajahmundry,Andhra Pradesh,CUST00518,Praveen Rao,Retail,P021,Smart Watch,Electronics,1,7524.7,0.2,0.55,UPI
TXND5452F1332,2024-04-06,BR03,Rajahmundry,Andhra Pradesh,CUST00776,Anitha Chowdary,Retail,P019,LED TV 55-inch,Electronics,1,59748.57,0.15,0.79,Credit Card
TXN0B923E8EA2,2023-01-21,BR03,Rajahmundry,Andhra Pradesh,CUST01277,Anitha Babu,Wholesale,P020,Home Theatre System,Electronics,1,17946.64,0.0,0.6,UPI
TXN74048313A3,2024-12-17,BR03,Rajahmundry,Andhra Pradesh,CUST01097,Praveen Naidu,Retail,P009,Laptop Bag,Accessories,4,1993.17,0.1,0.45,UPI
TXNAF287AFFB7,2024-05-22,BR03,Rajahmundry,Andhra Pradesh,CUST00457,Praveen Babu,Wholesale,P018,LED TV 43-inch,Electronics,1,31929.38,0.05,0.8,UPI
TXNE308F502E1,2024-10-18,BR03,Rajahmundry,Andhra Pradesh,CUST00690,Vikram Murthy,Retail,P001,Budget Smartphone 4G,Mobile,1,10426.66,0.1,0.8,Net Banking
TXND87A60EAE9,2023-09-17,BR03,Rajahmundry,Andhra Pradesh,CUST01931,Ravi Babu,Retail,P017,Microwave Oven,Home Appliances,1,6722.99,0.0,0.75,Debit Card
TXN6E2056E294,2023-08-06,BR03,Rajahmundry,Andhra Pradesh,CUST01562,Harika Devi,Wholesale,P006,Business Laptop i5,Laptop,1,46607.91,0.0,0.8,Credit Card
TXND5AF57F4CE,2024-06-17,BR03,Rajahmundry,Andhra Pradesh,CUST01736,Deepika Chowdary,Wholesale,P009,Laptop Bag,Accessories,1,1286.31,0.1,0.45,UPI
TXN1B77FDB7C7,2023-11-29,BR03,Rajahmundry,Andhra Pradesh,CUST01406,Divya Chowdary,Wholesale,P011,Bluetooth Speaker,Accessories,1,4614.72,0.25,0.5,UPI
TXN218CD4F686,2024-01-30,BR03,Rajahmundry,Andhra Pradesh,CUST01614,Sneha Naidu,Retail,P009,Laptop Bag,Accessories,3,1286.95,0.05,0.45,UPI
TXN1F879EE9CD,2023-09-08,BR03,Rajahmundry,Andhra Pradesh,CUST01747,Naveen Babu,Retail,P011,Bluetooth Speaker,Accessories,4,3219.28,0.05,0.5,Cash
TXN5C09E7FDC0,2024-11-21,BR03,Rajahmundry,Andhra Pradesh,CUST01826,Lakshmi Prasad,Retail,P003,Flagship Smartphone,Mobile,1,78555.49,0.25,0.75,Debit Card
TXN52BF3F2937,2024-01-12,BR03,Rajahmundry,Andhra Pradesh,CUST01645,Suresh Varma,Retail,P001,Budget Smartphone 4G,Mobile,1,13347.3,0.0,0.8,Credit Card
TXNEF398C5D6A,2024-10-28,BR03,Rajahmundry,Andhra Pradesh,CUST00110,Vikram Devi,Retail,P007,Gaming Laptop i7,Laptop,1,82391.78,0.05,0.78,UPI
TXN69946716E1,2023-03-13,BR03,Rajahmundry,Andhra Pradesh,CUST01902,Vikram Prasad,Retail,P013,Power Bank,Accessories,3,1613.39,0.15,0.48,UPI
TXN97FD57B8DE,2024-08-01,BR03,Rajahmundry,Andhra Pradesh,CUST01510,Meena Varma,Retail,P003,Flagship Smartphone,Mobile,1,77076.88,0.05,0.75,Credit Card
TXN463CE5B75F,2023-08-31,BR03,Rajahmundry,Andhra Pradesh,CUST01630,Kiran Rao,Retail,P001,Budget Smartphone 4G,Mobile,1,11063.26,0.15,0.8,UPI
TXNB35C1E95A0,2023-02-09,BR03,Rajahmundry,Andhra Pradesh,CUST00962,Sneha Murthy,Retail,P007,Gaming Laptop i7,Laptop,1,124674.34,0.0,0.78,Net Banking
TXNB37475D331,2024-07-08,BR03,Rajahmundry,Andhra Pradesh,CUST01324,Aishwarya Kumar,Retail,P020,Home Theatre System,Electronics,3,15622.18,0.15,0.6,Credit Card
TXN91E6B8908E,2023-07-08,BR03,Rajahmundry,Andhra Pradesh,CUST01513,Manoj Devi,Wholesale,P021,Smart Watch,Electronics,1,8895.42,0.05,0.55,UPI
TXN447EA4162B,2023-10-29,BR03,Rajahmundry,Andhra Pradesh,CUST00541,Praveen Kumar,Retail,P001,Budget Smartphone 4G,Mobile,4,13141.87,0.0,0.8,UPI
TXN122C9B3DF9,2024-10-30,BR03,Rajahmundry,Andhra Pradesh,CUST00185,Ramesh Babu,Retail,P012,Mobile Charger,Accessories,1,1128.55,0.1,0.42,UPI
TXN89A555A563,2023-09-22,BR03,Rajahmundry,Andhra Pradesh,CUST00254,Sneha Sarma,Retail,P012,Mobile Charger,Accessories,1,562.99,0.05,0.42,UPI
TXND9B7DEB47F,2024-07-05,BR03,Rajahmundry,Andhra Pradesh,CUST01398,Praveen Prasad,Corporate,P002,Mid-range Smartphone 5G,Mobile,1,18978.98,0.0,0.78,Cash
TXN89C056CADA,2024-05-04,BR03,Rajahmundry,Andhra Pradesh,CUST01235,Srinivas Sharma,Retail,P009,Laptop Bag,Accessories,2,706.47,0.05,0.45,Debit Card
TXN784BB756AE,2023-12-24,BR03,Rajahmundry,Andhra Pradesh,CUST00504,Ajay Varma,Retail,P001,Budget Smartphone 4G,Mobile,3,10974.51,0.05,0.8,Debit Card
TXND610953428,2024-10-22,BR03,Rajahmundry,Andhra Pradesh,CUST00082,Meena Prasad,Retail,P011,Bluetooth Speaker,Accessories,2,4720.65,0.15,0.5,UPI
TXN99D26F9D00,2023-09-22,BR03,Rajahmundry,Andhra Pradesh,CUST01659,Praveen Rao,Retail,P013,Power Bank,Accessories,1,2243.85,0.0,0.48,Credit Card
TXNC5E5F1EFDA,2023-01-15,BR03,Rajahmundry,Andhra Pradesh,CUST01106,Lakshmi Sharma,Retail,P013,Power Bank,Accessories,1,2092.95,0.0,0.48,Credit Card
TXN147AC8C949,2023-02-23,BR03,Rajahmundry,Andhra Pradesh,CUST00042,Suresh Chowdary,Retail,P011,Bluetooth Speaker,Accessories,1,3064.18,0.1,0.5,Cash
TXN941DE6DF0F,2023-01-30,BR03,Rajahmundry,Andhra Pradesh,CUST00021,Lakshmi Chowdary,Retail,P020,Home Theatre System,Electronics,2,7275.89,0.0,0.6,Cash
TXN22321B40EE,2024-03-03,BR03,Rajahmundry,Andhra Pradesh,CUST00386,Priya Murthy,Retail,P010,Wireless Mouse,Accessories,2,360.05,0.1,0.4,UPI
TXNDC25AD7B54,2024-10-03,BR03,Rajahmundry,Andhra Pradesh,CUST00112,Pooja Naidu,Retail,P012,Mobile Charger,Accessories,1,1046.09,0.15,0.42,Cash
TXN9E92689E94,2024-06-12,BR03,Rajahmundry,Andhra Pradesh,CUST00335,Meena Kumar,Retail,P010,Wireless Mouse,Accessories,1,1311.31,0.0,0.4,UPI
TXN39E16779BA,2023-08-28,BR03,Rajahmundry,Andhra Pradesh,CUST00499,Aishwarya Reddy,Retail,P020,Home Theatre System,Electronics,1,14276.13,0.0,0.6,UPI
TXNC42B7A4B94,2024-12-22,BR03,Rajahmundry,Andhra Pradesh,CUST00041,Anitha Babu,Retail,P011,Bluetooth Speaker,Accessories,1,1283.76,0.0,0.5,Cash
TXNC6A92A5CD8,2023-01-11,BR03,Rajahmundry,Andhra Pradesh,CUST01376,Kiran Babu,Retail,P002,Mid-range Smartphone 5G,Mobile,3,16223.15,0.15,0.78,Net Banking
TXN1E3BE0F3CC,2023-11-08,BR03,Rajahmundry,Andhra Pradesh,CUST01208,Priya Babu,Retail,P013,Power Bank,Accessories,2,891.53,0.1,0.48,Net Banking
TXN4BBEC0FBA0,2024-09-14,BR03,Rajahmundry,Andhra Pradesh,CUST00648,Pooja Prasad,Wholesale,P009,Laptop Bag,Accessories,3,1297.5,0.0,0.45,UPI
TXN4687B55EF1,2023-02-16,BR03,Rajahmundry,Andhra Pradesh,CUST01388,Arjun Naidu,Retail,P008,Ultrabook Thin & Light,Laptop,1,55246.19,0.0,0.79,Debit Card
TXN691BB23D67,2023-05-30,BR03,Rajahmundry,Andhra Pradesh,CUST01754,Priya Kumar,Retail,P020,Home Theatre System,Electronics,1,14254.14,0.05,0.6,Credit Card
TXND8F6895243,2024-02-25,BR03,Rajahmundry,Andhra Pradesh,CUST00773,Priya Rao,Retail,P012,Mobile Charger,Accessories,3,1693.96,0.0,0.42,UPI
TXN4157681BCE,2023-10-04,BR03,Rajahmundry,Andhra Pradesh,CUST01880,Divya Babu,Retail,P004,Wireless Earbuds,Mobile,3,4259.0,0.05,0.55,Cash
TXN273A23F4C5,2023-01-01,BR03,Rajahmundry,Andhra Pradesh,CUST00334,Kavya Prasad,Retail,P012,Mobile Charger,Accessories,2,735.47,0.0,0.42,Debit Card
TXN73EADE8E4C,2024-04-30,BR03,Rajahmundry,Andhra Pradesh,CUST01753,Divya Sarma,Corporate,P012,Mobile Charger,Accessories,1,659.01,0.15,0.42,UPI
TXN600F2A518F,2023-03-30,BR03,Rajahmundry,Andhra Pradesh,CUST00831,Harika Babu,Corporate,P007,Gaming Laptop i7,Laptop,1,94657.14,0.15,0.78,UPI
TXN87A82937B5,2024-07-07,BR03,Rajahmundry,Andhra Pradesh,CUST01510,Meena Varma,Retail,P007,Gaming Laptop i7,Laptop,1,86206.7,0.1,0.78,UPI
TXN01279829F6,2023-09-23,BR03,Rajahmundry,Andhra Pradesh,CUST00838,Ravi Naidu,Retail,P018,LED TV 43-inch,Electronics,1,31420.39,0.1,0.8,UPI
TXNB7981209C8,2023-01-17,BR03,Rajahmundry,Andhra Pradesh,CUST01638,Deepika Murthy,Wholesale,P009,Laptop Bag,Accessories,2,787.08,0.0,0.45,UPI
TXN87491582D2,2023-03-14,BR03,Rajahmundry,Andhra Pradesh,CUST00957,Ravi Rao,Retail,P004,Wireless Earbuds,Mobile,2,1964.78,0.0,0.55,Cash
TXNE8C612F302,2024-06-10,BR03,Rajahmundry,Andhra Pradesh,CUST00304,Kavya Prasad,Retail,P007,Gaming Laptop i7,Laptop,1,104195.92,0.0,0.78,Debit Card
TXN32542273CA,2024-07-16,BR03,Rajahmundry,Andhra Pradesh,CUST01092,Swathi Varma,Corporate,P021,Smart Watch,Electronics,1,9940.17,0.1,0.55,UPI
TXN017B7AA64C,2024-10-23,BR03,Rajahmundry,Andhra Pradesh,CUST01576,Anitha Sarma,Retail,P013,Power Bank,Accessories,2,821.09,0.25,0.48,UPI
TXN28807DE6F2,2024-07-25,BR03,Rajahmundry,Andhra Pradesh,CUST00985,Divya Sarma,Retail,P002,Mid-range Smartphone 5G,Mobile,1,23508.68,0.0,0.78,Cash
TXN045EECDA8F,2023-05-26,BR03,Rajahmundry,Andhra Pradesh,CUST00422,Arjun Reddy,Retail,P010,Wireless Mouse,Accessories,1,666.59,0.0,0.4,Net Banking
TXNCA988D4C24,2024-06-20,BR03,Rajahmundry,Andhra Pradesh,CUST01119,Aishwarya Murthy,Retail,P013,Power Bank,Accessories,2,1185.47,0.15,0.48,Debit Card
TXNA4EB46590F,2024-03-15,BR03,Rajahmundry,Andhra Pradesh,CUST00825,Arjun Reddy,Retail,P012,Mobile Charger,Accessories,3,1020.11,0.15,0.42,UPI
TXN1C626FD985,2023-08-11,BR03,Rajahmundry,Andhra Pradesh,CUST00779,Priya Rao,Retail,P007,Gaming Laptop i7,Laptop,1,122761.06,0.15,0.78,Credit Card
TXND79B3B489A,2024-09-07,BR03,Rajahmundry,Andhra Pradesh,CUST00716,Arjun Sarma,Retail,P009,Laptop Bag,Accessories,4,655.55,0.1,0.45,UPI
TXN54ED70015A,2023-08-28,BR03,Rajahmundry,Andhra Pradesh,CUST00528,Praveen Sharma,Retail,P018,LED TV 43-inch,Electronics,1,29916.64,0.0,0.8,Debit Card
TXNA69A9B2977,2023-06-21,BR03,Rajahmundry,Andhra Pradesh,CUST01075,Sandeep Babu,Retail,P018,LED TV 43-inch,Electronics,1,30749.18,0.0,0.8,Debit Card
TXNB72DAB55C4,2024-01-15,BR03,Rajahmundry,Andhra Pradesh,CUST01734,Arjun Devi,Retail,P012,Mobile Charger,Accessories,1,936.81,0.1,0.42,UPI
TXNC6C8618073,2023-10-01,BR03,Rajahmundry,Andhra Pradesh,CUST00755,Ajay Naidu,Retail,P012,Mobile Charger,Accessories,1,438.92,0.05,0.42,Cash
TXN28FC13A04C,2023-05-17,BR03,Rajahmundry,Andhra Pradesh,CUST00632,Manoj Rao,Retail,P013,Power Bank,Accessories,1,1221.08,0.05,0.48,UPI
TXN4CFF2F01C8,2023-11-11,BR03,Rajahmundry,Andhra Pradesh,CUST00225,Arjun Sharma,Retail,P012,Mobile Charger,Accessories,2,1613.95,0.1,0.42,UPI
TXN4DB34ACE16,2024-09-26,BR03,Rajahmundry,Andhra Pradesh,CUST00621,Manoj Naidu,Retail,P002,Mid-range Smartphone 5G,Mobile,1,22021.06,0.1,0.78,Cash
TXNCC8FFAD4C5,2023-01-19,BR03,Rajahmundry,Andhra Pradesh,CUST01585,Meena Sharma,Retail,P013,Power Bank,Accessories,1,876.6,0.05,0.48,Cash
TXND0F38DED8A,2023-08-13,BR03,Rajahmundry,Andhra Pradesh,CUST01316,Deepika Sharma,Wholesale,P006,Business Laptop i5,Laptop,1,56816.15,0.15,0.8,UPI
TXNC4E5B23EE1,2024-03-01,BR03,Rajahmundry,Andhra Pradesh,CUST01974,Ravi Sarma,Retail,P014,Split AC 1.5 Ton,Home Appliances,1,45103.76,0.1,0.83,Cash
TXNCBD249CFDC,2023-02-14,BR03,Rajahmundry,Andhra Pradesh,CUST00562,Manoj Prasad,Retail,P013,Power Bank,Accessories,1,1890.4,0.0,0.48,Debit Card
TXNB303928252,2024-05-21,BR03,Rajahmundry,Andhra Pradesh,CUST01435,Deepika Kumar,Retail,P019,LED TV 55-inch,Electronics,1,46764.9,0.05,0.79,UPI
TXNEFF3522CE4,2024-10-10,BR03,Rajahmundry,Andhra Pradesh,CUST00426,Praveen Sharma,Retail,P010,Wireless Mouse,Accessories,1,555.98,0.05,0.4,Debit Card
TXN2053EE7B89,2023-01-30,BR03,Rajahmundry,Andhra Pradesh,CUST00419,Harika Sarma,Retail,P002,Mid-range Smartphone 5G,Mobile,1,21318.4,0.0,0.78,UPI
TXN300835BAE9,2023-09-20,BR03,Rajahmundry,Andhra Pradesh,CUST00379,Swathi Sarma,Retail,P002,Mid-range Smartphone 5G,Mobile,4,15711.8,0.1,0.78,Credit Card
TXNCB95DAE1FE,2023-09-11,BR03,Rajahmundry,Andhra Pradesh,CUST00904,Kiran Reddy,Retail,P004,Wireless Earbuds,Mobile,3,3040.88,0.0,0.55,UPI
TXND418A8A9F1,2023-05-02,BR03,Rajahmundry,Andhra Pradesh,CUST01355,Swathi Sarma,Retail,P003,Flagship Smartphone,Mobile,1,70205.7,0.15,0.75,Cash
TXNBD108647B5,2024-05-22,BR03,Rajahmundry,Andhra Pradesh,CUST00204,Swathi Devi,Retail,P010,Wireless Mouse,Accessories,2,986.84,0.15,0.4,UPI
TXN7CF4D681EF,2023-11-21,BR03,Rajahmundry,Andhra Pradesh,CUST00807,Sneha Varma,Corporate,P002,Mid-range Smartphone 5G,Mobile,2,15814.73,0.05,0.78,Credit Card
TXN1DC7C69307,2024-08-23,BR03,Rajahmundry,Andhra Pradesh,CUST01780,Manoj Chowdary,Corporate,P006,Business Laptop i5,Laptop,1,42940.02,0.05,0.8,UPI
TXN7DDE7B6EF7,2024-05-07,BR03,Rajahmundry,Andhra Pradesh,CUST01113,Swathi Murthy,Retail,P011,Bluetooth Speaker,Accessories,2,4531.7,0.15,0.5,UPI
TXNC07147A789,2024-06-22,BR03,Rajahmundry,Andhra Pradesh,CUST01271,Sandeep Chowdary,Wholesale,P021,Smart Watch,Electronics,1,5371.82,0.1,0.55,Debit Card
TXNB517267B81,2023-03-29,BR03,Rajahmundry,Andhra Pradesh,CUST01192,Suresh Murthy,Retail,P007,Gaming Laptop i7,Laptop,1,95567.8,0.05,0.78,Cash
TXN4A543CE960,2023-01-04,BR03,Rajahmundry,Andhra Pradesh,CUST01531,Meena Chowdary,Wholesale,P003,Flagship Smartphone,Mobile,1,62271.41,0.05,0.75,Cash
TXNC8C13B46C5,2024-10-05,BR03,Rajahmundry,Andhra Pradesh,CUST00052,Vikram Kumar,Retail,P003,Flagship Smartphone,Mobile,1,76796.44,0.05,0.75,Net Banking
TXN8EB603F2B1,2024-11-14,BR03,Rajahmundry,Andhra Pradesh,CUST00262,Arjun Varma,Retail,P006,Business Laptop i5,Laptop,1,58273.17,0.0,0.8,Cash
TXN214B6586DB,2024-03-27,BR03,Rajahmundry,Andhra Pradesh,CUST00887,Swathi Reddy,Retail,P011,Bluetooth Speaker,Accessories,1,3031.36,0.0,0.5,UPI
TXNC2815C9BFF,2024-09-11,BR03,Rajahmundry,Andhra Pradesh,CUST01166,Sneha Sharma,Retail,P009,Laptop Bag,Accessories,2,1806.3,0.1,0.45,UPI
TXNE3E705628A,2023-10-04,BR03,Rajahmundry,Andhra Pradesh,CUST00605,Deepika Babu,Retail,P019,LED TV 55-inch,Electronics,1,40485.26,0.0,0.79,UPI
TXND2D9A29CD3,2023-07-08,BR03,Rajahmundry,Andhra Pradesh,CUST00654,Arjun Sarma,Retail,P021,Smart Watch,Electronics,1,4463.86,0.0,0.55,Net Banking
TXN95E14AF974,2023-08-29,BR03,Rajahmundry,Andhra Pradesh,CUST00898,Meena Prasad,Retail,P013,Power Bank,Accessories,1,842.74,0.0,0.48,Credit Card
TXN1DF4CB60BA,2024-11-24,BR03,Rajahmundry,Andhra Pradesh,CUST00456,Lakshmi Sarma,Retail,P001,Budget Smartphone 4G,Mobile,4,8961.61,0.0,0.8,Debit Card
TXN4A15321E1E,2023-04-26,BR03,Rajahmundry,Andhra Pradesh,CUST00085,Meena Rao,Retail,P012,Mobile Charger,Accessories,2,1310.67,0.05,0.42,Debit Card
TXNDBEBA2FC0B,2023-07-28,BR03,Rajahmundry,Andhra Pradesh,CUST00609,Kavya Reddy,Retail,P009,Laptop Bag,Accessories,1,1033.9,0.05,0.45,UPI
TXNAEDFB76C68,2024-08-12,BR03,Rajahmundry,Andhra Pradesh,CUST01816,Meena Chowdary,Wholesale,P011,Bluetooth Speaker,Accessories,3,3875.28,0.1,0.5,UPI
TXNA07EA175BD,2024-07-07,BR03,Rajahmundry,Andhra Pradesh,CUST01352,Manoj Naidu,Retail,P012,Mobile Charger,Accessories,1,1051.44,0.0,0.42,UPI
TXNDAE5C84FA7,2023-09-28,BR03,Rajahmundry,Andhra Pradesh,CUST00460,Swathi Sharma,Wholesale,P005,Entry Laptop i3,Laptop,1,32456.4,0.05,0.82,Debit Card
TXN732F3952F0,2024-06-22,BR03,Rajahmundry,Andhra Pradesh,CUST01143,Sneha Reddy,Retail,P009,Laptop Bag,Accessories,4,1513.36,0.0,0.45,UPI
TXN719D246262,2024-01-30,BR03,Rajahmundry,Andhra Pradesh,CUST00522,Aishwarya Kumar,Wholesale,P012,Mobile Charger,Accessories,2,500.27,0.0,0.42,Cash
TXN9AE8DD91E7,2023-02-11,BR03,Rajahmundry,Andhra Pradesh,CUST00385,Sandeep Babu,Wholesale,P001,Budget Smartphone 4G,Mobile,1,11776.95,0.15,0.8,UPI
TXN7928316C9D,2023-12-26,BR03,Rajahmundry,Andhra Pradesh,CUST01032,Ajay Naidu,Corporate,P021,Smart Watch,Electronics,1,3395.43,0.05,0.55,UPI
TXN616F3A9ADF,2024-08-11,BR03,Rajahmundry,Andhra Pradesh,CUST01774,Ramesh Chowdary,Retail,P003,Flagship Smartphone,Mobile,1,45551.53,0.15,0.75,Credit Card
TXN4F294C9535,2024-02-26,BR03,Rajahmundry,Andhra Pradesh,CUST00039,Kiran Devi,Retail,P004,Wireless Earbuds,Mobile,4,3300.48,0.15,0.55,Credit Card
TXN5A546F7AA7,2024-08-07,BR03,Rajahmundry,Andhra Pradesh,CUST00183,Meena Varma,Corporate,P001,Budget Smartphone 4G,Mobile,1,8929.01,0.0,0.8,UPI
TXN0DAF63D50C,2024-09-29,BR03,Rajahmundry,Andhra Pradesh,CUST00458,Meena Sarma,Wholesale,P021,Smart Watch,Electronics,2,7784.17,0.05,0.55,Credit Card
TXN3FA1755111,2024-05-11,BR03,Rajahmundry,Andhra Pradesh,CUST01063,Anitha Murthy,Retail,P010,Wireless Mouse,Accessories,1,1339.74,0.05,0.4,Net Banking
TXN9FB173F100,2024-06-22,BR03,Rajahmundry,Andhra Pradesh,CUST01684,Naveen Sharma,Retail,P009,Laptop Bag,Accessories,1,1204.5,0.0,0.45,UPI
TXN4F6D4E9612,2024-07-21,BR03,Rajahmundry,Andhra Pradesh,CUST01422,Kavya Rao,Retail,P019,LED TV 55-inch,Electronics,1,54529.59,0.05,0.79,UPI
TXNE4CDC45C45,2023-09-02,BR03,Rajahmundry,Andhra Pradesh,CUST00526,Sandeep Babu,Retail,P012,Mobile Charger,Accessories,2,314.21,0.0,0.42,Cash
TXN7976CF00DB,2023-11-06,BR03,Rajahmundry,Andhra Pradesh,CUST00333,Ajay Naidu,Retail,P010,Wireless Mouse,Accessories,2,516.81,0.1,0.4,Debit Card
TXNE89E27D689,2023-05-08,BR03,Rajahmundry,Andhra Pradesh,CUST00811,Deepika Varma,Wholesale,P014,Split AC 1.5 Ton,Home Appliances,1,44224.21,0.1,0.83,Debit Card
TXN1FACC826E2,2023-03-12,BR03,Rajahmundry,Andhra Pradesh,CUST01348,Divya Naidu,Retail,P002,Mid-range Smartphone 5G,Mobile,1,17407.87,0.15,0.78,UPI
TXN2238CF6DF0,2023-09-03,BR03,Rajahmundry,Andhra Pradesh,CUST00780,Sneha Devi,Retail,P004,Wireless Earbuds,Mobile,1,3144.17,0.0,0.55,Cash
TXN98EE5852D5,2024-08-14,BR03,Rajahmundry,Andhra Pradesh,CUST01671,Srinivas Kumar,Retail,P019,LED TV 55-inch,Electronics,1,58296.08,0.0,0.79,UPI
TXN308564FB6E,2023-12-03,BR03,Rajahmundry,Andhra Pradesh,CUST00790,Harika Prasad,Retail,P005,Entry Laptop i3,Laptop,1,33582.27,0.0,0.82,Credit Card
TXNA7DED49D7F,2024-05-10,BR03,Rajahmundry,Andhra Pradesh,CUST00274,Sandeep Naidu,Retail,P018,LED TV 43-inch,Electronics,1,23074.06,0.1,0.8,Net Banking
TXNC77A94BCA4,2024-10-08,BR03,Rajahmundry,Andhra Pradesh,CUST01244,Sneha Murthy,Wholesale,P011,Bluetooth Speaker,Accessories,1,2833.37,0.1,0.5,UPI
TXN537782F298,2023-06-06,BR03,Rajahmundry,Andhra Pradesh,CUST00438,Ravi Kumar,Retail,P009,Laptop Bag,Accessories,1,820.93,0.1,0.45,Cash
TXNC61B65F2F8,2024-11-09,BR03,Rajahmundry,Andhra Pradesh,CUST00820,Suresh Devi,Retail,P005,Entry Laptop i3,Laptop,1,36457.44,0.25,0.82,Credit Card
TXNA19806B37E,2023-11-22,BR03,Rajahmundry,Andhra Pradesh,CUST00422,Arjun Reddy,Retail,P002,Mid-range Smartphone 5G,Mobile,1,23640.62,0.15,0.78,Credit Card
TXN6CB410CEC1,2024-05-29,BR03,Rajahmundry,Andhra Pradesh,CUST01774,Ramesh Chowdary,Retail,P018,LED TV 43-inch,Electronics,1,28376.41,0.0,0.8,Cash
TXN10045D4434,2023-03-31,BR03,Rajahmundry,Andhra Pradesh,CUST00503,Anitha Kumar,Retail,P004,Wireless Earbuds,Mobile,2,5560.48,0.1,0.55,Cash
TXNBF343428DB,2024-08-16,BR03,Rajahmundry,Andhra Pradesh,CUST01211,Sneha Rao,Retail,P004,Wireless Earbuds,Mobile,1,5618.21,0.1,0.55,UPI
TXNCA06EDDD43,2023-03-16,BR03,Rajahmundry,Andhra Pradesh,CUST01524,Naveen Varma,Retail,P012,Mobile Charger,Accessories,1,682.0,0.1,0.42,UPI
TXNC862E0BDC4,2023-02-02,BR03,Rajahmundry,Andhra Pradesh,CUST00091,Ramesh Naidu,Retail,P008,Ultrabook Thin & Light,Laptop,1,75925.38,0.1,0.79,UPI
TXN674B439B37,2024-04-28,BR03,Rajahmundry,Andhra Pradesh,CUST00944,Manoj Reddy,Retail,P019,LED TV 55-inch,Electronics,1,58953.74,0.15,0.79,UPI
TXN21FD579817,2023-01-05,BR03,Rajahmundry,Andhra Pradesh,CUST00191,Sneha Babu,Retail,P003,Flagship Smartphone,Mobile,1,84634.15,0.0,0.75,Credit Card
TXNAD267213AC,2024-10-19,BR03,Rajahmundry,Andhra Pradesh,CUST00589,Manoj Rao,Wholesale,P019,LED TV 55-inch,Electronics,1,46401.04,0.2,0.79,Cash
TXN1689D9DF4A,2024-08-25,BR03,Rajahmundry,Andhra Pradesh,CUST01332,Naveen Devi,Retail,P001,Budget Smartphone 4G,Mobile,2,11778.25,0.05,0.8,UPI
TXN86712A4F88,2024-04-20,BR03,Rajahmundry,Andhra Pradesh,CUST01236,Anitha Reddy,Retail,P010,Wireless Mouse,Accessories,2,791.91,0.1,0.4,UPI
TXN946D74749E,2023-10-16,BR03,Rajahmundry,Andhra Pradesh,CUST01277,Anitha Babu,Wholesale,P019,LED TV 55-inch,Electronics,1,53342.14,0.15,0.79,Cash
TXN0AE6317CCC,2023-05-26,BR03,Rajahmundry,Andhra Pradesh,CUST01019,Anitha Babu,Retail,P001,Budget Smartphone 4G,Mobile,1,10861.02,0.1,0.8,UPI
TXNC0BCF3AE78,2024-03-16,BR03,Rajahmundry,Andhra Pradesh,CUST00087,Sneha Kumar,Retail,P010,Wireless Mouse,Accessories,3,1366.91,0.05,0.4,UPI
TXNE3CDCD756E,2023-11-17,BR03,Rajahmundry,Andhra Pradesh,CUST01059,Suresh Prasad,Wholesale,P002,Mid-range Smartphone 5G,Mobile,1,27849.08,0.15,0.78,Debit Card
TXN3D05BDD3AF,2023-04-27,BR03,Rajahmundry,Andhra Pradesh,CUST00583,Arjun Prasad,Corporate,P013,Power Bank,Accessories,2,2441.15,0.0,0.48,Debit Card
TXN572178ABB9,2024-09-02,BR03,Rajahmundry,Andhra Pradesh,CUST00395,Divya Sharma,Retail,P018,LED TV 43-inch,Electronics,1,28690.99,0.15,0.8,Credit Card
TXN7D6E725C3C,2024-06-23,BR03,Rajahmundry,Andhra Pradesh,CUST00298,Sneha Babu,Retail,P021,Smart Watch,Electronics,1,4513.69,0.0,0.55,Debit Card
TXN58A16B10F6,2023-09-06,BR03,Rajahmundry,Andhra Pradesh,CUST01818,Harika Kumar,Retail,P010,Wireless Mouse,Accessories,1,820.29,0.0,0.4,UPI
TXN88214C94C4,2024-10-24,BR03,Rajahmundry,Andhra Pradesh,CUST00672,Suresh Kumar,Corporate,P013,Power Bank,Accessories,1,2433.4,0.25,0.48,Credit Card
TXN33967E1214,2023-10-04,BR03,Rajahmundry,Andhra Pradesh,CUST00824,Divya Sarma,Retail,P011,Bluetooth Speaker,Accessories,1,4009.08,0.2,0.5,UPI
TXN7BEF0817A0,2024-12-12,BR03,Rajahmundry,Andhra Pradesh,CUST01571,Ajay Sarma,Retail,P015,Refrigerator 300L,Home Appliances,1,31913.54,0.1,0.82,Debit Card
TXNE3E23E62A7,2023-08-28,BR03,Rajahmundry,Andhra Pradesh,CUST01219,Manoj Rao,Retail,P018,LED TV 43-inch,Electronics,1,34215.78,0.15,0.8,UPI
TXN63299A837A,2023-07-29,BR03,Rajahmundry,Andhra Pradesh,CUST01415,Vikram Sharma,Retail,P003,Flagship Smartphone,Mobile,1,53175.83,0.0,0.75,Debit Card
TXN4FFCB47A6A,2024-11-06,BR03,Rajahmundry,Andhra Pradesh,CUST00982,Meena Kumar,Retail,P014,Split AC 1.5 Ton,Home Appliances,1,38105.94,0.25,0.83,Cash
TXN6AAF71AE61,2024-02-29,BR03,Rajahmundry,Andhra Pradesh,CUST00273,Kavya Rao,Wholesale,P010,Wireless Mouse,Accessories,3,926.01,0.1,0.4,UPI
TXN987EAC8D96,2023-08-29,BR03,Rajahmundry,Andhra Pradesh,CUST00813,Suresh Devi,Retail,P020,Home Theatre System,Electronics,1,5621.25,0.15,0.6,UPI
TXN46428FF92E,2024-08-23,BR03,Rajahmundry,Andhra Pradesh,CUST01158,Anitha Sharma,Retail,P004,Wireless Earbuds,Mobile,4,2586.61,0.1,0.55,Cash
TXN0562FA0A74,2024-06-18,BR03,Rajahmundry,Andhra Pradesh,CUST00803,Deepika Rao,Retail,P007,Gaming Laptop i7,Laptop,1,93272.81,0.0,0.78,UPI
TXND5A63A73C4,2024-07-27,BR03,Rajahmundry,Andhra Pradesh,CUST00666,Kavya Reddy,Retail,P012,Mobile Charger,Accessories,2,972.86,0.15,0.42,UPI
TXN429CD1D224,2024-07-22,BR03,Rajahmundry,Andhra Pradesh,CUST00756,Vikram Varma,Retail,P001,Budget Smartphone 4G,Mobile,1,11268.64,0.15,0.8,UPI
TXN53DC744A01,2024-06-13,BR03,Rajahmundry,Andhra Pradesh,CUST01078,Harika Naidu,Retail,P004,Wireless Earbuds,Mobile,1,4901.24,0.0,0.55,UPI
TXN00195BCB8D,2023-09-17,BR03,Rajahmundry,Andhra Pradesh,CUST01942,Vikram Rao,Retail,P013,Power Bank,Accessories,3,1227.56,0.05,0.48,UPI
TXN1A11900240,2023-07-02,BR03,Rajahmundry,Andhra Pradesh,CUST01088,Manoj Babu,Wholesale,P012,Mobile Charger,Accessories,1,1424.14,0.1,0.42,Debit Card
TXN91E1C3AC79,2024-05-20,BR03,Rajahmundry,Andhra Pradesh,CUST00588,Suresh Sharma,Retail,P004,Wireless Earbuds,Mobile,1,5422.88,0.0,0.55,Debit Card
TXN879A43CFD2,2024-09-04,BR03,Rajahmundry,Andhra Pradesh,CUST00241,Praveen Naidu,Retail,P019,LED TV 55-inch,Electronics,1,42907.36,0.0,0.79,UPI
TXN9EE4BBF2AB,2023-12-03,BR03,Rajahmundry,Andhra Pradesh,CUST00950,Arjun Kumar,Retail,P008,Ultrabook Thin & Light,Laptop,1,93411.96,0.05,0.79,UPI
TXN9A9D330F41,2023-03-13,BR03,Rajahmundry,Andhra Pradesh,CUST00594,Ravi Rao,Retail,P018,LED TV 43-inch,Electronics,1,24923.33,0.05,0.8,UPI
TXN628183DA40,2023-02-05,BR03,Rajahmundry,Andhra Pradesh,CUST00027,Naveen Naidu,Corporate,P021,Smart Watch,Electronics,1,10672.88,0.05,0.55,UPI
TXNFE92D8065B,2023-09-03,BR03,Rajahmundry,Andhra Pradesh,CUST01097,Praveen Naidu,Retail,P003,Flagship Smartphone,Mobile,1,70477.67,0.05,0.75,Cash
TXN01AF1B0B21,2024-07-22,BR03,Rajahmundry,Andhra Pradesh,CUST01152,Arjun Sarma,Wholesale,P010,Wireless Mouse,Accessories,1,479.52,0.1,0.4,Cash
TXN5A3B1987AD,2024-10-26,BR03,Rajahmundry,Andhra Pradesh,CUST00468,Meena Devi,Retail,P007,Gaming Laptop i7,Laptop,1,117748.62,0.05,0.78,Credit Card
TXN36C4A89FC5,2024-02-25,BR03,Rajahmundry,Andhra Pradesh,CUST01148,Ajay Reddy,Retail,P005,Entry Laptop i3,Laptop,1,34058.06,0.1,0.82,Credit Card
TXNB50BB87444,2024-06-19,BR03,Rajahmundry,Andhra Pradesh,CUST00627,Naveen Sharma,Corporate,P009,Laptop Bag,Accessories,1,701.87,0.1,0.45,Debit Card
TXN2787E1EDA4,2023-04-27,BR03,Rajahmundry,Andhra Pradesh,CUST01883,Lakshmi Babu,Retail,P018,LED TV 43-inch,Electronics,1,29074.17,0.0,0.8,UPI
TXNF98BF30DA1,2023-02-05,BR03,Rajahmundry,Andhra Pradesh,CUST00352,Sandeep Sharma,Wholesale,P020,Home Theatre System,Electronics,1,5210.71,0.15,0.6,Debit Card
TXN572CA67581,2024-06-06,BR03,Rajahmundry,Andhra Pradesh,CUST01104,Kavya Rao,Retail,P005,Entry Laptop i3,Laptop,1,32986.05,0.0,0.82,UPI
TXNB2081A5E54,2023-12-13,BR03,Rajahmundry,Andhra Pradesh,CUST00157,Deepika Sharma,Retail,P009,Laptop Bag,Accessories,2,1064.85,0.0,0.45,Debit Card
TXNBBE5D67134,2024-12-21,BR03,Rajahmundry,Andhra Pradesh,CUST00429,Praveen Babu,Retail,P011,Bluetooth Speaker,Accessories,1,1893.5,0.15,0.5,Credit Card
TXNC29196572D,2023-08-29,BR03,Rajahmundry,Andhra Pradesh,CUST00545,Naveen Chowdary,Wholesale,P011,Bluetooth Speaker,Accessories,1,2935.09,0.0,0.5,UPI
TXND2FF8ED0B2,2023-06-21,BR03,Rajahmundry,Andhra Pradesh,CUST00719,Pooja Devi,Retail,P002,Mid-range Smartphone 5G,Mobile,1,25055.04,0.0,0.78,UPI
TXND35BB91828,2023-11-29,BR03,Rajahmundry,Andhra Pradesh,CUST00784,Harika Naidu,Wholesale,P014,Split AC 1.5 Ton,Home Appliances,1,45295.22,0.0,0.83,Credit Card
TXN8DFCB72437,2024-07-24,BR03,Rajahmundry,Andhra Pradesh,CUST00529,Suresh Prasad,Retail,P008,Ultrabook Thin & Light,Laptop,1,81686.03,0.05,0.79,Cash
TXN5973FA9F30,2023-07-07,BR03,Rajahmundry,Andhra Pradesh,CUST01296,Swathi Kumar,Retail,P010,Wireless Mouse,Accessories,2,718.55,0.0,0.4,UPI
TXN1728FA0504,2024-01-08,BR03,Rajahmundry,Andhra Pradesh,CUST00567,Naveen Kumar,Retail,P012,Mobile Charger,Accessories,1,1726.93,0.0,0.42,Net Banking
TXN6B2EA07C5C,2023-01-18,BR03,Rajahmundry,Andhra Pradesh,CUST00293,Sneha Naidu,Retail,P002,Mid-range Smartphone 5G,Mobile,1,24372.96,0.15,0.78,Debit Card
TXN5CD7841882,2024-02-13,BR03,Rajahmundry,Andhra Pradesh,CUST01404,Manoj Babu,Retail,P011,Bluetooth Speaker,Accessories,1,1906.77,0.0,0.5,Debit Card
TXN766E372202,2024-09-24,BR03,Rajahmundry,Andhra Pradesh,CUST01840,Sneha Sharma,Retail,P006,Business Laptop i5,Laptop,1,52049.63,0.05,0.8,Debit Card
TXNE732B09D2C,2023-08-19,BR03,Rajahmundry,Andhra Pradesh,CUST01457,Vikram Sharma,Retail,P002,Mid-range Smartphone 5G,Mobile,1,26559.3,0.1,0.78,Credit Card
TXN6FF6AA2CB4,2024-07-07,BR03,Rajahmundry,Andhra Pradesh,CUST01364,Praveen Rao,Retail,P003,Flagship Smartphone,Mobile,1,47151.68,0.05,0.75,UPI
TXNBB8CF7C9C7,2023-08-28,BR03,Rajahmundry,Andhra Pradesh,CUST00575,Sandeep Prasad,Retail,P013,Power Bank,Accessories,1,1231.76,0.0,0.48,Net Banking
TXN48B5E626FD,2024-09-24,BR03,Rajahmundry,Andhra Pradesh,CUST01036,Kiran Devi,Retail,P014,Split AC 1.5 Ton,Home Appliances,1,40463.95,0.05,0.83,Net Banking
TXN45B412E8B0,2024-08-03,BR03,Rajahmundry,Andhra Pradesh,CUST01695,Deepika Prasad,Retail,P011,Bluetooth Speaker,Accessories,2,2612.45,0.0,0.5,Debit Card
TXN94E5201A71,2024-07-24,BR03,Rajahmundry,Andhra Pradesh,CUST01842,Praveen Chowdary,Retail,P004,Wireless Earbuds,Mobile,3,4879.99,0.0,0.55,Cash
TXNDF131FACF1,2023-05-17,BR03,Rajahmundry,Andhra Pradesh,CUST00531,Pooja Devi,Retail,P011,Bluetooth Speaker,Accessories,3,4810.54,0.15,0.5,Net Banking
TXNBC32B52270,2024-08-11,BR03,Rajahmundry,Andhra Pradesh,CUST01340,Arjun Chowdary,Retail,P013,Power Bank,Accessories,3,1485.38,0.05,0.48,Cash
TXN24A34E4B60,2023-01-23,BR03,Rajahmundry,Andhra Pradesh,CUST01238,Arjun Reddy,Wholesale,P002,Mid-range Smartphone 5G,Mobile,1,21914.91,0.1,0.78,UPI
TXN8860130F28,2024-10-15,BR03,Rajahmundry,Andhra Pradesh,CUST01860,Meena Prasad,Retail,P008,Ultrabook Thin & Light,Laptop,1,56979.91,0.1,0.79,Credit Card
TXN368EF1C7F8,2024-12-15,BR03,Rajahmundry,Andhra Pradesh,CUST00791,Ajay Kumar,Retail,P004,Wireless Earbuds,Mobile,1,5502.21,0.05,0.55,Cash
TXND0EA2BD469,2023-01-10,BR03,Rajahmundry,Andhra Pradesh,CUST00244,Sneha Rao,Retail,P020,Home Theatre System,Electronics,1,7715.63,0.0,0.6,UPI
TXN484137DC15,2024-03-12,BR03,Rajahmundry,Andhra Pradesh,CUST00773,Priya Rao,Retail,P002,Mid-range Smartphone 5G,Mobile,1,18528.28,0.1,0.78,UPI
TXNF0C1F084A5,2024-06-06,BR03,Rajahmundry,Andhra Pradesh,CUST01394,Arjun Chowdary,Retail,P020,Home Theatre System,Electronics,3,10751.7,0.0,0.6,Credit Card
TXN978850827F,2024-08-08,BR03,Rajahmundry,Andhra Pradesh,CUST01844,Srinivas Prasad,Retail,P005,Entry Laptop i3,Laptop,1,31169.32,0.05,0.82,UPI
TXNA5ED272090,2023-09-27,BR03,Rajahmundry,Andhra Pradesh,CUST00215,Ramesh Sharma,Retail,P007,Gaming Laptop i7,Laptop,1,87535.55,0.1,0.78,UPI
TXN7CCF1DFEB9,2023-11-29,BR03,Rajahmundry,Andhra Pradesh,CUST00341,Sandeep Murthy,Corporate,P002,Mid-range Smartphone 5G,Mobile,1,23093.11,0.0,0.78,Net Banking
TXNCB062EA8B2,2024-01-11,BR03,Rajahmundry,Andhra Pradesh,CUST01779,Sneha Babu,Retail,P011,Bluetooth Speaker,Accessories,1,3533.67,0.05,0.5,UPI
TXNEE1A12AD6A,2023-03-16,BR03,Rajahmundry,Andhra Pradesh,CUST00507,Ramesh Rao,Wholesale,P007,Gaming Laptop i7,Laptop,1,94595.8,0.15,0.78,UPI
TXNF9018D7D58,2023-10-24,BR03,Rajahmundry,Andhra Pradesh,CUST01110,Ravi Murthy,Retail,P010,Wireless Mouse,Accessories,2,1116.17,0.1,0.4,Net Banking
TXNB1FD2149E9,2024-12-22,BR03,Rajahmundry,Andhra Pradesh,CUST00212,Ravi Rao,Retail,P003,Flagship Smartphone,Mobile,1,71060.49,0.0,0.75,Credit Card
TXN9EA2BC0F6F,2024-06-08,BR03,Rajahmundry,Andhra Pradesh,CUST00866,Meena Devi,Retail,P001,Budget Smartphone 4G,Mobile,2,10112.71,0.0,0.8,Credit Card
TXNA8D7361C27,2024-12-04,BR03,Rajahmundry,Andhra Pradesh,CUST00595,Vikram Kumar,Retail,P020,Home Theatre System,Electronics,2,14996.72,0.0,0.6,Debit Card
TXN675A2C7668,2024-01-23,BR03,Rajahmundry,Andhra Pradesh,CUST00980,Naveen Sharma,Retail,P002,Mid-range Smartphone 5G,Mobile,1,15843.16,0.15,0.78,Net Banking
TXNE83125DAA2,2024-07-16,BR03,Rajahmundry,Andhra Pradesh,CUST00627,Naveen Sharma,Corporate,P002,Mid-range Smartphone 5G,Mobile,1,24230.86,0.0,0.78,UPI
TXN55826CDA9A,2024-09-05,BR03,Rajahmundry,Andhra Pradesh,CUST00670,Ajay Sarma,Retail,P004,Wireless Earbuds,Mobile,3,3624.69,0.15,0.55,UPI
TXN1EB0A8C4EB,2024-12-22,BR03,Rajahmundry,Andhra Pradesh,CUST00472,Aishwarya Naidu,Retail,P011,Bluetooth Speaker,Accessories,3,1372.93,0.05,0.5,Cash
TXN85D85A914A,2024-08-18,BR03,Rajahmundry,Andhra Pradesh,CUST01739,Meena Prasad,Retail,P021,Smart Watch,Electronics,3,9634.2,0.15,0.55,UPI
TXN5837258E13,2023-06-12,BR03,Rajahmundry,Andhra Pradesh,CUST01853,Kiran Rao,Retail,P002,Mid-range Smartphone 5G,Mobile,1,22837.53,0.15,0.78,UPI
TXNE7E481D0FA,2024-03-13,BR03,Rajahmundry,Andhra Pradesh,CUST01160,Lakshmi Varma,Retail,P002,Mid-range Smartphone 5G,Mobile,1,18255.54,0.05,0.78,Cash
TXN1D893DACD6,2023-12-15,BR03,Rajahmundry,Andhra Pradesh,CUST00125,Meena Sarma,Retail,P021,Smart Watch,Electronics,1,6120.5,0.15,0.55,UPI
TXN68CB0DD1DC,2024-05-02,BR03,Rajahmundry,Andhra Pradesh,CUST00022,Praveen Sharma,Retail,P020,Home Theatre System,Electronics,2,10257.24,0.1,0.6,UPI
TXNC1D4C06D01,2024-09-21,BR03,Rajahmundry,Andhra Pradesh,CUST00930,Arjun Devi,Retail,P004,Wireless Earbuds,Mobile,1,2742.3,0.1,0.55,UPI
TXNF8D7D5655E,2023-04-21,BR03,Rajahmundry,Andhra Pradesh,CUST00856,Sandeep Sarma,Corporate,P003,Flagship Smartphone,Mobile,1,65356.73,0.05,0.75,Debit Card
TXNFE8A80F82D,2024-02-29,BR03,Rajahmundry,Andhra Pradesh,CUST01760,Praveen Reddy,Corporate,P004,Wireless Earbuds,Mobile,1,2274.95,0.0,0.55,Cash
TXN0A063327CB,2023-08-13,BR03,Rajahmundry,Andhra Pradesh,CUST01957,Vikram Devi,Retail,P003,Flagship Smartphone,Mobile,1,76675.26,0.15,0.75,UPI
TXNB671C9586C,2023-11-13,BR03,Rajahmundry,Andhra Pradesh,CUST01530,Ravi Devi,Retail,P004,Wireless Earbuds,Mobile,2,5899.68,0.25,0.55,UPI
TXNCA2753CFA1,2024-09-01,BR03,Rajahmundry,Andhra Pradesh,CUST01501,Sneha Devi,Retail,P010,Wireless Mouse,Accessories,1,875.92,0.0,0.4,Cash
TXN5E3B8EB742,2024-12-05,BR03,Rajahmundry,Andhra Pradesh,CUST01153,Ravi Sharma,Wholesale,P018,LED TV 43-inch,Electronics,1,31052.6,0.15,0.8,UPI
TXN26C91311B1,2024-07-21,BR03,Rajahmundry,Andhra Pradesh,CUST01097,Praveen Naidu,Retail,P011,Bluetooth Speaker,Accessories,2,1162.58,0.0,0.5,Net Banking
TXNB434FF98F6,2023-09-24,BR03,Rajahmundry,Andhra Pradesh,CUST00659,Deepika Sharma,Retail,P021,Smart Watch,Electronics,1,6215.54,0.15,0.55,Cash
TXNA5738AA84B,2024-12-14,BR03,Rajahmundry,Andhra Pradesh,CUST00384,Deepika Chowdary,Retail,P006,Business Laptop i5,Laptop,1,44420.24,0.05,0.8,Credit Card
TXN83966C3978,2023-09-05,BR03,Rajahmundry,Andhra Pradesh,CUST01597,Manoj Chowdary,Corporate,P014,Split AC 1.5 Ton,Home Appliances,1,34421.42,0.0,0.83,Credit Card
TXN6760FB03BD,2023-06-21,BR03,Rajahmundry,Andhra Pradesh,CUST01615,Ramesh Babu,Retail,P020,Home Theatre System,Electronics,1,13567.87,0.0,0.6,Debit Card
TXN91885654CD,2024-06-24,BR03,Rajahmundry,Andhra Pradesh,CUST00374,Ramesh Babu,Retail,P001,Budget Smartphone 4G,Mobile,2,12759.34,0.1,0.8,Net Banking
TXN5B2EA80F8C,2024-12-16,BR03,Rajahmundry,Andhra Pradesh,CUST01402,Kiran Sarma,Retail,P019,LED TV 55-inch,Electronics,1,43221.86,0.0,0.79,Credit Card
TXN04A40A279A,2023-10-01,BR03,Rajahmundry,Andhra Pradesh,CUST00183,Meena Varma,Corporate,P010,Wireless Mouse,Accessories,2,1461.77,0.1,0.4,UPI
TXNDA2281E9CD,2024-02-08,BR03,Rajahmundry,Andhra Pradesh,CUST00052,Vikram Kumar,Retail,P019,LED TV 55-inch,Electronics,1,42185.07,0.05,0.79,Debit Card
TXN3F81EC5E11,2024-08-18,BR03,Rajahmundry,Andhra Pradesh,CUST01908,Vikram Rao,Retail,P006,Business Laptop i5,Laptop,1,46054.05,0.1,0.8,Debit Card
TXNC8E545B10B,2023-08-19,BR03,Rajahmundry,Andhra Pradesh,CUST01827,Arjun Sharma,Retail,P020,Home Theatre System,Electronics,2,9307.53,0.05,0.6,Debit Card
TXN836766E24F,2023-09-12,BR03,Rajahmundry,Andhra Pradesh,CUST01244,Sneha Murthy,Wholesale,P004,Wireless Earbuds,Mobile,1,4816.57,0.0,0.55,Cash
TXNC48170C392,2023-02-11,BR03,Rajahmundry,Andhra Pradesh,CUST01165,Ajay Sarma,Retail,P003,Flagship Smartphone,Mobile,1,83799.36,0.0,0.75,UPI
TXNCD6585CAAF,2023-10-27,BR03,Rajahmundry,Andhra Pradesh,CUST00015,Harika Prasad,Retail,P020,Home Theatre System,Electronics,2,10665.64,0.05,0.6,Credit Card
TXN900016B469,2023-05-10,BR03,Rajahmundry,Andhra Pradesh,CUST00413,Swathi Rao,Retail,P009,Laptop Bag,Accessories,1,1444.02,0.05,0.45,Net Banking
TXN58A1375602,2023-10-07,BR03,Rajahmundry,Andhra Pradesh,CUST01185,Srinivas Varma,Retail,P013,Power Bank,Accessories,2,1374.99,0.15,0.48,UPI
TXND32410694A,2024-12-09,BR03,Rajahmundry,Andhra Pradesh,CUST01723,Kavya Chowdary,Retail,P013,Power Bank,Accessories,1,972.37,0.0,0.48,Credit Card
TXNC831E64723,2023-06-13,BR03,Rajahmundry,Andhra Pradesh,CUST01241,Lakshmi Varma,Retail,P013,Power Bank,Accessories,1,2199.2,0.0,0.48,UPI
TXNDE79450923,2023-05-10,BR03,Rajahmundry,Andhra Pradesh,CUST00748,Harika Sarma,Retail,P006,Business Laptop i5,Laptop,1,58421.78,0.0,0.8,Credit Card
TXN8B18C1A569,2024-04-23,BR03,Rajahmundry,Andhra Pradesh,CUST01908,Vikram Rao,Retail,P009,Laptop Bag,Accessories,1,1954.26,0.0,0.45,Net Banking
TXN27BBF26DE8,2023-03-18,BR03,Rajahmundry,Andhra Pradesh,CUST01514,Aishwarya Prasad,Retail,P009,Laptop Bag,Accessories,3,730.98,0.15,0.45,UPI
TXN7E097AE7B5,2023-09-20,BR03,Rajahmundry,Andhra Pradesh,CUST00352,Sandeep Sharma,Wholesale,P010,Wireless Mouse,Accessories,2,1082.57,0.15,0.4,Net Banking
TXND64DB0C0FD,2023-05-08,BR03,Rajahmundry,Andhra Pradesh,CUST00574,Kavya Varma,Retail,P012,Mobile Charger,Accessories,1,766.18,0.05,0.42,UPI
TXN683D84F762,2023-11-10,BR03,Rajahmundry,Andhra Pradesh,CUST00716,Arjun Sarma,Retail,P021,Smart Watch,Electronics,2,4270.44,0.15,0.55,Cash
TXND786EA9155,2024-04-21,BR03,Rajahmundry,Andhra Pradesh,CUST00517,Manoj Kumar,Retail,P001,Budget Smartphone 4G,Mobile,1,13637.92,0.0,0.8,Debit Card
TXNE9E819485B,2024-02-22,BR03,Rajahmundry,Andhra Pradesh,CUST00372,Naveen Murthy,Retail,P011,Bluetooth Speaker,Accessories,1,3276.36,0.0,0.5,UPI
TXN80C2712589,2023-01-16,BR03,Rajahmundry,Andhra Pradesh,CUST00621,Manoj Naidu,Retail,P014,Split AC 1.5 Ton,Home Appliances,1,40084.53,0.05,0.83,Net Banking
TXN3A876E4BDC,2023-02-14,BR03,Rajahmundry,Andhra Pradesh,CUST00651,Sneha Rao,Retail,P012,Mobile Charger,Accessories,1,1102.35,0.0,0.42,UPI
TXNF95BDF52BC,2023-04-03,BR03,Rajahmundry,Andhra Pradesh,CUST00425,Deepika Sharma,Retail,P009,Laptop Bag,Accessories,1,1407.45,0.1,0.45,Debit Card
TXN124EEAA34F,2024-09-06,BR03,Rajahmundry,Andhra Pradesh,CUST00365,Ajay Rao,Retail,P019,LED TV 55-inch,Electronics,1,41567.71,0.15,0.79,UPI
TXN3356F03E14,2024-12-23,BR03,Rajahmundry,Andhra Pradesh,CUST00904,Kiran Reddy,Retail,P010,Wireless Mouse,Accessories,2,1346.83,0.0,0.4,Credit Card
TXNE5EE60D3E0,2024-10-19,BR03,Rajahmundry,Andhra Pradesh,CUST01229,Arjun Chowdary,Retail,P012,Mobile Charger,Accessories,1,1149.72,0.2,0.42,Credit Card
TXNADE2B5128B,2024-11-09,BR03,Rajahmundry,Andhra Pradesh,CUST01270,Harika Reddy,Corporate,P021,Smart Watch,Electronics,1,8939.18,0.15,0.55,UPI
TXN09EF9676D9,2024-03-17,BR03,Rajahmundry,Andhra Pradesh,CUST00252,Vikram Rao,Retail,P018,LED TV 43-inch,Electronics,1,23624.44,0.05,0.8,UPI
TXNE0A977536B,2024-06-18,BR03,Rajahmundry,Andhra Pradesh,CUST00390,Harika Babu,Retail,P003,Flagship Smartphone,Mobile,1,59966.3,0.15,0.75,Cash
TXN0ECD81DA95,2023-11-02,BR03,Rajahmundry,Andhra Pradesh,CUST00890,Sandeep Sarma,Retail,P010,Wireless Mouse,Accessories,1,337.69,0.1,0.4,Cash
TXND65522BAF2,2024-06-15,BR03,Rajahmundry,Andhra Pradesh,CUST00445,Aishwarya Reddy,Retail,P013,Power Bank,Accessories,1,2167.69,0.05,0.48,Net Banking
TXNBEDC9B3D4D,2023-11-13,BR03,Rajahmundry,Andhra Pradesh,CUST01019,Anitha Babu,Retail,P008,Ultrabook Thin & Light,Laptop,1,82127.55,0.15,0.79,UPI
TXN67CCD9E5A3,2023-03-21,BR03,Rajahmundry,Andhra Pradesh,CUST00960,Swathi Chowdary,Wholesale,P012,Mobile Charger,Accessories,1,1762.31,0.15,0.42,Cash
TXN7D7D8A5B75,2023-11-03,BR03,Rajahmundry,Andhra Pradesh,CUST01594,Deepika Sharma,Retail,P012,Mobile Charger,Accessories,3,683.7,0.1,0.42,UPI
TXNB9B336AFD2,2024-11-16,BR03,Rajahmundry,Andhra Pradesh,CUST00994,Meena Murthy,Retail,P012,Mobile Charger,Accessories,1,1638.67,0.1,0.42,UPI
TXN0DC4EA635D,2024-01-09,BR03,Rajahmundry,Andhra Pradesh,CUST01260,Suresh Sharma,Retail,P019,LED TV 55-inch,Electronics,1,55736.26,0.1,0.79,UPI
TXN7B2F8F4D87,2023-08-15,BR03,Rajahmundry,Andhra Pradesh,CUST01950,Priya Sharma,Retail,P016,Washing Machine,Home Appliances,1,28955.84,0.15,0.8,Cash
TXN28D31A7316,2023-12-06,BR03,Rajahmundry,Andhra Pradesh,CUST01034,Manoj Rao,Retail,P012,Mobile Charger,Accessories,2,1776.76,0.0,0.42,Cash
TXN4AE7241388,2023-08-21,BR03,Rajahmundry,Andhra Pradesh,CUST01500,Manoj Naidu,Retail,P018,LED TV 43-inch,Electronics,1,27267.86,0.15,0.8,UPI
TXN9EAC98ED6C,2024-08-01,BR03,Rajahmundry,Andhra Pradesh,CUST00148,Arjun Reddy,Retail,P008,Ultrabook Thin & Light,Laptop,1,78482.48,0.0,0.79,Credit Card
TXN4AE6A7D406,2024-04-04,BR03,Rajahmundry,Andhra Pradesh,CUST00930,Arjun Devi,Retail,P004,Wireless Earbuds,Mobile,1,2082.07,0.0,0.55,Credit Card
TXNF55E17C74B,2024-09-22,BR03,Rajahmundry,Andhra Pradesh,CUST01235,Srinivas Sharma,Retail,P004,Wireless Earbuds,Mobile,1,4351.65,0.15,0.55,Debit Card
TXN9F1B48B25A,2023-01-23,BR03,Rajahmundry,Andhra Pradesh,CUST00551,Manoj Rao,Retail,P010,Wireless Mouse,Accessories,2,346.87,0.0,0.4,Cash
TXND6C82C2BC4,2024-01-11,BR03,Rajahmundry,Andhra Pradesh,CUST00234,Pooja Devi,Retail,P005,Entry Laptop i3,Laptop,1,36285.51,0.1,0.82,UPI
TXN52EFCD1FCF,2024-02-14,BR03,Rajahmundry,Andhra Pradesh,CUST00965,Kiran Rao,Retail,P012,Mobile Charger,Accessories,1,800.74,0.1,0.42,UPI
TXNC1F200B990,2023-11-02,BR03,Rajahmundry,Andhra Pradesh,CUST00940,Harika Sharma,Retail,P007,Gaming Laptop i7,Laptop,1,121457.94,0.05,0.78,Cash
TXN88B346AA4C,2024-09-19,BR03,Rajahmundry,Andhra Pradesh,CUST00144,Suresh Naidu,Retail,P003,Flagship Smartphone,Mobile,1,63800.87,0.0,0.75,Cash
TXN9542AEF13F,2023-06-23,BR03,Rajahmundry,Andhra Pradesh,CUST00868,Praveen Rao,Corporate,P002,Mid-range Smartphone 5G,Mobile,1,21351.71,0.15,0.78,UPI
TXN44962971C4,2023-03-21,BR03,Rajahmundry,Andhra Pradesh,CUST01655,Divya Prasad,Retail,P001,Budget Smartphone 4G,Mobile,2,13503.92,0.15,0.8,UPI
TXN916800121C,2023-07-18,BR03,Rajahmundry,Andhra Pradesh,CUST00263,Vikram Sharma,Retail,P013,Power Bank,Accessories,1,882.89,0.0,0.48,UPI
TXN2E6018E1F0,2023-10-29,BR03,Rajahmundry,Andhra Pradesh,CUST01633,Harika Sarma,Corporate,P011,Bluetooth Speaker,Accessories,1,3970.73,0.1,0.5,UPI
TXN3A9793630E,2023-05-23,BR03,Rajahmundry,Andhra Pradesh,CUST01142,Divya Sarma,Retail,P004,Wireless Earbuds,Mobile,3,3343.7,0.0,0.55,UPI
TXNC3EE55B69D,2024-10-12,BR03,Rajahmundry,Andhra Pradesh,CUST01864,Praveen Babu,Retail,P018,LED TV 43-inch,Electronics,1,23581.71,0.05,0.8,Debit Card
TXN27AC2456A0,2024-10-09,BR03,Rajahmundry,Andhra Pradesh,CUST01033,Sandeep Rao,Retail,P021,Smart Watch,Electronics,1,9363.31,0.0,0.55,Net Banking
TXND12ECEAB57,2023-07-08,BR03,Rajahmundry,Andhra Pradesh,CUST01590,Sneha Varma,Retail,P009,Laptop Bag,Accessories,1,978.83,0.0,0.45,Net Banking
TXN44DA0DC7D6,2024-01-21,BR03,Rajahmundry,Andhra Pradesh,CUST00553,Praveen Sarma,Retail,P001,Budget Smartphone 4G,Mobile,3,8003.44,0.05,0.8,Cash
TXNAFF1A02E37,2024-07-15,BR03,Rajahmundry,Andhra Pradesh,CUST01212,Kiran Rao,Retail,P009,Laptop Bag,Accessories,1,1991.64,0.1,0.45,UPI
TXN42FEBC154D,2024-06-05,BR03,Rajahmundry,Andhra Pradesh,CUST00886,Manoj Varma,Retail,P018,LED TV 43-inch,Electronics,1,26194.29,0.0,0.8,UPI
TXN6B1645E1A9,2024-06-28,BR03,Rajahmundry,Andhra Pradesh,CUST01761,Suresh Naidu,Wholesale,P002,Mid-range Smartphone 5G,Mobile,1,27221.29,0.15,0.78,Credit Card
TXN12EC992040,2024-04-22,BR03,Rajahmundry,Andhra Pradesh,CUST00417,Pooja Babu,Corporate,P001,Budget Smartphone 4G,Mobile,1,11822.52,0.1,0.8,Net Banking
TXN2982EC1C0D,2024-06-27,BR03,Rajahmundry,Andhra Pradesh,CUST00294,Ajay Prasad,Retail,P019,LED TV 55-inch,Electronics,1,46449.91,0.1,0.79,Debit Card
TXNAFAD89E1FD,2024-11-05,BR03,Rajahmundry,Andhra Pradesh,CUST00381,Kavya Rao,Retail,P015,Refrigerator 300L,Home Appliances,1,40244.63,0.0,0.82,Debit Card
TXN33A9C6B664,2024-05-20,BR03,Rajahmundry,Andhra Pradesh,CUST00719,Pooja Devi,Retail,P001,Budget Smartphone 4G,Mobile,1,9357.41,0.05,0.8,Debit Card
TXN10F4120B8A,2023-03-02,BR03,Rajahmundry,Andhra Pradesh,CUST01150,Harika Naidu,Retail,P002,Mid-range Smartphone 5G,Mobile,2,17932.8,0.1,0.78,Credit Card
TXN70E59A9BC6,2024-03-02,BR03,Rajahmundry,Andhra Pradesh,CUST00743,Deepika Varma,Retail,P020,Home Theatre System,Electronics,1,16452.37,0.05,0.6,UPI
TXN5EA1FE0513,2023-06-16,BR03,Rajahmundry,Andhra Pradesh,CUST00516,Divya Sarma,Retail,P007,Gaming Laptop i7,Laptop,1,112405.82,0.0,0.78,UPI
TXN5D56AF0DB8,2024-08-04,BR03,Rajahmundry,Andhra Pradesh,CUST01425,Priya Devi,Retail,P003,Flagship Smartphone,Mobile,1,46409.23,0.1,0.75,Credit Card
TXN3823947351,2023-06-23,BR03,Rajahmundry,Andhra Pradesh,CUST00111,Pooja Rao,Wholesale,P010,Wireless Mouse,Accessories,1,1391.92,0.0,0.4,UPI
TXN2CBC0CADEB,2023-10-20,BR03,Rajahmundry,Andhra Pradesh,CUST01700,Sandeep Kumar,Retail,P016,Washing Machine,Home Appliances,1,26894.19,0.15,0.8,Credit Card
TXNF73C2751C1,2024-08-27,BR03,Rajahmundry,Andhra Pradesh,CUST01250,Sandeep Varma,Wholesale,P011,Bluetooth Speaker,Accessories,1,4392.42,0.0,0.5,UPI
TXNE2A26ED2E3,2023-06-20,BR03,Rajahmundry,Andhra Pradesh,CUST00134,Sneha Kumar,Corporate,P020,Home Theatre System,Electronics,2,11690.91,0.1,0.6,UPI
TXNC2ACEC0EE2,2024-05-10,BR03,Rajahmundry,Andhra Pradesh,CUST01810,Kavya Chowdary,Retail,P019,LED TV 55-inch,Electronics,1,56943.43,0.15,0.79,UPI
TXNDE1AF08B11,2024-10-21,BR03,Rajahmundry,Andhra Pradesh,CUST00453,Sandeep Devi,Retail,P002,Mid-range Smartphone 5G,Mobile,1,26351.76,0.0,0.78,Debit Card
TXN9B5E4EFC07,2024-10-30,BR03,Rajahmundry,Andhra Pradesh,CUST01448,Kiran Varma,Retail,P009,Laptop Bag,Accessories,3,986.94,0.0,0.45,Credit Card
TXN492294D491,2023-12-29,BR03,Rajahmundry,Andhra Pradesh,CUST01585,Meena Sharma,Retail,P002,Mid-range Smartphone 5G,Mobile,1,23238.9,0.0,0.78,Cash
TXN613B3E4CAB,2024-12-14,BR03,Rajahmundry,Andhra Pradesh,CUST00192,Srinivas Prasad,Retail,P002,Mid-range Smartphone 5G,Mobile,1,25457.68,0.05,0.78,Credit Card
TXN190E06DA03,2023-12-02,BR03,Rajahmundry,Andhra Pradesh,CUST01314,Sandeep Reddy,Retail,P004,Wireless Earbuds,Mobile,1,5815.49,0.05,0.55,UPI
TXN146AC657BE,2024-10-04,BR03,Rajahmundry,Andhra Pradesh,CUST01955,Srinivas Rao,Retail,P010,Wireless Mouse,Accessories,1,636.44,0.05,0.4,Debit Card
TXN046D33C26A,2024-12-13,BR03,Rajahmundry,Andhra Pradesh,CUST00187,Ramesh Murthy,Wholesale,P003,Flagship Smartphone,Mobile,1,89763.97,0.0,0.75,UPI
TXNBB31D7E845,2024-07-31,BR03,Rajahmundry,Andhra Pradesh,CUST00029,Deepika Sharma,Wholesale,P003,Flagship Smartphone,Mobile,1,70654.44,0.15,0.75,UPI
TXNCA471BFA63,2024-04-27,BR03,Rajahmundry,Andhra Pradesh,CUST00532,Ramesh Prasad,Retail,P009,Laptop Bag,Accessories,1,799.17,0.1,0.45,Cash
TXNA12A4FC3BC,2024-08-26,BR03,Rajahmundry,Andhra Pradesh,CUST00523,Praveen Rao,Retail,P009,Laptop Bag,Accessories,2,884.18,0.15,0.45,Debit Card
TXNBCE1EB5ED3,2023-01-18,BR03,Rajahmundry,Andhra Pradesh,CUST01770,Swathi Devi,Retail,P013,Power Bank,Accessories,3,822.27,0.15,0.48,UPI
TXNF771169666,2023-02-06,BR03,Rajahmundry,Andhra Pradesh,CUST01207,Sneha Sharma,Retail,P012,Mobile Charger,Accessories,1,944.78,0.0,0.42,Credit Card
TXN0E0B454520,2023-01-11,BR03,Rajahmundry,Andhra Pradesh,CUST00500,Divya Varma,Wholesale,P017,Microwave Oven,Home Appliances,1,13515.59,0.15,0.75,UPI
TXNBAE732F75F,2023-10-26,BR03,Rajahmundry,Andhra Pradesh,CUST00863,Sneha Naidu,Wholesale,P011,Bluetooth Speaker,Accessories,1,4397.31,0.1,0.5,Net Banking
TXN1C1BF602D6,2024-10-13,BR03,Rajahmundry,Andhra Pradesh,CUST00875,Manoj Naidu,Corporate,P012,Mobile Charger,Accessories,2,1229.98,0.1,0.42,Net Banking
TXN8ACBDD3AFB,2023-01-18,BR03,Rajahmundry,Andhra Pradesh,CUST00966,Arjun Chowdary,Retail,P004,Wireless Earbuds,Mobile,1,3567.97,0.15,0.55,UPI
TXN137CD42D17,2024-10-24,BR03,Rajahmundry,Andhra Pradesh,CUST00194,Divya Varma,Retail,P010,Wireless Mouse,Accessories,2,1290.36,0.2,0.4,UPI
TXNA65C1BC40D,2023-06-03,BR03,Rajahmundry,Andhra Pradesh,CUST01828,Meena Naidu,Retail,P010,Wireless Mouse,Accessories,1,1278.66,0.1,0.4,Cash
TXNE275827BFE,2023-06-09,BR03,Rajahmundry,Andhra Pradesh,CUST01532,Kavya Devi,Wholesale,P004,Wireless Earbuds,Mobile,1,2345.89,0.0,0.55,Cash
TXNE984905182,2023-07-19,BR03,Rajahmundry,Andhra Pradesh,CUST00121,Arjun Reddy,Retail,P020,Home Theatre System,Electronics,2,16306.04,0.0,0.6,Debit Card
TXN48FDE96DEA,2023-11-22,BR03,Rajahmundry,Andhra Pradesh,CUST01831,Sandeep Babu,Retail,P013,Power Bank,Accessories,3,1113.22,0.0,0.48,UPI
TXNE42E8A2F50,2024-02-24,BR03,Rajahmundry,Andhra Pradesh,CUST00555,Suresh Naidu,Retail,P012,Mobile Charger,Accessories,2,1010.56,0.1,0.42,Debit Card
TXN8D978564C5,2024-04-20,BR03,Rajahmundry,Andhra Pradesh,CUST00353,Ramesh Rao,Retail,P016,Washing Machine,Home Appliances,1,29576.79,0.05,0.8,UPI
TXN526FB8CFEB,2024-12-19,BR03,Rajahmundry,Andhra Pradesh,CUST00585,Sneha Prasad,Wholesale,P009,Laptop Bag,Accessories,2,1275.31,0.05,0.45,UPI
TXN7ACEE9BCA8,2023-10-12,BR03,Rajahmundry,Andhra Pradesh,CUST00475,Lakshmi Sharma,Wholesale,P019,LED TV 55-inch,Electronics,1,51951.81,0.2,0.79,UPI
TXN5867BEEDC8,2023-06-22,BR03,Rajahmundry,Andhra Pradesh,CUST00063,Meena Sarma,Retail,P009,Laptop Bag,Accessories,2,1361.31,0.0,0.45,Debit Card
TXN51B29FC66F,2023-05-30,BR03,Rajahmundry,Andhra Pradesh,CUST01396,Sandeep Varma,Retail,P011,Bluetooth Speaker,Accessories,2,2941.28,0.15,0.5,Debit Card
TXN4F88E3CE05,2024-06-25,BR03,Rajahmundry,Andhra Pradesh,CUST01968,Manoj Sharma,Retail,P002,Mid-range Smartphone 5G,Mobile,1,17950.36,0.05,0.78,Cash
TXN94F381C4CE,2023-05-18,BR03,Rajahmundry,Andhra Pradesh,CUST00447,Praveen Reddy,Retail,P016,Washing Machine,Home Appliances,1,21846.8,0.0,0.8,UPI
TXN483CCDB9D2,2023-01-31,BR03,Rajahmundry,Andhra Pradesh,CUST00791,Ajay Kumar,Retail,P019,LED TV 55-inch,Electronics,1,58825.34,0.05,0.79,Debit Card
TXN83528BC36A,2023-12-22,BR03,Rajahmundry,Andhra Pradesh,CUST01019,Anitha Babu,Retail,P001,Budget Smartphone 4G,Mobile,2,12822.09,0.0,0.8,Credit Card
TXN86DB2E5173,2023-06-11,BR03,Rajahmundry,Andhra Pradesh,CUST01140,Naveen Murthy,Retail,P005,Entry Laptop i3,Laptop,1,36600.29,0.15,0.82,UPI
TXNB0ABF672DC,2024-02-09,BR03,Rajahmundry,Andhra Pradesh,CUST01262,Manoj Naidu,Retail,P012,Mobile Charger,Accessories,2,1240.18,0.0,0.42,UPI
TXN0CF89F396F,2023-09-21,BR03,Rajahmundry,Andhra Pradesh,CUST00473,Sandeep Devi,Retail,P004,Wireless Earbuds,Mobile,1,3827.03,0.05,0.55,UPI
TXN0803037FAD,2024-09-06,BR03,Rajahmundry,Andhra Pradesh,CUST01136,Suresh Babu,Retail,P006,Business Laptop i5,Laptop,1,46159.95,0.0,0.8,Debit Card
TXND8CF798469,2024-05-05,BR03,Rajahmundry,Andhra Pradesh,CUST01683,Sandeep Kumar,Retail,P004,Wireless Earbuds,Mobile,1,5521.54,0.15,0.55,UPI
TXN9520879F1B,2023-04-03,BR03,Rajahmundry,Andhra Pradesh,CUST00165,Meena Reddy,Retail,P003,Flagship Smartphone,Mobile,1,51320.31,0.15,0.75,UPI
TXN4E7D1D54E6,2023-08-19,BR03,Rajahmundry,Andhra Pradesh,CUST00694,Deepika Chowdary,Retail,P003,Flagship Smartphone,Mobile,1,80445.9,0.0,0.75,Cash
TXNF8CA1A1A33,2023-07-15,BR03,Rajahmundry,Andhra Pradesh,CUST01334,Ravi Sarma,Retail,P021,Smart Watch,Electronics,1,9292.67,0.0,0.55,Debit Card
TXN0252EB1353,2024-10-28,BR03,Rajahmundry,Andhra Pradesh,CUST01106,Lakshmi Sharma,Retail,P011,Bluetooth Speaker,Accessories,1,3248.71,0.2,0.5,Net Banking
TXN9B23F7EE40,2024-01-10,BR03,Rajahmundry,Andhra Pradesh,CUST01807,Arjun Kumar,Retail,P015,Refrigerator 300L,Home Appliances,1,37071.8,0.15,0.82,Debit Card
TXN6BB65C2193,2024-11-23,BR03,Rajahmundry,Andhra Pradesh,CUST00279,Praveen Babu,Retail,P021,Smart Watch,Electronics,1,5772.35,0.2,0.55,Debit Card
TXNB70317DC3F,2024-06-08,BR03,Rajahmundry,Andhra Pradesh,CUST01801,Priya Devi,Retail,P017,Microwave Oven,Home Appliances,2,7448.85,0.0,0.75,UPI
TXN130E716425,2023-02-13,BR03,Rajahmundry,Andhra Pradesh,CUST01038,Swathi Kumar,Retail,P009,Laptop Bag,Accessories,1,1784.75,0.1,0.45,UPI
TXN5531B204BE,2024-12-04,BR03,Rajahmundry,Andhra Pradesh,CUST01185,Srinivas Varma,Retail,P003,Flagship Smartphone,Mobile,1,60644.56,0.0,0.75,UPI
TXN48D46DDFE6,2023-05-02,BR03,Rajahmundry,Andhra Pradesh,CUST01101,Sneha Devi,Retail,P002,Mid-range Smartphone 5G,Mobile,1,25207.53,0.1,0.78,UPI
TXN783B785FCC,2024-05-05,BR03,Rajahmundry,Andhra Pradesh,CUST00497,Kavya Devi,Retail,P006,Business Laptop i5,Laptop,1,51243.27,0.05,0.8,Cash
TXNB63894968B,2023-06-04,BR03,Rajahmundry,Andhra Pradesh,CUST01907,Pooja Reddy,Wholesale,P005,Entry Laptop i3,Laptop,1,30611.22,0.1,0.82,Credit Card
TXNF4E24FD162,2024-07-01,BR03,Rajahmundry,Andhra Pradesh,CUST01168,Suresh Murthy,Retail,P009,Laptop Bag,Accessories,1,1155.82,0.0,0.45,UPI
TXN6FCC67F418,2023-01-17,BR03,Rajahmundry,Andhra Pradesh,CUST00551,Manoj Rao,Retail,P005,Entry Laptop i3,Laptop,1,28873.49,0.1,0.82,Debit Card
TXNFD7C508268,2024-04-27,BR03,Rajahmundry,Andhra Pradesh,CUST01093,Kiran Babu,Retail,P005,Entry Laptop i3,Laptop,1,32898.12,0.0,0.82,Credit Card
TXNB2788F5CC4,2024-04-03,BR03,Rajahmundry,Andhra Pradesh,CUST00731,Aishwarya Sarma,Wholesale,P008,Ultrabook Thin & Light,Laptop,1,78741.38,0.0,0.79,UPI
TXNEA165E0099,2024-08-01,BR03,Rajahmundry,Andhra Pradesh,CUST00353,Ramesh Rao,Retail,P003,Flagship Smartphone,Mobile,1,64289.95,0.0,0.75,UPI
TXN341DD43E17,2024-05-09,BR03,Rajahmundry,Andhra Pradesh,CUST01502,Naveen Varma,Retail,P018,LED TV 43-inch,Electronics,1,26221.73,0.1,0.8,Net Banking
TXN9B47719DE1,2024-10-13,BR03,Rajahmundry,Andhra Pradesh,CUST00624,Priya Babu,Retail,P021,Smart Watch,Electronics,1,11001.66,0.25,0.55,Cash
TXN0D5C0A02FB,2023-06-10,BR03,Rajahmundry,Andhra Pradesh,CUST01986,Harika Sharma,Wholesale,P001,Budget Smartphone 4G,Mobile,1,9280.47,0.0,0.8,UPI
TXN768BB69F96,2023-12-24,BR03,Rajahmundry,Andhra Pradesh,CUST00064,Ajay Naidu,Retail,P012,Mobile Charger,Accessories,2,853.06,0.0,0.42,UPI
TXN4B20B5848F,2024-11-18,BR03,Rajahmundry,Andhra Pradesh,CUST01345,Manoj Sarma,Retail,P010,Wireless Mouse,Accessories,3,1437.25,0.0,0.4,Debit Card
TXN9EBCAEE4F5,2023-01-16,BR03,Rajahmundry,Andhra Pradesh,CUST00729,Aishwarya Devi,Retail,P010,Wireless Mouse,Accessories,1,431.01,0.1,0.4,Cash
TXN87A9503F67,2024-04-20,BR03,Rajahmundry,Andhra Pradesh,CUST00365,Ajay Rao,Retail,P011,Bluetooth Speaker,Accessories,1,3285.05,0.15,0.5,UPI
TXN2FE2024082,2023-08-30,BR03,Rajahmundry,Andhra Pradesh,CUST00717,Naveen Sharma,Retail,P008,Ultrabook Thin & Light,Laptop,1,72526.58,0.1,0.79,UPI
TXNE1747A301E,2024-05-26,BR03,Rajahmundry,Andhra Pradesh,CUST00118,Arjun Naidu,Retail,P016,Washing Machine,Home Appliances,1,21304.01,0.0,0.8,UPI
TXN9CA3CCE8C2,2024-07-07,BR03,Rajahmundry,Andhra Pradesh,CUST00517,Manoj Kumar,Retail,P004,Wireless Earbuds,Mobile,2,2265.22,0.0,0.55,Credit Card
TXN902D56E1A5,2023-05-10,BR03,Rajahmundry,Andhra Pradesh,CUST00621,Manoj Naidu,Retail,P002,Mid-range Smartphone 5G,Mobile,2,16202.0,0.15,0.78,UPI
TXN262765A4C4,2024-04-26,BR03,Rajahmundry,Andhra Pradesh,CUST00007,Meena Varma,Retail,P020,Home Theatre System,Electronics,1,11558.26,0.1,0.6,Credit Card
TXN434E3E89D0,2023-03-10,BR03,Rajahmundry,Andhra Pradesh,CUST00460,Swathi Sharma,Wholesale,P011,Bluetooth Speaker,Accessories,1,4696.12,0.1,0.5,UPI
TXN6134901540,2023-10-24,BR03,Rajahmundry,Andhra Pradesh,CUST00292,Aishwarya Prasad,Retail,P019,LED TV 55-inch,Electronics,1,57555.0,0.15,0.79,Debit Card
TXN31660E2213,2023-09-24,BR03,Rajahmundry,Andhra Pradesh,CUST01973,Ramesh Prasad,Corporate,P019,LED TV 55-inch,Electronics,1,42170.04,0.1,0.79,Cash
TXN9F0C00ED0A,2023-09-14,BR03,Rajahmundry,Andhra Pradesh,CUST01790,Arjun Varma,Retail,P018,LED TV 43-inch,Electronics,1,33858.36,0.15,0.8,Credit Card
TXN32AF8F4D6A,2024-10-26,BR03,Rajahmundry,Andhra Pradesh,CUST01926,Meena Sharma,Retail,P011,Bluetooth Speaker,Accessories,1,1218.26,0.2,0.5,Credit Card
TXN523CE946BA,2023-12-27,BR03,Rajahmundry,Andhra Pradesh,CUST01474,Suresh Sharma,Wholesale,P016,Washing Machine,Home Appliances,1,34449.8,0.15,0.8,Net Banking
TXN920A5957AF,2023-01-30,BR03,Rajahmundry,Andhra Pradesh,CUST01534,Harika Kumar,Retail,P021,Smart Watch,Electronics,2,8696.01,0.15,0.55,Debit Card
TXN9A67EE168C,2024-08-03,BR03,Rajahmundry,Andhra Pradesh,CUST01478,Praveen Kumar,Retail,P010,Wireless Mouse,Accessories,2,548.06,0.05,0.4,Cash
TXNB14C4E2FAD,2023-02-02,BR03,Rajahmundry,Andhra Pradesh,CUST00343,Kavya Sharma,Retail,P013,Power Bank,Accessories,1,1551.64,0.0,0.48,Cash
TXN2642D941BA,2023-11-09,BR03,Rajahmundry,Andhra Pradesh,CUST01437,Anitha Chowdary,Retail,P021,Smart Watch,Electronics,1,3491.38,0.1,0.55,Credit Card
TXNDD539D649D,2024-04-28,BR03,Rajahmundry,Andhra Pradesh,CUST00136,Harika Sharma,Wholesale,P013,Power Bank,Accessories,1,2070.73,0.05,0.48,Credit Card
TXNA334463862,2023-03-17,BR03,Rajahmundry,Andhra Pradesh,CUST00153,Ajay Chowdary,Retail,P004,Wireless Earbuds,Mobile,3,2038.41,0.1,0.55,UPI
TXN657C883604,2023-06-02,BR03,Rajahmundry,Andhra Pradesh,CUST01336,Kiran Kumar,Retail,P018,LED TV 43-inch,Electronics,1,24766.1,0.1,0.8,Net Banking
TXN0022F3C44C,2023-10-19,BR03,Rajahmundry,Andhra Pradesh,CUST01033,Sandeep Rao,Retail,P009,Laptop Bag,Accessories,3,1452.05,0.05,0.45,UPI
TXN72E46377E9,2024-03-30,BR03,Rajahmundry,Andhra Pradesh,CUST01488,Ravi Sarma,Wholesale,P007,Gaming Laptop i7,Laptop,1,111853.97,0.0,0.78,Credit Card
TXNAE0ED13587,2023-09-17,BR03,Rajahmundry,Andhra Pradesh,CUST00970,Lakshmi Kumar,Retail,P011,Bluetooth Speaker,Accessories,3,4309.05,0.1,0.5,UPI
TXNB561A67087,2024-06-01,BR03,Rajahmundry,Andhra Pradesh,CUST00884,,Wholesale,P002,Mid-range Smartphone 5G,Mobile,1,20116.63,0.1,0.78,Debit Card
TXNEA77B42170,2024-12-01,BR03,Rajahmundry,Andhra Pradesh,CUST00101,Sandeep Varma,Retail,P013,Power Bank,Accessories,2,2151.76,0.1,0.48,UPI
TXN3FDC132B06,2023-05-19,BR03,Rajahmundry,Andhra Pradesh,CUST00126,Ravi Rao,Retail,P005,Entry Laptop i3,Laptop,1,33216.15,0.05,0.82,Cash
TXN1236D66976,2024-01-17,BR03,Rajahmundry,Andhra Pradesh,CUST00441,Harika Chowdary,Retail,P010,Wireless Mouse,Accessories,1,1253.46,0.0,0.4,Debit Card
TXNC1B4385151,2023-06-09,BR03,Rajahmundry,Andhra Pradesh,CUST01061,Harika Murthy,Retail,P018,LED TV 43-inch,Electronics,1,28223.54,0.1,0.8,UPI
TXNDCB91B0C2F,2024-10-06,BR03,Rajahmundry,Andhra Pradesh,CUST01478,Praveen Kumar,Retail,P020,Home Theatre System,Electronics,3,10243.6,0.05,0.6,UPI
TXNB39C035FD6,2024-08-03,BR03,Rajahmundry,Andhra Pradesh,CUST01709,Srinivas Naidu,Retail,P011,Bluetooth Speaker,Accessories,4,2443.47,0.15,0.5,UPI
TXND3AEBFCC23,2024-07-06,BR03,Rajahmundry,Andhra Pradesh,CUST01863,Praveen Murthy,Retail,P006,Business Laptop i5,Laptop,1,47786.97,0.0,0.8,UPI
TXN0EC1BA06C7,2023-12-07,BR03,Rajahmundry,Andhra Pradesh,CUST00049,Arjun Devi,Wholesale,P001,Budget Smartphone 4G,Mobile,3,13311.33,0.0,0.8,Net Banking
TXNBDE863DB03,2024-02-29,BR03,Rajahmundry,Andhra Pradesh,CUST01884,Ramesh Naidu,Retail,P018,LED TV 43-inch,Electronics,1,32908.53,0.15,0.8,Cash
TXN5F20F3C0E4,2023-05-17,BR03,Rajahmundry,Andhra Pradesh,CUST01931,Ravi Babu,Retail,P009,Laptop Bag,Accessories,2,1060.44,0.05,0.45,Debit Card
TXNA1FFD219D4,2023-01-10,BR03,Rajahmundry,Andhra Pradesh,CUST00563,Kiran Kumar,Retail,P003,Flagship Smartphone,Mobile,1,57937.33,0.05,0.75,UPI
TXN8EB5F13D12,2023-11-11,BR03,Rajahmundry,Andhra Pradesh,CUST00366,Ajay Naidu,Corporate,P001,Budget Smartphone 4G,Mobile,2,9034.24,0.05,0.8,Net Banking
TXNBE942459C7,2023-01-10,BR03,Rajahmundry,Andhra Pradesh,CUST01977,Sneha Varma,Wholesale,P009,Laptop Bag,Accessories,1,1611.31,0.05,0.45,UPI
TXN76767CEC05,2023-07-22,BR03,Rajahmundry,Andhra Pradesh,CUST01893,Priya Sharma,Retail,P018,LED TV 43-inch,Electronics,1,24152.81,0.0,0.8,UPI
TXNF90FFCD684,2024-11-09,BR03,Rajahmundry,Andhra Pradesh,CUST00614,Kiran Reddy,Retail,P008,Ultrabook Thin & Light,Laptop,1,76911.89,0.05,0.79,Net Banking
TXN80177F2234,2023-06-02,BR03,Rajahmundry,Andhra Pradesh,CUST00803,Deepika Rao,Retail,P003,Flagship Smartphone,Mobile,1,60762.15,0.0,0.75,Debit Card
TXNEC4A597E94,2024-08-21,BR03,Rajahmundry,Andhra Pradesh,CUST01120,Divya Sarma,Retail,P012,Mobile Charger,Accessories,1,1668.68,0.1,0.42,Credit Card
TXN934F75819A,2024-12-31,BR03,Rajahmundry,Andhra Pradesh,CUST00505,Deepika Sharma,Retail,P008,Ultrabook Thin & Light,Laptop,1,72919.02,0.0,0.79,Cash
TXN6285FF6D33,2024-11-12,BR03,Rajahmundry,Andhra Pradesh,CUST01543,Ajay Sarma,Corporate,P003,Flagship Smartphone,Mobile,1,56268.73,0.05,0.75,Cash
TXN37D155858B,2023-10-29,BR03,Rajahmundry,Andhra Pradesh,CUST01280,Arjun Varma,Retail,P007,Gaming Laptop i7,Laptop,1,99728.41,0.05,0.78,UPI
TXN3ADA5B5F64,2024-05-19,BR03,Rajahmundry,Andhra Pradesh,CUST00504,Ajay Varma,Retail,P008,Ultrabook Thin & Light,Laptop,1,76627.57,0.0,0.79,UPI
TXN0ED1EE9BF4,2024-06-15,BR03,Rajahmundry,Andhra Pradesh,CUST01076,Swathi Chowdary,Retail,P008,Ultrabook Thin & Light,Laptop,1,74299.19,0.0,0.79,UPI
TXN41B552D144,2024-07-09,BR03,Rajahmundry,Andhra Pradesh,CUST01206,Manoj Kumar,Retail,P002,Mid-range Smartphone 5G,Mobile,1,22525.06,0.0,0.78,Cash
TXN475AB89CEF,2024-10-10,BR03,Rajahmundry,Andhra Pradesh,CUST00668,Meena Kumar,Retail,P001,Budget Smartphone 4G,Mobile,1,10511.24,0.0,0.8,UPI
TXN7FF9183684,2024-11-17,BR03,Rajahmundry,Andhra Pradesh,CUST00307,Sneha Babu,Wholesale,P003,Flagship Smartphone,Mobile,1,67246.83,0.05,0.75,UPI
TXN498B2E6555,2023-04-25,BR03,Rajahmundry,Andhra Pradesh,CUST00314,Swathi Sharma,Retail,P003,Flagship Smartphone,Mobile,1,74402.13,0.0,0.75,Net Banking
TXN4474781B15,2023-11-06,BR03,Rajahmundry,Andhra Pradesh,CUST01040,Anitha Devi,Retail,P011,Bluetooth Speaker,Accessories,2,4215.53,0.1,0.5,Debit Card
TXNEDFE13A5D3,2023-05-08,BR03,Rajahmundry,Andhra Pradesh,CUST00096,Priya Reddy,Retail,P009,Laptop Bag,Accessories,1,1335.67,0.1,0.45,UPI
TXN8BBB42168A,2023-03-07,BR03,Rajahmundry,Andhra Pradesh,CUST00648,Pooja Prasad,Wholesale,P012,Mobile Charger,Accessories,3,1669.76,0.0,0.42,Credit Card
TXN316CC963B9,2023-04-30,BR03,Rajahmundry,Andhra Pradesh,CUST01180,Swathi Reddy,Retail,P018,LED TV 43-inch,Electronics,1,32794.15,0.0,0.8,UPI
TXN5494EA87E4,2024-07-05,BR03,Rajahmundry,Andhra Pradesh,CUST01952,Priya Murthy,Retail,P003,Flagship Smartphone,Mobile,1,73501.65,0.1,0.75,Cash
TXN620B273A73,2023-08-05,BR03,Rajahmundry,Andhra Pradesh,CUST01857,Anitha Reddy,Retail,P013,Power Bank,Accessories,1,1680.44,0.05,0.48,Net Banking
TXN37899C0C95,2023-10-05,BR03,Rajahmundry,Andhra Pradesh,CUST01119,Aishwarya Murthy,Retail,P015,Refrigerator 300L,Home Appliances,1,27796.57,0.15,0.82,Cash
TXN6F9E436577,2024-03-13,BR03,Rajahmundry,Andhra Pradesh,CUST01902,Vikram Prasad,Retail,P016,Washing Machine,Home Appliances,1,24610.33,0.1,0.8,Credit Card
TXN895E343393,2024-12-31,BR03,Rajahmundry,Andhra Pradesh,CUST00245,Ramesh Varma,Wholesale,P019,LED TV 55-inch,Electronics,1,38207.76,0.0,0.79,UPI
TXN1E63BAEF47,2024-11-24,BR03,Rajahmundry,Andhra Pradesh,CUST00092,Harika Devi,Retail,P017,Microwave Oven,Home Appliances,1,11869.33,0.1,0.75,UPI
TXNBF0227B671,2024-12-01,BR03,Rajahmundry,Andhra Pradesh,CUST01042,Ramesh Murthy,Retail,P010,Wireless Mouse,Accessories,2,348.83,0.15,0.4,UPI
TXN89FABE4FAA,2024-01-11,BR03,Rajahmundry,Andhra Pradesh,CUST00141,Ramesh Sharma,Retail,P001,Budget Smartphone 4G,Mobile,3,12894.56,0.05,0.8,UPI
TXN3FBB1E7A33,2024-05-27,BR03,Rajahmundry,Andhra Pradesh,CUST01210,Ramesh Devi,Retail,P004,Wireless Earbuds,Mobile,1,3362.98,0.0,0.55,Cash
TXN8FEC57E393,2023-11-08,BR03,Rajahmundry,Andhra Pradesh,CUST01306,Anitha Babu,Retail,P004,Wireless Earbuds,Mobile,2,3269.7,0.0,0.55,UPI
TXNA51AEF6E43,2023-06-08,BR03,Rajahmundry,Andhra Pradesh,CUST00393,Ramesh Reddy,Retail,P004,Wireless Earbuds,Mobile,3,2909.8,0.05,0.55,Net Banking
TXN339E00E365,2024-05-16,BR03,Rajahmundry,Andhra Pradesh,CUST00508,Sandeep Chowdary,Retail,P006,Business Laptop i5,Laptop,1,51395.17,0.0,0.8,UPI
TXN84CB785510,2023-10-19,BR03,Rajahmundry,Andhra Pradesh,CUST00997,Praveen Murthy,Retail,P011,Bluetooth Speaker,Accessories,1,3196.72,0.05,0.5,UPI
TXN6CF8F16B02,2023-07-02,BR03,Rajahmundry,Andhra Pradesh,CUST00791,Ajay Kumar,Retail,P009,Laptop Bag,Accessories,3,740.58,0.05,0.45,Cash
TXN0F212010E6,2023-06-14,BR03,Rajahmundry,Andhra Pradesh,CUST01997,Srinivas Reddy,Retail,P011,Bluetooth Speaker,Accessories,3,2199.38,0.05,0.5,Debit Card
TXN57326D3A15,2023-08-02,BR03,Rajahmundry,Andhra Pradesh,CUST00995,Suresh Rao,Wholesale,P015,Refrigerator 300L,Home Appliances,1,36362.33,0.15,0.82,Net Banking
TXN7F6BE0E9AE,2024-07-03,BR03,Rajahmundry,Andhra Pradesh,CUST01814,Deepika Varma,Wholesale,P008,Ultrabook Thin & Light,Laptop,1,76355.75,0.0,0.79,Cash
TXNCB96AC99AD,2024-08-06,BR03,Rajahmundry,Andhra Pradesh,CUST00188,Srinivas Chowdary,Wholesale,P009,Laptop Bag,Accessories,1,910.4,0.1,0.45,Net Banking
TXN3FAE5F6AE2,2023-01-04,BR03,Rajahmundry,Andhra Pradesh,CUST01663,Meena Naidu,Retail,P004,Wireless Earbuds,Mobile,2,4548.87,0.1,0.55,UPI
TXN6532927083,2023-05-30,BR03,Rajahmundry,Andhra Pradesh,CUST01175,Divya Murthy,Wholesale,P018,LED TV 43-inch,Electronics,1,22774.42,0.1,0.8,Net Banking
TXN85E5B54C1C,2023-07-26,BR03,Rajahmundry,Andhra Pradesh,CUST00745,Ramesh Sharma,Retail,P003,Flagship Smartphone,Mobile,1,57052.48,0.0,0.75,UPI
TXN060C901E1C,2024-03-17,BR03,Rajahmundry,Andhra Pradesh,CUST00284,Naveen Prasad,Corporate,P017,Microwave Oven,Home Appliances,1,13028.92,0.05,0.75,Credit Card
TXN769E35ECD1,2023-11-19,BR03,Rajahmundry,Andhra Pradesh,CUST01067,Ajay Naidu,Retail,P006,Business Laptop i5,Laptop,1,42494.1,0.05,0.8,Cash
TXNF94C71598A,2023-11-01,BR03,Rajahmundry,Andhra Pradesh,CUST01026,Vikram Prasad,Retail,P014,Split AC 1.5 Ton,Home Appliances,1,45912.08,0.2,0.83,UPI
TXN7F9E76AB46,2024-10-06,BR03,Rajahmundry,Andhra Pradesh,CUST01624,Deepika Reddy,Retail,P009,Laptop Bag,Accessories,1,811.66,0.1,0.45,UPI
TXND3407CB921,2023-07-06,BR03,Rajahmundry,Andhra Pradesh,CUST01687,Pooja Prasad,Wholesale,P006,Business Laptop i5,Laptop,1,46019.91,0.0,0.8,UPI
TXNAFBF33DEC4,2023-03-05,BR03,Rajahmundry,Andhra Pradesh,CUST01813,Sandeep Kumar,Corporate,P004,Wireless Earbuds,Mobile,1,2880.88,0.05,0.55,Credit Card
TXN2E698BB1B6,2023-05-22,BR03,Rajahmundry,Andhra Pradesh,CUST00532,Ramesh Prasad,Retail,P009,Laptop Bag,Accessories,2,966.01,0.0,0.45,UPI
TXNC528565460,2024-09-03,BR03,Rajahmundry,Andhra Pradesh,CUST01204,Deepika Naidu,Wholesale,P010,Wireless Mouse,Accessories,1,1351.09,0.05,0.4,UPI
TXND909B9F412,2024-07-04,BR03,Rajahmundry,Andhra Pradesh,CUST01704,Harika Babu,Wholesale,P013,Power Bank,Accessories,1,2417.34,0.15,0.48,UPI
TXNAC4B52DBA3,2024-10-06,BR03,Rajahmundry,Andhra Pradesh,CUST00720,Naveen Devi,Retail,P004,Wireless Earbuds,Mobile,2,2292.86,0.0,0.55,Credit Card
TXN918EC2C27D,2023-05-27,BR03,Rajahmundry,Andhra Pradesh,CUST01738,Kavya Kumar,Retail,P011,Bluetooth Speaker,Accessories,1,3824.64,0.15,0.5,Cash
TXN23EA5D7073,2024-03-31,BR03,Rajahmundry,Andhra Pradesh,CUST00133,Swathi Murthy,Retail,P002,Mid-range Smartphone 5G,Mobile,1,21626.84,0.15,0.78,Credit Card
TXNEA28E6404A,2024-08-17,BR03,Rajahmundry,Andhra Pradesh,CUST01402,Kiran Sarma,Retail,P002,Mid-range Smartphone 5G,Mobile,1,18792.99,0.05,0.78,Credit Card
TXNCDA7933CD5,2023-11-12,BR03,Rajahmundry,Andhra Pradesh,CUST01412,Srinivas Rao,Wholesale,P012,Mobile Charger,Accessories,1,880.98,0.2,0.42,UPI
TXN630617FBB5,2024-01-26,BR03,Rajahmundry,Andhra Pradesh,CUST01751,Aishwarya Reddy,Retail,P002,Mid-range Smartphone 5G,Mobile,1,23976.93,0.1,0.78,Debit Card
TXND89ECBE9F8,2024-07-15,BR03,Rajahmundry,Andhra Pradesh,CUST00945,Ramesh Prasad,Retail,P012,Mobile Charger,Accessories,4,677.45,0.0,0.42,UPI
TXN20C67F4B05,2023-12-29,BR03,Rajahmundry,Andhra Pradesh,CUST00090,Naveen Naidu,Corporate,P004,Wireless Earbuds,Mobile,1,5550.19,0.1,0.55,UPI
TXN5B2135BAE8,2023-09-04,BR03,Rajahmundry,Andhra Pradesh,CUST01263,Anitha Sarma,Corporate,P009,Laptop Bag,Accessories,1,1879.74,0.05,0.45,UPI
TXN78B56645F2,2024-03-29,BR03,Rajahmundry,Andhra Pradesh,CUST00936,Sandeep Chowdary,Retail,P012,Mobile Charger,Accessories,1,1125.43,0.0,0.42,Cash
TXN03AE896FD6,2024-05-28,BR03,Rajahmundry,Andhra Pradesh,CUST00061,Meena Kumar,Retail,P011,Bluetooth Speaker,Accessories,1,3009.57,0.0,0.5,Cash
TXN9144E332B1,2023-07-10,BR03,Rajahmundry,Andhra Pradesh,CUST01769,Sandeep Reddy,Retail,P017,Microwave Oven,Home Appliances,1,9837.79,0.0,0.75,Debit Card
TXN46BEF7C632,2024-03-16,BR03,Rajahmundry,Andhra Pradesh,CUST00353,Ramesh Rao,Retail,P003,Flagship Smartphone,Mobile,1,68430.88,0.1,0.75,Credit Card
TXNFCD94EB0FC,2023-05-18,BR03,Rajahmundry,Andhra Pradesh,CUST00631,Aishwarya Kumar,Retail,P009,Laptop Bag,Accessories,1,1528.6,0.0,0.45,Cash
TXNB5945F30A7,2023-06-30,BR03,Rajahmundry,Andhra Pradesh,CUST00065,Deepika Babu,Retail,P018,LED TV 43-inch,Electronics,1,22338.2,0.15,0.8,UPI
TXN251CEBF54D,2024-03-03,BR03,Rajahmundry,Andhra Pradesh,CUST01760,Praveen Reddy,Corporate,P021,Smart Watch,Electronics,2,4362.84,0.0,0.55,Cash
TXN6B42C8CF7F,2024-01-07,BR03,Rajahmundry,Andhra Pradesh,CUST00817,Meena Kumar,Retail,P004,Wireless Earbuds,Mobile,1,2975.93,0.0,0.55,UPI
TXND472CB23BB,2024-11-12,BR03,Rajahmundry,Andhra Pradesh,CUST00144,Suresh Naidu,Retail,P010,Wireless Mouse,Accessories,4,1001.49,0.25,0.4,UPI
TXNB49FA64D1C,2023-01-19,BR03,Rajahmundry,Andhra Pradesh,CUST01384,Deepika Sharma,Retail,P008,Ultrabook Thin & Light,Laptop,1,60118.64,0.05,0.79,UPI
TXNEEB6BF0ABD,2023-03-06,BR03,Rajahmundry,Andhra Pradesh,CUST01024,Suresh Murthy,Retail,P007,Gaming Laptop i7,Laptop,1,80626.71,0.15,0.78,UPI
TXNED2399C62C,2023-05-24,BR03,Rajahmundry,Andhra Pradesh,CUST01908,Vikram Rao,Retail,P002,Mid-range Smartphone 5G,Mobile,1,20505.37,0.1,0.78,Debit Card
TXNBD3220BD35,2023-10-15,BR03,Rajahmundry,Andhra Pradesh,CUST00885,Harika Prasad,Wholesale,P012,Mobile Charger,Accessories,1,1523.26,0.05,0.42,Cash
TXNA92752E904,2023-05-14,BR03,Rajahmundry,Andhra Pradesh,CUST00183,Meena Varma,Corporate,P003,Flagship Smartphone,Mobile,1,59008.8,0.0,0.75,Net Banking
TXNDB94CE91A3,2023-07-09,BR03,Rajahmundry,Andhra Pradesh,CUST00209,Harika Kumar,Wholesale,P003,Flagship Smartphone,Mobile,1,81979.93,0.15,0.75,Cash
TXN37F3EEF0F0,2023-08-29,BR03,Rajahmundry,Andhra Pradesh,CUST00555,Suresh Naidu,Retail,P019,LED TV 55-inch,Electronics,1,56851.32,0.15,0.79,UPI
TXN7BEB2041CE,2024-05-15,BR03,Rajahmundry,Andhra Pradesh,CUST00479,Praveen Devi,Retail,P011,Bluetooth Speaker,Accessories,2,4972.38,0.0,0.5,UPI
TXN4130CF0040,2024-01-22,BR03,Rajahmundry,Andhra Pradesh,CUST00421,Kavya Murthy,Retail,P001,Budget Smartphone 4G,Mobile,1,9300.15,0.0,0.8,Debit Card
TXND0A36FE579,2023-11-06,BR03,Rajahmundry,Andhra Pradesh,CUST01856,Kiran Kumar,Retail,P007,Gaming Laptop i7,Laptop,1,121809.72,0.2,0.78,Cash
TXNE59E43E061,2023-07-28,BR03,Rajahmundry,Andhra Pradesh,CUST01823,Sandeep Reddy,Retail,P018,LED TV 43-inch,Electronics,1,33280.58,0.0,0.8,Credit Card
TXNA8BA288186,2024-04-26,BR03,Rajahmundry,Andhra Pradesh,CUST01133,Priya Chowdary,Retail,P009,Laptop Bag,Accessories,3,1321.72,0.1,0.45,Cash
TXNB208872228,2023-08-15,BR03,Rajahmundry,Andhra Pradesh,CUST00565,Harika Devi,Retail,P005,Entry Laptop i3,Laptop,1,33445.3,0.05,0.82,Cash
TXNC4C4711BDE,2024-03-17,BR03,Rajahmundry,Andhra Pradesh,CUST01817,Vikram Kumar,Wholesale,P019,LED TV 55-inch,Electronics,1,47351.15,0.0,0.79,UPI
TXN907521995D,2023-05-01,BR03,Rajahmundry,Andhra Pradesh,CUST01285,Naveen Sharma,Retail,P012,Mobile Charger,Accessories,1,581.44,0.05,0.42,Credit Card
TXN4CE13AADCA,2024-03-13,BR03,Rajahmundry,Andhra Pradesh,CUST01539,Manoj Naidu,Retail,P007,Gaming Laptop i7,Laptop,1,109439.44,0.1,0.78,Credit Card
TXN7B00A5372C,2023-02-22,BR03,Rajahmundry,Andhra Pradesh,CUST01276,Sneha Sharma,Corporate,P001,Budget Smartphone 4G,Mobile,3,10309.69,0.05,0.8,Cash
TXNFF7DCBC6C7,2023-10-05,BR03,Rajahmundry,Andhra Pradesh,CUST00416,Meena Kumar,Retail,P004,Wireless Earbuds,Mobile,1,5266.18,0.25,0.55,UPI
TXN250AFABD26,2023-10-30,BR03,Rajahmundry,Andhra Pradesh,CUST00741,Anitha Devi,Retail,P001,Budget Smartphone 4G,Mobile,1,12291.65,0.15,0.8,UPI
TXN854FB73A5F,2023-03-26,BR03,Rajahmundry,Andhra Pradesh,CUST00834,Deepika Devi,Retail,P009,Laptop Bag,Accessories,3,1449.94,0.0,0.45,UPI
TXNF4AE49482E,2023-11-25,BR03,Rajahmundry,Andhra Pradesh,CUST01352,Manoj Naidu,Retail,P005,Entry Laptop i3,Laptop,1,35502.05,0.15,0.82,Cash
TXN50426B062A,2023-07-27,BR03,Rajahmundry,Andhra Pradesh,CUST01714,Srinivas Babu,Retail,P006,Business Laptop i5,Laptop,1,47751.41,0.15,0.8,UPI
TXN1D166F009A,2023-05-03,BR03,Rajahmundry,Andhra Pradesh,CUST00442,Harika Rao,Retail,P019,LED TV 55-inch,Electronics,1,39851.93,0.0,0.79,Net Banking
TXN82336F6E1F,2023-04-18,BR03,Rajahmundry,Andhra Pradesh,CUST01826,Lakshmi Prasad,Retail,P013,Power Bank,Accessories,3,980.3,0.05,0.48,UPI
TXN726F865DC9,2024-08-21,BR03,Rajahmundry,Andhra Pradesh,CUST00428,Ramesh Rao,Retail,P004,Wireless Earbuds,Mobile,2,1543.76,0.0,0.55,UPI
TXN3F72E62832,2023-07-16,BR03,Rajahmundry,Andhra Pradesh,CUST00382,Sandeep Sharma,Retail,P003,Flagship Smartphone,Mobile,1,50187.44,0.0,0.75,UPI
TXNC6CF9FEB47,2023-10-29,BR03,Rajahmundry,Andhra Pradesh,CUST01960,Harika Rao,Wholesale,P012,Mobile Charger,Accessories,1,979.44,0.1,0.42,UPI
TXNB2838394F5,2024-05-07,BR03,Rajahmundry,Andhra Pradesh,CUST00204,Swathi Devi,Retail,P016,Washing Machine,Home Appliances,1,26900.39,0.05,0.8,UPI
TXN5AA2AFBF9D,2023-08-22,BR03,Rajahmundry,Andhra Pradesh,CUST00491,Aishwarya Reddy,Retail,P013,Power Bank,Accessories,3,967.87,0.1,0.48,UPI
TXNBDA3B09D56,2023-04-30,BR03,Rajahmundry,Andhra Pradesh,CUST00543,Srinivas Devi,Retail,P004,Wireless Earbuds,Mobile,3,1737.48,0.0,0.55,UPI
TXN8252D88670,2023-07-23,BR03,Rajahmundry,Andhra Pradesh,CUST01071,Praveen Kumar,Retail,P019,LED TV 55-inch,Electronics,1,50077.59,0.15,0.79,Cash
TXND340AB251C,2024-01-18,BR03,Rajahmundry,Andhra Pradesh,CUST01977,Sneha Varma,Wholesale,P013,Power Bank,Accessories,1,1277.25,0.0,0.48,Debit Card
TXN06F2485B71,2024-11-20,BR03,Rajahmundry,Andhra Pradesh,CUST00772,Srinivas Varma,Retail,P008,Ultrabook Thin & Light,Laptop,1,86093.1,0.15,0.79,Net Banking
TXN3B397EBBF0,2024-03-09,BR03,Rajahmundry,Andhra Pradesh,CUST00238,Pooja Babu,Wholesale,P001,Budget Smartphone 4G,Mobile,3,9829.08,0.0,0.8,Credit Card
TXNC345E1CAFC,2023-05-18,BR03,Rajahmundry,Andhra Pradesh,CUST01771,Suresh Devi,Retail,P007,Gaming Laptop i7,Laptop,1,116892.85,0.05,0.78,UPI
TXN7A70B697E6,2024-06-04,BR03,Rajahmundry,Andhra Pradesh,CUST00566,Manoj Murthy,Retail,P005,Entry Laptop i3,Laptop,1,31164.91,0.0,0.82,Credit Card
TXNC864893844,2023-01-13,BR03,Rajahmundry,Andhra Pradesh,CUST00275,Ramesh Sharma,Retail,P002,Mid-range Smartphone 5G,Mobile,1,25514.87,0.0,0.78,UPI
TXN4D317B1DFB,2023-12-21,BR03,Rajahmundry,Andhra Pradesh,CUST00301,Sandeep Naidu,Retail,P010,Wireless Mouse,Accessories,1,1334.47,0.05,0.4,UPI
TXN5FFBA5752A,2024-07-30,BR03,Rajahmundry,Andhra Pradesh,CUST00194,Divya Varma,Retail,P010,Wireless Mouse,Accessories,1,851.36,0.15,0.4,UPI
TXN496400BB00,2023-04-15,BR03,Rajahmundry,Andhra Pradesh,CUST01231,Srinivas Varma,Retail,P004,Wireless Earbuds,Mobile,1,4958.69,0.0,0.55,UPI
TXND83D2F6E9A,2024-03-03,BR03,Rajahmundry,Andhra Pradesh,CUST00137,Swathi Babu,Wholesale,P003,Flagship Smartphone,Mobile,1,79740.52,0.05,0.75,UPI
TXN0E574A88A2,2024-10-23,BR03,Rajahmundry,Andhra Pradesh,CUST00632,Manoj Rao,Retail,P005,Entry Laptop i3,Laptop,1,33348.36,0.15,0.82,UPI
TXNED40E922C2,2024-05-05,BR03,Rajahmundry,Andhra Pradesh,CUST01654,Ramesh Prasad,Retail,P014,Split AC 1.5 Ton,Home Appliances,1,39962.92,0.0,0.83,Credit Card
TXN423EF6B9CA,2023-05-09,BR03,Rajahmundry,Andhra Pradesh,CUST00048,Ravi Sarma,Wholesale,P001,Budget Smartphone 4G,Mobile,1,8233.31,0.0,0.8,Debit Card
TXN7C37F94216,2023-04-26,BR03,Rajahmundry,Andhra Pradesh,CUST01736,Deepika Chowdary,Wholesale,P009,Laptop Bag,Accessories,1,1347.12,0.1,0.45,UPI
TXN650FBA08BA,2024-09-13,BR03,Rajahmundry,Andhra Pradesh,CUST00285,Divya Murthy,Corporate,P001,Budget Smartphone 4G,Mobile,3,8584.49,0.15,0.8,Net Banking
TXN471D35CA4E,2023-06-16,BR03,Rajahmundry,Andhra Pradesh,CUST01254,Srinivas Prasad,Retail,P009,Laptop Bag,Accessories,3,762.31,0.1,0.45,Credit Card
TXN3C1985653D,2023-02-25,BR03,Rajahmundry,Andhra Pradesh,CUST01987,Anitha Prasad,Wholesale,P001,Budget Smartphone 4G,Mobile,1,9820.18,0.0,0.8,UPI
TXN15A094D48F,2024-09-15,BR03,Rajahmundry,Andhra Pradesh,CUST00865,Meena Chowdary,Corporate,P013,Power Bank,Accessories,3,802.48,0.0,0.48,Credit Card
TXN7AF784F3C3,2024-12-13,BR03,Rajahmundry,Andhra Pradesh,CUST01453,Lakshmi Devi,Retail,P011,Bluetooth Speaker,Accessories,4,3892.39,0.15,0.5,Debit Card
TXN8E0FE83BCB,2023-03-03,BR03,Rajahmundry,Andhra Pradesh,CUST01347,Pooja Reddy,Retail,P011,Bluetooth Speaker,Accessories,2,2706.41,0.05,0.5,UPI
TXN7D8648776E,2024-03-22,BR03,Rajahmundry,Andhra Pradesh,CUST01503,Ramesh Murthy,Retail,P021,Smart Watch,Electronics,1,10223.7,0.15,0.55,Net Banking
TXNDCF74AC4D0,2023-04-30,BR03,Rajahmundry,Andhra Pradesh,CUST01317,Swathi Murthy,Retail,P003,Flagship Smartphone,Mobile,1,72592.14,0.05,0.75,Debit Card
TXND4B3F3FB05,2024-05-11,BR03,Rajahmundry,Andhra Pradesh,CUST01783,Naveen Babu,Retail,P009,Laptop Bag,Accessories,1,1899.47,0.05,0.45,UPI
TXNE4A5B9CF90,2024-10-07,BR03,Rajahmundry,Andhra Pradesh,CUST01893,Priya Sharma,Retail,P012,Mobile Charger,Accessories,2,1739.8,0.15,0.42,Cash
TXN44C72B58CA,2023-11-23,BR03,Rajahmundry,Andhra Pradesh,CUST01990,Priya Sarma,Wholesale,P015,Refrigerator 300L,Home Appliances,1,25435.73,0.25,0.82,UPI
TXN14DD675C55,2024-07-02,BR03,Rajahmundry,Andhra Pradesh,CUST00175,Sneha Prasad,Retail,P009,Laptop Bag,Accessories,1,1101.33,0.05,0.45,Net Banking
TXNE5E9779CD5,2023-10-27,BR03,Rajahmundry,Andhra Pradesh,CUST01730,Srinivas Reddy,Retail,P005,Entry Laptop i3,Laptop,1,28667.42,0.1,0.82,Credit Card
TXNF3B588FC10,2023-10-21,BR03,Rajahmundry,Andhra Pradesh,CUST00632,Manoj Rao,Retail,P013,Power Bank,Accessories,2,1171.82,0.25,0.48,Credit Card
TXN97E0A1B39B,2024-06-20,BR03,Rajahmundry,Andhra Pradesh,CUST01697,Swathi Reddy,Retail,P013,Power Bank,Accessories,1,917.44,0.0,0.48,UPI
TXNC783B937E3,2024-05-11,BR03,Rajahmundry,Andhra Pradesh,CUST01636,Anitha Varma,Retail,P011,Bluetooth Speaker,Accessories,4,1730.79,0.1,0.5,UPI
TXN945E82EED9,2023-03-18,BR03,Rajahmundry,Andhra Pradesh,CUST01245,Naveen Sharma,Corporate,P004,Wireless Earbuds,Mobile,1,3063.02,0.0,0.55,Cash
TXN23069094A0,2024-12-18,BR03,Rajahmundry,Andhra Pradesh,CUST01721,Swathi Sharma,Wholesale,P017,Microwave Oven,Home Appliances,1,13083.09,0.15,0.75,UPI
TXN6B5B4FC2AA,2023-10-12,BR03,Rajahmundry,Andhra Pradesh,CUST01203,Arjun Rao,Retail,P019,LED TV 55-inch,Electronics,1,58558.18,0.1,0.79,Credit Card
TXN0CCCBF85CA,2023-03-04,BR03,Rajahmundry,Andhra Pradesh,CUST00847,Priya Varma,Retail,P011,Bluetooth Speaker,Accessories,1,3398.27,0.0,0.5,Credit Card
TXNA05E42CB96,2024-10-21,BR03,Rajahmundry,Andhra Pradesh,CUST01079,Pooja Prasad,Corporate,P003,Flagship Smartphone,Mobile,1,88139.8,0.05,0.75,Credit Card
TXNE24C6E24ED,2024-10-15,BR03,Rajahmundry,Andhra Pradesh,CUST01133,Priya Chowdary,Retail,P010,Wireless Mouse,Accessories,1,1451.13,0.1,0.4,UPI
TXN1F35FB51C1,2024-10-05,BR03,Rajahmundry,Andhra Pradesh,CUST01117,Manoj Kumar,Retail,P018,LED TV 43-inch,Electronics,1,31251.77,0.0,0.8,Debit Card
TXNAD10CB4D72,2024-08-08,BR03,Rajahmundry,Andhra Pradesh,CUST01967,Manoj Devi,Corporate,P009,Laptop Bag,Accessories,3,1665.06,0.15,0.45,Credit Card
TXN18A87B1813,2023-10-05,BR03,Rajahmundry,Andhra Pradesh,CUST01385,Aishwarya Murthy,Retail,P010,Wireless Mouse,Accessories,1,470.84,0.2,0.4,UPI
TXN0BFE185A78,2024-11-10,BR03,Rajahmundry,Andhra Pradesh,CUST00649,Sandeep Kumar,Retail,P005,Entry Laptop i3,Laptop,1,34792.48,0.05,0.82,UPI
TXN458CB7410A,2024-02-03,BR03,Rajahmundry,Andhra Pradesh,CUST01598,Lakshmi Chowdary,Retail,P011,Bluetooth Speaker,Accessories,3,4097.61,0.15,0.5,Cash
TXN4D13EA1729,2023-04-23,BR03,Rajahmundry,Andhra Pradesh,CUST01368,Pooja Kumar,Wholesale,P010,Wireless Mouse,Accessories,2,1300.39,0.0,0.4,Debit Card
TXN4F8031333D,2023-07-20,BR03,Rajahmundry,Andhra Pradesh,CUST00699,Pooja Chowdary,Retail,P008,Ultrabook Thin & Light,Laptop,1,87546.18,0.1,0.79,UPI
TXNA71AC1378E,2024-01-08,BR03,Rajahmundry,Andhra Pradesh,CUST00297,Vikram Chowdary,Retail,P013,Power Bank,Accessories,2,1938.44,0.0,0.48,Cash
TXN16244CF883,2023-11-10,BR03,Rajahmundry,Andhra Pradesh,CUST00590,Praveen Sharma,Wholesale,P018,LED TV 43-inch,Electronics,1,23412.25,0.15,0.8,Debit Card
TXN796AF3FE3A,2023-11-03,BR03,Rajahmundry,Andhra Pradesh,CUST00132,Lakshmi Sharma,Wholesale,P011,Bluetooth Speaker,Accessories,2,1262.16,0.0,0.5,Credit Card
TXN780DE2A9BA,2023-12-10,BR03,Rajahmundry,Andhra Pradesh,CUST00853,Sneha Naidu,Wholesale,P008,Ultrabook Thin & Light,Laptop,1,69043.83,0.1,0.79,Credit Card
TXN1DBFD65C86,2024-03-05,BR03,Rajahmundry,Andhra Pradesh,CUST01574,Divya Prasad,Retail,P009,Laptop Bag,Accessories,1,856.93,0.0,0.45,Cash
TXN8407E174C1,2023-01-19,BR03,Rajahmundry,Andhra Pradesh,CUST01661,Sandeep Murthy,Retail,P013,Power Bank,Accessories,1,1747.47,0.15,0.48,UPI
TXN9B2949CA76,2023-12-07,BR03,Rajahmundry,Andhra Pradesh,CUST00190,Harika Prasad,Retail,P009,Laptop Bag,Accessories,3,1816.85,0.1,0.45,Cash
TXN85D8F0E5AE,2024-08-28,BR03,Rajahmundry,Andhra Pradesh,CUST00943,Aishwarya Chowdary,Corporate,P019,LED TV 55-inch,Electronics,1,51491.41,0.0,0.79,Cash
TXNE502D4C284,2024-07-16,BR03,Rajahmundry,Andhra Pradesh,CUST00071,Priya Sharma,Retail,P001,Budget Smartphone 4G,Mobile,1,8841.52,0.15,0.8,Debit Card
TXN01010DFBF0,2023-05-16,BR03,Rajahmundry,Andhra Pradesh,CUST01565,Ajay Naidu,Retail,P012,Mobile Charger,Accessories,1,1537.6,0.0,0.42,Cash
TXNF84B8032E1,2024-10-11,BR03,Rajahmundry,Andhra Pradesh,CUST00537,Sandeep Babu,Retail,P020,Home Theatre System,Electronics,2,5689.2,0.1,0.6,Net Banking
TXNB9D2D2E3C4,2024-12-09,BR03,Rajahmundry,Andhra Pradesh,CUST01696,Sandeep Kumar,Retail,P011,Bluetooth Speaker,Accessories,2,4740.87,0.1,0.5,Net Banking
TXN6920648265,2023-04-04,BR03,Rajahmundry,Andhra Pradesh,CUST01667,Kiran Prasad,Retail,P004,Wireless Earbuds,Mobile,2,3519.45,0.1,0.55,Cash
TXN8EA8F263E5,2024-11-08,BR03,Rajahmundry,Andhra Pradesh,CUST00487,Ramesh Sharma,Retail,P021,Smart Watch,Electronics,2,9847.73,0.0,0.55,UPI
TXN98C472D499,2024-07-29,BR03,Rajahmundry,Andhra Pradesh,CUST00923,Priya Babu,Retail,P009,Laptop Bag,Accessories,4,693.42,0.05,0.45,UPI
TXNE8A870D606,2024-07-14,BR03,Rajahmundry,Andhra Pradesh,CUST00988,Deepika Kumar,Retail,P019,LED TV 55-inch,Electronics,1,59816.43,0.15,0.79,Credit Card
TXNB985F10BE3,2023-05-09,BR03,Rajahmundry,Andhra Pradesh,CUST01452,Kiran Chowdary,Wholesale,P006,Business Laptop i5,Laptop,1,52264.47,0.1,0.8,UPI
TXNED87FC2733,2024-04-23,BR03,Rajahmundry,Andhra Pradesh,CUST00298,Sneha Babu,Retail,P012,Mobile Charger,Accessories,2,1036.47,0.1,0.42,Debit Card
TXNF7230C010F,2024-09-17,BR03,Rajahmundry,Andhra Pradesh,CUST00260,Harika Devi,Retail,P011,Bluetooth Speaker,Accessories,3,1145.22,0.1,0.5,UPI
TXN1D98EAD692,2023-12-18,BR03,Rajahmundry,Andhra Pradesh,CUST01353,Aishwarya Babu,Retail,P020,Home Theatre System,Electronics,4,15495.98,0.0,0.6,Net Banking
TXN0F9BA43861,2023-01-25,BR03,Rajahmundry,Andhra Pradesh,CUST00821,Priya Prasad,Retail,P004,Wireless Earbuds,Mobile,1,2890.08,0.05,0.55,UPI
TXN3439064A1A,2024-07-12,BR03,Rajahmundry,Andhra Pradesh,CUST00612,Harika Babu,Retail,P004,Wireless Earbuds,Mobile,1,2376.72,0.0,0.55,UPI
TXN4B433B581B,2024-11-22,BR03,Rajahmundry,Andhra Pradesh,CUST00490,Priya Kumar,Retail,P008,Ultrabook Thin & Light,Laptop,1,91761.94,0.0,0.79,Cash
TXNBDE66C9526,2024-04-17,BR03,Rajahmundry,Andhra Pradesh,CUST00194,Divya Varma,Retail,P019,LED TV 55-inch,Electronics,1,43540.84,0.0,0.79,Debit Card
TXN30AE119BC3,2023-06-07,BR03,Rajahmundry,Andhra Pradesh,CUST00784,Harika Naidu,Wholesale,P018,LED TV 43-inch,Electronics,1,32904.0,0.05,0.8,Debit Card
TXN8CE8D1F76A,2023-12-30,BR03,Rajahmundry,Andhra Pradesh,CUST01373,Deepika Varma,Retail,P013,Power Bank,Accessories,2,2403.85,0.05,0.48,Debit Card
TXN254B0ABBB5,2024-07-03,BR03,Rajahmundry,Andhra Pradesh,CUST01155,Ajay Murthy,Retail,P008,Ultrabook Thin & Light,Laptop,1,68562.62,0.15,0.79,Credit Card
TXN669EBC09D4,2024-04-24,BR03,Rajahmundry,Andhra Pradesh,CUST00040,,Retail,P010,Wireless Mouse,Accessories,2,1369.86,0.0,0.4,Cash
TXN12F79A73B8,2024-08-16,BR03,Rajahmundry,Andhra Pradesh,CUST00383,Ajay Naidu,Retail,P004,Wireless Earbuds,Mobile,4,1598.5,0.15,0.55,UPI
TXN8E998418C9,2023-07-11,BR03,Rajahmundry,Andhra Pradesh,CUST00625,Lakshmi Sharma,Retail,P005,Entry Laptop i3,Laptop,1,29477.01,0.1,0.82,UPI
TXN3BD1C35E3D,2023-02-25,BR03,Rajahmundry,Andhra Pradesh,CUST00739,Praveen Murthy,Retail,P002,Mid-range Smartphone 5G,Mobile,1,27258.38,0.1,0.78,UPI
TXN359D612181,2023-03-10,BR03,Rajahmundry,Andhra Pradesh,CUST00317,Naveen Devi,Retail,P011,Bluetooth Speaker,Accessories,1,1939.75,0.1,0.5,UPI
TXN4FFF1BB0B9,2023-08-28,BR03,Rajahmundry,Andhra Pradesh,CUST00445,Aishwarya Reddy,Retail,P010,Wireless Mouse,Accessories,2,1483.34,0.15,0.4,UPI
TXN66655D1064,2024-10-14,BR03,Rajahmundry,Andhra Pradesh,CUST00165,Meena Reddy,Retail,P006,Business Laptop i5,Laptop,1,56157.02,0.1,0.8,UPI
TXN84102D6E68,2023-10-05,BR03,Rajahmundry,Andhra Pradesh,CUST01981,Ramesh Sharma,Retail,P014,Split AC 1.5 Ton,Home Appliances,1,38799.47,0.25,0.83,Cash
TXNC7EE2C0B78,2024-09-14,BR03,Rajahmundry,Andhra Pradesh,CUST01460,Kavya Sharma,Retail,P001,Budget Smartphone 4G,Mobile,4,11633.65,0.15,0.8,UPI
TXN3BEFCAC8A1,2023-04-03,BR03,Rajahmundry,Andhra Pradesh,CUST00008,Ajay Devi,Retail,P008,Ultrabook Thin & Light,Laptop,1,89337.13,0.15,0.79,UPI
TXNAA1A444EDB,2024-07-08,BR03,Rajahmundry,Andhra Pradesh,CUST00690,Vikram Murthy,Retail,P014,Split AC 1.5 Ton,Home Appliances,1,36621.51,0.05,0.83,Net Banking
TXND2D5A7A4A3,2024-09-16,BR03,Rajahmundry,Andhra Pradesh,CUST01218,Ramesh Kumar,Retail,P012,Mobile Charger,Accessories,1,1246.74,0.1,0.42,UPI
TXN4C53BB2536,2024-01-08,BR03,Rajahmundry,Andhra Pradesh,CUST00914,Srinivas Kumar,Retail,P021,Smart Watch,Electronics,1,11060.47,0.1,0.55,UPI
TXNDECEFF7E33,2023-02-22,BR03,Rajahmundry,Andhra Pradesh,CUST00726,Naveen Devi,Retail,P009,Laptop Bag,Accessories,4,1675.44,0.05,0.45,UPI
TXN775BF8B41A,2023-03-08,BR03,Rajahmundry,Andhra Pradesh,CUST00926,Sandeep Rao,Wholesale,P007,Gaming Laptop i7,Laptop,1,127637.46,0.0,0.78,UPI
TXN9E7769E8AE,2023-03-30,BR03,Rajahmundry,Andhra Pradesh,CUST00030,Priya Varma,Wholesale,P015,Refrigerator 300L,Home Appliances,1,33996.46,0.0,0.82,UPI
TXN309072D425,2024-02-09,BR03,Rajahmundry,Andhra Pradesh,CUST00999,Manoj Chowdary,Retail,P017,Microwave Oven,Home Appliances,1,14176.65,0.0,0.75,UPI
TXNFEB4D69DA1,2023-01-14,BR03,Rajahmundry,Andhra Pradesh,CUST00243,Harika Murthy,Retail,P009,Laptop Bag,Accessories,1,1384.82,0.15,0.45,Debit Card
TXND60688FAD5,2024-11-29,BR03,Rajahmundry,Andhra Pradesh,CUST01633,Harika Sarma,Corporate,P009,Laptop Bag,Accessories,1,710.52,0.0,0.45,Net Banking
TXN746AB6AB01,2023-04-13,BR03,Rajahmundry,Andhra Pradesh,CUST00542,Ajay Prasad,Corporate,P009,Laptop Bag,Accessories,2,1689.62,0.0,0.45,UPI
TXN34013CCE57,2023-02-08,BR03,Rajahmundry,Andhra Pradesh,CUST00524,Praveen Prasad,Retail,P012,Mobile Charger,Accessories,1,1535.56,0.05,0.42,UPI
TXNDC78DF72D6,2024-08-06,BR03,Rajahmundry,Andhra Pradesh,CUST01400,Anitha Babu,Wholesale,P015,Refrigerator 300L,Home Appliances,1,40984.27,0.1,0.82,UPI
TXN1108956759,2023-05-04,BR03,Rajahmundry,Andhra Pradesh,CUST00699,Pooja Chowdary,Retail,P008,Ultrabook Thin & Light,Laptop,1,87840.46,0.15,0.79,UPI
TXN6676CB4D8F,2024-10-23,BR03,Rajahmundry,Andhra Pradesh,CUST01967,Manoj Devi,Corporate,P009,Laptop Bag,Accessories,4,924.12,0.1,0.45,Debit Card
TXNCFE6AB22F9,2023-11-06,BR03,Rajahmundry,Andhra Pradesh,CUST01159,Lakshmi Murthy,Retail,P021,Smart Watch,Electronics,2,10042.36,0.25,0.55,Credit Card
TXN0564A000C2,2024-12-29,BR03,Rajahmundry,Andhra Pradesh,CUST00949,Sneha Sarma,Retail,P020,Home Theatre System,Electronics,2,10364.89,0.0,0.6,Debit Card
TXN857B1AB0D7,2023-11-28,BR03,Rajahmundry,Andhra Pradesh,CUST01855,Harika Naidu,Retail,P006,Business Laptop i5,Laptop,1,55655.92,0.1,0.8,Cash
TXNF0D1032B77,2023-12-14,BR03,Rajahmundry,Andhra Pradesh,CUST00862,Anitha Devi,Retail,P009,Laptop Bag,Accessories,1,1047.62,0.0,0.45,Credit Card
TXNA694FFA268,2023-02-22,BR03,Rajahmundry,Andhra Pradesh,CUST01395,Harika Reddy,Retail,P002,Mid-range Smartphone 5G,Mobile,1,15807.94,0.05,0.78,Net Banking
TXN43593E3577,2023-05-13,BR03,Rajahmundry,Andhra Pradesh,CUST00416,Meena Kumar,Retail,P010,Wireless Mouse,Accessories,1,996.62,0.05,0.4,Cash
TXN2C23B44020,2024-08-16,BR03,Rajahmundry,Andhra Pradesh,CUST01947,Ajay Rao,Retail,P014,Split AC 1.5 Ton,Home Appliances,1,46797.87,0.0,0.83,UPI
TXN98277A5E06,2023-10-24,BR03,Rajahmundry,Andhra Pradesh,CUST01110,Ravi Murthy,Retail,P007,Gaming Laptop i7,Laptop,1,102608.87,0.2,0.78,Net Banking
TXN892CC09AEF,2023-11-11,BR03,Rajahmundry,Andhra Pradesh,CUST01052,Kavya Devi,Retail,P015,Refrigerator 300L,Home Appliances,1,28639.31,0.1,0.82,UPI
TXNCD54F4F80C,2024-04-24,BR03,Rajahmundry,Andhra Pradesh,CUST00099,Suresh Murthy,Retail,P018,LED TV 43-inch,Electronics,1,30393.91,0.1,0.8,UPI
TXN0AC177F04D,2024-11-09,BR03,Rajahmundry,Andhra Pradesh,CUST00219,Priya Sharma,Retail,P008,Ultrabook Thin & Light,Laptop,1,56565.53,0.15,0.79,Credit Card
TXNDC2DEF0092,2024-12-22,BR03,Rajahmundry,Andhra Pradesh,CUST01864,Praveen Babu,Retail,P008,Ultrabook Thin & Light,Laptop,1,62167.25,0.0,0.79,Debit Card
TXN4080B02E78,2024-04-24,BR03,Rajahmundry,Andhra Pradesh,CUST01694,Manoj Sarma,Retail,P018,LED TV 43-inch,Electronics,1,23076.49,0.05,0.8,UPI
TXN30D00FE432,2024-11-15,BR03,Rajahmundry,Andhra Pradesh,CUST00957,Ravi Rao,Retail,P019,LED TV 55-inch,Electronics,1,48281.09,0.0,0.79,Debit Card
TXNB734498355,2023-10-25,BR03,Rajahmundry,Andhra Pradesh,CUST00998,Praveen Babu,Retail,P012,Mobile Charger,Accessories,1,475.99,0.0,0.42,Cash
TXNDFB1D8F7BA,2023-07-23,BR03,Rajahmundry,Andhra Pradesh,CUST00881,Divya Chowdary,Retail,P002,Mid-range Smartphone 5G,Mobile,1,22464.56,0.0,0.78,Debit Card
TXNF46ED50247,2023-08-13,BR03,Rajahmundry,Andhra Pradesh,CUST01550,Pooja Devi,Retail,P004,Wireless Earbuds,Mobile,1,2546.89,0.1,0.55,Credit Card
TXND3D5F09379,2024-10-07,BR03,Rajahmundry,Andhra Pradesh,CUST01470,Lakshmi Reddy,Retail,P006,Business Laptop i5,Laptop,1,44139.01,0.05,0.8,Credit Card
TXN0651812AC1,2024-07-19,BR03,Rajahmundry,Andhra Pradesh,CUST01475,Anitha Rao,Retail,P009,Laptop Bag,Accessories,2,1491.61,0.15,0.45,UPI
TXN02731D6B86,2023-09-27,BR03,Rajahmundry,Andhra Pradesh,CUST00948,Suresh Murthy,Retail,P004,Wireless Earbuds,Mobile,1,3371.59,0.1,0.55,Cash
TXN81080B5C7E,2024-10-23,BR03,Rajahmundry,Andhra Pradesh,CUST01814,Deepika Varma,Wholesale,P013,Power Bank,Accessories,2,1505.86,0.25,0.48,Debit Card
TXNF9D0963B0A,2024-02-27,BR03,Rajahmundry,Andhra Pradesh,CUST00745,Ramesh Sharma,Retail,P014,Split AC 1.5 Ton,Home Appliances,1,35045.21,0.1,0.83,Debit Card
TXNDA249A0F5D,2024-06-12,BR03,Rajahmundry,Andhra Pradesh,CUST01010,Srinivas Prasad,Retail,P013,Power Bank,Accessories,1,1955.48,0.0,0.48,UPI
TXNE5E6490E2B,2024-09-29,BR03,Rajahmundry,Andhra Pradesh,CUST01884,Ramesh Naidu,Retail,P013,Power Bank,Accessories,1,2024.0,0.15,0.48,Net Banking
TXNA0D81AD679,2023-04-30,BR03,Rajahmundry,Andhra Pradesh,CUST01994,Lakshmi Varma,Retail,P003,Flagship Smartphone,Mobile,1,80306.58,0.05,0.75,UPI
TXNAFFBAC3F04,2024-05-15,BR03,Rajahmundry,Andhra Pradesh,CUST01671,Srinivas Kumar,Retail,P013,Power Bank,Accessories,1,1701.78,0.0,0.48,UPI
TXN4D95DC1179,2024-05-14,BR03,Rajahmundry,Andhra Pradesh,CUST00747,Srinivas Murthy,Corporate,P013,Power Bank,Accessories,1,2116.36,0.15,0.48,Cash
TXN7AD9432581,2023-12-17,BR03,Rajahmundry,Andhra Pradesh,CUST00191,Sneha Babu,Retail,P004,Wireless Earbuds,Mobile,1,3958.42,0.15,0.55,UPI
TXN358428FDD3,2024-11-18,BR03,Rajahmundry,Andhra Pradesh,CUST00514,Lakshmi Varma,Retail,P003,Flagship Smartphone,Mobile,1,49211.79,0.0,0.75,UPI
TXN540C82EB39,2024-07-18,BR03,Rajahmundry,Andhra Pradesh,CUST00694,Deepika Chowdary,Retail,P012,Mobile Charger,Accessories,1,544.38,0.0,0.42,UPI
TXNC8B6A811C5,2023-08-03,BR03,Rajahmundry,Andhra Pradesh,CUST00998,Praveen Babu,Retail,P010,Wireless Mouse,Accessories,1,745.26,0.0,0.4,Credit Card
TXNB82440A4B6,2023-11-12,BR03,Rajahmundry,Andhra Pradesh,CUST01843,Ramesh Sharma,Retail,P011,Bluetooth Speaker,Accessories,1,3828.29,0.25,0.5,Cash
TXN281033303E,2024-07-08,BR03,Rajahmundry,Andhra Pradesh,CUST00767,Kavya Varma,Retail,P010,Wireless Mouse,Accessories,2,1411.5,0.05,0.4,Credit Card
TXNFB66241AAE,2024-06-02,BR03,Rajahmundry,Andhra Pradesh,CUST00251,Meena Reddy,Retail,P020,Home Theatre System,Electronics,3,6244.74,0.05,0.6,Debit Card
TXN3A30851944,2024-07-24,BR03,Rajahmundry,Andhra Pradesh,CUST00057,Sneha Murthy,Corporate,P009,Laptop Bag,Accessories,2,1632.33,0.0,0.45,Cash
TXN72F1551DEB,2023-09-03,BR03,Rajahmundry,Andhra Pradesh,CUST01782,Arjun Varma,Retail,P008,Ultrabook Thin & Light,Laptop,1,62189.41,0.0,0.79,UPI
TXN562845588F,2023-05-30,BR03,Rajahmundry,Andhra Pradesh,CUST01958,Sandeep Babu,Corporate,P013,Power Bank,Accessories,2,1538.0,0.0,0.48,Cash
TXND9A6FB2344,2023-01-14,BR03,Rajahmundry,Andhra Pradesh,CUST01761,Suresh Naidu,Wholesale,P015,Refrigerator 300L,Home Appliances,1,32319.05,0.15,0.82,UPI
TXN1AD1DE7429,2024-10-09,BR03,Rajahmundry,Andhra Pradesh,CUST00964,Arjun Naidu,Retail,P016,Washing Machine,Home Appliances,1,25161.97,0.15,0.8,Debit Card
TXNA3193B7560,2023-02-03,BR03,Rajahmundry,Andhra Pradesh,CUST00261,Ajay Prasad,Retail,P010,Wireless Mouse,Accessories,2,390.29,0.0,0.4,Debit Card
TXNA21B3313FC,2024-02-20,BR03,Rajahmundry,Andhra Pradesh,CUST01246,Anitha Kumar,Retail,P009,Laptop Bag,Accessories,1,1350.66,0.1,0.45,Debit Card
TXNA24815130F,2023-11-10,BR03,Rajahmundry,Andhra Pradesh,CUST01436,Kavya Sharma,Wholesale,P008,Ultrabook Thin & Light,Laptop,1,59168.1,0.1,0.79,Net Banking
TXN165B259E42,2023-08-22,BR03,Rajahmundry,Andhra Pradesh,CUST01098,Sneha Chowdary,Retail,P012,Mobile Charger,Accessories,2,694.53,0.1,0.42,Credit Card
TXN55F6C1784E,2024-11-21,BR03,Rajahmundry,Andhra Pradesh,CUST00483,Anitha Kumar,Retail,P013,Power Bank,Accessories,1,2482.55,0.2,0.48,UPI
TXN7F94A6B8BF,2024-08-26,BR03,Rajahmundry,Andhra Pradesh,CUST01748,Suresh Kumar,Retail,P019,LED TV 55-inch,Electronics,1,57921.59,0.0,0.79,UPI
TXN499572A3BC,2023-12-14,BR03,Rajahmundry,Andhra Pradesh,CUST00223,Kiran Prasad,Retail,P020,Home Theatre System,Electronics,3,9175.1,0.0,0.6,UPI
TXNB31FA5FD7E,2024-02-19,BR03,Rajahmundry,Andhra Pradesh,CUST01211,Sneha Rao,Retail,P010,Wireless Mouse,Accessories,2,1170.82,0.0,0.4,UPI
TXN92643B220E,2024-05-07,BR03,Rajahmundry,Andhra Pradesh,CUST00543,Srinivas Devi,Retail,P011,Bluetooth Speaker,Accessories,2,3325.31,0.0,0.5,Cash
TXN002F36E7AE,2024-06-30,BR03,Rajahmundry,Andhra Pradesh,CUST00936,Sandeep Chowdary,Retail,P015,Refrigerator 300L,Home Appliances,1,34783.94,0.0,0.82,Credit Card
TXNA7636B910C,2024-09-27,BR03,Rajahmundry,Andhra Pradesh,CUST01785,Anitha Prasad,Retail,P001,Budget Smartphone 4G,Mobile,2,8701.5,0.1,0.8,Credit Card
TXN4C5BB42B59,2023-04-01,BR03,Rajahmundry,Andhra Pradesh,CUST00409,Ravi Murthy,Wholesale,P011,Bluetooth Speaker,Accessories,2,3561.31,0.0,0.5,UPI
TXN282300F2E6,2024-09-15,BR03,Rajahmundry,Andhra Pradesh,CUST01017,Meena Chowdary,Corporate,P004,Wireless Earbuds,Mobile,2,4352.62,0.15,0.55,Debit Card
TXN36DEBD3D9E,2024-02-15,BR03,Rajahmundry,Andhra Pradesh,CUST01385,Aishwarya Murthy,Retail,P010,Wireless Mouse,Accessories,1,570.86,0.0,0.4,UPI
TXN28C414BED0,2023-09-19,BR03,Rajahmundry,Andhra Pradesh,CUST01404,Manoj Babu,Retail,P013,Power Bank,Accessories,1,1163.18,0.0,0.48,UPI
TXN7B66C764B7,2023-11-11,BR03,Rajahmundry,Andhra Pradesh,CUST00142,Sneha Varma,Retail,P011,Bluetooth Speaker,Accessories,2,4523.6,0.15,0.5,UPI
TXNFCF80C02FE,2024-07-05,BR03,Rajahmundry,Andhra Pradesh,CUST00511,Manoj Kumar,Wholesale,P001,Budget Smartphone 4G,Mobile,1,10903.96,0.0,0.8,Net Banking
TXNDF972187FE,2023-03-07,BR03,Rajahmundry,Andhra Pradesh,CUST01266,Ajay Murthy,Wholesale,P003,Flagship Smartphone,Mobile,1,73103.63,0.1,0.75,Net Banking
TXNF0DD8F2811,2023-09-24,BR03,Rajahmundry,Andhra Pradesh,CUST01010,Srinivas Prasad,Retail,P008,Ultrabook Thin & Light,Laptop,1,68056.64,0.0,0.79,Credit Card
TXNFA02061243,2024-06-26,BR03,Rajahmundry,Andhra Pradesh,CUST01883,Lakshmi Babu,Retail,P011,Bluetooth Speaker,Accessories,2,2304.48,0.05,0.5,Cash
TXN0150955A21,2023-07-01,BR03,Rajahmundry,Andhra Pradesh,CUST00593,Ajay Prasad,Retail,P001,Budget Smartphone 4G,Mobile,1,10226.48,0.0,0.8,UPI
TXN8ED402772A,2023-06-24,BR03,Rajahmundry,Andhra Pradesh,CUST00425,Deepika Sharma,Retail,P019,LED TV 55-inch,Electronics,1,38926.37,0.1,0.79,UPI
TXN57F11FA5B6,2023-06-09,BR03,Rajahmundry,Andhra Pradesh,CUST01687,Pooja Prasad,Wholesale,P001,Budget Smartphone 4G,Mobile,1,10904.87,0.0,0.8,UPI
TXN2B22960326,2023-05-30,BR03,Rajahmundry,Andhra Pradesh,CUST01876,Praveen Chowdary,Wholesale,P019,LED TV 55-inch,Electronics,1,43181.81,0.05,0.79,UPI
TXNCA047D703D,2024-08-20,BR03,Rajahmundry,Andhra Pradesh,CUST00908,Ravi Devi,Retail,P019,LED TV 55-inch,Electronics,1,40869.81,0.05,0.79,UPI
TXNF353FA065C,2024-01-02,BR03,Rajahmundry,Andhra Pradesh,CUST01910,Arjun Murthy,Retail,P017,Microwave Oven,Home Appliances,1,11497.9,0.05,0.75,Debit Card
TXN37DCDBC59D,2024-04-28,BR03,Rajahmundry,Andhra Pradesh,CUST01721,Swathi Sharma,Wholesale,P009,Laptop Bag,Accessories,1,963.98,0.1,0.45,UPI
TXN7BA25FC80C,2023-03-26,BR03,Rajahmundry,Andhra Pradesh,CUST01086,Divya Sharma,Retail,P013,Power Bank,Accessories,1,1156.94,0.15,0.48,UPI
TXN1BEAD5B8F7,2023-10-22,BR03,Rajahmundry,Andhra Pradesh,CUST00154,Meena Babu,Retail,P003,Flagship Smartphone,Mobile,1,60748.93,0.15,0.75,UPI
TXN96873B1D1B,2023-03-21,BR03,Rajahmundry,Andhra Pradesh,CUST00253,Swathi Prasad,Retail,P011,Bluetooth Speaker,Accessories,4,2768.0,0.0,0.5,UPI
TXNFBB532BA18,2024-01-13,BR03,Rajahmundry,Andhra Pradesh,CUST00547,Praveen Babu,Retail,P018,LED TV 43-inch,Electronics,1,26820.08,0.0,0.8,Net Banking
TXN7E1FC1E30C,2024-12-16,BR03,Rajahmundry,Andhra Pradesh,CUST01237,Sneha Reddy,Wholesale,P004,Wireless Earbuds,Mobile,2,5998.92,0.0,0.55,Debit Card
TXN22E48FD0DC,2024-11-06,BR03,Rajahmundry,Andhra Pradesh,CUST00470,Deepika Chowdary,Wholesale,P013,Power Bank,Accessories,1,1660.35,0.2,0.48,Debit Card
TXN33B8AAA49D,2024-10-10,BR03,Rajahmundry,Andhra Pradesh,CUST01441,Ajay Babu,Wholesale,P018,LED TV 43-inch,Electronics,1,28454.28,0.15,0.8,Debit Card
TXN7BFC08A310,2023-12-31,BR03,Rajahmundry,Andhra Pradesh,CUST00234,Pooja Devi,Retail,P002,Mid-range Smartphone 5G,Mobile,1,26322.24,0.0,0.78,UPI
TXN259218FFBE,2023-12-27,BR03,Rajahmundry,Andhra Pradesh,CUST00990,Aishwarya Prasad,Retail,P019,LED TV 55-inch,Electronics,1,43546.63,0.0,0.79,Credit Card
TXNF58304F9FB,2024-01-26,BR03,Rajahmundry,Andhra Pradesh,CUST00806,Praveen Naidu,Retail,P001,Budget Smartphone 4G,Mobile,2,9935.67,0.0,0.8,Credit Card
TXN84676C74BB,2024-06-18,BR03,Rajahmundry,Andhra Pradesh,CUST00986,Swathi Babu,Retail,P015,Refrigerator 300L,Home Appliances,1,32600.39,0.0,0.82,Credit Card
TXNC7C39CA063,2023-01-25,BR03,Rajahmundry,Andhra Pradesh,CUST01402,Kiran Sarma,Retail,P001,Budget Smartphone 4G,Mobile,2,13474.06,0.05,0.8,UPI
TXNF087DB7E51,2023-01-28,BR03,Rajahmundry,Andhra Pradesh,CUST00620,Priya Varma,Wholesale,P005,Entry Laptop i3,Laptop,1,34516.13,0.0,0.82,Debit Card
TXN1290496FCC,2023-07-28,BR03,Rajahmundry,Andhra Pradesh,CUST00518,Praveen Rao,Retail,P010,Wireless Mouse,Accessories,1,1332.98,0.15,0.4,UPI
TXN39F6F3E12D,2023-12-25,BR03,Rajahmundry,Andhra Pradesh,CUST00331,Lakshmi Babu,Wholesale,P006,Business Laptop i5,Laptop,1,57234.92,0.15,0.8,UPI
TXND185E0C0BB,2024-08-31,BR03,Rajahmundry,Andhra Pradesh,CUST01336,Kiran Kumar,Retail,P012,Mobile Charger,Accessories,1,1428.1,0.1,0.42,Cash
TXNE9654D9EB6,2023-10-13,BR03,Rajahmundry,Andhra Pradesh,CUST01341,Sandeep Murthy,Retail,P007,Gaming Laptop i7,Laptop,1,91345.57,0.0,0.78,Cash
TXN879185E049,2024-10-04,BR03,Rajahmundry,Andhra Pradesh,CUST01528,Ramesh Prasad,Retail,P011,Bluetooth Speaker,Accessories,1,2334.03,0.0,0.5,Cash
TXN3DF02424BF,2024-06-29,BR03,Rajahmundry,Andhra Pradesh,CUST01725,Swathi Kumar,Retail,P001,Budget Smartphone 4G,Mobile,3,10055.1,0.15,0.8,UPI
TXND0C027515D,2024-11-05,BR03,Rajahmundry,Andhra Pradesh,CUST00822,Swathi Prasad,Retail,P003,Flagship Smartphone,Mobile,1,87894.46,0.1,0.75,Credit Card
TXN337AFBCF24,2023-04-22,BR03,Rajahmundry,Andhra Pradesh,CUST00348,Kavya Sarma,Corporate,P002,Mid-range Smartphone 5G,Mobile,1,24760.66,0.15,0.78,UPI
TXN704E498DE5,2023-05-03,BR03,Rajahmundry,Andhra Pradesh,CUST01695,Deepika Prasad,Retail,P019,LED TV 55-inch,Electronics,1,45219.38,0.0,0.79,Credit Card
TXNCF4538C7A7,2023-09-22,BR03,Rajahmundry,Andhra Pradesh,CUST01074,Deepika Chowdary,Retail,P013,Power Bank,Accessories,4,2085.46,0.0,0.48,UPI
TXN80A12F9405,2024-10-18,BR03,Rajahmundry,Andhra Pradesh,CUST01991,Naveen Rao,Wholesale,P001,Budget Smartphone 4G,Mobile,1,8055.92,0.0,0.8,UPI
TXN4F299B4D1A,2023-04-15,BR03,Rajahmundry,Andhra Pradesh,CUST00006,Sneha Devi,Retail,P011,Bluetooth Speaker,Accessories,1,3001.52,0.0,0.5,UPI
TXN7BD660145F,2024-10-07,BR03,Rajahmundry,Andhra Pradesh,CUST01347,Pooja Reddy,Retail,P003,Flagship Smartphone,Mobile,1,72974.38,0.15,0.75,Cash
TXN0EDFA4D41A,2023-12-20,BR03,Rajahmundry,Andhra Pradesh,CUST01873,Ravi Devi,Retail,P021,Smart Watch,Electronics,1,9842.25,0.0,0.55,UPI
TXN7A2530D3CF,2023-06-24,BR03,Rajahmundry,Andhra Pradesh,CUST01771,Suresh Devi,Retail,P012,Mobile Charger,Accessories,1,1641.07,0.0,0.42,Debit Card
TXNB982B3FF2C,2024-10-05,BR03,Rajahmundry,Andhra Pradesh,CUST01312,Priya Naidu,Retail,P003,Flagship Smartphone,Mobile,1,55484.16,0.0,0.75,UPI
TXN174D716751,2023-03-09,BR03,Rajahmundry,Andhra Pradesh,CUST00204,,Retail,P005,Entry Laptop i3,Laptop,1,28072.04,0.0,0.82,UPI
TXN54EDC081BA,2023-08-02,BR03,Rajahmundry,Andhra Pradesh,CUST00544,Pooja Sharma,Corporate,P012,Mobile Charger,Accessories,2,1638.05,0.1,0.42,UPI
TXN2E4AC26408,2024-10-24,BR03,Rajahmundry,Andhra Pradesh,CUST01825,Arjun Prasad,Wholesale,P003,Flagship Smartphone,Mobile,1,60840.0,0.2,0.75,Credit Card
TXNADFDB038A6,2024-06-30,BR03,Rajahmundry,Andhra Pradesh,CUST01583,Praveen Murthy,Wholesale,P011,Bluetooth Speaker,Accessories,2,4046.26,0.15,0.5,UPI
TXNFBE88FBE4F,2024-07-11,BR03,Rajahmundry,Andhra Pradesh,CUST01404,Manoj Babu,Retail,P012,Mobile Charger,Accessories,1,1325.24,0.1,0.42,Cash
TXN1F17AEAC9E,2023-07-04,BR03,Rajahmundry,Andhra Pradesh,CUST01745,,Retail,P009,Laptop Bag,Accessories,1,733.1,0.15,0.45,Credit Card
TXN26D81E5743,2023-05-17,BR03,Rajahmundry,Andhra Pradesh,CUST00459,Swathi Prasad,Wholesale,P001,Budget Smartphone 4G,Mobile,3,12847.48,0.0,0.8,UPI
TXNF89A0EB100,2024-12-09,BR03,Rajahmundry,Andhra Pradesh,CUST01922,Harika Kumar,Retail,P014,Split AC 1.5 Ton,Home Appliances,1,34140.43,0.0,0.83,Debit Card
TXN68C3ABE978,2023-10-01,BR03,Rajahmundry,Andhra Pradesh,CUST00497,Kavya Devi,Retail,P004,Wireless Earbuds,Mobile,4,1707.03,0.25,0.55,Net Banking
TXNBEEAB93903,2023-04-29,BR03,Rajahmundry,Andhra Pradesh,CUST00867,Sneha Naidu,Retail,P013,Power Bank,Accessories,3,1376.49,0.15,0.48,UPI
TXN482D93B43A,2023-05-08,BR03,Rajahmundry,Andhra Pradesh,CUST00606,Pooja Rao,Corporate,P004,Wireless Earbuds,Mobile,1,2975.04,0.0,0.55,UPI
TXND63660E16A,2023-05-22,BR03,Rajahmundry,Andhra Pradesh,CUST00983,Meena Reddy,Corporate,P009,Laptop Bag,Accessories,3,810.45,0.1,0.45,UPI
TXNED3B2B0C3D,2023-04-06,BR03,Rajahmundry,Andhra Pradesh,CUST01467,Lakshmi Kumar,Wholesale,P003,Flagship Smartphone,Mobile,1,73380.71,0.05,0.75,Debit Card
TXN48B1B86E64,2024-10-14,BR03,Rajahmundry,Andhra Pradesh,CUST00985,Divya Sarma,Retail,P018,LED TV 43-inch,Electronics,1,29594.05,0.25,0.8,Credit Card
TXN4ED2DED7CE,2023-11-12,BR03,Rajahmundry,Andhra Pradesh,CUST01829,Swathi Rao,Retail,P006,Business Laptop i5,Laptop,1,42944.85,0.15,0.8,Debit Card
TXN239011DF19,2024-06-12,BR03,Rajahmundry,Andhra Pradesh,CUST00625,Lakshmi Sharma,Retail,P018,LED TV 43-inch,Electronics,1,23178.29,0.1,0.8,UPI
TXNFE8558D33D,2024-01-20,BR03,Rajahmundry,Andhra Pradesh,CUST01691,Vikram Kumar,Retail,P002,Mid-range Smartphone 5G,Mobile,1,23091.12,0.05,0.78,Cash
TXNECDA2F7876,2024-08-15,BR03,Rajahmundry,Andhra Pradesh,CUST00540,Manoj Sarma,Retail,P002,Mid-range Smartphone 5G,Mobile,3,16434.34,0.05,0.78,Credit Card
TXN7FBA2C278C,2024-11-16,BR03,Rajahmundry,Andhra Pradesh,CUST00764,Kiran Naidu,Retail,P011,Bluetooth Speaker,Accessories,1,4767.08,0.25,0.5,Credit Card
TXNA2D4A7BDCC,2023-04-14,BR03,Rajahmundry,Andhra Pradesh,CUST01432,Suresh Reddy,Retail,P005,Entry Laptop i3,Laptop,1,36253.0,0.0,0.82,Debit Card
TXN8D88ED26E3,2023-04-10,BR03,Rajahmundry,Andhra Pradesh,CUST01137,Aishwarya Kumar,Retail,P004,Wireless Earbuds,Mobile,2,2182.95,0.1,0.55,UPI
TXN19655261C9,2024-11-10,BR03,Rajahmundry,Andhra Pradesh,CUST00336,Aishwarya Devi,Retail,P003,Flagship Smartphone,Mobile,1,72152.63,0.0,0.75,UPI
TXNBC7F6B2C1F,2024-07-02,BR03,Rajahmundry,Andhra Pradesh,CUST00227,Anitha Naidu,Retail,P013,Power Bank,Accessories,1,1662.86,0.15,0.48,Credit Card
TXN427296D57A,2023-08-11,BR03,Rajahmundry,Andhra Pradesh,CUST01822,Divya Naidu,Retail,P001,Budget Smartphone 4G,Mobile,2,13903.61,0.15,0.8,UPI
TXN69127BCF45,2023-06-26,BR03,Rajahmundry,Andhra Pradesh,CUST01511,Ramesh Sharma,Retail,P002,Mid-range Smartphone 5G,Mobile,1,21777.03,0.0,0.78,UPI
TXN4D72434E20,2024-08-18,BR03,Rajahmundry,Andhra Pradesh,CUST01072,Kiran Varma,Retail,P016,Washing Machine,Home Appliances,3,18428.49,0.0,0.8,Debit Card
TXN0D2846C719,2023-10-23,BR03,Rajahmundry,Andhra Pradesh,CUST00019,Suresh Reddy,Retail,P015,Refrigerator 300L,Home Appliances,1,30252.01,0.0,0.82,Debit Card
TXN13CCF037AA,2023-12-26,BR03,Rajahmundry,Andhra Pradesh,CUST01823,Sandeep Reddy,Retail,P002,Mid-range Smartphone 5G,Mobile,2,16049.92,0.1,0.78,Credit Card
TXN3414830EE8,2023-08-27,BR03,Rajahmundry,Andhra Pradesh,CUST01053,Sandeep Rao,Retail,P002,Mid-range Smartphone 5G,Mobile,1,26656.27,0.0,0.78,UPI
TXN89A11136E6,2024-01-25,BR03,Rajahmundry,Andhra Pradesh,CUST00851,Harika Murthy,Retail,P004,Wireless Earbuds,Mobile,2,4248.44,0.0,0.55,UPI
TXN4EA491B340,2024-08-17,BR03,Rajahmundry,Andhra Pradesh,CUST01852,Suresh Rao,Retail,P012,Mobile Charger,Accessories,1,1489.22,0.0,0.42,UPI
TXN5CA83090B9,2024-07-12,BR03,Rajahmundry,Andhra Pradesh,CUST00132,Lakshmi Sharma,Wholesale,P010,Wireless Mouse,Accessories,1,1028.23,0.15,0.4,Credit Card
TXN2973CF4F56,2024-12-01,BR03,Rajahmundry,Andhra Pradesh,CUST01978,Ravi Sarma,Wholesale,P003,Flagship Smartphone,Mobile,1,76932.41,0.0,0.75,Credit Card
TXN21C2285E94,2023-11-18,BR03,Rajahmundry,Andhra Pradesh,CUST01887,Ravi Kumar,Corporate,P010,Wireless Mouse,Accessories,2,532.3,0.25,0.4,Cash
TXNAEDA298935,2024-06-19,BR03,Rajahmundry,Andhra Pradesh,CUST01979,Meena Devi,Retail,P004,Wireless Earbuds,Mobile,1,5197.58,0.15,0.55,Credit Card
TXNF9EBE3033B,2024-05-26,BR03,Rajahmundry,Andhra Pradesh,CUST01387,Manoj Naidu,Retail,P006,Business Laptop i5,Laptop,1,46800.04,0.05,0.8,Credit Card
TXN3AA323B649,2023-10-11,BR03,Rajahmundry,Andhra Pradesh,CUST01350,Sneha Kumar,Retail,P010,Wireless Mouse,Accessories,1,451.21,0.0,0.4,UPI
TXN98125C8A28,2023-12-12,BR03,Rajahmundry,Andhra Pradesh,CUST00160,Swathi Sharma,Retail,P019,LED TV 55-inch,Electronics,1,49755.53,0.0,0.79,Cash
TXNFAD5C7A48B,2024-12-18,BR03,Rajahmundry,Andhra Pradesh,CUST01429,Sneha Sarma,Wholesale,P010,Wireless Mouse,Accessories,1,1261.07,0.0,0.4,UPI
TXNAB723E202B,2023-11-20,BR03,Rajahmundry,Andhra Pradesh,CUST00094,Vikram Reddy,Retail,P001,Budget Smartphone 4G,Mobile,1,8018.74,0.15,0.8,UPI
TXN2DF8F2D2C0,2023-09-11,BR03,Rajahmundry,Andhra Pradesh,CUST01599,Harika Naidu,Retail,P003,Flagship Smartphone,Mobile,1,78114.81,0.15,0.75,Credit Card
TXN045E8A3035,2023-03-29,BR03,Rajahmundry,Andhra Pradesh,CUST00433,Meena Varma,Retail,P003,Flagship Smartphone,Mobile,1,86532.16,0.0,0.75,Credit Card
TXN34025D3E18,2024-12-04,BR03,Rajahmundry,Andhra Pradesh,CUST01766,Meena Murthy,Retail,P018,LED TV 43-inch,Electronics,1,22911.35,0.15,0.8,UPI
TXN0313A8E919,2023-09-26,BR03,Rajahmundry,Andhra Pradesh,CUST01508,Suresh Murthy,Corporate,P007,Gaming Laptop i7,Laptop,1,84200.15,0.05,0.78,UPI
TXNA163FA90E9,2024-08-02,BR03,Rajahmundry,Andhra Pradesh,CUST00119,Ajay Sharma,Retail,P021,Smart Watch,Electronics,4,4233.7,0.15,0.55,UPI
TXN18A37E736D,2023-10-29,BR03,Rajahmundry,Andhra Pradesh,CUST00602,Sneha Sarma,Retail,P008,Ultrabook Thin & Light,Laptop,1,85570.81,0.0,0.79,UPI
TXNED6618DCBD,2024-07-21,BR03,Rajahmundry,Andhra Pradesh,CUST01220,Ramesh Reddy,Retail,P011,Bluetooth Speaker,Accessories,1,3158.09,0.15,0.5,Credit Card
TXN3F09FA5AE3,2023-09-09,BR03,Rajahmundry,Andhra Pradesh,CUST01102,Ravi Reddy,Retail,P009,Laptop Bag,Accessories,1,1845.15,0.1,0.45,UPI
TXNBF818EE2BB,2024-04-27,BR03,Rajahmundry,Andhra Pradesh,CUST00795,Srinivas Sharma,Retail,P005,Entry Laptop i3,Laptop,1,28058.95,0.0,0.82,Debit Card
TXN67DA6FFE52,2024-08-04,BR03,Rajahmundry,Andhra Pradesh,CUST00603,Swathi Reddy,Retail,P002,Mid-range Smartphone 5G,Mobile,1,19674.15,0.05,0.78,UPI
TXND3E637736A,2023-01-12,BR03,Rajahmundry,Andhra Pradesh,CUST01260,Suresh Sharma,Retail,P003,Flagship Smartphone,Mobile,1,86010.39,0.0,0.75,Cash
TXN64D59E2AF3,2024-04-15,BR03,Rajahmundry,Andhra Pradesh,CUST01468,Divya Sharma,Wholesale,P003,Flagship Smartphone,Mobile,1,89801.97,0.0,0.75,UPI
TXN90E2A92E40,2023-08-21,BR03,Rajahmundry,Andhra Pradesh,CUST00623,Praveen Varma,Retail,P003,Flagship Smartphone,Mobile,1,49708.02,0.0,0.75,UPI
TXNBEF4E08451,2023-05-26,BR03,Rajahmundry,Andhra Pradesh,CUST00607,Meena Devi,Wholesale,P015,Refrigerator 300L,Home Appliances,1,32545.86,0.0,0.82,Credit Card
TXN5CD12FADB8,2023-10-19,BR03,Rajahmundry,Andhra Pradesh,CUST00621,Manoj Naidu,Retail,P001,Budget Smartphone 4G,Mobile,1,8718.98,0.2,0.8,Cash
TXN8A56FDCA15,2023-05-25,BR03,Rajahmundry,Andhra Pradesh,CUST01695,Deepika Prasad,Retail,P019,LED TV 55-inch,Electronics,1,57602.98,0.0,0.79,Cash
TXNA7E4FCEDA1,2023-04-11,BR03,Rajahmundry,Andhra Pradesh,CUST00255,Ajay Prasad,Retail,P008,Ultrabook Thin & Light,Laptop,1,60067.14,0.0,0.79,Cash
TXN3F70A3AB4C,2023-05-25,BR03,Rajahmundry,Andhra Pradesh,CUST01486,Lakshmi Chowdary,Retail,P003,Flagship Smartphone,Mobile,1,50743.47,0.05,0.75,UPI
TXNED53FBFBEB,2023-08-09,BR03,Rajahmundry,Andhra Pradesh,CUST01012,Ramesh Sharma,Retail,P013,Power Bank,Accessories,1,1546.09,0.0,0.48,Debit Card
TXNB99E98A0A1,2023-12-23,BR03,Rajahmundry,Andhra Pradesh,CUST00803,Deepika Rao,Retail,P018,LED TV 43-inch,Electronics,1,34099.01,0.0,0.8,UPI
TXN932001AA87,2023-11-23,BR03,Rajahmundry,Andhra Pradesh,CUST00564,Lakshmi Devi,Wholesale,P011,Bluetooth Speaker,Accessories,1,2810.23,0.25,0.5,Debit Card
TXN51E6D7A00D,2023-10-17,BR03,Rajahmundry,Andhra Pradesh,CUST01614,Sneha Naidu,Retail,P009,Laptop Bag,Accessories,3,1401.7,0.0,0.45,UPI
TXN1A946C4CA3,2024-08-04,BR03,Rajahmundry,Andhra Pradesh,CUST01873,Ravi Devi,Retail,P020,Home Theatre System,Electronics,1,11456.25,0.1,0.6,UPI
TXNE22604ECF7,2024-05-17,BR03,Rajahmundry,Andhra Pradesh,CUST01858,Pooja Sharma,Wholesale,P007,Gaming Laptop i7,Laptop,1,84934.6,0.05,0.78,Debit Card
TXN79976CC063,2023-11-17,BR03,Rajahmundry,Andhra Pradesh,CUST00716,Arjun Sarma,Retail,P004,Wireless Earbuds,Mobile,1,2696.79,0.25,0.55,Cash
TXN135F362E75,2024-09-10,BR03,Rajahmundry,Andhra Pradesh,CUST00335,Meena Kumar,Retail,P007,Gaming Laptop i7,Laptop,1,111577.23,0.05,0.78,Cash
TXNF4CD4C0FFC,2024-04-27,BR03,Rajahmundry,Andhra Pradesh,CUST00388,Pooja Varma,Retail,P010,Wireless Mouse,Accessories,2,572.24,0.05,0.4,Cash
TXN16B89A57A4,2023-11-04,BR03,Rajahmundry,Andhra Pradesh,CUST00863,Sneha Naidu,Wholesale,P001,Budget Smartphone 4G,Mobile,1,9727.41,0.05,0.8,UPI
TXN8778BCCADD,2023-07-10,BR03,Rajahmundry,Andhra Pradesh,CUST00062,Aishwarya Chowdary,Corporate,P009,Laptop Bag,Accessories,2,1687.55,0.0,0.45,Credit Card
TXN88ED278DCE,2023-03-05,BR03,Rajahmundry,Andhra Pradesh,CUST01410,Sandeep Murthy,Corporate,P011,Bluetooth Speaker,Accessories,3,4622.31,0.0,0.5,Cash
TXN56AC71EC89,2024-09-16,BR03,Rajahmundry,Andhra Pradesh,CUST01008,Harika Kumar,Retail,P010,Wireless Mouse,Accessories,2,391.75,0.0,0.4,Net Banking
TXNCFA140A3BC,2024-10-16,BR03,Rajahmundry,Andhra Pradesh,CUST00462,Manoj Chowdary,Retail,P002,Mid-range Smartphone 5G,Mobile,1,20296.1,0.25,0.78,Cash
TXN459CDDEBD2,2024-10-25,BR03,Rajahmundry,Andhra Pradesh,CUST00110,Vikram Devi,Retail,P002,Mid-range Smartphone 5G,Mobile,1,20504.53,0.25,0.78,Net Banking
TXN1127BF9422,2023-10-03,BR03,Rajahmundry,Andhra Pradesh,CUST01040,Anitha Devi,Retail,P010,Wireless Mouse,Accessories,1,401.14,0.05,0.4,UPI
TXNA7AFF87713,2024-03-28,BR03,Rajahmundry,Andhra Pradesh,CUST00718,Priya Murthy,Retail,P001,Budget Smartphone 4G,Mobile,3,13463.71,0.1,0.8,Credit Card
TXNB2379FBA48,2023-05-11,BR03,Rajahmundry,Andhra Pradesh,CUST00863,Sneha Naidu,Wholesale,P019,LED TV 55-inch,Electronics,1,55529.92,0.15,0.79,UPI
TXNDD252CDC09,2023-05-23,BR03,Rajahmundry,Andhra Pradesh,CUST00678,Divya Kumar,Retail,P011,Bluetooth Speaker,Accessories,3,4319.06,0.15,0.5,UPI
TXN7C3E7EBE29,2023-12-24,BR03,Rajahmundry,Andhra Pradesh,CUST00875,Manoj Naidu,Corporate,P002,Mid-range Smartphone 5G,Mobile,2,19175.19,0.0,0.78,Cash
TXN2231A90253,2023-07-05,BR03,Rajahmundry,Andhra Pradesh,CUST00733,Srinivas Devi,Retail,P006,Business Laptop i5,Laptop,1,57773.13,0.05,0.8,UPI
TXN7EA665B63A,2024-02-02,BR03,Rajahmundry,Andhra Pradesh,CUST01464,Suresh Sarma,Retail,P005,Entry Laptop i3,Laptop,1,29068.71,0.0,0.82,Debit Card
TXN5904E0181F,2023-11-06,BR03,Rajahmundry,Andhra Pradesh,CUST01093,Kiran Babu,Retail,P008,Ultrabook Thin & Light,Laptop,1,68534.14,0.15,0.79,Net Banking
TXN924A86F567,2023-10-25,BR03,Rajahmundry,Andhra Pradesh,CUST01756,Deepika Devi,Retail,P008,Ultrabook Thin & Light,Laptop,1,81969.9,0.25,0.79,UPI
TXN4174875DDA,2024-09-11,BR03,Rajahmundry,Andhra Pradesh,CUST00300,Anitha Naidu,Retail,P019,LED TV 55-inch,Electronics,1,39212.05,0.0,0.79,UPI
TXNE0F5FB3205,2024-03-09,BR03,Rajahmundry,Andhra Pradesh,CUST01044,Vikram Chowdary,Corporate,P006,Business Laptop i5,Laptop,1,51033.91,0.15,0.8,Credit Card
TXN3FCE3039D7,2024-02-03,BR03,Rajahmundry,Andhra Pradesh,CUST01136,Suresh Babu,Retail,P006,Business Laptop i5,Laptop,1,56262.23,0.05,0.8,Credit Card
TXNA82F303E4C,2023-08-05,BR03,Rajahmundry,Andhra Pradesh,CUST00700,Pooja Devi,Retail,P018,LED TV 43-inch,Electronics,1,34868.45,0.15,0.8,UPI
TXN3712696DEF,2024-12-28,BR03,Rajahmundry,Andhra Pradesh,CUST00694,Deepika Chowdary,Retail,P009,Laptop Bag,Accessories,1,1163.88,0.0,0.45,Cash
TXND7434AAF22,2024-10-27,BR03,Rajahmundry,Andhra Pradesh,CUST00078,Harika Reddy,Retail,P002,Mid-range Smartphone 5G,Mobile,1,20961.99,0.1,0.78,Net Banking
TXNC7D062E2DC,2023-04-08,BR03,Rajahmundry,Andhra Pradesh,CUST01787,Harika Babu,Corporate,P011,Bluetooth Speaker,Accessories,2,1816.5,0.1,0.5,Cash
TXN1E36919EF7,2024-09-10,BR03,Rajahmundry,Andhra Pradesh,CUST00661,Divya Naidu,Wholesale,P006,Business Laptop i5,Laptop,1,57484.24,0.0,0.8,UPI
TXN10BAB8DCC2,2024-05-06,BR03,Rajahmundry,Andhra Pradesh,CUST00756,Vikram Varma,Retail,P010,Wireless Mouse,Accessories,1,394.39,0.0,0.4,Cash
TXNABC8E8B806,2024-07-16,BR03,Rajahmundry,Andhra Pradesh,CUST00290,Anitha Devi,Retail,P021,Smart Watch,Electronics,1,2713.29,0.1,0.55,UPI
TXNC2108EA9D9,2023-08-05,BR03,Rajahmundry,Andhra Pradesh,CUST00190,Harika Prasad,Retail,P016,Washing Machine,Home Appliances,1,21821.56,0.1,0.8,Debit Card
TXN978BB64FBD,2024-03-09,BR03,Rajahmundry,Andhra Pradesh,CUST00965,Kiran Rao,Retail,P012,Mobile Charger,Accessories,1,1033.65,0.05,0.42,Cash
TXN14C99A316C,2023-11-10,BR03,Rajahmundry,Andhra Pradesh,CUST00621,Manoj Naidu,Retail,P009,Laptop Bag,Accessories,2,603.29,0.25,0.45,Debit Card
TXNDFD015D988,2024-08-28,BR03,Rajahmundry,Andhra Pradesh,CUST00985,Divya Sarma,Retail,P003,Flagship Smartphone,Mobile,1,45511.6,0.05,0.75,UPI
TXN8B4BA68BCC,2023-08-11,BR03,Rajahmundry,Andhra Pradesh,CUST00691,Praveen Reddy,Retail,P009,Laptop Bag,Accessories,1,775.45,0.0,0.45,UPI
TXN964AAD1543,2024-10-04,BR03,Rajahmundry,Andhra Pradesh,CUST00894,Deepika Sharma,Retail,P010,Wireless Mouse,Accessories,1,837.31,0.0,0.4,UPI
TXN049C6F8E47,2023-07-18,BR03,Rajahmundry,Andhra Pradesh,CUST01982,Arjun Sharma,Wholesale,P010,Wireless Mouse,Accessories,3,1321.17,0.15,0.4,Net Banking
TXN88D0C36674,2023-07-08,BR03,Rajahmundry,Andhra Pradesh,CUST01143,Sneha Reddy,Retail,P007,Gaming Laptop i7,Laptop,1,84562.67,0.1,0.78,UPI
TXNE6A4660FEA,2024-10-11,BR03,Rajahmundry,Andhra Pradesh,CUST00660,Ajay Rao,Retail,P002,Mid-range Smartphone 5G,Mobile,1,27914.85,,0.78,Credit Card
TXN984B10D775,2023-07-22,BR03,Rajahmundry,Andhra Pradesh,CUST00658,Ajay Prasad,Corporate,P004,Wireless Earbuds,Mobile,3,5778.33,0.0,0.55,UPI
TXN20387F565C,2024-12-29,BR03,Rajahmundry,Andhra Pradesh,CUST00992,Ajay Chowdary,Retail,P007,Gaming Laptop i7,Laptop,1,113358.96,0.15,0.78,UPI
TXN32393307BD,2023-05-02,BR03,Rajahmundry,Andhra Pradesh,CUST01068,Arjun Devi,Corporate,P018,LED TV 43-inch,Electronics,1,22646.54,,0.8,UPI
TXNC5CD8F318C,2024-07-03,BR03,Rajahmundry,Andhra Pradesh,CUST00564,Lakshmi Devi,Wholesale,P009,Laptop Bag,Accessories,2,1651.55,0.05,0.45,Net Banking
TXN351B786E13,2024-06-29,BR03,Rajahmundry,Andhra Pradesh,CUST00674,Deepika Devi,Retail,P007,Gaming Laptop i7,Laptop,1,95181.1,0.15,0.78,Credit Card
TXN29E5A14235,2023-08-26,BR03,Rajahmundry,Andhra Pradesh,CUST00707,Anitha Prasad,Corporate,P004,Wireless Earbuds,Mobile,1,4947.51,0.15,0.55,UPI
TXN21807C7B73,2023-10-30,BR03,Rajahmundry,Andhra Pradesh,CUST01761,Suresh Naidu,Wholesale,P020,Home Theatre System,Electronics,2,7217.47,0.2,0.6,UPI
TXNC4EDBBD7FB,2023-02-05,BR03,Rajahmundry,Andhra Pradesh,CUST00195,Manoj Devi,Retail,P001,Budget Smartphone 4G,Mobile,2,12909.55,0.15,0.8,UPI
TXNAE56E512E2,2024-05-10,BR03,Rajahmundry,Andhra Pradesh,CUST00781,Priya Kumar,Retail,P021,Smart Watch,Electronics,3,2605.84,0.0,0.55,Debit Card
TXN447A2D8A74,2024-07-07,BR03,Rajahmundry,Andhra Pradesh,CUST01274,Sandeep Rao,Corporate,P019,LED TV 55-inch,Electronics,1,49597.95,0.05,0.79,Credit Card
TXN5F0AB4689A,2024-02-13,BR03,Rajahmundry,Andhra Pradesh,CUST01651,Ajay Sarma,Retail,P009,Laptop Bag,Accessories,1,1884.55,0.05,0.45,UPI
TXNCFCE2F2F9C,2023-11-19,BR03,Rajahmundry,Andhra Pradesh,CUST01474,Suresh Sharma,Wholesale,P011,Bluetooth Speaker,Accessories,1,3185.59,0.15,0.5,Net Banking
TXNB285D70444,2024-06-15,BR03,Rajahmundry,Andhra Pradesh,CUST01981,Ramesh Sharma,Retail,P013,Power Bank,Accessories,1,1744.75,0.1,0.48,UPI
TXNDA2225AD4D,2024-11-05,BR03,Rajahmundry,Andhra Pradesh,CUST01999,Ajay Varma,Retail,P020,Home Theatre System,Electronics,2,18201.87,0.1,0.6,Cash
TXN430F4CD2F2,2024-10-26,BR03,Rajahmundry,Andhra Pradesh,CUST01710,Deepika Sharma,Corporate,P013,Power Bank,Accessories,1,1836.4,0.05,0.48,UPI
TXN1AD00248AD,2023-11-29,BR03,Rajahmundry,Andhra Pradesh,CUST00020,Divya Rao,Wholesale,P012,Mobile Charger,Accessories,1,1089.03,0.0,0.42,UPI
TXNE4861E981C,2024-08-04,BR03,Rajahmundry,Andhra Pradesh,CUST01497,Praveen Kumar,Retail,P013,Power Bank,Accessories,3,960.99,0.0,0.48,UPI
TXNEA4BB49EF2,2023-11-15,BR03,Rajahmundry,Andhra Pradesh,CUST01793,Deepika Babu,Retail,P005,Entry Laptop i3,Laptop,1,34423.7,0.15,0.82,Cash
TXNC7A3BB3ED0,2023-06-26,BR03,Rajahmundry,Andhra Pradesh,CUST01406,Divya Chowdary,Wholesale,P002,Mid-range Smartphone 5G,Mobile,1,15391.47,0.0,0.78,Net Banking
TXN4186806F8A,2023-09-25,BR03,Rajahmundry,Andhra Pradesh,CUST00281,Suresh Varma,Retail,P011,Bluetooth Speaker,Accessories,1,2051.72,0.15,0.5,Credit Card
TXN7BBCFA1885,2023-10-22,BR03,Rajahmundry,Andhra Pradesh,CUST00956,Meena Devi,Retail,P004,Wireless Earbuds,Mobile,1,3405.83,0.15,0.55,UPI
TXN6D104D3E1C,2024-03-21,BR03,Rajahmundry,Andhra Pradesh,CUST00642,Ravi Kumar,Wholesale,P002,Mid-range Smartphone 5G,Mobile,1,16385.62,0.0,0.78,Credit Card
TXND05C6858F8,2024-08-01,BR03,Rajahmundry,Andhra Pradesh,CUST01456,Vikram Naidu,Wholesale,P013,Power Bank,Accessories,1,2308.11,0.0,0.48,Net Banking
TXNEB7BD40782,2024-08-27,BR03,Rajahmundry,Andhra Pradesh,CUST00636,Priya Sarma,Wholesale,P010,Wireless Mouse,Accessories,1,665.13,0.15,0.4,Credit Card
TXN1F0A50A9D2,2024-12-09,BR03,Rajahmundry,Andhra Pradesh,CUST00817,Meena Kumar,Retail,P013,Power Bank,Accessories,1,1298.69,0.15,0.48,Credit Card
TXN005519C8FE,2023-12-14,BR03,Rajahmundry,Andhra Pradesh,CUST00614,Kiran Reddy,Retail,P017,Microwave Oven,Home Appliances,1,9351.51,0.1,0.75,Debit Card
TXN4EA3F2E9AD,2024-11-28,BR03,Rajahmundry,Andhra Pradesh,CUST00010,Ravi Kumar,Retail,P012,Mobile Charger,Accessories,1,719.15,0.25,0.42,Credit Card
TXNA378B3BB42,2024-01-10,BR03,Rajahmundry,Andhra Pradesh,CUST00206,Kavya Varma,Retail,P021,Smart Watch,Electronics,1,7306.44,0.1,0.55,UPI
TXND8F07FD6D2,2024-11-28,BR03,Rajahmundry,Andhra Pradesh,CUST01632,Meena Rao,Retail,P017,Microwave Oven,Home Appliances,2,10727.94,0.05,0.75,UPI
TXN00949AA45F,2023-08-11,BR03,Rajahmundry,Andhra Pradesh,CUST00175,Sneha Prasad,Retail,P002,Mid-range Smartphone 5G,Mobile,1,15292.04,0.15,0.78,UPI
TXND34E9E66A6,2023-05-03,BR03,Rajahmundry,Andhra Pradesh,CUST01066,Aishwarya Devi,Retail,P004,Wireless Earbuds,Mobile,2,1684.97,0.1,0.55,Credit Card
TXN56779B6AB2,2023-07-25,BR03,Rajahmundry,Andhra Pradesh,CUST00615,Manoj Babu,Retail,P008,Ultrabook Thin & Light,Laptop,1,65709.71,0.15,0.79,Debit Card
TXN78E4CD8EC4,2024-05-04,BR03,Rajahmundry,Andhra Pradesh,CUST01308,Divya Chowdary,Retail,P018,LED TV 43-inch,Electronics,1,31105.26,0.15,0.8,UPI
TXNF50DD4BA7C,2023-11-11,BR03,Rajahmundry,Andhra Pradesh,CUST01622,Divya Murthy,Retail,P007,Gaming Laptop i7,Laptop,1,116643.6,0.0,0.78,Debit Card
TXN426FD75991,2024-11-14,BR03,Rajahmundry,Andhra Pradesh,CUST01461,Ravi Babu,Retail,P012,Mobile Charger,Accessories,2,1110.19,0.0,0.42,UPI
TXND57A674A9D,2023-11-28,BR03,Rajahmundry,Andhra Pradesh,CUST00977,Divya Sarma,Retail,P009,Laptop Bag,Accessories,1,662.88,0.25,0.45,Credit Card
TXNA25DBC5ED7,2023-09-28,BR03,Rajahmundry,Andhra Pradesh,CUST00746,Swathi Sarma,Retail,P009,Laptop Bag,Accessories,1,1781.82,0.05,0.45,UPI
TXNEF4E9FA7ED,2023-01-01,BR03,Rajahmundry,Andhra Pradesh,CUST00420,Swathi Babu,Retail,P001,Budget Smartphone 4G,Mobile,2,10098.38,0.1,0.8,Credit Card
TXNA7749DB438,2023-02-11,BR03,Rajahmundry,Andhra Pradesh,CUST00366,Ajay Naidu,Corporate,P017,Microwave Oven,Home Appliances,1,6849.16,0.0,0.75,UPI
TXN5B059A595A,2024-05-11,BR03,Rajahmundry,Andhra Pradesh,CUST01881,Arjun Chowdary,Retail,P018,LED TV 43-inch,Electronics,1,34890.98,0.15,0.8,UPI
TXN7575040475,2024-10-23,BR03,Rajahmundry,Andhra Pradesh,CUST01117,Manoj Kumar,Retail,P004,Wireless Earbuds,Mobile,1,4635.02,0.05,0.55,Cash
TXN87C5EF3D86,2023-01-15,BR03,Rajahmundry,Andhra Pradesh,CUST01925,Kavya Varma,Retail,P011,Bluetooth Speaker,Accessories,1,3532.52,0.1,0.5,UPI
TXN8875C3DD3B,2024-10-19,BR03,Rajahmundry,Andhra Pradesh,CUST00053,Anitha Devi,Corporate,P011,Bluetooth Speaker,Accessories,1,3532.51,0.1,0.5,UPI
TXN90708483A6,2023-11-28,BR03,Rajahmundry,Andhra Pradesh,CUST00444,Ramesh Devi,Retail,P011,Bluetooth Speaker,Accessories,3,1546.0,0.05,0.5,Credit Card
TXNF29C4D9601,2023-10-26,BR03,Rajahmundry,Andhra Pradesh,CUST01644,Sneha Rao,Retail,P003,Flagship Smartphone,Mobile,1,81492.32,0.0,0.75,Net Banking
TXN610B2EF579,2023-02-12,BR03,Rajahmundry,Andhra Pradesh,CUST00739,Praveen Murthy,Retail,P002,Mid-range Smartphone 5G,Mobile,1,26749.09,0.1,0.78,UPI
TXN8DAF512A29,2023-07-23,BR03,Rajahmundry,Andhra Pradesh,CUST01542,Ajay Devi,Wholesale,P019,LED TV 55-inch,Electronics,1,49595.88,0.15,0.79,UPI
TXN1C812E1944,2024-01-06,BR03,Rajahmundry,Andhra Pradesh,CUST01021,Vikram Prasad,Retail,P004,Wireless Earbuds,Mobile,1,2332.71,0.05,0.55,Debit Card
TXNF4BA748B05,2024-08-10,BR03,Rajahmundry,Andhra Pradesh,CUST00651,Sneha Rao,Retail,P001,Budget Smartphone 4G,Mobile,3,8875.53,0.15,0.8,Credit Card
TXNF81F3FA35B,2023-06-15,BR03,Rajahmundry,Andhra Pradesh,CUST00058,Suresh Sarma,Retail,P012,Mobile Charger,Accessories,1,440.1,0.0,0.42,Cash
TXNA566AC59E7,2024-09-07,BR03,Rajahmundry,Andhra Pradesh,CUST00444,Ramesh Devi,Retail,P018,LED TV 43-inch,Electronics,1,28812.74,0.1,0.8,UPI
TXN6F40254470,2024-10-23,BR03,Rajahmundry,Andhra Pradesh,CUST00866,Meena Devi,Retail,P016,Washing Machine,Home Appliances,1,24540.74,0.15,0.8,UPI
TXNB997CD6059,2024-02-29,BR03,Rajahmundry,Andhra Pradesh,CUST00776,Anitha Chowdary,Retail,P018,LED TV 43-inch,Electronics,1,33492.26,0.15,0.8,UPI
TXND1C6DD10ED,2023-06-05,BR03,Rajahmundry,Andhra Pradesh,CUST01530,Ravi Devi,Retail,P001,Budget Smartphone 4G,Mobile,1,13439.38,0.1,0.8,Debit Card
TXN7D6705D3C8,2024-12-09,BR03,Rajahmundry,Andhra Pradesh,CUST00605,Deepika Babu,Retail,P008,Ultrabook Thin & Light,Laptop,1,59797.43,0.0,0.79,Debit Card
TXN61A852BA82,2024-01-17,BR03,Rajahmundry,Andhra Pradesh,CUST00326,Ajay Prasad,Retail,P002,Mid-range Smartphone 5G,Mobile,1,16918.91,0.0,0.78,UPI
TXN3E1EF2D43A,2023-04-07,BR03,Rajahmundry,Andhra Pradesh,CUST00430,Ravi Reddy,Wholesale,P013,Power Bank,Accessories,4,1416.91,0.1,0.48,Credit Card
TXN7D12AD18D3,2023-07-06,BR03,Rajahmundry,Andhra Pradesh,CUST00367,Priya Sharma,Wholesale,P018,LED TV 43-inch,Electronics,1,29761.7,0.15,0.8,Cash
TXN13A1AC21BC,2024-05-23,BR03,Rajahmundry,Andhra Pradesh,CUST00488,Divya Sarma,Retail,P004,Wireless Earbuds,Mobile,1,4387.36,0.1,0.55,Debit Card
TXNE713E297C2,2024-02-17,BR03,Rajahmundry,Andhra Pradesh,CUST00595,Vikram Kumar,Retail,P004,Wireless Earbuds,Mobile,1,2802.05,0.0,0.55,Net Banking
TXNEA987BCFE3,2024-05-10,BR03,Rajahmundry,Andhra Pradesh,CUST00950,Arjun Kumar,Retail,P020,Home Theatre System,Electronics,3,13244.91,0.0,0.6,Net Banking
TXN83AF92EF0B,2024-10-29,BR03,Rajahmundry,Andhra Pradesh,CUST00306,Aishwarya Naidu,Retail,P021,Smart Watch,Electronics,3,8526.7,0.0,0.55,Net Banking
TXN0811ABA7CF,2024-08-26,BR03,Rajahmundry,Andhra Pradesh,CUST00763,Naveen Sharma,Corporate,P012,Mobile Charger,Accessories,1,818.89,0.0,0.42,Debit Card
TXN571122DD24,2023-05-16,BR03,Rajahmundry,Andhra Pradesh,CUST00039,Kiran Devi,Retail,P010,Wireless Mouse,Accessories,1,997.98,0.1,0.4,UPI
TXN76C347ED31,2023-11-16,BR03,Rajahmundry,Andhra Pradesh,CUST01609,Praveen Rao,Retail,P006,Business Laptop i5,Laptop,1,51167.49,0.05,0.8,Debit Card
TXN9D0DBFE3B8,2024-05-25,BR03,Rajahmundry,Andhra Pradesh,CUST01757,Priya Murthy,Retail,P017,Microwave Oven,Home Appliances,2,7401.41,0.0,0.75,UPI
TXNE53998CDEC,2023-08-24,BR03,Rajahmundry,Andhra Pradesh,CUST00921,Praveen Reddy,Retail,P002,Mid-range Smartphone 5G,Mobile,1,25174.31,0.05,0.78,Net Banking
TXNF71B765E94,2024-06-28,BR03,Rajahmundry,Andhra Pradesh,CUST01384,Deepika Sharma,Retail,P008,Ultrabook Thin & Light,Laptop,1,59947.64,0.15,0.79,Credit Card
TXN0BB3D41001,2023-12-07,BR03,Rajahmundry,Andhra Pradesh,CUST01709,Srinivas Naidu,Retail,P018,LED TV 43-inch,Electronics,1,33151.97,0.0,0.8,Net Banking
TXN9EC368FF6F,2024-03-04,BR03,Rajahmundry,Andhra Pradesh,CUST00335,Meena Kumar,Retail,P010,Wireless Mouse,Accessories,4,1139.98,0.05,0.4,Credit Card
TXN9835A2479D,2024-10-04,BR03,Rajahmundry,Andhra Pradesh,CUST01214,Naveen Sharma,Retail,P010,Wireless Mouse,Accessories,1,926.59,0.15,0.4,Debit Card
TXN676E7C561A,2023-03-30,BR03,Rajahmundry,Andhra Pradesh,CUST00774,Ajay Prasad,Retail,P008,Ultrabook Thin & Light,Laptop,1,61571.71,0.0,0.79,Net Banking
TXNFE08F99F46,2023-11-12,BR03,Rajahmundry,Andhra Pradesh,CUST01499,Suresh Prasad,Retail,P006,Business Laptop i5,Laptop,1,59365.42,0.15,0.8,UPI
TXN39F6257BF4,2023-11-02,BR03,Rajahmundry,Andhra Pradesh,CUST00738,Aishwarya Prasad,Retail,P013,Power Bank,Accessories,1,2490.23,0.2,0.48,UPI
TXN5742497224,2023-09-03,BR03,Rajahmundry,Andhra Pradesh,CUST01723,Kavya Chowdary,Retail,P009,Laptop Bag,Accessories,1,1751.84,0.0,0.45,Credit Card
TXN885D5FFD80,2023-04-14,BR03,Rajahmundry,Andhra Pradesh,CUST00485,Praveen Reddy,Retail,P007,Gaming Laptop i7,Laptop,1,75438.75,0.15,0.78,Debit Card
TXN9477CE4711,2024-03-08,BR03,Rajahmundry,Andhra Pradesh,CUST00546,Deepika Murthy,Retail,P013,Power Bank,Accessories,2,2151.29,0.0,0.48,UPI
TXNF84075C71F,2023-11-02,BR03,Rajahmundry,Andhra Pradesh,CUST00907,Kavya Babu,Retail,P004,Wireless Earbuds,Mobile,2,5462.61,0.0,0.55,Net Banking
TXN7D792A1EC4,2023-09-28,BR03,Rajahmundry,Andhra Pradesh,CUST00939,Ajay Sarma,Retail,P011,Bluetooth Speaker,Accessories,1,4679.87,0.0,0.5,Credit Card
TXN837D999E47,2024-10-06,BR03,Rajahmundry,Andhra Pradesh,CUST01732,Swathi Sharma,Retail,P003,Flagship Smartphone,Mobile,1,46617.27,0.25,0.75,UPI
TXNB99D2682DF,2024-06-26,BR03,Rajahmundry,Andhra Pradesh,CUST01041,Divya Kumar,Retail,P011,Bluetooth Speaker,Accessories,1,2403.6,0.0,0.5,UPI
TXN54F25970DE,2024-07-06,BR03,Rajahmundry,Andhra Pradesh,CUST00884,Ramesh Rao,Wholesale,P013,Power Bank,Accessories,1,1642.04,0.15,0.48,UPI
TXN98684B22A6,2023-12-11,BR03,Rajahmundry,Andhra Pradesh,CUST01378,Divya Sarma,Corporate,P003,Flagship Smartphone,Mobile,1,46419.83,0.0,0.75,UPI
TXN27AD17CD0D,2023-12-28,BR03,Rajahmundry,Andhra Pradesh,CUST00002,Arjun Varma,Retail,P020,Home Theatre System,Electronics,3,15253.86,0.15,0.6,UPI
TXN6138C1423A,2024-12-08,BR03,Rajahmundry,Andhra Pradesh,CUST01610,Kiran Reddy,Retail,P006,Business Laptop i5,Laptop,1,45667.96,0.05,0.8,Credit Card
TXN7DAC83EDD2,2023-01-22,BR03,Rajahmundry,Andhra Pradesh,CUST01341,Sandeep Murthy,Retail,P004,Wireless Earbuds,Mobile,2,3227.45,0.0,0.55,UPI
TXNDA450CFD1D,2023-10-09,BR03,Rajahmundry,Andhra Pradesh,CUST00192,Srinivas Prasad,Retail,P021,Smart Watch,Electronics,1,10992.35,0.0,0.55,Debit Card
TXN623E66F192,2024-12-10,BR03,Rajahmundry,Andhra Pradesh,CUST00363,Divya Varma,Retail,P009,Laptop Bag,Accessories,1,1787.89,0.15,0.45,Credit Card
TXN9E4B166480,2023-10-29,BR03,Rajahmundry,Andhra Pradesh,CUST00882,Praveen Sharma,Retail,P009,Laptop Bag,Accessories,2,620.8,0.2,0.45,UPI
TXN962FDDC49A,2024-07-18,BR03,Rajahmundry,Andhra Pradesh,CUST01241,Lakshmi Varma,Retail,P005,Entry Laptop i3,Laptop,1,29863.02,0.0,0.82,Net Banking
TXN4D991CA368,2023-08-11,BR03,Rajahmundry,Andhra Pradesh,CUST01499,Suresh Prasad,Retail,P012,Mobile Charger,Accessories,3,1501.11,0.05,0.42,UPI
TXNCBAF731058,2023-07-09,BR03,Rajahmundry,Andhra Pradesh,CUST01843,Ramesh Sharma,Retail,P013,Power Bank,Accessories,1,2321.31,0.1,0.48,UPI
TXN8251C0AA16,2024-08-08,BR03,Rajahmundry,Andhra Pradesh,CUST01633,Harika Sarma,Corporate,P011,Bluetooth Speaker,Accessories,2,3875.86,0.0,0.5,Net Banking
TXNBB260E3B87,2023-03-15,BR03,Rajahmundry,Andhra Pradesh,CUST01237,Sneha Reddy,Wholesale,P004,Wireless Earbuds,Mobile,4,4404.07,0.0,0.55,Credit Card
TXN0C46000B15,2023-11-16,BR03,Rajahmundry,Andhra Pradesh,CUST01904,Harika Reddy,Retail,P002,Mid-range Smartphone 5G,Mobile,1,25867.03,0.15,0.78,UPI
TXNE6524710D1,2024-06-22,BR03,Rajahmundry,Andhra Pradesh,CUST01320,Kavya Murthy,Wholesale,P010,Wireless Mouse,Accessories,1,1387.19,0.0,0.4,UPI
TXND98AE8F0B6,2024-12-09,BR03,Rajahmundry,Andhra Pradesh,CUST00057,Sneha Murthy,Corporate,P009,Laptop Bag,Accessories,3,1940.16,0.0,0.45,UPI
TXN72962E1023,2023-08-10,BR03,Rajahmundry,Andhra Pradesh,CUST01362,Pooja Sarma,Retail,P013,Power Bank,Accessories,1,1968.39,0.0,0.48,UPI
TXN8097D12179,2023-01-24,BR03,Rajahmundry,Andhra Pradesh,CUST01651,Ajay Sarma,Retail,P005,Entry Laptop i3,Laptop,1,35120.71,0.0,0.82,UPI
TXN26DEEE5AB9,2023-05-10,BR03,Rajahmundry,Andhra Pradesh,CUST01215,Praveen Rao,Retail,P007,Gaming Laptop i7,Laptop,1,128891.97,0.05,0.78,UPI
TXNEDB6047EE3,2024-03-17,BR03,Rajahmundry,Andhra Pradesh,CUST00343,Kavya Sharma,Retail,P003,Flagship Smartphone,Mobile,1,72806.75,0.05,0.75,Debit Card
TXNE51C0EDC19,2024-01-31,BR03,Rajahmundry,Andhra Pradesh,CUST00974,Kiran Naidu,Retail,P011,Bluetooth Speaker,Accessories,2,4827.29,0.0,0.5,UPI
TXN48ADC4D6AF,2024-09-19,BR03,Rajahmundry,Andhra Pradesh,CUST01739,Meena Prasad,Retail,P009,Laptop Bag,Accessories,2,959.12,0.15,0.45,Debit Card
TXN4F292A6D73,2024-08-13,BR03,Rajahmundry,Andhra Pradesh,CUST01310,Meena Chowdary,Retail,P001,Budget Smartphone 4G,Mobile,1,11731.72,0.15,0.8,UPI
TXN5EE5B9DE63,2023-03-06,BR03,Rajahmundry,Andhra Pradesh,CUST00024,Ajay Babu,Retail,P016,Washing Machine,Home Appliances,1,33313.37,0.0,0.8,UPI
TXNF7A5320D95,2024-12-19,BR03,Rajahmundry,Andhra Pradesh,CUST01761,Suresh Naidu,Wholesale,P002,Mid-range Smartphone 5G,Mobile,1,24087.9,0.15,0.78,Debit Card
TXN6DBCD6FB72,2023-11-10,BR03,Rajahmundry,Andhra Pradesh,CUST01681,Srinivas Babu,Wholesale,P013,Power Bank,Accessories,2,2347.08,0.2,0.48,Debit Card
TXN3CB044E71D,2024-11-06,BR03,Rajahmundry,Andhra Pradesh,CUST01277,Anitha Babu,Wholesale,P016,Washing Machine,Home Appliances,1,27058.26,0.1,0.8,UPI
TXN882A42A5EA,2024-07-27,BR03,Rajahmundry,Andhra Pradesh,CUST00491,Aishwarya Reddy,Retail,P006,Business Laptop i5,Laptop,1,51069.58,0.15,0.8,UPI
TXNA656A06A59,2023-10-28,BR03,Rajahmundry,Andhra Pradesh,CUST01465,Arjun Babu,Retail,P005,Entry Laptop i3,Laptop,1,30072.81,0.05,0.82,Cash
TXN4CCBA2F46E,2024-10-20,BR03,Rajahmundry,Andhra Pradesh,CUST00162,Swathi Babu,Corporate,P006,Business Laptop i5,Laptop,1,45160.21,0.2,0.8,Net Banking
TXN3F6280138A,2024-03-10,BR03,Rajahmundry,Andhra Pradesh,CUST01265,Anitha Sarma,Corporate,P011,Bluetooth Speaker,Accessories,3,4154.76,0.0,0.5,Cash
TXNC67AD15AD4,2024-08-04,BR03,Rajahmundry,Andhra Pradesh,CUST01497,Praveen Kumar,Retail,P019,LED TV 55-inch,Electronics,1,54196.15,0.15,0.79,UPI
TXN7B34615B27,2023-04-18,BR03,Rajahmundry,Andhra Pradesh,CUST00278,Naveen Prasad,Retail,P005,Entry Laptop i3,Laptop,1,34875.46,0.0,0.82,Cash
TXN59C2B63E56,2023-09-07,BR03,Rajahmundry,Andhra Pradesh,CUST00980,Naveen Sharma,Retail,P019,LED TV 55-inch,Electronics,1,38219.94,0.0,0.79,Cash
TXN062CB2B5F4,2024-08-22,BR03,Rajahmundry,Andhra Pradesh,CUST01010,Srinivas Prasad,Retail,P019,LED TV 55-inch,Electronics,1,42418.87,0.15,0.79,Debit Card
TXNFDA972A6F7,2024-02-03,BR03,Rajahmundry,Andhra Pradesh,CUST01548,Anitha Devi,Retail,P004,Wireless Earbuds,Mobile,2,2875.15,0.15,0.55,Cash
TXN6AAD532017,2023-08-23,BR03,Rajahmundry,Andhra Pradesh,CUST00303,Naveen Naidu,Retail,P020,Home Theatre System,Electronics,2,9453.18,0.15,0.6,Debit Card
TXNAE62BC2358,2023-12-07,BR03,Rajahmundry,Andhra Pradesh,CUST01886,Kiran Reddy,Corporate,P002,Mid-range Smartphone 5G,Mobile,2,19707.26,0.0,0.78,UPI
TXND56397A835,2024-05-10,BR03,Rajahmundry,Andhra Pradesh,CUST00730,Aishwarya Sharma,Retail,P013,Power Bank,Accessories,2,2339.5,0.0,0.48,Debit Card
TXN7446BA8095,2024-08-05,BR03,Rajahmundry,Andhra Pradesh,CUST00684,Srinivas Babu,Retail,P021,Smart Watch,Electronics,1,11050.62,0.05,0.55,UPI
TXN156B4F46E6,2023-02-19,BR03,Rajahmundry,Andhra Pradesh,CUST00437,Anitha Rao,Retail,P002,Mid-range Smartphone 5G,Mobile,1,24175.93,0.0,0.78,Credit Card
TXNF48C3FE20E,2024-09-10,BR03,Rajahmundry,Andhra Pradesh,CUST01868,Ravi Reddy,Retail,P019,LED TV 55-inch,Electronics,1,51730.51,0.1,0.79,UPI
TXN27DFBE73C3,2023-09-21,BR03,Rajahmundry,Andhra Pradesh,CUST01712,Naveen Chowdary,Retail,P003,Flagship Smartphone,Mobile,1,48439.71,0.1,0.75,UPI
TXNAC25715EF0,2024-05-02,BR03,Rajahmundry,Andhra Pradesh,CUST00186,Meena Murthy,Retail,P021,Smart Watch,Electronics,1,3437.11,0.0,0.55,UPI
TXN2081F3CCCD,2024-03-19,BR03,Rajahmundry,Andhra Pradesh,CUST01301,Priya Chowdary,Retail,P004,Wireless Earbuds,Mobile,2,1763.97,0.05,0.55,UPI
TXN282B3A4774,2023-05-28,BR03,Rajahmundry,Andhra Pradesh,CUST01008,Harika Kumar,Retail,P021,Smart Watch,Electronics,1,4239.54,0.15,0.55,Net Banking
TXNE68661A8DF,2023-03-25,BR03,Rajahmundry,Andhra Pradesh,CUST01689,Kiran Prasad,Retail,P007,Gaming Laptop i7,Laptop,1,89749.2,0.1,0.78,Debit Card
TXNE0B080BD3E,2023-06-13,BR03,Rajahmundry,Andhra Pradesh,CUST00775,Kiran Reddy,Corporate,P006,Business Laptop i5,Laptop,1,43671.72,0.1,0.8,Debit Card
TXNC09E58C99C,2023-05-30,BR03,Rajahmundry,Andhra Pradesh,CUST01838,Aishwarya Murthy,Retail,P013,Power Bank,Accessories,2,2344.17,0.1,0.48,Credit Card
TXNF35E0BB434,2023-02-18,BR03,Rajahmundry,Andhra Pradesh,CUST00458,Meena Sarma,Wholesale,P010,Wireless Mouse,Accessories,1,880.75,0.0,0.4,UPI
TXNEF53DABDFA,2024-02-18,BR03,Rajahmundry,Andhra Pradesh,CUST01635,Praveen Devi,Retail,P004,Wireless Earbuds,Mobile,1,5117.9,0.1,0.55,Credit Card
TXNDB746BB004,2024-12-09,BR03,Rajahmundry,Andhra Pradesh,CUST01567,Deepika Sharma,Corporate,P003,Flagship Smartphone,Mobile,1,53909.57,0.15,0.75,UPI
TXN8833307FCA,2023-10-11,BR03,Rajahmundry,Andhra Pradesh,CUST01695,Deepika Prasad,Retail,P001,Budget Smartphone 4G,Mobile,1,10376.16,0.1,0.8,UPI
TXN2C2418FF76,2023-10-13,BR03,Rajahmundry,Andhra Pradesh,CUST01980,Sandeep Kumar,Retail,P001,Budget Smartphone 4G,Mobile,1,11920.62,0.0,0.8,UPI
TXN1939231868,2024-02-01,BR03,Rajahmundry,Andhra Pradesh,CUST00525,Sandeep Murthy,Retail,P013,Power Bank,Accessories,2,2394.95,0.0,0.48,UPI
TXN376B0CB21E,2024-04-12,BR03,Rajahmundry,Andhra Pradesh,CUST01431,Srinivas Murthy,Retail,P018,LED TV 43-inch,Electronics,1,29725.03,0.15,0.8,UPI
TXN8DBCFE0DBB,2024-04-01,BR03,Rajahmundry,Andhra Pradesh,CUST00178,Ajay Chowdary,Retail,P002,Mid-range Smartphone 5G,Mobile,1,17671.69,0.0,0.78,Net Banking
TXNAFE5DC6044,2024-08-04,BR03,Rajahmundry,Andhra Pradesh,CUST00044,Meena Reddy,Retail,P021,Smart Watch,Electronics,1,3214.49,0.15,0.55,Cash
TXN13CBE2CFAD,2023-10-27,BR03,Rajahmundry,Andhra Pradesh,CUST00895,Kavya Sarma,Retail,P012,Mobile Charger,Accessories,2,1660.98,0.2,0.42,UPI
TXN48090A38E3,2024-10-21,BR03,Rajahmundry,Andhra Pradesh,CUST01181,Pooja Babu,Wholesale,P013,Power Bank,Accessories,1,1526.02,0.1,0.48,Credit Card
TXN6C8B9FC8A7,2024-11-04,BR03,Rajahmundry,Andhra Pradesh,CUST01122,Aishwarya Devi,Retail,P001,Budget Smartphone 4G,Mobile,1,12159.97,0.05,0.8,UPI
TXN31EC15D525,2024-04-07,BR03,Rajahmundry,Andhra Pradesh,CUST01812,Naveen Naidu,Retail,P003,Flagship Smartphone,Mobile,1,54267.24,0.0,0.75,Credit Card
TXNBDE33B096D,2024-05-05,BR03,Rajahmundry,Andhra Pradesh,CUST00641,Harika Babu,Retail,P011,Bluetooth Speaker,Accessories,3,3501.0,0.15,0.5,UPI
TXN271132F3C4,2024-05-30,BR03,Rajahmundry,Andhra Pradesh,CUST01950,Priya Sharma,Retail,P007,Gaming Laptop i7,Laptop,1,75641.35,0.05,0.78,Cash
TXN55300182A4,2023-12-23,BR03,Rajahmundry,Andhra Pradesh,CUST01446,Swathi Prasad,Retail,P008,Ultrabook Thin & Light,Laptop,1,70358.26,0.0,0.79,UPI
TXNDF75FBC4FA,2023-11-02,BR03,Rajahmundry,Andhra Pradesh,CUST01810,Kavya Chowdary,Retail,P012,Mobile Charger,Accessories,2,1627.09,0.2,0.42,Credit Card
TXNB91A87DB22,2023-11-11,BR03,Rajahmundry,Andhra Pradesh,CUST00288,Vikram Babu,Retail,P021,Smart Watch,Electronics,2,10555.87,0.0,0.55,Cash
TXNC1AC73AE25,2023-08-11,BR03,Rajahmundry,Andhra Pradesh,CUST00535,Naveen Prasad,Retail,P012,Mobile Charger,Accessories,2,1375.72,0.1,0.42,Cash
TXN35ADEA6FE1,2024-06-25,BR03,Rajahmundry,Andhra Pradesh,CUST01906,Kavya Babu,Retail,P005,Entry Laptop i3,Laptop,1,33357.44,0.1,0.82,Debit Card
TXNB9C77E0894,2023-04-09,BR03,Rajahmundry,Andhra Pradesh,CUST01643,Pooja Kumar,Retail,P021,Smart Watch,Electronics,2,11750.96,0.0,0.55,UPI
TXN56EFEC6DF6,2024-04-10,BR03,Rajahmundry,Andhra Pradesh,CUST01150,Harika Naidu,Retail,P011,Bluetooth Speaker,Accessories,2,4311.81,0.1,0.5,UPI
TXNE818ECCF12,2024-01-14,BR03,Rajahmundry,Andhra Pradesh,CUST00600,Lakshmi Prasad,Retail,P012,Mobile Charger,Accessories,2,1593.99,0.15,0.42,UPI
TXNED88AA7992,2024-04-09,BR03,Rajahmundry,Andhra Pradesh,CUST00846,Aishwarya Babu,Retail,P013,Power Bank,Accessories,4,2437.47,0.0,0.48,Cash
TXN4B49518DED,2024-08-12,BR03,Rajahmundry,Andhra Pradesh,CUST01166,Sneha Sharma,Retail,P010,Wireless Mouse,Accessories,3,1467.03,0.0,0.4,Cash
TXNB09D3FF916,2024-08-14,BR03,Rajahmundry,Andhra Pradesh,CUST00011,Manoj Naidu,Retail,P004,Wireless Earbuds,Mobile,1,3041.39,0.0,0.55,Cash
TXND06514710F,2023-11-21,BR03,Rajahmundry,Andhra Pradesh,CUST01204,Deepika Naidu,Wholesale,P002,Mid-range Smartphone 5G,Mobile,1,26389.62,0.15,0.78,UPI
TXN778524ABC1,2023-01-07,BR03,Rajahmundry,Andhra Pradesh,CUST00273,Kavya Rao,Wholesale,P018,LED TV 43-inch,Electronics,1,24551.23,0.0,0.8,Credit Card
TXN7AFB7EC837,2024-12-25,BR03,Rajahmundry,Andhra Pradesh,CUST00500,Divya Varma,Wholesale,P004,Wireless Earbuds,Mobile,1,4964.33,0.15,0.55,Net Banking
TXNE271F61B0F,2023-07-10,BR03,Rajahmundry,Andhra Pradesh,CUST00257,Naveen Sarma,Retail,P017,Microwave Oven,Home Appliances,4,7611.96,0.0,0.75,Cash
TXN855944EB84,2023-11-20,BR03,Rajahmundry,Andhra Pradesh,CUST00923,Priya Babu,Retail,P020,Home Theatre System,Electronics,3,15748.57,0.2,0.6,Credit Card
TXN1A1D392227,2023-10-12,BR03,Rajahmundry,Andhra Pradesh,CUST00336,Aishwarya Devi,Retail,P004,Wireless Earbuds,Mobile,2,3814.28,0.1,0.55,Credit Card
TXN02195DC4F5,2023-06-25,BR03,Rajahmundry,Andhra Pradesh,CUST00942,Manoj Murthy,Wholesale,P010,Wireless Mouse,Accessories,1,1007.92,0.0,0.4,UPI
TXN5E7CBB92C0,2024-01-06,BR03,Rajahmundry,Andhra Pradesh,CUST01440,Srinivas Kumar,Retail,P016,Washing Machine,Home Appliances,1,34422.7,0.15,0.8,UPI
TXN7895CA1167,2024-01-01,BR03,Rajahmundry,Andhra Pradesh,CUST01775,Sneha Sharma,Corporate,P009,Laptop Bag,Accessories,1,859.97,0.05,0.45,Debit Card
TXN0BDCAA9AFD,2023-05-18,BR03,Rajahmundry,Andhra Pradesh,CUST01674,Kavya Sharma,Retail,P017,Microwave Oven,Home Appliances,2,6327.85,0.1,0.75,UPI
TXN666A66B71F,2023-08-12,BR03,Rajahmundry,Andhra Pradesh,CUST00283,Aishwarya Varma,Wholesale,P004,Wireless Earbuds,Mobile,1,5541.28,0.05,0.55,Debit Card
TXNE254B2DCED,2023-06-26,BR03,Rajahmundry,Andhra Pradesh,CUST01634,,Retail,P005,Entry Laptop i3,Laptop,1,36162.53,0.0,0.82,Debit Card
TXNF43EDE1581,2024-02-15,BR03,Rajahmundry,Andhra Pradesh,CUST01315,Ajay Babu,Retail,P003,Flagship Smartphone,Mobile,1,70361.1,0.05,0.75,Debit Card
TXNA8EF8736D8,2023-06-10,BR03,Rajahmundry,Andhra Pradesh,CUST00714,Divya Devi,Retail,P018,LED TV 43-inch,Electronics,1,23999.07,0.0,0.8,Debit Card
TXNE11CD1DE61,2023-02-18,BR03,Rajahmundry,Andhra Pradesh,CUST00444,Ramesh Devi,Retail,P005,Entry Laptop i3,Laptop,1,30576.76,0.0,0.82,Debit Card
TXN30DB342C79,2023-10-23,BR03,Rajahmundry,Andhra Pradesh,CUST00644,Suresh Varma,Wholesale,P002,Mid-range Smartphone 5G,Mobile,1,27257.81,0.0,0.78,Credit Card
TXN2407F68EA2,2023-07-21,BR03,Rajahmundry,Andhra Pradesh,CUST01593,Meena Babu,Retail,P009,Laptop Bag,Accessories,1,1271.34,0.05,0.45,UPI
TXN4960F68605,2023-12-20,BR03,Rajahmundry,Andhra Pradesh,CUST01681,Srinivas Babu,Wholesale,P003,Flagship Smartphone,Mobile,1,51567.7,0.0,0.75,UPI
TXN70F5F035CE,2023-10-09,BR03,Rajahmundry,Andhra Pradesh,CUST00207,Kavya Reddy,Retail,P001,Budget Smartphone 4G,Mobile,2,11294.49,0.0,0.8,Cash
TXND964815713,2024-04-25,BR03,Rajahmundry,Andhra Pradesh,CUST01239,Kavya Devi,Retail,P001,Budget Smartphone 4G,Mobile,1,9778.72,0.1,0.8,Debit Card
TXN6A86D5047A,2024-08-27,BR03,Rajahmundry,Andhra Pradesh,CUST01226,Aishwarya Murthy,Retail,P002,Mid-range Smartphone 5G,Mobile,1,20178.63,0.05,0.78,Cash
TXNA081272C76,2024-08-10,BR03,Rajahmundry,Andhra Pradesh,CUST01084,Naveen Varma,Corporate,P001,Budget Smartphone 4G,Mobile,1,10559.56,0.15,0.8,UPI
TXNB2DC8CB0D6,2024-11-07,BR03,Rajahmundry,Andhra Pradesh,CUST01882,Suresh Kumar,Retail,P021,Smart Watch,Electronics,1,4297.54,0.0,0.55,UPI
TXN4A68AA3D37,2024-10-08,BR03,Rajahmundry,Andhra Pradesh,CUST01695,Deepika Prasad,Retail,P011,Bluetooth Speaker,Accessories,1,1006.61,0.0,0.5,UPI
TXN36EAB02DB9,2024-08-08,BR03,Rajahmundry,Andhra Pradesh,CUST00231,Praveen Varma,Retail,P003,Flagship Smartphone,Mobile,1,69931.11,0.0,0.75,Net Banking
TXN7360D4A6BA,2023-02-18,BR03,Rajahmundry,Andhra Pradesh,CUST00173,Sneha Babu,Retail,P004,Wireless Earbuds,Mobile,1,4058.15,0.15,0.55,UPI
TXN08F4FA4569,2024-12-04,BR03,Rajahmundry,Andhra Pradesh,CUST00520,Praveen Kumar,Retail,P010,Wireless Mouse,Accessories,2,955.81,0.05,0.4,Cash
TXNB8A1C0C95C,2023-09-26,BR03,Rajahmundry,Andhra Pradesh,CUST01185,Srinivas Varma,Retail,P001,Budget Smartphone 4G,Mobile,2,8921.74,0.0,0.8,Credit Card
TXN97586E3194,2024-06-06,BR03,Rajahmundry,Andhra Pradesh,CUST00689,Praveen Murthy,Retail,P002,Mid-range Smartphone 5G,Mobile,1,23033.42,0.1,0.78,UPI
TXN0CA7CD7021,2023-09-16,BR03,Rajahmundry,Andhra Pradesh,CUST01073,Manoj Varma,Wholesale,P011,Bluetooth Speaker,Accessories,1,4341.67,0.0,0.5,UPI
TXNE5AE31A649,2023-04-06,BR03,Rajahmundry,Andhra Pradesh,CUST01789,Sneha Sarma,Retail,P015,Refrigerator 300L,Home Appliances,1,25178.11,0.0,0.82,Debit Card
TXN77CE468CD6,2024-08-13,BR03,Rajahmundry,Andhra Pradesh,CUST01919,Manoj Devi,Wholesale,P003,Flagship Smartphone,Mobile,1,71624.67,0.05,0.75,UPI
TXN8680C6D4E2,2023-03-13,BR03,Rajahmundry,Andhra Pradesh,CUST00867,Sneha Naidu,Retail,P013,Power Bank,Accessories,2,1182.56,0.1,0.48,UPI
TXNF17E4AA20D,2023-03-11,BR03,Rajahmundry,Andhra Pradesh,CUST00926,Sandeep Rao,Wholesale,P011,Bluetooth Speaker,Accessories,1,3922.54,0.1,0.5,Cash
TXN14C2B5DEDB,2024-03-13,BR03,Rajahmundry,Andhra Pradesh,CUST00014,Aishwarya Naidu,Wholesale,P002,Mid-range Smartphone 5G,Mobile,1,22175.25,0.0,0.78,Debit Card
TXNFBC374DD34,2024-09-11,BR03,Rajahmundry,Andhra Pradesh,CUST01149,Pooja Devi,Retail,P013,Power Bank,Accessories,1,1046.95,0.05,0.48,UPI
TXNED240234C3,2023-01-04,BR03,Rajahmundry,Andhra Pradesh,CUST00577,Swathi Kumar,Wholesale,P008,Ultrabook Thin & Light,Laptop,1,70471.0,0.1,0.79,Debit Card
TXN7B4CE0C091,2023-08-13,BR03,Rajahmundry,Andhra Pradesh,CUST00074,Sandeep Murthy,Retail,P020,Home Theatre System,Electronics,1,14409.11,0.1,0.6,UPI
TXNAAA5F5123E,2023-11-15,BR03,Rajahmundry,Andhra Pradesh,CUST01333,Arjun Devi,Retail,P015,Refrigerator 300L,Home Appliances,1,27991.35,0.15,0.82,UPI
TXNC6001665FF,2023-10-12,BR03,Rajahmundry,Andhra Pradesh,CUST00689,Praveen Murthy,Retail,P009,Laptop Bag,Accessories,1,1766.13,0.25,0.45,Cash
TXND62D14AF44,2024-08-26,BR03,Rajahmundry,Andhra Pradesh,CUST01561,Lakshmi Murthy,Wholesale,P011,Bluetooth Speaker,Accessories,1,4107.84,0.0,0.5,Net Banking
TXNE08BC60E14,2023-02-08,BR03,Rajahmundry,Andhra Pradesh,CUST00813,Suresh Devi,Retail,P001,Budget Smartphone 4G,Mobile,4,10852.59,0.0,0.8,UPI
TXN36206B59D7,2024-12-15,BR03,Rajahmundry,Andhra Pradesh,CUST01675,Kavya Varma,Retail,P009,Laptop Bag,Accessories,2,671.08,0.0,0.45,UPI
TXNC17D3BB98B,2024-02-29,BR03,Rajahmundry,Andhra Pradesh,CUST00099,Suresh Murthy,Retail,P017,Microwave Oven,Home Appliances,1,10480.97,0.0,0.75,UPI
TXN447198BE43,2023-06-20,BR03,Rajahmundry,Andhra Pradesh,CUST01844,Srinivas Prasad,Retail,P008,Ultrabook Thin & Light,Laptop,1,76586.36,0.0,0.79,Cash
TXN2FEAAC1A80,2024-08-30,BR03,Rajahmundry,Andhra Pradesh,CUST00016,Naveen Rao,Retail,P010,Wireless Mouse,Accessories,1,1299.66,0.15,0.4,UPI
TXN5D2B3A4664,2024-06-30,BR03,Rajahmundry,Andhra Pradesh,CUST01102,Ravi Reddy,Retail,P005,Entry Laptop i3,Laptop,1,32187.49,0.0,0.82,Credit Card
TXN40FBE521C9,2023-07-27,BR03,Rajahmundry,Andhra Pradesh,CUST01821,Harika Sharma,Wholesale,P002,Mid-range Smartphone 5G,Mobile,1,16634.69,0.0,0.78,UPI
TXN3CD328E110,2023-03-10,BR03,Rajahmundry,Andhra Pradesh,CUST00418,Ajay Devi,Retail,P021,Smart Watch,Electronics,4,2498.87,0.05,0.55,UPI
TXN47739EB209,2024-03-12,BR03,Rajahmundry,Andhra Pradesh,CUST01308,Divya Chowdary,Retail,P021,Smart Watch,Electronics,1,8292.87,0.15,0.55,UPI
TXN33D3C2FEE5,2024-01-27,BR03,Rajahmundry,Andhra Pradesh,CUST01358,Ajay Devi,Retail,P002,Mid-range Smartphone 5G,Mobile,1,26652.35,0.15,0.78,Net Banking
TXN27CCD90E2B,2023-05-10,BR03,Rajahmundry,Andhra Pradesh,CUST01268,Anitha Chowdary,Retail,P001,Budget Smartphone 4G,Mobile,2,8765.72,0.0,0.8,Cash
TXN5CBC5F89D3,2023-07-20,BR03,Rajahmundry,Andhra Pradesh,CUST00992,Ajay Chowdary,Retail,P021,Smart Watch,Electronics,1,5924.88,0.0,0.55,Net Banking
TXN661A2314F0,2024-08-13,BR03,Rajahmundry,Andhra Pradesh,CUST00573,Sneha Naidu,Corporate,P002,Mid-range Smartphone 5G,Mobile,1,23769.42,0.0,0.78,UPI
TXN6E058629E5,2023-03-01,BR03,Rajahmundry,Andhra Pradesh,CUST00376,Ramesh Naidu,Retail,P007,Gaming Laptop i7,Laptop,1,110391.67,0.05,0.78,Debit Card
TXN923DEEA5A5,2024-09-01,BR03,Rajahmundry,Andhra Pradesh,CUST01831,Sandeep Babu,Retail,P017,Microwave Oven,Home Appliances,1,6762.16,0.0,0.75,UPI
TXNC4CDD9289A,2024-02-29,BR03,Rajahmundry,Andhra Pradesh,CUST00403,Naveen Devi,Retail,P013,Power Bank,Accessories,1,1386.71,0.1,0.48,UPI
TXNA7A10D17D3,2024-05-29,BR03,Rajahmundry,Andhra Pradesh,CUST01003,Pooja Chowdary,Retail,P015,Refrigerator 300L,Home Appliances,1,28553.7,0.0,0.82,Credit Card
TXN4990C96F44,2023-01-10,BR03,Rajahmundry,Andhra Pradesh,CUST01944,Naveen Babu,Retail,P003,Flagship Smartphone,Mobile,1,51175.77,0.1,0.75,UPI
TXN53D4F81CC3,2024-03-22,BR03,Rajahmundry,Andhra Pradesh,CUST01836,Praveen Kumar,Wholesale,P012,Mobile Charger,Accessories,2,1639.45,0.0,0.42,UPI
TXNA78B877E73,2023-07-30,BR03,Rajahmundry,Andhra Pradesh,CUST01056,Vikram Chowdary,Retail,P010,Wireless Mouse,Accessories,1,1255.36,0.0,0.4,Credit Card
TXN373C64BD79,2023-10-07,BR03,Rajahmundry,Andhra Pradesh,CUST01809,Aishwarya Sharma,Retail,P004,Wireless Earbuds,Mobile,2,2029.73,0.2,0.55,Net Banking
TXN7334E5272F,2023-11-23,BR03,Rajahmundry,Andhra Pradesh,CUST00146,Meena Sharma,Corporate,P010,Wireless Mouse,Accessories,1,1259.19,0.0,0.4,Cash
TXN1A1B1DF04E,2024-07-26,BR03,Rajahmundry,Andhra Pradesh,CUST00904,Kiran Reddy,Retail,P009,Laptop Bag,Accessories,1,1282.36,0.1,0.45,Debit Card
TXN3580747783,2023-04-06,BR03,Rajahmundry,Andhra Pradesh,CUST00067,Sneha Rao,Retail,P013,Power Bank,Accessories,1,1692.9,0.0,0.48,Credit Card
TXNA8DF78C1FF,2023-11-13,BR03,Rajahmundry,Andhra Pradesh,CUST00876,Ravi Varma,Corporate,P005,Entry Laptop i3,Laptop,1,33605.41,0.0,0.82,UPI
TXN7CF1B0563E,2024-10-10,BR03,Rajahmundry,Andhra Pradesh,CUST00855,Divya Naidu,Retail,P013,Power Bank,Accessories,2,815.29,0.25,0.48,Net Banking
TXNEE2BEBBF10,2023-01-26,BR03,Rajahmundry,Andhra Pradesh,CUST01104,Kavya Rao,Retail,P018,LED TV 43-inch,Electronics,1,23898.97,0.15,0.8,UPI
TXNF77C957CF2,2023-12-31,BR03,Rajahmundry,Andhra Pradesh,CUST01138,Divya Rao,Retail,P012,Mobile Charger,Accessories,1,954.71,0.1,0.42,UPI
TXN4A794C621B,2024-12-12,BR03,Rajahmundry,Andhra Pradesh,CUST00789,Vikram Rao,Retail,P009,Laptop Bag,Accessories,1,654.39,0.15,0.45,UPI
TXN3BEF596219,2023-03-19,BR03,Rajahmundry,Andhra Pradesh,CUST00792,Manoj Naidu,Retail,P011,Bluetooth Speaker,Accessories,1,2980.17,0.05,0.5,Credit Card
TXNDDE103E46C,2023-10-07,BR03,Rajahmundry,Andhra Pradesh,CUST01136,Suresh Babu,Retail,P006,Business Laptop i5,Laptop,1,51788.52,0.0,0.8,Debit Card
TXNC6022F3036,2023-12-31,BR03,Rajahmundry,Andhra Pradesh,CUST00527,Aishwarya Sharma,Wholesale,P020,Home Theatre System,Electronics,1,15705.58,0.15,0.6,UPI
TXN8A4B66F030,2024-10-13,BR03,Rajahmundry,Andhra Pradesh,CUST01577,Naveen Reddy,Retail,P018,LED TV 43-inch,Electronics,1,27075.35,0.05,0.8,Credit Card
TXND273405547,2023-05-20,BR03,Rajahmundry,Andhra Pradesh,CUST00650,Naveen Sharma,Retail,P010,Wireless Mouse,Accessories,1,480.77,0.0,0.4,Credit Card
TXN390DD19010,2024-10-18,BR03,Rajahmundry,Andhra Pradesh,CUST00920,Suresh Babu,Corporate,P012,Mobile Charger,Accessories,1,500.18,0.05,0.42,UPI
TXN193D6EE40B,2023-05-18,BR03,Rajahmundry,Andhra Pradesh,CUST00790,Harika Prasad,Retail,P003,Flagship Smartphone,Mobile,1,55289.36,0.15,0.75,Debit Card
TXNDF6F2AE2A5,2024-01-04,BR03,Rajahmundry,Andhra Pradesh,CUST00487,Ramesh Sharma,Retail,P012,Mobile Charger,Accessories,1,1129.71,0.1,0.42,Cash
TXNE87A4DC1A8,2023-05-15,BR03,Rajahmundry,Andhra Pradesh,CUST01169,Srinivas Babu,Corporate,P014,Split AC 1.5 Ton,Home Appliances,1,47409.87,0.0,0.83,UPI
TXN82FEF3264F,2024-12-06,BR03,Rajahmundry,Andhra Pradesh,CUST01897,Arjun Chowdary,Wholesale,P001,Budget Smartphone 4G,Mobile,1,8568.25,0.05,0.8,UPI
TXNA4AB3F1CD7,2024-12-29,BR03,Rajahmundry,Andhra Pradesh,CUST00064,Ajay Naidu,Retail,P010,Wireless Mouse,Accessories,1,563.97,0.0,0.4,UPI
TXNDD30F4528D,2023-08-15,BR03,Rajahmundry,Andhra Pradesh,CUST01852,Suresh Rao,Retail,P007,Gaming Laptop i7,Laptop,1,112322.13,0.1,0.78,UPI
TXNC6A8A7D0DE,2024-10-22,BR03,Rajahmundry,Andhra Pradesh,CUST00029,Deepika Sharma,Wholesale,P015,Refrigerator 300L,Home Appliances,1,26323.12,0.05,0.82,UPI
TXN4D128E3495,2024-10-24,BR03,Rajahmundry,Andhra Pradesh,CUST01236,Anitha Reddy,Retail,P008,Ultrabook Thin & Light,Laptop,1,73731.46,0.05,0.79,Debit Card
TXNEB601FC20F,2024-10-23,BR03,Rajahmundry,Andhra Pradesh,CUST01380,Naveen Sharma,Retail,P010,Wireless Mouse,Accessories,2,1412.69,0.0,0.4,Net Banking
TXN59AA84DDD3,2023-05-14,BR03,Rajahmundry,Andhra Pradesh,CUST01612,Priya Kumar,Wholesale,P012,Mobile Charger,Accessories,4,1340.86,0.0,0.42,Credit Card
TXN9501E0C303,2023-12-08,BR03,Rajahmundry,Andhra Pradesh,CUST00586,Ravi Chowdary,Retail,P013,Power Bank,Accessories,1,826.55,0.1,0.48,UPI
TXND1A0D8D440,2023-07-20,BR03,Rajahmundry,Andhra Pradesh,CUST00165,Meena Reddy,Retail,P004,Wireless Earbuds,Mobile,1,2073.72,0.0,0.55,Debit Card
TXN0520FD2066,2023-08-02,BR03,Rajahmundry,Andhra Pradesh,CUST01299,Harika Devi,Retail,P020,Home Theatre System,Electronics,2,18358.66,0.15,0.6,Cash
TXN722619030C,2024-10-18,BR03,Rajahmundry,Andhra Pradesh,CUST01443,Meena Murthy,Retail,P021,Smart Watch,Electronics,2,11698.27,0.0,0.55,UPI
TXN97E07C13BF,2024-06-25,BR03,Rajahmundry,Andhra Pradesh,CUST01873,Ravi Devi,Retail,P002,Mid-range Smartphone 5G,Mobile,2,15796.07,0.15,0.78,Cash
TXN80467E0A71,2023-09-28,BR03,Rajahmundry,Andhra Pradesh,CUST01861,Ajay Devi,Retail,P001,Budget Smartphone 4G,Mobile,2,12556.65,0.0,0.8,UPI
TXN408594BB3B,2023-10-11,BR03,Rajahmundry,Andhra Pradesh,CUST01635,Praveen Devi,Retail,P009,Laptop Bag,Accessories,1,1456.24,0.15,0.45,Cash
TXNECBC445CB3,2023-12-31,BR03,Rajahmundry,Andhra Pradesh,CUST01500,Manoj Naidu,Retail,P011,Bluetooth Speaker,Accessories,2,1417.41,0.0,0.5,UPI
TXN689EAC2892,2023-12-08,BR03,Rajahmundry,Andhra Pradesh,CUST00322,Srinivas Sharma,Retail,P013,Power Bank,Accessories,2,1059.96,0.15,0.48,Credit Card
TXN2572A8D684,2023-11-15,BR03,Rajahmundry,Andhra Pradesh,CUST00933,,Wholesale,P016,Washing Machine,Home Appliances,1,19707.35,0.15,0.8,UPI
TXNBF1D5DF550,2024-12-24,BR03,Rajahmundry,Andhra Pradesh,CUST01538,Sneha Naidu,Retail,P003,Flagship Smartphone,Mobile,1,46596.77,0.0,0.75,UPI
TXNF55F91AD25,2023-01-21,BR03,Rajahmundry,Andhra Pradesh,CUST01760,Praveen Reddy,Corporate,P020,Home Theatre System,Electronics,3,8076.51,0.1,0.6,Net Banking
TXN1BB4292BFB,2024-08-10,BR03,Rajahmundry,Andhra Pradesh,CUST01397,Ajay Varma,Retail,P010,Wireless Mouse,Accessories,3,1184.18,0.1,0.4,UPI
TXNAFBA2474DD,2024-09-24,BR03,Rajahmundry,Andhra Pradesh,CUST01862,,Retail,P012,Mobile Charger,Accessories,1,1592.63,0.05,0.42,Cash
TXNE1CF3F76F1,2024-12-31,BR03,Rajahmundry,Andhra Pradesh,CUST00325,Kiran Naidu,Retail,P012,Mobile Charger,Accessories,1,1105.73,0.0,0.42,UPI
TXNDFC1AC4042,2023-05-03,BR03,Rajahmundry,Andhra Pradesh,CUST00208,Deepika Babu,Wholesale,P011,Bluetooth Speaker,Accessories,3,4941.39,0.0,0.5,UPI
TXN2C4EEFE56D,2023-06-08,BR03,Rajahmundry,Andhra Pradesh,CUST01285,Naveen Sharma,Retail,P004,Wireless Earbuds,Mobile,2,2193.17,0.1,0.55,Credit Card
TXN8E831FE559,2023-12-29,BR03,Rajahmundry,Andhra Pradesh,CUST01009,Manoj Prasad,Wholesale,P021,Smart Watch,Electronics,1,9291.81,0.15,0.55,Debit Card
TXNE20A425844,2024-01-10,BR03,Rajahmundry,Andhra Pradesh,CUST00501,Arjun Naidu,Retail,P010,Wireless Mouse,Accessories,2,538.41,0.15,0.4,UPI
TXND323E6CC3C,2023-11-17,BR03,Rajahmundry,Andhra Pradesh,CUST01757,Priya Murthy,Retail,P008,Ultrabook Thin & Light,Laptop,1,58303.77,0.05,0.79,UPI
TXN9CE89EC1BD,2024-05-29,BR03,Rajahmundry,Andhra Pradesh,CUST00139,Ajay Rao,Retail,P004,Wireless Earbuds,Mobile,1,3583.38,0.1,0.55,UPI
TXN6330130CED,2023-07-30,BR03,Rajahmundry,Andhra Pradesh,CUST01139,Vikram Kumar,Retail,P017,Microwave Oven,Home Appliances,2,9360.3,0.0,0.75,Cash
TXNF6F52D3BB4,2024-08-16,BR03,Rajahmundry,Andhra Pradesh,CUST00180,Ravi Rao,Wholesale,P016,Washing Machine,Home Appliances,1,30968.21,0.0,0.8,Cash
TXNF65087E60E,2023-06-19,BR03,Rajahmundry,Andhra Pradesh,CUST01111,Ramesh Sharma,Retail,P008,Ultrabook Thin & Light,Laptop,1,88782.15,0.0,0.79,UPI
TXNB48D76DD59,2023-03-07,BR03,Rajahmundry,Andhra Pradesh,CUST01082,Ramesh Babu,Retail,P007,Gaming Laptop i7,Laptop,1,90576.85,0.0,0.78,Debit Card
TXNAEC305E5F9,2024-11-24,BR03,Rajahmundry,Andhra Pradesh,CUST01934,Sneha Sharma,Retail,P019,LED TV 55-inch,Electronics,1,40200.11,0.1,0.79,Credit Card
TXNCDFCD114FB,2023-11-12,BR03,Rajahmundry,Andhra Pradesh,CUST00508,Sandeep Chowdary,Retail,P002,Mid-range Smartphone 5G,Mobile,1,17180.78,0.15,0.78,UPI
TXN8799EE10A1,2023-05-17,BR03,Rajahmundry,Andhra Pradesh,CUST01472,Manoj Sharma,Wholesale,P002,Mid-range Smartphone 5G,Mobile,2,16761.39,0.0,0.78,UPI
TXNE22B89DC80,2024-12-30,BR03,Rajahmundry,Andhra Pradesh,CUST00913,Anitha Rao,Corporate,P001,Budget Smartphone 4G,Mobile,1,12406.23,0.15,0.8,Credit Card
TXNB0247FE145,2024-01-22,BR03,Rajahmundry,Andhra Pradesh,CUST00835,Pooja Rao,Retail,P019,LED TV 55-inch,Electronics,1,59340.91,0.0,0.79,Debit Card
TXNB4555A2521,2023-11-08,BR03,Rajahmundry,Andhra Pradesh,CUST01878,Praveen Varma,Retail,P011,Bluetooth Speaker,Accessories,1,4840.61,0.05,0.5,Credit Card
TXN237390C71A,2024-01-01,BR03,Rajahmundry,Andhra Pradesh,CUST01534,Harika Kumar,Retail,P021,Smart Watch,Electronics,4,4753.01,0.1,0.55,UPI
TXN3A3EA2FCF4,2023-09-04,BR03,Rajahmundry,Andhra Pradesh,CUST01982,Arjun Sharma,Wholesale,P012,Mobile Charger,Accessories,1,1154.1,0.05,0.42,UPI
TXNDD8F4FF4A8,2023-03-25,BR03,Rajahmundry,Andhra Pradesh,CUST00778,Divya Sharma,Retail,P007,Gaming Laptop i7,Laptop,1,80420.36,0.15,0.78,Debit Card
TXN6DF4B25F39,2024-03-19,BR03,Rajahmundry,Andhra Pradesh,CUST01670,Aishwarya Babu,Retail,P020,Home Theatre System,Electronics,1,12269.51,0.0,0.6,Net Banking
TXNDCAED82E23,2023-07-23,BR03,Rajahmundry,Andhra Pradesh,CUST01961,Sandeep Sharma,Retail,P021,Smart Watch,Electronics,1,11851.2,0.0,0.55,Cash
TXN74901D977C,2024-12-06,BR03,Rajahmundry,Andhra Pradesh,CUST01890,Suresh Kumar,Retail,P020,Home Theatre System,Electronics,2,6769.0,0.05,0.6,Debit Card
TXN13DC5502B8,2023-04-17,BR03,Rajahmundry,Andhra Pradesh,CUST01764,Harika Sarma,Retail,P007,Gaming Laptop i7,Laptop,1,85870.21,0.15,0.78,Credit Card
TXNB8114D2E39,2023-03-21,BR03,Rajahmundry,Andhra Pradesh,CUST01594,Deepika Sharma,Retail,P011,Bluetooth Speaker,Accessories,1,2324.27,0.15,0.5,Cash
TXN23DF8005C7,2023-12-20,BR03,Rajahmundry,Andhra Pradesh,CUST01095,Arjun Rao,Retail,P019,LED TV 55-inch,Electronics,1,52656.36,0.05,0.79,UPI
TXN049B454EA1,2023-10-22,BR03,Rajahmundry,Andhra Pradesh,CUST01596,Sneha Reddy,Retail,P020,Home Theatre System,Electronics,1,12703.91,0.25,0.6,UPI
TXN110C08C522,2023-07-25,BR03,Rajahmundry,Andhra Pradesh,CUST00338,Swathi Sharma,Corporate,P010,Wireless Mouse,Accessories,3,899.13,0.1,0.4,UPI
TXN4161FB6B80,2023-04-27,BR03,Rajahmundry,Andhra Pradesh,CUST01001,Harika Devi,Retail,P002,Mid-range Smartphone 5G,Mobile,1,24841.89,0.05,0.78,Net Banking
TXNCA4419F746,2024-05-01,BR03,Rajahmundry,Andhra Pradesh,CUST00878,Kavya Varma,Retail,P004,Wireless Earbuds,Mobile,2,3891.31,0.0,0.55,Credit Card
TXNA085A275A4,2024-08-07,BR03,Rajahmundry,Andhra Pradesh,CUST01537,Swathi Murthy,Corporate,P012,Mobile Charger,Accessories,1,374.87,0.05,0.42,UPI
TXNFE46EB73A2,2023-12-28,BR03,Rajahmundry,Andhra Pradesh,CUST00549,Naveen Naidu,Retail,P004,Wireless Earbuds,Mobile,1,4924.44,0.15,0.55,Net Banking
TXNDEC1E5CDB1,2023-10-02,BR03,Rajahmundry,Andhra Pradesh,CUST00417,Pooja Babu,Corporate,P017,Microwave Oven,Home Appliances,3,14779.9,0.0,0.75,Credit Card
TXN05076540E8,2023-09-09,BR03,Rajahmundry,Andhra Pradesh,CUST01625,Meena Varma,Retail,P003,Flagship Smartphone,Mobile,1,55309.68,0.15,0.75,Debit Card
TXNE0975437F1,2024-12-05,BR03,Rajahmundry,Andhra Pradesh,CUST00955,Anitha Chowdary,Retail,P018,LED TV 43-inch,Electronics,1,22218.29,0.0,0.8,Debit Card
TXN13218A7855,2023-04-14,BR03,Rajahmundry,Andhra Pradesh,CUST01696,Sandeep Kumar,Retail,P001,Budget Smartphone 4G,Mobile,1,13847.07,0.0,0.8,Debit Card
TXN560B2C9B01,2024-11-17,BR03,Rajahmundry,Andhra Pradesh,CUST01394,Arjun Chowdary,Retail,P007,Gaming Laptop i7,Laptop,1,83235.66,0.05,0.78,UPI
TXNC3CCBF0323,2024-12-28,BR03,Rajahmundry,Andhra Pradesh,CUST01998,Sandeep Kumar,Retail,P019,LED TV 55-inch,Electronics,1,40913.79,0.15,0.79,UPI
TXNDAE1AB94BB,2023-10-24,BR03,Rajahmundry,Andhra Pradesh,CUST01974,Ravi Sarma,Retail,P002,Mid-range Smartphone 5G,Mobile,1,15965.45,0.25,0.78,Credit Card
TXN20DAD5D851,2024-10-13,BR03,Rajahmundry,Andhra Pradesh,CUST01018,Sneha Chowdary,Retail,P021,Smart Watch,Electronics,1,6225.7,0.0,0.55,UPI
TXN399B6E0BF6,2024-12-25,BR03,Rajahmundry,Andhra Pradesh,CUST00087,Sneha Kumar,Retail,P013,Power Bank,Accessories,1,2369.06,0.05,0.48,Debit Card
TXN4DBFB99A12,2024-05-24,BR03,Rajahmundry,Andhra Pradesh,CUST00349,Naveen Chowdary,Corporate,P002,Mid-range Smartphone 5G,Mobile,1,21565.16,0.15,0.78,Debit Card
TXN14310A5369,2024-01-25,BR03,Rajahmundry,Andhra Pradesh,CUST00784,Harika Naidu,Wholesale,P002,Mid-range Smartphone 5G,Mobile,1,26411.72,0.1,0.78,UPI
TXN64FEC04511,2023-12-12,BR03,Rajahmundry,Andhra Pradesh,CUST00012,Manoj Rao,Retail,P020,Home Theatre System,Electronics,1,6926.24,0.0,0.6,Cash
TXNBC399BFCE9,2024-09-14,BR03,Rajahmundry,Andhra Pradesh,CUST01408,Divya Prasad,Wholesale,P018,LED TV 43-inch,Electronics,1,30663.08,0.0,0.8,UPI
TXN2D73885D20,2023-07-24,BR03,Rajahmundry,Andhra Pradesh,CUST00307,Sneha Babu,Wholesale,P006,Business Laptop i5,Laptop,1,51994.75,0.0,0.8,UPI
TXNBEC267ECB2,2023-07-26,BR03,Rajahmundry,Andhra Pradesh,CUST01600,Srinivas Sharma,Retail,P002,Mid-range Smartphone 5G,Mobile,1,27991.33,0.0,0.78,UPI
TXNF1CAE5B970,2023-12-26,BR03,Rajahmundry,Andhra Pradesh,CUST00186,Meena Murthy,Retail,P004,Wireless Earbuds,Mobile,1,2980.63,0.0,0.55,Debit Card
TXN0C07AACAA7,2023-10-17,BR03,Rajahmundry,Andhra Pradesh,CUST00915,Aishwarya Devi,Retail,P003,Flagship Smartphone,Mobile,1,71275.96,0.2,0.75,Debit Card
TXNAF47D68FBE,2023-10-24,BR03,Rajahmundry,Andhra Pradesh,CUST01989,Lakshmi Murthy,Retail,P021,Smart Watch,Electronics,1,9463.53,0.1,0.55,UPI
TXN0B5F7BF6E8,2023-10-13,BR03,Rajahmundry,Andhra Pradesh,CUST01480,Anitha Rao,Retail,P012,Mobile Charger,Accessories,2,1654.61,0.0,0.42,Credit Card
TXN28747CC011,2024-10-24,BR03,Rajahmundry,Andhra Pradesh,CUST01071,Praveen Kumar,Retail,P013,Power Bank,Accessories,2,842.35,0.25,0.48,Credit Card
TXN70CDC9C1A0,2023-11-23,BR03,Rajahmundry,Andhra Pradesh,CUST00112,Pooja Naidu,Retail,P013,Power Bank,Accessories,2,1624.05,0.1,0.48,Debit Card
TXNDBA15EE3CF,2024-03-27,BR03,Rajahmundry,Andhra Pradesh,CUST01706,Kavya Prasad,Retail,P006,Business Laptop i5,Laptop,1,48128.87,0.15,0.8,UPI
TXN56338673E9,2023-10-27,BR03,Rajahmundry,Andhra Pradesh,CUST01183,Deepika Chowdary,Wholesale,P016,Washing Machine,Home Appliances,1,26626.5,0.0,0.8,Debit Card
TXN6439D5C061,2024-09-23,BR03,Rajahmundry,Andhra Pradesh,CUST01207,Sneha Sharma,Retail,P011,Bluetooth Speaker,Accessories,3,1955.37,0.05,0.5,Net Banking
TXN3130E2A510,2024-01-17,BR03,Rajahmundry,Andhra Pradesh,CUST01491,Deepika Sharma,Retail,P007,Gaming Laptop i7,Laptop,1,126675.87,0.0,0.78,Net Banking
TXN2927572146,2024-06-20,BR03,Rajahmundry,Andhra Pradesh,CUST02000,Deepika Sarma,Corporate,P001,Budget Smartphone 4G,Mobile,1,11030.15,0.1,0.8,Debit Card
TXN6482FA91B0,2023-02-19,BR03,Rajahmundry,Andhra Pradesh,CUST01102,Ravi Reddy,Retail,P009,Laptop Bag,Accessories,1,1993.03,0.15,0.45,Credit Card
TXN7BA412CF7F,2024-11-23,BR03,Rajahmundry,Andhra Pradesh,CUST01053,Sandeep Rao,Retail,P019,LED TV 55-inch,Electronics,1,47060.48,0.05,0.79,Credit Card
TXN7A61409F7A,2024-05-23,BR03,Rajahmundry,Andhra Pradesh,CUST00269,Pooja Kumar,Retail,P009,Laptop Bag,Accessories,4,1677.42,0.1,0.45,UPI
TXN46CCF0E322,2023-11-10,BR03,Rajahmundry,Andhra Pradesh,CUST01016,Anitha Devi,Retail,P018,LED TV 43-inch,Electronics,1,33141.68,0.0,0.8,UPI
TXN1D73C2E5B0,2024-11-30,BR03,Rajahmundry,Andhra Pradesh,CUST01315,Ajay Babu,Retail,P010,Wireless Mouse,Accessories,1,1110.75,0.15,0.4,Cash
TXN3303E210EC,2024-03-18,BR03,Rajahmundry,Andhra Pradesh,CUST00102,Priya Murthy,Retail,P005,Entry Laptop i3,Laptop,1,35304.42,0.05,0.82,Credit Card
TXN9D9BF3CBA0,2024-08-12,BR03,Rajahmundry,Andhra Pradesh,CUST00053,Anitha Devi,Corporate,P003,Flagship Smartphone,Mobile,1,62355.19,0.05,0.75,Debit Card
TXN8AB20F20B2,2023-09-14,BR03,Rajahmundry,Andhra Pradesh,CUST01247,Manoj Sarma,Retail,P020,Home Theatre System,Electronics,4,14314.41,0.1,0.6,Credit Card
TXN78A82C5414,2024-06-14,BR03,Rajahmundry,Andhra Pradesh,CUST01659,Praveen Rao,Retail,P016,Washing Machine,Home Appliances,1,30395.33,0.15,0.8,Debit Card
TXN6F9655DBA3,2023-07-23,BR03,Rajahmundry,Andhra Pradesh,CUST01552,Deepika Sarma,Wholesale,P001,Budget Smartphone 4G,Mobile,4,12402.6,0.15,0.8,UPI
TXNCBDB0E468A,2023-12-09,BR03,Rajahmundry,Andhra Pradesh,CUST01839,Suresh Rao,Retail,P020,Home Theatre System,Electronics,1,6642.93,0.15,0.6,UPI
TXNFDFB5956DC,2023-10-28,BR03,Rajahmundry,Andhra Pradesh,CUST00260,Harika Devi,Retail,P018,LED TV 43-inch,Electronics,1,23753.49,0.2,0.8,UPI
TXN0139E32177,2023-07-31,BR03,Rajahmundry,Andhra Pradesh,CUST00059,Suresh Devi,Wholesale,P003,Flagship Smartphone,Mobile,1,65488.29,0.0,0.75,Cash
TXND477BBD835,2024-04-15,BR03,Rajahmundry,Andhra Pradesh,CUST00238,Pooja Babu,Wholesale,P014,Split AC 1.5 Ton,Home Appliances,1,43724.69,0.0,0.83,Debit Card
TXN8EDD173E2A,2024-11-19,BR03,Rajahmundry,Andhra Pradesh,CUST01948,Vikram Babu,Retail,P001,Budget Smartphone 4G,Mobile,2,11551.72,0.0,0.8,UPI
TXN5CDB058EA7,2023-09-11,BR03,Rajahmundry,Andhra Pradesh,CUST01414,Priya Kumar,Retail,P017,Microwave Oven,Home Appliances,4,8847.94,0.15,0.75,Net Banking
TXNC0D9DD422F,2024-07-20,BR03,Rajahmundry,Andhra Pradesh,CUST00384,Deepika Chowdary,Retail,P012,Mobile Charger,Accessories,1,1003.73,0.15,0.42,Cash
TXN709CAF3F1F,2024-08-26,BR03,Rajahmundry,Andhra Pradesh,CUST00137,Swathi Babu,Wholesale,P003,Flagship Smartphone,Mobile,1,73262.89,0.05,0.75,UPI
TXNC9061D3342,2023-12-02,BR03,Rajahmundry,Andhra Pradesh,CUST01407,Manoj Sharma,Retail,P021,Smart Watch,Electronics,2,7301.63,0.0,0.55,UPI
TXND0E66CD55C,2024-09-02,BR03,Rajahmundry,Andhra Pradesh,CUST01757,Priya Murthy,Retail,P015,Refrigerator 300L,Home Appliances,1,25811.75,0.0,0.82,Net Banking
TXN78CC1CCC5B,2024-09-17,BR03,Rajahmundry,Andhra Pradesh,CUST00832,Pooja Chowdary,Retail,P002,Mid-range Smartphone 5G,Mobile,1,15378.97,0.0,0.78,UPI
TXND5BE17A3DF,2024-05-30,BR03,Rajahmundry,Andhra Pradesh,CUST00710,Naveen Devi,Retail,P007,Gaming Laptop i7,Laptop,1,126061.76,0.0,0.78,Debit Card
TXN985EE90EE4,2024-07-09,BR03,Rajahmundry,Andhra Pradesh,CUST00142,Sneha Varma,Retail,P008,Ultrabook Thin & Light,Laptop,1,85622.68,0.05,0.79,Cash
TXNCE716F0C47,2023-07-04,BR03,Rajahmundry,Andhra Pradesh,CUST00093,Kavya Kumar,Retail,P013,Power Bank,Accessories,2,1121.33,0.1,0.48,UPI
TXNAD4B7B82E2,2024-08-01,BR03,Rajahmundry,Andhra Pradesh,CUST00398,Arjun Kumar,Retail,P004,Wireless Earbuds,Mobile,1,1599.88,0.05,0.55,UPI
TXNF65E69FD55,2024-12-21,BR03,Rajahmundry,Andhra Pradesh,CUST01873,Ravi Devi,Retail,P003,Flagship Smartphone,Mobile,1,67667.48,0.0,0.75,Credit Card
TXNF602C82A0F,2024-06-16,BR03,Rajahmundry,Andhra Pradesh,CUST01140,Naveen Murthy,Retail,P012,Mobile Charger,Accessories,1,1600.01,0.15,0.42,Credit Card
TXN6D844F27B6,2023-11-22,BR03,Rajahmundry,Andhra Pradesh,CUST00910,Arjun Devi,Corporate,P013,Power Bank,Accessories,1,1108.56,0.0,0.48,UPI
TXN183FE98979,2024-12-09,BR03,Rajahmundry,Andhra Pradesh,CUST01517,Manoj Sharma,Wholesale,P014,Split AC 1.5 Ton,Home Appliances,1,41926.79,0.05,0.83,UPI
TXN3F1E4DCFE1,2023-01-27,BR03,Rajahmundry,Andhra Pradesh,CUST00088,Kavya Varma,Wholesale,P002,Mid-range Smartphone 5G,Mobile,1,21311.62,0.0,0.78,Debit Card
TXNF725A3E05E,2024-07-01,BR03,Rajahmundry,Andhra Pradesh,CUST00030,Priya Varma,Wholesale,P014,Split AC 1.5 Ton,Home Appliances,1,35172.21,0.15,0.83,Debit Card
TXN89C0CC3B59,2024-05-12,BR03,Rajahmundry,Andhra Pradesh,CUST00920,Suresh Babu,Corporate,P009,Laptop Bag,Accessories,2,1573.02,0.0,0.45,UPI
TXNDCDB0DCFD3,2024-10-01,BR03,Rajahmundry,Andhra Pradesh,CUST01335,Srinivas Chowdary,Retail,P003,Flagship Smartphone,Mobile,1,74563.5,0.15,0.75,UPI
TXN551A2D5360,2024-03-24,BR03,Rajahmundry,Andhra Pradesh,CUST00798,Sneha Reddy,Retail,P012,Mobile Charger,Accessories,2,1656.86,0.0,0.42,UPI
TXN1DA46C72B7,2023-08-17,BR03,Rajahmundry,Andhra Pradesh,CUST01123,Naveen Naidu,Retail,P018,LED TV 43-inch,Electronics,1,22037.87,0.05,0.8,UPI
TXN02B0B67EC9,2024-01-13,BR03,Rajahmundry,Andhra Pradesh,CUST01555,Ravi Chowdary,Retail,P003,Flagship Smartphone,Mobile,1,50985.84,0.0,0.75,UPI
TXN537820093D,2023-11-10,BR03,Rajahmundry,Andhra Pradesh,CUST00392,Praveen Babu,Retail,P008,Ultrabook Thin & Light,Laptop,1,88168.57,0.25,0.79,Debit Card
TXN19E1AAE769,2023-12-28,BR03,Rajahmundry,Andhra Pradesh,CUST00178,Ajay Chowdary,Retail,P020,Home Theatre System,Electronics,1,14651.61,0.1,0.6,UPI
TXN378D28EF9B,2024-09-02,BR03,Rajahmundry,Andhra Pradesh,CUST00219,Priya Sharma,Retail,P010,Wireless Mouse,Accessories,1,1205.03,0.05,0.4,Credit Card
TXN4539A8A9F9,2024-06-17,BR03,Rajahmundry,Andhra Pradesh,CUST00684,Srinivas Babu,Retail,P018,LED TV 43-inch,Electronics,1,34996.41,0.1,0.8,Cash
TXN9BA8D43B09,2024-10-11,BR03,Rajahmundry,Andhra Pradesh,CUST01393,Praveen Prasad,Corporate,P004,Wireless Earbuds,Mobile,1,5236.99,0.25,0.55,Credit Card
TXN193D1B2E87,2023-09-05,BR03,Rajahmundry,Andhra Pradesh,CUST00678,Divya Kumar,Retail,P002,Mid-range Smartphone 5G,Mobile,1,27837.79,0.15,0.78,Net Banking
TXN63659EFD4E,2023-10-12,BR03,Rajahmundry,Andhra Pradesh,CUST01791,Sneha Murthy,Retail,P014,Split AC 1.5 Ton,Home Appliances,1,35256.08,0.2,0.83,Debit Card
TXNA718118361,2024-11-06,BR03,Rajahmundry,Andhra Pradesh,CUST01852,Suresh Rao,Retail,P012,Mobile Charger,Accessories,2,550.73,0.25,0.42,Cash
TXND052689D17,2024-11-25,BR03,Rajahmundry,Andhra Pradesh,CUST01688,Aishwarya Reddy,Retail,P011,Bluetooth Speaker,Accessories,1,1386.34,0.2,0.5,UPI
TXNCAA533EDE6,2024-08-30,BR03,Rajahmundry,Andhra Pradesh,CUST00051,Divya Babu,Retail,P012,Mobile Charger,Accessories,1,819.27,0.15,0.42,Net Banking
TXN7D288CD3EE,2023-07-18,BR03,Rajahmundry,Andhra Pradesh,CUST00474,Deepika Prasad,Retail,P004,Wireless Earbuds,Mobile,1,3841.11,0.1,0.55,Cash
TXNEC306063C9,2024-04-14,BR03,Rajahmundry,Andhra Pradesh,CUST00955,Anitha Chowdary,Retail,P018,LED TV 43-inch,Electronics,1,23792.72,0.05,0.8,UPI
TXN38FD57C2A7,2023-10-14,BR03,Rajahmundry,Andhra Pradesh,CUST00184,Lakshmi Prasad,Retail,P004,Wireless Earbuds,Mobile,1,5367.27,0.15,0.55,UPI
TXN4EA4836C9F,2024-05-26,BR03,Rajahmundry,Andhra Pradesh,CUST01222,Naveen Prasad,Retail,P007,Gaming Laptop i7,Laptop,1,105537.86,0.05,0.78,Debit Card
TXNE81C902259,2024-10-21,BR03,Rajahmundry,Andhra Pradesh,CUST01600,Srinivas Sharma,Retail,P013,Power Bank,Accessories,2,2267.5,0.2,0.48,UPI
TXN3D59F04494,2023-06-04,BR03,Rajahmundry,Andhra Pradesh,CUST00025,Aishwarya Babu,Retail,P019,LED TV 55-inch,Electronics,1,51950.81,0.15,0.79,Cash
TXN0A99F43649,2023-01-11,BR03,Rajahmundry,Andhra Pradesh,CUST01195,Manoj Chowdary,Retail,P008,Ultrabook Thin & Light,Laptop,1,62462.66,0.0,0.79,UPI
TXND38B28197F,2023-02-19,BR03,Rajahmundry,Andhra Pradesh,CUST00320,Ravi Babu,Wholesale,P002,Mid-range Smartphone 5G,Mobile,1,23237.25,0.1,0.78,Debit Card
TXN8080E95693,2023-11-06,BR03,Rajahmundry,Andhra Pradesh,CUST01937,Meena Kumar,Retail,P013,Power Bank,Accessories,2,1328.81,0.15,0.48,Net Banking
TXNCA53628DB3,2023-05-30,BR03,Rajahmundry,Andhra Pradesh,CUST01263,Anitha Sarma,Corporate,P020,Home Theatre System,Electronics,1,12199.77,0.1,0.6,Debit Card
TXN83C336B0D5,2024-05-26,BR03,Rajahmundry,Andhra Pradesh,CUST00417,Pooja Babu,Corporate,P013,Power Bank,Accessories,3,1475.03,0.05,0.48,UPI
TXN69FD47CBF6,2024-09-29,BR03,Rajahmundry,Andhra Pradesh,CUST01062,Ajay Murthy,Retail,P011,Bluetooth Speaker,Accessories,1,1761.67,0.15,0.5,UPI
TXN862C34FA4A,2024-12-25,BR03,Rajahmundry,Andhra Pradesh,CUST01739,Meena Prasad,Retail,P010,Wireless Mouse,Accessories,3,1203.55,0.15,0.4,UPI
TXN125EA56627,2023-08-13,BR03,Rajahmundry,Andhra Pradesh,CUST00586,Ravi Chowdary,Retail,P021,Smart Watch,Electronics,3,4510.18,0.15,0.55,UPI
TXN41DCB4A5F7,2023-06-20,BR03,Rajahmundry,Andhra Pradesh,CUST01469,Manoj Chowdary,Retail,P012,Mobile Charger,Accessories,2,357.24,0.0,0.42,Debit Card
TXNF124608556,2023-10-08,BR03,Rajahmundry,Andhra Pradesh,CUST00588,Suresh Sharma,Retail,P003,Flagship Smartphone,Mobile,1,52445.4,0.25,0.75,Debit Card
TXN921E3D48C4,2023-02-27,BR03,Rajahmundry,Andhra Pradesh,CUST00521,Kiran Naidu,Retail,P002,Mid-range Smartphone 5G,Mobile,1,23933.4,0.0,0.78,Net Banking
TXNA00A5D5B23,2023-10-21,BR03,Rajahmundry,Andhra Pradesh,CUST00102,Priya Murthy,Retail,P005,Entry Laptop i3,Laptop,1,37786.16,0.0,0.82,Cash
TXNB6918A4F57,2024-06-11,BR03,Rajahmundry,Andhra Pradesh,CUST01375,Deepika Reddy,Retail,P015,Refrigerator 300L,Home Appliances,1,34936.55,0.05,0.82,UPI
TXND2C241CBCF,2024-11-06,BR03,Rajahmundry,Andhra Pradesh,CUST01222,Naveen Prasad,Retail,P012,Mobile Charger,Accessories,2,462.88,0.0,0.42,UPI
TXN92CD8CD23A,2024-11-04,BR03,Rajahmundry,Andhra Pradesh,CUST00458,Meena Sarma,Wholesale,P002,Mid-range Smartphone 5G,Mobile,1,27902.14,0.2,0.78,Debit Card
TXN82301B7787,2024-06-23,BR03,Rajahmundry,Andhra Pradesh,CUST01179,Sneha Kumar,Retail,P016,Washing Machine,Home Appliances,1,21421.06,0.15,0.8,UPI
TXN2D7E253B37,2024-05-28,BR03,Rajahmundry,Andhra Pradesh,CUST01135,Swathi Chowdary,Retail,P007,Gaming Laptop i7,Laptop,1,87685.63,0.1,0.78,Cash
TXN334D70C60E,2023-04-08,BR03,Rajahmundry,Andhra Pradesh,CUST01437,Anitha Chowdary,Retail,P009,Laptop Bag,Accessories,1,1251.84,0.0,0.45,Debit Card
TXNE41050E8FE,2024-09-21,BR03,Rajahmundry,Andhra Pradesh,CUST01958,Sandeep Babu,Corporate,P012,Mobile Charger,Accessories,2,1164.1,0.0,0.42,Cash
TXN01BA6DC253,2023-10-11,BR03,Rajahmundry,Andhra Pradesh,CUST01266,Ajay Murthy,Wholesale,P003,Flagship Smartphone,Mobile,1,65522.95,0.05,0.75,UPI
TXN180AA4BB48,2023-05-27,BR03,Rajahmundry,Andhra Pradesh,CUST01604,Anitha Devi,Retail,P001,Budget Smartphone 4G,Mobile,4,11089.66,0.0,0.8,UPI
TXN97D2BE1CED,2023-12-30,BR03,Rajahmundry,Andhra Pradesh,CUST00037,Sandeep Chowdary,Wholesale,P011,Bluetooth Speaker,Accessories,3,1514.44,0.15,0.5,UPI
TXN7B5CD315EE,2023-04-14,BR03,Rajahmundry,Andhra Pradesh,CUST00674,Deepika Devi,Retail,P001,Budget Smartphone 4G,Mobile,1,8582.64,0.05,0.8,Credit Card
TXN71EE0DCA71,2024-04-02,BR03,Rajahmundry,Andhra Pradesh,CUST01210,Ramesh Devi,Retail,P004,Wireless Earbuds,Mobile,1,4052.39,0.0,0.55,Cash
TXND3A9ED19D9,2024-03-28,BR03,Rajahmundry,Andhra Pradesh,CUST00543,Srinivas Devi,Retail,P020,Home Theatre System,Electronics,1,9902.69,0.1,0.6,Cash
TXN99183A5CC7,2023-10-19,BR03,Rajahmundry,Andhra Pradesh,CUST01660,Ravi Devi,Retail,P008,Ultrabook Thin & Light,Laptop,1,69026.88,0.25,0.79,UPI
TXNC12AEC22E4,2023-01-28,BR03,Rajahmundry,Andhra Pradesh,CUST01315,Ajay Babu,Retail,P004,Wireless Earbuds,Mobile,2,5123.04,0.0,0.55,Cash
TXNBBC2026A64,2023-12-30,BR03,Rajahmundry,Andhra Pradesh,CUST01393,Praveen Prasad,Corporate,P008,Ultrabook Thin & Light,Laptop,1,80129.27,0.05,0.79,Credit Card
TXNBE507CE712,2024-05-08,BR03,Rajahmundry,Andhra Pradesh,CUST00016,Naveen Rao,Retail,P003,Flagship Smartphone,Mobile,1,89939.58,0.0,0.75,UPI
TXN8279530217,2024-01-30,BR03,Rajahmundry,Andhra Pradesh,CUST00940,Harika Sharma,Retail,P001,Budget Smartphone 4G,Mobile,1,9532.95,0.0,0.8,Debit Card
TXN4F4508FB93,2024-09-19,BR03,Rajahmundry,Andhra Pradesh,CUST01552,Deepika Sarma,Wholesale,P007,Gaming Laptop i7,Laptop,1,121425.99,0.0,0.78,Debit Card
TXN15EB9B644B,2023-07-01,BR03,Rajahmundry,Andhra Pradesh,CUST01070,Swathi Reddy,Corporate,P004,Wireless Earbuds,Mobile,2,5581.53,0.05,0.55,UPI
TXNFF10F9C32C,2023-08-21,BR03,Rajahmundry,Andhra Pradesh,CUST00935,Divya Kumar,Retail,P013,Power Bank,Accessories,1,1301.22,0.1,0.48,UPI
TXN370BF46490,2024-12-25,BR03,Rajahmundry,Andhra Pradesh,CUST00488,Divya Sarma,Retail,P001,Budget Smartphone 4G,Mobile,4,10055.14,0.0,0.8,UPI
TXN70D7E213EA,2024-10-13,BR03,Rajahmundry,Andhra Pradesh,CUST01225,Ramesh Kumar,Retail,P018,LED TV 43-inch,Electronics,1,22118.74,0.15,0.8,Debit Card
TXN4BA2F9235B,2024-09-13,BR03,Rajahmundry,Andhra Pradesh,CUST00290,Anitha Devi,Retail,P001,Budget Smartphone 4G,Mobile,4,10623.87,0.0,0.8,UPI
TXN7087A0076B,2024-07-06,BR03,Rajahmundry,Andhra Pradesh,CUST00455,Ramesh Devi,Retail,P021,Smart Watch,Electronics,1,9856.03,0.0,0.55,UPI
TXNA38BF297E1,2023-03-14,BR03,Rajahmundry,Andhra Pradesh,CUST01826,Lakshmi Prasad,Retail,P018,LED TV 43-inch,Electronics,1,29117.03,0.05,0.8,UPI
TXN0B282AF041,2023-02-09,BR03,Rajahmundry,Andhra Pradesh,CUST00572,Harika Prasad,Retail,P004,Wireless Earbuds,Mobile,2,3676.12,0.0,0.55,UPI
TXN5F0EE6FC26,2024-07-10,BR03,Rajahmundry,Andhra Pradesh,CUST01965,Deepika Kumar,Retail,P008,Ultrabook Thin & Light,Laptop,1,79529.48,0.1,0.79,Debit Card
TXN4C37077B23,2024-02-18,BR03,Rajahmundry,Andhra Pradesh,CUST01717,Meena Devi,Wholesale,P002,Mid-range Smartphone 5G,Mobile,2,19286.73,0.05,0.78,UPI
TXN564B4AB840,2024-12-29,BR03,Rajahmundry,Andhra Pradesh,CUST00774,Ajay Prasad,Retail,P012,Mobile Charger,Accessories,3,690.82,0.05,0.42,UPI
TXN623EA6DEB3,2024-01-13,BR03,Rajahmundry,Andhra Pradesh,CUST01333,Arjun Devi,Retail,P021,Smart Watch,Electronics,2,6960.59,0.0,0.55,UPI
TXN8C8B84436E,2023-03-28,BR03,Rajahmundry,Andhra Pradesh,CUST01698,Kiran Murthy,Retail,P011,Bluetooth Speaker,Accessories,1,4141.29,0.0,0.5,UPI
TXN578A697498,2024-03-11,BR03,Rajahmundry,Andhra Pradesh,CUST01893,Priya Sharma,Retail,P012,Mobile Charger,Accessories,2,1497.3,0.05,0.42,UPI
TXN26AF474924,2023-12-18,BR03,Rajahmundry,Andhra Pradesh,CUST01229,Arjun Chowdary,Retail,P012,Mobile Charger,Accessories,1,750.57,0.0,0.42,Net Banking
TXNDD6E13DFA4,2024-09-18,BR03,rajahmundry  ,Andhra Pradesh,CUST01319,Swathi Devi,Retail,P003,Flagship Smartphone,Mobile,1,46693.07,0.15,0.75,UPI
TXN34EE15236E,2023-07-10,BR03,Rajahmundry,Andhra Pradesh,CUST01128,Kiran Chowdary,Wholesale,P015,Refrigerator 300L,Home Appliances,1,38220.63,0.0,0.82,Credit Card
TXN3FDE3E436F,2023-05-22,BR03,Rajahmundry,Andhra Pradesh,CUST01482,Deepika Prasad,Retail,P021,Smart Watch,Electronics,1,6072.85,0.05,0.55,Credit Card
TXN390CDE5A0E,2023-02-05,BR03,Rajahmundry,Andhra Pradesh,CUST00408,Lakshmi Babu,Retail,P003,Flagship Smartphone,Mobile,1,73441.85,0.05,0.75,UPI
TXNAC9F30D6A9,2023-12-11,BR03,Rajahmundry,Andhra Pradesh,CUST00652,Anitha Prasad,Retail,P012,Mobile Charger,Accessories,4,947.69,0.05,0.42,UPI
TXNBDAF0585D2,2024-06-25,BR03,Rajahmundry,Andhra Pradesh,CUST00712,Priya Reddy,Retail,P012,Mobile Charger,Accessories,1,324.36,0.05,0.42,Cash
TXN1EFD922F85,2023-01-02,BR03,Rajahmundry,Andhra Pradesh,CUST00229,Naveen Chowdary,Corporate,P011,Bluetooth Speaker,Accessories,1,3980.05,0.1,0.5,Net Banking
TXN4A2547CC32,2023-10-28,BR03,Rajahmundry,Andhra Pradesh,CUST00821,Priya Prasad,Retail,P009,Laptop Bag,Accessories,3,1136.63,0.15,0.45,UPI
TXND2CE5BC64B,2024-12-19,BR03,Rajahmundry,Andhra Pradesh,CUST00186,Meena Murthy,Retail,P011,Bluetooth Speaker,Accessories,1,2204.01,0.15,0.5,UPI
TXNA4AE91893B,2023-04-01,BR03,Rajahmundry,Andhra Pradesh,CUST00758,Divya Naidu,Retail,P021,Smart Watch,Electronics,3,8310.07,0.1,0.55,Cash
TXN3EBA533032,2024-06-23,BR03,Rajahmundry,Andhra Pradesh,CUST00231,Praveen Varma,Retail,P001,Budget Smartphone 4G,Mobile,1,12156.75,0.05,0.8,UPI
TXN921D1D4E67,2024-05-07,BR03,Rajahmundry,Andhra Pradesh,CUST00300,Anitha Naidu,Retail,P020,Home Theatre System,Electronics,1,16268.24,0.0,0.6,Net Banking
TXNA6BACDFC15,2024-11-21,BR03,Rajahmundry,Andhra Pradesh,CUST00988,Deepika Kumar,Retail,P004,Wireless Earbuds,Mobile,2,3483.75,0.2,0.55,Debit Card
TXN064B4F4003,2024-03-20,BR03,Rajahmundry,Andhra Pradesh,CUST00714,Divya Devi,Retail,P001,Budget Smartphone 4G,Mobile,4,8662.83,0.05,0.8,Credit Card
TXN04C26745DB,2024-04-04,BR03,Rajahmundry,Andhra Pradesh,CUST01995,Aishwarya Reddy,Retail,P019,LED TV 55-inch,Electronics,1,44279.73,0.0,0.79,UPI
TXN72609B282E,2024-06-28,BR03,Rajahmundry,Andhra Pradesh,CUST00994,Meena Murthy,Retail,P001,Budget Smartphone 4G,Mobile,1,9152.28,0.0,0.8,UPI
TXNB19EF5A148,2024-11-29,BR03,Rajahmundry,Andhra Pradesh,CUST00111,Pooja Rao,Wholesale,P010,Wireless Mouse,Accessories,1,832.04,0.2,0.4,Credit Card
TXN040B1DF353,2024-11-13,BR03,Rajahmundry,Andhra Pradesh,CUST01150,Harika Naidu,Retail,P006,Business Laptop i5,Laptop,1,42354.33,0.25,0.8,Debit Card
TXN28803C766D,2024-07-26,BR03,Rajahmundry,Andhra Pradesh,CUST00414,Priya Naidu,Corporate,P010,Wireless Mouse,Accessories,1,1014.65,0.05,0.4,Credit Card
TXNF81D67DB46,2024-12-24,BR03,Rajahmundry,Andhra Pradesh,CUST00549,Naveen Naidu,Retail,P012,Mobile Charger,Accessories,1,936.09,0.1,0.42,UPI
TXNE29DBFA37E,2023-06-10,BR03,Rajahmundry,Andhra Pradesh,CUST00969,Aishwarya Murthy,Retail,P013,Power Bank,Accessories,1,1209.24,0.1,0.48,Net Banking
TXNB36A8EC77E,2023-05-02,BR03,Rajahmundry,Andhra Pradesh,CUST01737,Swathi Devi,Wholesale,P009,Laptop Bag,Accessories,2,1760.52,0.1,0.45,UPI
TXN1F57CF0779,2024-11-12,BR03,Rajahmundry,Andhra Pradesh,CUST01581,Priya Kumar,Corporate,P003,Flagship Smartphone,Mobile,1,81609.85,0.2,0.75,UPI
TXN6492C962A6,2024-04-06,BR03,Rajahmundry,Andhra Pradesh,CUST01018,Sneha Chowdary,Retail,P001,Budget Smartphone 4G,Mobile,2,13996.35,0.0,0.8,Cash
TXN8F8267AC5A,2024-03-28,BR03,Rajahmundry,Andhra Pradesh,CUST01121,Deepika Naidu,Retail,P015,Refrigerator 300L,Home Appliances,1,36160.5,0.0,0.82,Net Banking
TXN729C2B49B2,2024-10-01,BR03,Rajahmundry,Andhra Pradesh,CUST01114,Vikram Rao,Wholesale,P005,Entry Laptop i3,Laptop,1,37580.53,0.05,0.82,UPI
TXNF171AD5C63,2023-05-20,BR03,Rajahmundry,Andhra Pradesh,CUST01954,Divya Rao,Corporate,P004,Wireless Earbuds,Mobile,1,5281.88,0.05,0.55,Net Banking
TXN4CA7C54DC9,2024-07-03,BR03,Rajahmundry,Andhra Pradesh,CUST00884,Ramesh Rao,Wholesale,P017,Microwave Oven,Home Appliances,1,6368.94,0.1,0.75,Net Banking
TXN3C20459C42,2023-06-15,BR03,Rajahmundry,Andhra Pradesh,CUST00057,Sneha Murthy,Corporate,P013,Power Bank,Accessories,2,977.15,0.15,0.48,Cash
TXN6B0F06D29E,2024-12-13,BR03,Rajahmundry,Andhra Pradesh,CUST01037,Aishwarya Kumar,Retail,P020,Home Theatre System,Electronics,1,17361.21,0.05,0.6,UPI
TXN3F6270E929,2024-07-15,BR03,Rajahmundry,Andhra Pradesh,CUST00351,Priya Kumar,Retail,P002,Mid-range Smartphone 5G,Mobile,2,18572.11,0.1,0.78,Net Banking
TXN837A2A0184,2023-08-08,BR03,Rajahmundry,Andhra Pradesh,CUST01811,Ajay Sharma,Retail,P014,Split AC 1.5 Ton,Home Appliances,1,42295.64,0.0,0.83,UPI
TXN6A3F4E5F41,2024-03-10,BR03,Rajahmundry,Andhra Pradesh,CUST01524,Naveen Varma,Retail,P021,Smart Watch,Electronics,3,6580.02,0.05,0.55,Debit Card
TXN0C13EE9A22,2023-06-03,BR03,Rajahmundry,Andhra Pradesh,CUST00849,Vikram Reddy,Retail,P010,Wireless Mouse,Accessories,2,1152.01,0.0,0.4,UPI
TXN6B9FE17DD9,2024-05-10,BR03,Rajahmundry,Andhra Pradesh,CUST01534,Harika Kumar,Retail,P010,Wireless Mouse,Accessories,1,1399.46,0.15,0.4,Cash
TXN5A5E315694,2024-10-09,BR03,Rajahmundry,Andhra Pradesh,CUST00673,Praveen Rao,Retail,P012,Mobile Charger,Accessories,1,1741.06,0.0,0.42,UPI
TXN8FD9D8A538,2023-05-01,BR03,Rajahmundry,Andhra Pradesh,CUST01729,Ravi Murthy,Retail,P014,Split AC 1.5 Ton,Home Appliances,1,47468.8,0.0,0.83,Credit Card
TXN73BB56274B,2024-11-21,BR03,Rajahmundry,Andhra Pradesh,CUST01126,Suresh Devi,Wholesale,P003,Flagship Smartphone,Mobile,1,56766.86,0.25,0.75,UPI
TXN23316116A0,2024-08-07,BR03,Rajahmundry,Andhra Pradesh,CUST00684,Srinivas Babu,Retail,P001,Budget Smartphone 4G,Mobile,1,13015.18,0.15,0.8,Net Banking
TXND466E33206,2024-05-02,BR03,Rajahmundry,Andhra Pradesh,CUST01579,Sandeep Naidu,Retail,P010,Wireless Mouse,Accessories,0,1074.72,0.1,0.4,Credit Card
TXND7A1A37D75,2023-10-22,BR03,Rajahmundry,Andhra Pradesh,CUST01926,Meena Sharma,Retail,P006,Business Laptop i5,Laptop,1,42157.85,0.05,0.8,Credit Card
TXN2099B27E51,2023-09-05,BR03,Rajahmundry,Andhra Pradesh,CUST00030,Priya Varma,Wholesale,P005,Entry Laptop i3,Laptop,1,29022.61,0.0,0.82,Net Banking
TXNFD8237D8D9,2023-03-07,BR03,Rajahmundry,Andhra Pradesh,CUST01196,Harika Sharma,Retail,P014,Split AC 1.5 Ton,Home Appliances,1,47952.66,0.1,0.83,Credit Card
TXNF3F6FC9B7A,2023-01-08,BR03,Rajahmundry,Andhra Pradesh,CUST00705,Anitha Sharma,Corporate,P010,Wireless Mouse,Accessories,1,1313.96,0.0,0.4,UPI
TXN06605381B3,2024-09-28,BR03,Rajahmundry,Andhra Pradesh,CUST00550,Deepika Murthy,Wholesale,P012,Mobile Charger,Accessories,3,381.5,0.0,0.42,Debit Card
TXND0E33A4491,2024-02-14,BR03,Rajahmundry,Andhra Pradesh,CUST01024,Suresh Murthy,Retail,P004,Wireless Earbuds,Mobile,3,5362.24,0.0,0.55,Credit Card
TXN3D2BD964F2,2024-11-27,BR03,Rajahmundry,Andhra Pradesh,CUST00512,Aishwarya Prasad,Wholesale,P003,Flagship Smartphone,Mobile,1,84750.72,0.0,0.75,UPI
TXN79C131A60E,2024-06-15,BR03,Rajahmundry,Andhra Pradesh,CUST01989,Lakshmi Murthy,Retail,P018,LED TV 43-inch,Electronics,1,32625.22,0.05,0.8,Cash
TXN404878AD00,2023-05-29,BR03,Rajahmundry,Andhra Pradesh,CUST01538,Sneha Naidu,Retail,P002,Mid-range Smartphone 5G,Mobile,1,27641.94,0.1,0.78,Debit Card
TXN3B38C88CB7,2024-10-08,BR03,Rajahmundry,Andhra Pradesh,CUST01190,Suresh Murthy,Retail,P014,Split AC 1.5 Ton,Home Appliances,1,45044.02,0.0,0.83,Cash
TXNA00BE3E8E5,2024-10-04,BR03,Rajahmundry,Andhra Pradesh,CUST00687,Manoj Murthy,Retail,P013,Power Bank,Accessories,1,2302.34,0.2,0.48,Net Banking
TXN11D7EB5840,2024-10-29,BR03,Rajahmundry,Andhra Pradesh,CUST01481,Sandeep Prasad,Wholesale,P007,Gaming Laptop i7,Laptop,1,85200.86,0.1,0.78,Net Banking
TXN1096031681,2023-12-22,BR03,Rajahmundry,Andhra Pradesh,CUST00403,Naveen Devi,Retail,P003,Flagship Smartphone,Mobile,1,64217.43,0.1,0.75,Credit Card
TXN9008F3B146,2024-11-27,BR03,Rajahmundry,Andhra Pradesh,CUST00323,Kavya Babu,Retail,P001,Budget Smartphone 4G,Mobile,1,13754.74,0.1,0.8,Credit Card
TXNE9CF20BFA4,2024-06-05,BR03,Rajahmundry,Andhra Pradesh,CUST01308,Divya Chowdary,Retail,P021,Smart Watch,Electronics,1,6926.21,0.1,0.55,Debit Card
TXN6E75324FA3,2024-03-28,BR03,Rajahmundry,Andhra Pradesh,CUST00957,Ravi Rao,Retail,P019,LED TV 55-inch,Electronics,1,53131.05,0.05,0.79,UPI
TXND4D12738A0,2023-01-19,BR03,Rajahmundry,Andhra Pradesh,CUST00490,Priya Kumar,Retail,P010,Wireless Mouse,Accessories,1,1177.98,0.0,0.4,UPI
TXN35033F70BA,2023-09-18,BR03,Rajahmundry,Andhra Pradesh,CUST00785,Ravi Naidu,Retail,P008,Ultrabook Thin & Light,Laptop,1,81727.82,0.05,0.79,Net Banking
TXN04C8050185,2023-09-29,BR03,Rajahmundry,Andhra Pradesh,CUST00382,Sandeep Sharma,Retail,P010,Wireless Mouse,Accessories,1,399.07,0.15,0.4,Credit Card
TXN0FD1155C82,2024-09-23,BR03,Rajahmundry,Andhra Pradesh,CUST00444,Ramesh Devi,Retail,P017,Microwave Oven,Home Appliances,1,13226.29,0.0,0.75,Credit Card
TXNDC4DEA0C42,2024-04-26,BR03,Rajahmundry,Andhra Pradesh,CUST01507,Meena Devi,Retail,P021,Smart Watch,Electronics,2,4536.13,0.15,0.55,UPI
TXNA4114CAAA3,2023-09-21,BR03,Rajahmundry,Andhra Pradesh,CUST00643,Deepika Prasad,Retail,P012,Mobile Charger,Accessories,1,1656.97,0.0,0.42,UPI
TXNCE61181220,2024-07-09,BR03,Rajahmundry,Andhra Pradesh,CUST00154,Meena Babu,Retail,P009,Laptop Bag,Accessories,2,805.43,0.15,0.45,Credit Card
TXNDC64F71146,2023-12-14,BR03,Rajahmundry,Andhra Pradesh,CUST00279,Praveen Babu,Retail,P021,Smart Watch,Electronics,2,4925.51,0.0,0.55,UPI
TXNE422960781,2023-09-10,BR03,Rajahmundry,Andhra Pradesh,CUST00585,Sneha Prasad,Wholesale,P004,Wireless Earbuds,Mobile,2,3640.79,0.05,0.55,UPI
TXN045A58888A,2023-10-23,BR03,Rajahmundry,Andhra Pradesh,CUST00200,Swathi Chowdary,Corporate,P019,LED TV 55-inch,Electronics,1,54093.45,0.05,0.79,Cash
TXN57514B0769,2023-04-23,BR03,Rajahmundry,Andhra Pradesh,CUST00558,Harika Babu,Corporate,P004,Wireless Earbuds,Mobile,1,3669.62,0.05,0.55,UPI
TXNA17CE09F6D,2023-06-04,BR03,Rajahmundry,Andhra Pradesh,CUST00524,Praveen Prasad,Retail,P018,LED TV 43-inch,Electronics,1,33501.3,0.0,0.8,UPI
TXN5DA0F729A9,2023-06-02,BR03,Rajahmundry,Andhra Pradesh,CUST01179,Sneha Kumar,Retail,P017,Microwave Oven,Home Appliances,2,6818.36,0.0,0.75,Cash
TXND8530EB2E1,2024-11-29,BR03,Rajahmundry,Andhra Pradesh,CUST00812,,Wholesale,P010,Wireless Mouse,Accessories,1,1217.41,0.1,0.4,UPI
TXN458F49A36B,2024-11-21,BR03,Rajahmundry,Andhra Pradesh,CUST00364,Swathi Rao,Wholesale,P004,Wireless Earbuds,Mobile,2,4230.82,0.0,0.55,Credit Card
TXNAF7F298C61,2023-06-03,BR03,Rajahmundry,Andhra Pradesh,CUST00234,Pooja Devi,Retail,P009,Laptop Bag,Accessories,1,846.81,0.05,0.45,Debit Card
TXNBC440300E7,2024-06-01,BR03,Rajahmundry,Andhra Pradesh,CUST01408,Divya Prasad,Wholesale,P008,Ultrabook Thin & Light,Laptop,1,78234.45,0.1,0.79,Debit Card
TXNFB2D5B5A30,2024-10-13,BR03,Rajahmundry,Andhra Pradesh,CUST01584,Divya Prasad,Wholesale,P003,Flagship Smartphone,Mobile,1,45479.33,0.2,0.75,UPI
TXNBC16C2FECC,2024-11-01,BR03,Rajahmundry,Andhra Pradesh,CUST00629,Srinivas Naidu,Wholesale,P004,Wireless Earbuds,Mobile,1,1919.18,0.1,0.55,UPI
TXNF908DBB630,2023-04-17,BR03,Rajahmundry,Andhra Pradesh,CUST01961,Sandeep Sharma,Retail,P003,Flagship Smartphone,Mobile,1,67239.66,0.15,0.75,Cash
TXN96144EF94D,2024-09-30,BR03,Rajahmundry,Andhra Pradesh,CUST01886,Kiran Reddy,Corporate,P020,Home Theatre System,Electronics,4,19744.96,0.1,0.6,UPI
TXN97D51FA1F1,2024-10-11,BR03,Rajahmundry,Andhra Pradesh,CUST01969,Praveen Chowdary,Wholesale,P005,Entry Laptop i3,Laptop,1,36938.91,0.05,0.82,Debit Card
TXNBD6AFF9208,2023-08-27,BR03,Rajahmundry,Andhra Pradesh,CUST01861,Ajay Devi,Retail,P020,Home Theatre System,Electronics,1,11332.23,0.1,0.6,Cash
TXN695070C564,2024-12-12,BR03,Rajahmundry,Andhra Pradesh,CUST00074,Sandeep Murthy,Retail,P012,Mobile Charger,Accessories,2,517.08,0.05,0.42,Credit Card
TXN85C76EFB44,2023-09-29,BR03,Rajahmundry,Andhra Pradesh,CUST01655,Divya Prasad,Retail,P021,Smart Watch,Electronics,2,5565.0,0.05,0.55,UPI
TXN862ECC3490,2024-04-27,BR03,Rajahmundry,Andhra Pradesh,CUST00730,Aishwarya Sharma,Retail,P010,Wireless Mouse,Accessories,1,836.68,0.15,0.4,Net Banking
TXN7A2E475E73,2023-01-21,BR03,Rajahmundry,Andhra Pradesh,CUST01515,Pooja Sarma,Retail,P003,Flagship Smartphone,Mobile,1,72432.95,0.0,0.75,UPI
TXN1A0EFAF93E,2024-04-25,BR03,Rajahmundry,Andhra Pradesh,CUST00125,Meena Sarma,Retail,P020,Home Theatre System,Electronics,3,12673.34,0.05,0.6,UPI
TXN4A9BB31755,2024-03-08,BR03,Rajahmundry,Andhra Pradesh,CUST00731,Aishwarya Sarma,Wholesale,P009,Laptop Bag,Accessories,1,1926.76,0.0,0.45,UPI
TXN9E14957F2C,2024-11-21,BR03,Rajahmundry,Andhra Pradesh,CUST00327,Praveen Murthy,Wholesale,P008,Ultrabook Thin & Light,Laptop,1,90003.75,0.15,0.79,UPI
TXND5EF077A62,2024-05-07,BR03,Rajahmundry,Andhra Pradesh,CUST00088,Kavya Varma,Wholesale,P001,Budget Smartphone 4G,Mobile,2,8180.72,0.0,0.8,UPI
TXN8F67F3D455,2023-10-22,BR03,Rajahmundry,Andhra Pradesh,CUST01315,Ajay Babu,Retail,P020,Home Theatre System,Electronics,2,9699.21,0.1,0.6,Credit Card
TXN6B8E7127E0,2023-12-20,BR03,Rajahmundry,Andhra Pradesh,CUST01667,Kiran Prasad,Retail,P001,Budget Smartphone 4G,Mobile,2,9875.32,0.1,0.8,UPI
TXNB48B6A9AE1,2024-06-16,BR03,Rajahmundry,Andhra Pradesh,CUST00829,Kavya Reddy,Retail,P001,Budget Smartphone 4G,Mobile,2,13494.63,0.0,0.8,Debit Card
TXN7A3979A8BA,2024-04-04,BR03,Rajahmundry,Andhra Pradesh,CUST00179,Sneha Kumar,Retail,P019,LED TV 55-inch,Electronics,1,48062.23,0.0,0.79,Debit Card
TXN65EF4623C2,2023-11-28,BR03,Rajahmundry,Andhra Pradesh,CUST00427,Arjun Varma,Corporate,P007,Gaming Laptop i7,Laptop,1,96256.02,0.25,0.78,Cash
TXNA14A74C92D,2024-11-21,BR03,Rajahmundry,Andhra Pradesh,CUST01907,Pooja Reddy,Wholesale,P018,LED TV 43-inch,Electronics,1,32430.73,0.05,0.8,UPI
TXN0424F7E021,2023-09-01,BR03,Rajahmundry,Andhra Pradesh,CUST01490,Sandeep Varma,Corporate,P021,Smart Watch,Electronics,2,8191.68,0.0,0.55,UPI
TXN27F42825B0,2024-01-06,BR03,Rajahmundry,Andhra Pradesh,CUST01382,Srinivas Murthy,Retail,P006,Business Laptop i5,Laptop,1,46061.85,0.0,0.8,UPI
TXNA4688282F3,2024-08-31,BR03,Rajahmundry,Andhra Pradesh,CUST00596,Harika Murthy,Retail,P010,Wireless Mouse,Accessories,1,491.24,0.1,0.4,Credit Card
TXNA623257F84,2023-02-01,BR03,Rajahmundry,Andhra Pradesh,CUST01063,Anitha Murthy,Retail,P019,LED TV 55-inch,Electronics,1,39389.84,0.1,0.79,UPI
TXN937B125D33,2024-12-28,BR03,Rajahmundry,Andhra Pradesh,CUST01515,Pooja Sarma,Retail,P003,Flagship Smartphone,Mobile,1,87811.62,0.0,0.75,Debit Card
TXNCD9B4B5E04,2023-04-18,BR03,Rajahmundry,Andhra Pradesh,CUST00798,Sneha Reddy,Retail,P002,Mid-range Smartphone 5G,Mobile,1,19781.23,0.0,0.78,UPI
TXND486D58195,2024-01-01,BR03,Rajahmundry,Andhra Pradesh,CUST01156,Kavya Prasad,Retail,P009,Laptop Bag,Accessories,1,1287.95,0.15,0.45,UPI
TXN70AA135FB4,2023-04-02,BR03,Rajahmundry,Andhra Pradesh,CUST01600,,Retail,P011,Bluetooth Speaker,Accessories,4,4895.45,0.1,0.5,Cash
TXN5ECF1041D6,2024-08-13,BR03,Rajahmundry,Andhra Pradesh,CUST01244,Sneha Murthy,Wholesale,P012,Mobile Charger,Accessories,1,652.25,0.0,0.42,Debit Card
TXNF47FA508B4,2024-10-10,BR03,Rajahmundry,Andhra Pradesh,CUST01789,Sneha Sarma,Retail,P011,Bluetooth Speaker,Accessories,3,1684.04,0.25,0.5,UPI
TXN80313449F6,2024-09-23,BR03,Rajahmundry,Andhra Pradesh,CUST01484,Deepika Sarma,Corporate,P011,Bluetooth Speaker,Accessories,1,3517.72,0.1,0.5,Net Banking
TXN8A26776F10,2024-04-16,BR03,Rajahmundry,Andhra Pradesh,CUST01470,Lakshmi Reddy,Retail,P021,Smart Watch,Electronics,1,7026.26,0.0,0.55,Credit Card
TXN877370DBA4,2023-11-18,BR03,Rajahmundry,Andhra Pradesh,CUST01853,Kiran Rao,Retail,P001,Budget Smartphone 4G,Mobile,1,13802.28,0.15,0.8,UPI
TXN81990EBBB7,2024-12-25,BR03,Rajahmundry,Andhra Pradesh,CUST00594,Ravi Rao,Retail,P011,Bluetooth Speaker,Accessories,1,2562.16,0.0,0.5,Net Banking
TXNEA7214350C,2023-08-12,BR03,Rajahmundry,Andhra Pradesh,CUST00054,Srinivas Reddy,Retail,P009,Laptop Bag,Accessories,1,1169.84,0.0,0.45,Net Banking
TXN2AD4BD8399,2023-01-11,BR03,Rajahmundry,Andhra Pradesh,CUST00812,Deepika Murthy,Wholesale,P021,Smart Watch,Electronics,1,3694.18,0.1,0.55,UPI
TXN2CE8B0ED0E,2023-12-30,BR03,Rajahmundry,Andhra Pradesh,CUST01801,Priya Devi,Retail,P007,Gaming Laptop i7,Laptop,1,96213.85,0.0,0.78,Cash
TXNF767F04B94,2024-06-08,BR03,Rajahmundry,Andhra Pradesh,CUST01068,Arjun Devi,Corporate,P001,Budget Smartphone 4G,Mobile,4,8893.66,0.0,0.8,Net Banking
TXN82604B2873,2023-06-08,BR03,Rajahmundry,Andhra Pradesh,CUST01618,Harika Murthy,Retail,P007,Gaming Laptop i7,Laptop,1,96170.91,0.1,0.78,Debit Card
TXNA317561260,2023-08-28,BR03,Rajahmundry,Andhra Pradesh,CUST01841,Divya Sarma,Retail,P021,Smart Watch,Electronics,2,6230.82,0.0,0.55,UPI
TXNDF34A4F073,2024-01-07,BR03,Rajahmundry,Andhra Pradesh,CUST01106,Lakshmi Sharma,Retail,P011,Bluetooth Speaker,Accessories,2,2774.68,0.0,0.5,Cash
TXNBC092262C1,2024-04-14,BR03,Rajahmundry,Andhra Pradesh,CUST00270,Ajay Devi,Retail,P001,Budget Smartphone 4G,Mobile,1,13578.17,0.0,0.8,UPI
TXN4214BC6E1A,2024-12-21,BR03,Rajahmundry,Andhra Pradesh,CUST00229,Naveen Chowdary,Corporate,P016,Washing Machine,Home Appliances,1,31017.62,0.1,0.8,Cash
TXND5098888C9,2024-09-28,BR03,Rajahmundry,Andhra Pradesh,CUST00829,Kavya Reddy,Retail,P011,Bluetooth Speaker,Accessories,1,2568.3,0.05,0.5,Cash
TXNED7E81DB06,2024-10-13,BR03,Rajahmundry,Andhra Pradesh,CUST00278,Naveen Prasad,Retail,P008,Ultrabook Thin & Light,Laptop,1,75501.35,0.25,0.79,Cash
TXNCAAA380BBE,2023-07-17,BR03,Rajahmundry,Andhra Pradesh,CUST00922,Naveen Chowdary,Retail,P021,Smart Watch,Electronics,3,11852.7,0.05,0.55,Credit Card
TXN24B3124255,2023-06-09,BR03,Rajahmundry,Andhra Pradesh,CUST01634,Pooja Varma,Retail,P013,Power Bank,Accessories,4,1794.88,,0.48,UPI
TXN6BCB9F9724,2024-09-28,BR03,Rajahmundry,Andhra Pradesh,CUST01986,Harika Sharma,Wholesale,P002,Mid-range Smartphone 5G,Mobile,1,27547.65,0.1,0.78,Credit Card
TXN50DA4F5575,2024-02-17,BR03,Rajahmundry,Andhra Pradesh,CUST00322,Srinivas Sharma,Retail,P012,Mobile Charger,Accessories,1,595.05,0.0,0.42,UPI
TXN475303AF4E,2023-09-30,BR03,Rajahmundry,Andhra Pradesh,CUST00648,Pooja Prasad,Wholesale,P011,Bluetooth Speaker,Accessories,2,4906.57,0.0,0.5,Debit Card
TXN67A4306A5C,2024-08-22,BR03,Rajahmundry,Andhra Pradesh,CUST00595,Vikram Kumar,Retail,P013,Power Bank,Accessories,1,2272.42,0.0,0.48,UPI
TXN968C7FECB6,2023-12-20,BR03,Rajahmundry,Andhra Pradesh,CUST00023,Pooja Varma,Retail,P018,LED TV 43-inch,Electronics,1,32766.54,0.15,0.8,Net Banking
TXN7A1EAC7C1B,2023-02-13,BR03,Rajahmundry,Andhra Pradesh,CUST00573,,Corporate,P003,Flagship Smartphone,Mobile,1,48174.66,0.05,0.75,Debit Card
TXNDE09693DE3,2024-11-21,BR03,Rajahmundry,Andhra Pradesh,CUST00161,Divya Devi,Retail,P019,LED TV 55-inch,Electronics,1,44785.99,0.0,0.79,UPI
TXND44FA36C34,2024-03-17,BR03,Rajahmundry,Andhra Pradesh,CUST00674,Deepika Devi,Retail,P021,Smart Watch,Electronics,1,7659.15,0.0,0.55,Cash
TXN4E66F3115A,2023-10-11,BR03,Rajahmundry,Andhra Pradesh,CUST01689,Kiran Prasad,Retail,P001,Budget Smartphone 4G,Mobile,1,11974.12,0.25,0.8,UPI
TXN8D99DA86E3,2023-08-07,BR03,Rajahmundry,Andhra Pradesh,CUST01318,Priya Chowdary,Wholesale,P005,Entry Laptop i3,Laptop,1,36405.12,0.0,0.82,UPI
TXN212903CF46,2024-03-29,BR03,Rajahmundry,Andhra Pradesh,CUST01355,Swathi Sarma,Retail,P011,Bluetooth Speaker,Accessories,2,4960.73,0.1,0.5,Debit Card
TXN8AADD63792,2024-10-30,BR03,Rajahmundry,Andhra Pradesh,CUST00621,Manoj Naidu,Retail,P016,Washing Machine,Home Appliances,1,26000.34,0.05,0.8,UPI
TXNE93339B9BA,2023-09-11,BR03,Rajahmundry,Andhra Pradesh,CUST00308,Sandeep Murthy,Corporate,P020,Home Theatre System,Electronics,1,16312.13,0.1,0.6,Net Banking
TXNE5DE33F287,2023-06-22,BR03,Rajahmundry,Andhra Pradesh,CUST00743,Deepika Varma,Retail,P013,Power Bank,Accessories,2,1230.35,0.15,0.48,UPI
TXN48612A2527,2024-06-23,BR03,Rajahmundry,Andhra Pradesh,CUST01846,Sneha Babu,Retail,P004,Wireless Earbuds,Mobile,1,4244.1,0.0,0.55,Net Banking
TXNB313A85D0E,2024-09-19,BR03,Rajahmundry,Andhra Pradesh,CUST01472,Manoj Sharma,Wholesale,P015,Refrigerator 300L,Home Appliances,1,29060.82,0.15,0.82,Cash
TXN2444BC00CB,2024-03-28,BR03,Rajahmundry,Andhra Pradesh,CUST00075,Kavya Chowdary,Retail,P013,Power Bank,Accessories,1,2086.09,0.1,0.48,Credit Card
TXN6F9236A4E7,2024-09-28,BR03,Rajahmundry,Andhra Pradesh,CUST00834,Deepika Devi,Retail,P020,Home Theatre System,Electronics,1,8336.97,0.0,0.6,UPI
TXN5C3013AB10,2023-10-12,BR03,Rajahmundry,Andhra Pradesh,CUST01502,Naveen Varma,Retail,P012,Mobile Charger,Accessories,3,347.92,0.05,0.42,UPI
TXN42FFF768F2,2024-04-28,BR03,Rajahmundry,Andhra Pradesh,CUST01620,Suresh Sharma,Corporate,P003,Flagship Smartphone,Mobile,1,51780.31,0.05,0.75,Cash
TXN31284B2BFB,2023-05-16,BR03,Rajahmundry,Andhra Pradesh,CUST01811,Ajay Sharma,Retail,P013,Power Bank,Accessories,1,852.49,0.05,0.48,Credit Card
TXN1035CDA69D,2024-12-16,BR03,Rajahmundry,Andhra Pradesh,CUST00792,Manoj Naidu,Retail,P004,Wireless Earbuds,Mobile,3,1660.47,0.1,0.55,UPI
TXNA914D0A41E,2024-02-06,BR03,Rajahmundry,Andhra Pradesh,CUST00197,Kiran Sarma,Retail,P020,Home Theatre System,Electronics,2,12766.84,0.0,0.6,UPI
TXN91889AFEEE,2024-11-24,BR03,Rajahmundry,Andhra Pradesh,CUST00329,Ravi Devi,Retail,P012,Mobile Charger,Accessories,1,352.67,0.15,0.42,Credit Card
TXN1DBD090EA0,2023-07-29,BR03,Rajahmundry,Andhra Pradesh,CUST00783,Naveen Prasad,Retail,P001,Budget Smartphone 4G,Mobile,4,9317.57,0.0,0.8,UPI
TXN21BDD4A15F,2024-10-18,BR03,Rajahmundry,Andhra Pradesh,CUST00482,Divya Sharma,Retail,P010,Wireless Mouse,Accessories,2,1164.19,0.1,0.4,UPI
TXN468DB3B68A,2024-10-13,BR03,Rajahmundry,Andhra Pradesh,CUST00545,Naveen Chowdary,Wholesale,P009,Laptop Bag,Accessories,1,1369.06,0.15,0.45,Cash
TXNA534C3DEB7,2023-02-15,BR03,Rajahmundry,Andhra Pradesh,CUST00757,Divya Varma,Corporate,P013,Power Bank,Accessories,4,1496.47,0.0,0.48,UPI
TXNAB1360E0D8,2023-08-26,BR03,Rajahmundry,Andhra Pradesh,CUST01410,Sandeep Murthy,Corporate,P007,Gaming Laptop i7,Laptop,1,127968.47,0.0,0.78,Credit Card
TXNA2CD036E8D,2023-06-06,BR03,Rajahmundry,Andhra Pradesh,CUST01251,Kavya Devi,Retail,P016,Washing Machine,Home Appliances,1,21347.09,0.0,0.8,Credit Card
TXN1ED8DCF8C6,2023-01-29,BR03,Rajahmundry,Andhra Pradesh,CUST01971,Meena Varma,Retail,P014,Split AC 1.5 Ton,Home Appliances,1,47032.45,0.1,0.83,UPI
TXNFAFDF9B3A4,2024-07-09,BR03,Rajahmundry,Andhra Pradesh,CUST00712,,Retail,P013,Power Bank,Accessories,1,2028.76,0.0,0.48,Debit Card
TXN1AA7D13A72,2023-04-06,BR03,Rajahmundry,Andhra Pradesh,CUST01195,Manoj Chowdary,Retail,P001,Budget Smartphone 4G,Mobile,1,12718.98,0.0,0.8,UPI
TXN4715369237,2024-01-18,BR03,Rajahmundry,Andhra Pradesh,CUST00626,Naveen Sarma,Retail,P021,Smart Watch,Electronics,1,10527.34,0.05,0.55,Debit Card
TXN36DFCAFB2F,2024-11-29,BR03,Rajahmundry,Andhra Pradesh,CUST01178,Vikram Sarma,Corporate,P017,Microwave Oven,Home Appliances,1,13498.33,0.0,0.75,Cash
TXN50B553E3E9,2024-09-13,BR03,Rajahmundry,Andhra Pradesh,CUST01811,Ajay Sharma,Retail,P018,LED TV 43-inch,Electronics,1,33002.77,0.15,0.8,UPI
TXN9B62A7079F,2023-11-11,BR03,Rajahmundry,Andhra Pradesh,CUST00150,Manoj Chowdary,Retail,P018,LED TV 43-inch,Electronics,1,22163.98,0.0,0.8,Cash
TXN05A3AE4FE1,2023-06-25,BR03,Rajahmundry,Andhra Pradesh,CUST01420,Ravi Prasad,Retail,P009,Laptop Bag,Accessories,3,1345.21,0.15,0.45,Cash
TXN14D5CC6000,2024-12-26,BR03,Rajahmundry,Andhra Pradesh,CUST00736,Lakshmi Chowdary,Retail,P001,Budget Smartphone 4G,Mobile,1,9337.22,0.05,0.8,Cash
TXN69B293FB83,2024-10-06,BR03,Rajahmundry,Andhra Pradesh,CUST01156,Kavya Prasad,Retail,P003,Flagship Smartphone,Mobile,1,59315.27,0.1,0.75,UPI
TXN67C64C6577,2023-09-16,BR03,Rajahmundry,Andhra Pradesh,CUST01934,Sneha Sharma,Retail,P007,Gaming Laptop i7,Laptop,1,126592.23,0.0,0.78,UPI
TXN6CA92A67F9,2023-04-20,BR03,Rajahmundry,Andhra Pradesh,CUST00454,Naveen Murthy,Retail,P018,LED TV 43-inch,Electronics,1,30947.2,0.15,0.8,UPI
TXN396634DAE9,2023-06-30,BR03,Rajahmundry,Andhra Pradesh,CUST00858,Kavya Reddy,Corporate,P002,Mid-range Smartphone 5G,Mobile,1,25749.08,0.0,0.78,Debit Card
TXNF11CD948D5,2023-03-10,BR03,Rajahmundry,Andhra Pradesh,CUST00937,Meena Sharma,Retail,P001,Budget Smartphone 4G,Mobile,1,13850.5,0.0,0.8,Net Banking
TXN4C9ED3DF05,2023-05-18,BR03,Rajahmundry,Andhra Pradesh,CUST01275,Kiran Sharma,Retail,P020,Home Theatre System,Electronics,2,9657.24,0.15,0.6,UPI
TXN6C9F0D82B9,2024-12-23,BR03,Rajahmundry,Andhra Pradesh,CUST00755,Ajay Naidu,Retail,P019,LED TV 55-inch,Electronics,1,54545.84,0.1,0.79,Net Banking
TXN5CC531509F,2023-10-09,BR03,Rajahmundry,Andhra Pradesh,CUST01119,Aishwarya Murthy,Retail,P003,Flagship Smartphone,Mobile,1,65718.7,0.25,0.75,UPI
TXNBD3AB0374A,2024-01-14,BR03,Rajahmundry,Andhra Pradesh,CUST01542,Ajay Devi,Wholesale,P002,Mid-range Smartphone 5G,Mobile,1,27900.78,0.15,0.78,Net Banking
TXNA50E8084E3,2023-04-02,BR03,Rajahmundry,Andhra Pradesh,CUST01771,Suresh Devi,Retail,P013,Power Bank,Accessories,1,1708.46,0.1,0.48,Credit Card
TXNC3B431E618,2023-12-19,BR03,Rajahmundry,Andhra Pradesh,CUST00233,Lakshmi Murthy,Wholesale,P021,Smart Watch,Electronics,2,8382.32,0.15,0.55,UPI
TXN2E77444454,2023-09-02,BR03,Rajahmundry,Andhra Pradesh,CUST01427,Srinivas Varma,Retail,P016,Washing Machine,Home Appliances,1,25998.31,0.15,0.8,Credit Card
TXN4DBFE09B97,2023-05-15,BR03,Rajahmundry,Andhra Pradesh,CUST01504,Kavya Prasad,Retail,P002,Mid-range Smartphone 5G,Mobile,2,16764.87,0.0,0.78,Debit Card
TXN4BC8AF27F2,2023-03-09,BR03,Rajahmundry,Andhra Pradesh,CUST01630,Kiran Rao,Retail,P015,Refrigerator 300L,Home Appliances,1,26321.0,0.05,0.82,UPI
TXNA36885558D,2023-12-19,BR03,Rajahmundry,Andhra Pradesh,CUST00937,Meena Sharma,Retail,P001,Budget Smartphone 4G,Mobile,1,11584.19,0.15,0.8,UPI
TXN7486FC9909,2024-06-17,BR03,Rajahmundry,Andhra Pradesh,CUST00467,Kiran Devi,Retail,P004,Wireless Earbuds,Mobile,1,5520.95,0.1,0.55,UPI
TXN283DE5FDFF,2024-06-23,BR03,Rajahmundry,Andhra Pradesh,CUST00812,Deepika Murthy,Wholesale,P016,Washing Machine,Home Appliances,1,26996.2,0.0,0.8,Credit Card
TXN979C542D91,2024-11-20,BR03,Rajahmundry,Andhra Pradesh,CUST01865,Pooja Prasad,Retail,P003,Flagship Smartphone,Mobile,1,75220.16,0.25,0.75,Cash
TXNA13A56FA39,2023-12-19,BR03,Rajahmundry,Andhra Pradesh,CUST00665,Vikram Kumar,Retail,P020,Home Theatre System,Electronics,1,11383.49,0.0,0.6,UPI
TXNED59D5E0A2,2024-03-19,BR03,Rajahmundry,Andhra Pradesh,CUST00386,Priya Murthy,Retail,P004,Wireless Earbuds,Mobile,2,5546.18,0.15,0.55,Credit Card
TXND425BDEF42,2024-07-19,BR03,Rajahmundry,Andhra Pradesh,CUST01128,Kiran Chowdary,Wholesale,P003,Flagship Smartphone,Mobile,1,56024.09,0.05,0.75,Cash
TXN0A4CB7B8FE,2023-08-30,BR03,Rajahmundry,Andhra Pradesh,CUST00009,Ramesh Murthy,Retail,P009,Laptop Bag,Accessories,1,774.28,0.15,0.45,UPI
TXN97C3295365,2024-04-17,BR03,Rajahmundry,Andhra Pradesh,CUST00546,Deepika Murthy,Retail,P018,LED TV 43-inch,Electronics,1,30607.93,0.0,0.8,UPI
TXNF4D73BD8C8,2023-11-10,BR03,Rajahmundry,Andhra Pradesh,CUST00439,Sneha Murthy,Retail,P008,Ultrabook Thin & Light,Laptop,1,63970.68,0.0,0.79,UPI
TXN4E5B387913,2023-10-04,BR03,Rajahmundry,Andhra Pradesh,CUST01935,Deepika Devi,Wholesale,P012,Mobile Charger,Accessories,2,793.6,0.15,0.42,Debit Card
TXN1EDFA91295,2023-02-12,BR03,Rajahmundry,Andhra Pradesh,CUST00519,Vikram Sharma,Retail,P006,Business Laptop i5,Laptop,1,48932.01,0.1,0.8,UPI
TXN5A957F58CD,2024-06-26,BR03,Rajahmundry,Andhra Pradesh,CUST00689,Praveen Murthy,Retail,P009,Laptop Bag,Accessories,3,1076.31,0.1,0.45,UPI
TXNF8AAB53212,2023-12-11,BR03,Rajahmundry,Andhra Pradesh,CUST01052,Kavya Devi,Retail,P014,Split AC 1.5 Ton,Home Appliances,1,38316.15,0.1,0.83,Debit Card
TXN345C3457DB,2023-04-02,BR03,Rajahmundry,Andhra Pradesh,CUST00123,Manoj Kumar,Retail,P009,Laptop Bag,Accessories,4,1655.3,0.0,0.45,UPI
TXNF9939DC9FA,2023-08-10,BR03,Rajahmundry,Andhra Pradesh,CUST00392,Praveen Babu,Retail,P012,Mobile Charger,Accessories,3,625.22,0.1,0.42,UPI
TXNF01C5D10E7,2023-05-07,BR03,Rajahmundry,Andhra Pradesh,CUST00602,Sneha Sarma,Retail,P009,Laptop Bag,Accessories,1,1598.57,0.1,0.45,Debit Card
TXN6CBCF83841,2023-06-29,BR03,Rajahmundry,Andhra Pradesh,CUST00008,Ajay Devi,Retail,P009,Laptop Bag,Accessories,1,1987.21,0.15,0.45,UPI
TXNA1B890F546,2024-10-17,BR03,Rajahmundry,Andhra Pradesh,CUST00551,Manoj Rao,Retail,P016,Washing Machine,Home Appliances,1,33020.97,0.05,0.8,Credit Card
TXNA58A04D860,2024-11-29,BR03,Rajahmundry,Andhra Pradesh,CUST01416,Sandeep Prasad,Retail,P005,Entry Laptop i3,Laptop,1,35787.31,0.1,0.82,UPI
TXN59919690BD,2024-06-07,BR03,Rajahmundry,Andhra Pradesh,CUST00558,Harika Babu,Corporate,P011,Bluetooth Speaker,Accessories,1,4270.77,0.1,0.5,Credit Card
TXN2388F8507F,2024-08-27,BR03,Rajahmundry,Andhra Pradesh,CUST00151,Srinivas Rao,Retail,P013,Power Bank,Accessories,1,2435.79,0.05,0.48,Cash
TXN8220024EBF,2024-03-20,BR03,Rajahmundry,Andhra Pradesh,CUST01529,Srinivas Kumar,Corporate,P020,Home Theatre System,Electronics,3,7175.74,0.0,0.6,Debit Card
TXN72E9C061AD,2023-10-24,BR03,Rajahmundry,Andhra Pradesh,CUST01178,Vikram Sarma,Corporate,P016,Washing Machine,Home Appliances,1,18950.33,0.05,0.8,UPI
TXN8ACE1B1A4B,2024-10-31,BR03,Rajahmundry,Andhra Pradesh,CUST01488,Ravi Sarma,Wholesale,P010,Wireless Mouse,Accessories,3,552.71,0.1,0.4,UPI
TXNB041EF82E0,2024-02-18,BR03,Rajahmundry,Andhra Pradesh,CUST01598,Lakshmi Chowdary,Retail,P020,Home Theatre System,Electronics,1,12352.62,0.15,0.6,UPI
TXN067A035972,2024-01-27,BR03,Rajahmundry,Andhra Pradesh,CUST00307,Sneha Babu,Wholesale,P009,Laptop Bag,Accessories,1,1061.52,0.05,0.45,Debit Card
TXNBEDFC85FAD,2024-11-20,BR03,Rajahmundry,Andhra Pradesh,CUST01985,Sandeep Varma,Retail,P010,Wireless Mouse,Accessories,1,682.76,0.2,0.4,Debit Card
TXNC387FED9D2,2023-09-30,BR03,Rajahmundry,Andhra Pradesh,CUST00542,Ajay Prasad,Corporate,P010,Wireless Mouse,Accessories,4,970.46,0.0,0.4,Net Banking
TXN31DA75AF45,2023-04-28,BR03,Rajahmundry,Andhra Pradesh,CUST00713,Aishwarya Babu,Retail,P010,Wireless Mouse,Accessories,4,1294.16,0.1,0.4,UPI
TXN572128DDBC,2023-07-30,BR03,Rajahmundry,Andhra Pradesh,CUST01305,Vikram Rao,Retail,P006,Business Laptop i5,Laptop,1,45650.33,0.0,0.8,UPI
TXNBCFEFBED73,2024-12-27,BR03,Rajahmundry,Andhra Pradesh,CUST01195,Manoj Chowdary,Retail,P009,Laptop Bag,Accessories,2,990.44,0.15,0.45,UPI
TXN131562043A,2024-09-14,BR03,Rajahmundry,Andhra Pradesh,CUST00522,Aishwarya Kumar,Wholesale,P013,Power Bank,Accessories,3,824.37,0.0,0.48,Credit Card
TXN25CE1BD1C8,2023-11-03,BR03,Rajahmundry,Andhra Pradesh,CUST01993,Swathi Chowdary,Corporate,P020,Home Theatre System,Electronics,3,17388.57,0.25,0.6,Credit Card
TXN50305F7DBC,2023-10-15,BR03,Rajahmundry,Andhra Pradesh,CUST00515,Naveen Devi,Retail,P001,Budget Smartphone 4G,Mobile,1,11027.35,0.0,0.8,Cash
TXN0AC936A3C0,2023-12-26,BR03,Rajahmundry,Andhra Pradesh,CUST01013,Priya Sarma,Retail,P009,Laptop Bag,Accessories,3,822.73,0.0,0.45,Cash
TXNBB4582FF9F,2024-08-05,BR03,Rajahmundry,Andhra Pradesh,CUST00055,Kavya Reddy,Retail,P020,Home Theatre System,Electronics,2,13376.35,0.15,0.6,Cash
TXN8F948D7DBC,2023-12-01,BR03,Rajahmundry,Andhra Pradesh,CUST01166,Sneha Sharma,Retail,P002,Mid-range Smartphone 5G,Mobile,1,15331.01,0.15,0.78,Debit Card
TXNA0E2B2CC4C,2024-07-06,BR03,Rajahmundry,Andhra Pradesh,CUST00763,Naveen Sharma,Corporate,P013,Power Bank,Accessories,3,1732.35,0.15,0.48,UPI
TXN04CFF6DB3F,2023-02-27,BR03,Rajahmundry,Andhra Pradesh,CUST00693,Divya Prasad,Retail,P020,Home Theatre System,Electronics,1,8538.03,0.15,0.6,Debit Card
TXNDFAA1CDA11,2023-11-25,BR03,Rajahmundry,Andhra Pradesh,CUST00361,Kavya Devi,Retail,P010,Wireless Mouse,Accessories,4,658.44,0.05,0.4,UPI
TXN1C3C1FAECD,2023-01-16,BR03,Rajahmundry,Andhra Pradesh,CUST00252,Vikram Rao,Retail,P010,Wireless Mouse,Accessories,1,1254.23,0.15,0.4,UPI
TXN8BD289FA30,2023-05-06,BR03,Rajahmundry,Andhra Pradesh,CUST00605,Deepika Babu,Retail,P010,Wireless Mouse,Accessories,2,1443.7,0.0,0.4,UPI
TXNA2D749E0B7,2023-04-22,BR03,Rajahmundry,Andhra Pradesh,CUST00671,Swathi Chowdary,Wholesale,P014,Split AC 1.5 Ton,Home Appliances,1,38883.33,0.0,0.83,UPI
TXN3DD74CE93A,2024-04-08,BR03,Rajahmundry,Andhra Pradesh,CUST00617,Kavya Babu,Retail,P014,Split AC 1.5 Ton,Home Appliances,1,32770.85,0.0,0.83,Cash
TXN25B1EB3182,2024-06-13,BR03,Rajahmundry,Andhra Pradesh,CUST00628,Kavya Sarma,Retail,P003,Flagship Smartphone,Mobile,1,85701.7,0.0,0.75,UPI
TXN7B498250D8,2024-11-16,BR03,Rajahmundry,Andhra Pradesh,CUST00337,Kiran Rao,Retail,P001,Budget Smartphone 4G,Mobile,2,8478.91,0.05,0.8,Cash
TXNEB46D527EA,2023-03-11,BR03,Rajahmundry,Andhra Pradesh,CUST00055,Kavya Reddy,Retail,P004,Wireless Earbuds,Mobile,2,5413.82,0.0,0.55,Cash
TXN4FE201F7D3,2023-01-21,BR03,Rajahmundry,Andhra Pradesh,CUST01981,Ramesh Sharma,Retail,P011,Bluetooth Speaker,Accessories,4,1710.25,0.0,0.5,UPI
TXN3AFBDE43CA,2023-07-19,BR03,Rajahmundry,Andhra Pradesh,CUST01757,Priya Murthy,Retail,P002,Mid-range Smartphone 5G,Mobile,1,21217.49,0.05,0.78,Cash
TXNDA85D25D0D,2023-06-30,BR03,Rajahmundry,Andhra Pradesh,CUST00265,Vikram Sarma,Retail,P003,Flagship Smartphone,Mobile,1,75109.35,0.05,0.75,Debit Card
TXNA3D6572786,2024-05-21,BR03,Rajahmundry,Andhra Pradesh,CUST00095,Meena Reddy,Retail,P001,Budget Smartphone 4G,Mobile,1,9192.81,0.0,0.8,Credit Card
TXN6A8023CC43,2023-09-26,BR03,Rajahmundry,Andhra Pradesh,CUST01327,Kiran Reddy,Retail,P006,Business Laptop i5,Laptop,1,58171.38,0.15,0.8,Cash
TXNC0A79B16CC,2023-06-04,BR03,Rajahmundry,Andhra Pradesh,CUST01473,Aishwarya Naidu,Wholesale,P006,Business Laptop i5,Laptop,1,54654.23,0.0,0.8,Cash
TXNEF0D7BE63F,2023-12-11,BR03,Rajahmundry,Andhra Pradesh,CUST01464,Suresh Sarma,Retail,P009,Laptop Bag,Accessories,1,1253.4,0.0,0.45,Net Banking
TXNE126A91DF5,2023-11-18,BR03,Rajahmundry,Andhra Pradesh,CUST01448,Kiran Varma,Retail,P011,Bluetooth Speaker,Accessories,3,4360.41,0.1,0.5,UPI
TXN01EB3A724E,2024-09-23,BR03,Rajahmundry,Andhra Pradesh,CUST01832,Anitha Naidu,Retail,P007,Gaming Laptop i7,Laptop,1,126178.84,0.0,0.78,Net Banking
TXNC74A16B3CA,2024-12-30,BR03,Rajahmundry,Andhra Pradesh,CUST00768,Meena Naidu,Corporate,P006,Business Laptop i5,Laptop,1,59404.07,0.15,0.8,UPI
TXN0C09694F00,2023-09-10,BR03,Rajahmundry,Andhra Pradesh,CUST01747,Naveen Babu,Retail,P020,Home Theatre System,Electronics,2,17789.75,0.0,0.6,UPI
TXNB21109DE05,2024-04-23,BR03,Rajahmundry,Andhra Pradesh,CUST00962,Sneha Murthy,Retail,P013,Power Bank,Accessories,1,2364.84,0.05,0.48,UPI
TXN969D60DB63,2023-04-22,BR03,Rajahmundry,Andhra Pradesh,CUST01937,Meena Kumar,Retail,P012,Mobile Charger,Accessories,3,1654.93,0.0,0.42,Credit Card
TXN1E5CEE67EF,2024-01-22,BR03,Rajahmundry,Andhra Pradesh,CUST01750,Arjun Varma,Retail,P001,Budget Smartphone 4G,Mobile,1,10367.08,0.1,0.8,Debit Card
TXN6BDD42A0D2,2023-09-11,BR03,Rajahmundry,Andhra Pradesh,CUST00846,Aishwarya Babu,Retail,P016,Washing Machine,Home Appliances,1,30740.85,0.0,0.8,Credit Card
TXNF78F19621D,2023-07-06,BR03,Rajahmundry,Andhra Pradesh,CUST01465,Arjun Babu,Retail,P008,Ultrabook Thin & Light,Laptop,1,77177.67,0.0,0.79,Debit Card
TXNF0B0EF7A90,2024-08-16,BR03,Rajahmundry,Andhra Pradesh,CUST01611,Manoj Reddy,Retail,P018,LED TV 43-inch,Electronics,1,26546.21,0.05,0.8,Credit Card
TXN62A85EACE4,2023-04-28,BR03,Rajahmundry,Andhra Pradesh,CUST00051,Divya Babu,Retail,P007,Gaming Laptop i7,Laptop,1,82359.35,0.1,0.78,UPI
TXN8AABD8969A,2023-11-07,BR03,Rajahmundry,Andhra Pradesh,CUST00530,Divya Naidu,Retail,P021,Smart Watch,Electronics,1,11049.33,0.0,0.55,Net Banking
TXN1D65970C3A,2024-12-15,BR03,Rajahmundry,Andhra Pradesh,CUST00106,Naveen Kumar,Retail,P002,Mid-range Smartphone 5G,Mobile,1,24315.66,0.0,0.78,UPI
TXN192584E23A,2023-12-14,BR03,Rajahmundry,Andhra Pradesh,CUST00034,Naveen Babu,Retail,P009,Laptop Bag,Accessories,2,1269.09,0.0,0.45,Credit Card
TXN98F8A9FBB7,2024-08-27,BR03,Rajahmundry,Andhra Pradesh,CUST01934,Sneha Sharma,Retail,P002,Mid-range Smartphone 5G,Mobile,1,17952.55,0.1,0.78,UPI
TXNF8AEA6D0E3,2024-02-21,BR03,Rajahmundry,Andhra Pradesh,CUST01037,Aishwarya Kumar,Retail,P005,Entry Laptop i3,Laptop,1,29876.21,0.0,0.82,Debit Card
TXND5A778AA62,2024-12-30,BR03,Rajahmundry,Andhra Pradesh,CUST00166,Vikram Chowdary,Wholesale,P009,Laptop Bag,Accessories,2,982.57,0.05,0.45,Cash
TXNF331FD348A,2023-11-27,BR03,Rajahmundry,Andhra Pradesh,CUST01123,Naveen Naidu,Retail,P014,Split AC 1.5 Ton,Home Appliances,1,40058.98,0.2,0.83,Credit Card
TXN75C894D83E,2024-09-18,BR03,Rajahmundry,Andhra Pradesh,CUST01105,Suresh Sarma,Wholesale,P002,Mid-range Smartphone 5G,Mobile,1,20889.39,0.15,0.78,Credit Card
TXN568DA6BB1B,2023-04-08,BR03,Rajahmundry,Andhra Pradesh,CUST01895,Naveen Rao,Retail,P020,Home Theatre System,Electronics,4,17044.68,0.0,0.6,UPI
TXN20B39D8054,2024-10-17,BR03,Rajahmundry,Andhra Pradesh,CUST01785,Anitha Prasad,Retail,P021,Smart Watch,Electronics,4,7770.65,0.2,0.55,UPI
TXN8DA3951EA5,2024-08-20,BR03,Rajahmundry,Andhra Pradesh,CUST01198,Vikram Kumar,Wholesale,P021,Smart Watch,Electronics,3,7663.04,0.1,0.55,Debit Card
TXN435E6893F2,2024-06-18,BR03,Rajahmundry,Andhra Pradesh,CUST00031,Manoj Chowdary,Retail,P019,LED TV 55-inch,Electronics,1,45018.11,0.0,0.79,Net Banking
TXN4C1533F35D,2024-11-03,BR03,Rajahmundry,Andhra Pradesh,CUST00711,Sneha Varma,Retail,P020,Home Theatre System,Electronics,1,13009.99,0.05,0.6,UPI
TXN229C88E01B,2023-06-10,BR03,Rajahmundry,Andhra Pradesh,CUST01818,Harika Kumar,Retail,P013,Power Bank,Accessories,4,1918.62,0.0,0.48,Credit Card
TXNCE86F21209,2023-11-23,BR03,Rajahmundry,Andhra Pradesh,CUST01656,Anitha Babu,Retail,P001,Budget Smartphone 4G,Mobile,1,13152.41,0.15,0.8,Debit Card
TXND5D9CCD3AB,2024-07-27,BR03,Rajahmundry,Andhra Pradesh,CUST00167,Aishwarya Babu,Retail,P004,Wireless Earbuds,Mobile,1,5317.0,0.0,0.55,Debit Card
TXNE7C9A4EE6D,2024-05-26,BR03,Rajahmundry,Andhra Pradesh,CUST01517,Manoj Sharma,Wholesale,P020,Home Theatre System,Electronics,1,12354.92,0.15,0.6,Cash
TXN8EE1368C46,2023-10-23,BR03,Rajahmundry,Andhra Pradesh,CUST00515,Naveen Devi,Retail,P019,LED TV 55-inch,Electronics,1,48699.91,0.2,0.79,UPI
TXN4AFCCDF6B6,2023-03-15,BR03,Rajahmundry,Andhra Pradesh,CUST01380,Naveen Sharma,Retail,P011,Bluetooth Speaker,Accessories,1,3600.62,0.05,0.5,UPI
TXN3DD11B9E26,2023-10-23,BR03,Rajahmundry,Andhra Pradesh,CUST00999,Manoj Chowdary,Retail,P010,Wireless Mouse,Accessories,1,934.27,0.05,0.4,UPI
TXNDDF3D89440,2023-05-22,BR03,Rajahmundry,Andhra Pradesh,CUST00165,Meena Reddy,Retail,P013,Power Bank,Accessories,1,1625.61,0.1,0.48,UPI
TXN6F885FF78C,2024-09-24,BR03,Rajahmundry,Andhra Pradesh,CUST00382,Sandeep Sharma,Retail,P006,Business Laptop i5,Laptop,1,50937.83,0.0,0.8,UPI
TXN0F9E2D0F6C,2023-08-20,BR03,Rajahmundry,Andhra Pradesh,CUST00494,Arjun Varma,Wholesale,P001,Budget Smartphone 4G,Mobile,1,12326.95,0.0,0.8,Debit Card
TXN877B317CC4,2024-11-26,BR03,Rajahmundry,Andhra Pradesh,CUST00245,Ramesh Varma,Wholesale,P016,Washing Machine,Home Appliances,1,26736.09,0.1,0.8,Cash
TXNBDF39BE39C,2024-12-08,BR03,Rajahmundry,Andhra Pradesh,CUST00189,Meena Prasad,Wholesale,P020,Home Theatre System,Electronics,2,13892.56,0.0,0.6,Cash
TXN4ADC8F6844,2024-04-14,BR03,Rajahmundry,Andhra Pradesh,CUST01598,Lakshmi Chowdary,Retail,P005,Entry Laptop i3,Laptop,1,31831.48,0.0,0.82,Credit Card
TXN26D706D82E,2024-07-11,BR03,Rajahmundry,Andhra Pradesh,CUST00324,Priya Varma,Retail,P005,Entry Laptop i3,Laptop,1,37794.59,0.0,0.82,Debit Card
TXN8840297DE1,2024-11-25,BR03,Rajahmundry,Andhra Pradesh,CUST01569,Vikram Murthy,Wholesale,P003,Flagship Smartphone,Mobile,1,78579.69,0.1,0.75,UPI
TXNF387B14A63,2023-03-26,BR03,Rajahmundry,Andhra Pradesh,CUST01821,Harika Sharma,Wholesale,P019,LED TV 55-inch,Electronics,1,53627.69,0.15,0.79,UPI
TXN14CB22453E,2023-01-15,BR03,Rajahmundry,Andhra Pradesh,CUST01462,Lakshmi Murthy,Retail,P010,Wireless Mouse,Accessories,1,1205.37,0.0,0.4,Cash
TXN2F4FD525FD,2024-02-18,BR03,Rajahmundry,Andhra Pradesh,CUST00685,Sandeep Kumar,Retail,P011,Bluetooth Speaker,Accessories,3,1327.32,0.0,0.5,Cash
TXN8624497B5F,2024-02-10,BR03,Rajahmundry,Andhra Pradesh,CUST00061,Meena Kumar,Retail,P001,Budget Smartphone 4G,Mobile,1,9045.6,0.05,0.8,UPI
TXN12C88ACEF1,2024-08-01,BR03,Rajahmundry,Andhra Pradesh,CUST01347,Pooja Reddy,Retail,P004,Wireless Earbuds,Mobile,2,3021.85,0.15,0.55,UPI
TXN66A96BEE26,2023-01-25,BR03,Rajahmundry,Andhra Pradesh,CUST01552,Deepika Sarma,Wholesale,P011,Bluetooth Speaker,Accessories,1,2268.23,0.15,0.5,UPI
TXN2B5BE7975C,2023-02-19,BR03,Rajahmundry,Andhra Pradesh,CUST00670,Ajay Sarma,Retail,P014,Split AC 1.5 Ton,Home Appliances,1,37820.84,0.0,0.83,Cash
TXNA1F86FA4AE,2023-06-26,BR03,Rajahmundry,Andhra Pradesh,CUST00526,Sandeep Babu,Retail,P011,Bluetooth Speaker,Accessories,1,2280.55,0.15,0.5,Cash
TXN39189286AA,2024-09-24,BR03,Rajahmundry,Andhra Pradesh,CUST01031,Aishwarya Kumar,Wholesale,P019,LED TV 55-inch,Electronics,1,52330.84,0.05,0.79,UPI
TXNB505118EF9,2023-12-10,BR03,Rajahmundry,Andhra Pradesh,CUST00294,Ajay Prasad,Retail,P007,Gaming Laptop i7,Laptop,1,85285.53,0.05,0.78,UPI
TXN6EFD2E2190,2023-11-27,BR03,Rajahmundry,Andhra Pradesh,CUST01852,Suresh Rao,Retail,P014,Split AC 1.5 Ton,Home Appliances,1,43940.33,0.1,0.83,Cash
TXNC20E6ACC2F,2023-06-18,BR03,Rajahmundry,Andhra Pradesh,CUST00976,Anitha Chowdary,Corporate,P013,Power Bank,Accessories,3,1477.76,0.05,0.48,Cash
TXNFF4B9DE391,2023-06-09,BR03,Rajahmundry,Andhra Pradesh,CUST01215,Praveen Rao,Retail,P016,Washing Machine,Home Appliances,1,32180.69,0.15,0.8,UPI
TXN6BD6B99B46,2024-07-10,BR03,Rajahmundry,Andhra Pradesh,CUST00920,Suresh Babu,Corporate,P003,Flagship Smartphone,Mobile,1,83849.91,0.15,0.75,UPI
TXNC3886A6102,2024-12-08,BR03,Rajahmundry,Andhra Pradesh,CUST00274,Sandeep Naidu,Retail,P009,Laptop Bag,Accessories,1,1085.75,0.1,0.45,Cash
TXN9A2DFD1ABF,2024-04-26,BR03,Rajahmundry,Andhra Pradesh,CUST01964,Meena Chowdary,Retail,P005,Entry Laptop i3,Laptop,1,32951.47,0.0,0.82,Credit Card
TXN702D480BD6,2024-07-13,BR03,Rajahmundry,Andhra Pradesh,CUST00982,Meena Kumar,Retail,P003,Flagship Smartphone,Mobile,1,82108.01,0.1,0.75,UPI
TXN3B9911C160,2023-05-25,BR03,Rajahmundry,Andhra Pradesh,CUST00960,Swathi Chowdary,Wholesale,P006,Business Laptop i5,Laptop,1,48058.09,0.05,0.8,Net Banking
TXNF49EF889C5,2024-07-12,BR03,Rajahmundry,Andhra Pradesh,CUST01359,Srinivas Murthy,Retail,P008,Ultrabook Thin & Light,Laptop,1,78228.9,0.15,0.79,Cash
TXN6C8011E2F5,2023-12-15,BR03,Rajahmundry,Andhra Pradesh,CUST01273,Manoj Murthy,Retail,P002,Mid-range Smartphone 5G,Mobile,1,16689.51,0.05,0.78,Debit Card
TXNB4EC0502F9,2023-10-24,BR03,Rajahmundry,Andhra Pradesh,CUST00824,Divya Sarma,Retail,P020,Home Theatre System,Electronics,1,19201.51,0.25,0.6,UPI
TXNF56A412BEE,2023-03-05,BR03,Rajahmundry,Andhra Pradesh,CUST00703,Lakshmi Reddy,Retail,P013,Power Bank,Accessories,1,900.74,0.05,0.48,Debit Card
TXN4CEDCC8FD9,2024-11-26,BR03,Rajahmundry,Andhra Pradesh,CUST01626,Naveen Devi,Retail,P012,Mobile Charger,Accessories,1,444.96,0.05,0.42,Credit Card
TXN041251F56F,2023-08-18,BR03,Rajahmundry,Andhra Pradesh,CUST00915,Aishwarya Devi,Retail,P012,Mobile Charger,Accessories,3,333.17,0.05,0.42,Debit Card
TXNB498B7E75B,2024-08-11,BR03,Rajahmundry,Andhra Pradesh,CUST01010,Srinivas Prasad,Retail,P009,Laptop Bag,Accessories,1,782.53,0.0,0.45,Credit Card
TXND9836E904E,2023-12-03,BR03,Rajahmundry,Andhra Pradesh,CUST01397,Ajay Varma,Retail,P021,Smart Watch,Electronics,1,9136.36,0.0,0.55,Debit Card
TXN02BCB23EAA,2023-06-04,BR03,Rajahmundry,Andhra Pradesh,CUST01416,Sandeep Prasad,Retail,P011,Bluetooth Speaker,Accessories,2,3590.33,0.0,0.5,UPI
TXN87D7D18CD2,2023-07-23,BR03,Rajahmundry,Andhra Pradesh,CUST00382,Sandeep Sharma,Retail,P011,Bluetooth Speaker,Accessories,3,4272.14,0.0,0.5,Credit Card
TXN4F494A199C,2023-10-06,BR03,Rajahmundry,Andhra Pradesh,CUST01742,Deepika Rao,Retail,P007,Gaming Laptop i7,Laptop,1,117336.46,0.2,0.78,UPI
TXN827CBA192C,2024-07-28,BR03,Rajahmundry,Andhra Pradesh,CUST01784,Manoj Rao,Retail,P021,Smart Watch,Electronics,2,10216.17,0.0,0.55,Debit Card
TXN4A6EF7065E,2023-07-22,BR03,Rajahmundry,Andhra Pradesh,CUST01122,Aishwarya Devi,Retail,P002,Mid-range Smartphone 5G,Mobile,2,17191.98,0.0,0.78,Net Banking
TXN4BAD41BBF2,2024-06-20,BR03,Rajahmundry,Andhra Pradesh,CUST00296,Praveen Murthy,Retail,P012,Mobile Charger,Accessories,1,781.78,0.1,0.42,UPI
TXN99DCFAA5B5,2023-04-15,BR03,Rajahmundry,Andhra Pradesh,CUST01939,Lakshmi Rao,Retail,P010,Wireless Mouse,Accessories,2,661.29,0.0,0.4,Debit Card
TXN62331F6EFC,2023-09-29,BR03,Rajahmundry,Andhra Pradesh,CUST01929,Srinivas Kumar,Retail,P003,Flagship Smartphone,Mobile,1,82323.1,0.05,0.75,UPI
TXNEFB502A867,2024-02-17,BR03,Rajahmundry,Andhra Pradesh,CUST01103,Lakshmi Chowdary,Retail,P003,Flagship Smartphone,Mobile,1,54219.27,0.1,0.75,UPI
TXN5FC9ADA6C8,2024-10-21,BR03,Rajahmundry,Andhra Pradesh,CUST01593,Meena Babu,Retail,P008,Ultrabook Thin & Light,Laptop,1,90105.62,0.05,0.79,Credit Card
TXN39A294D6E3,2024-11-09,BR03,Rajahmundry,Andhra Pradesh,CUST00565,Harika Devi,Retail,P004,Wireless Earbuds,Mobile,1,5581.76,0.15,0.55,Credit Card
TXNE318F32847,2024-02-10,BR03,Rajahmundry,Andhra Pradesh,CUST01730,Srinivas Reddy,Retail,P012,Mobile Charger,Accessories,1,1012.75,0.0,0.42,Credit Card
TXN8237AFC0FF,2023-11-08,BR03,Rajahmundry,Andhra Pradesh,CUST01056,Vikram Chowdary,Retail,P009,Laptop Bag,Accessories,2,1034.3,0.2,0.45,Debit Card
TXN6046411E33,2024-01-27,BR03,Rajahmundry,Andhra Pradesh,CUST01020,Naveen Reddy,Retail,P019,LED TV 55-inch,Electronics,1,58162.01,0.15,0.79,Debit Card
TXNFC51E85C61,2024-10-21,BR03,Rajahmundry,Andhra Pradesh,CUST00459,Swathi Prasad,Wholesale,P001,Budget Smartphone 4G,Mobile,4,8003.13,0.25,0.8,Debit Card
TXN94F8B6E6C1,2024-05-04,BR03,Rajahmundry,Andhra Pradesh,CUST00808,Kavya Kumar,Retail,P009,Laptop Bag,Accessories,1,1403.4,0.15,0.45,Debit Card
TXN0E89EE83AC,2023-08-26,BR03,Rajahmundry,Andhra Pradesh,CUST00828,Priya Rao,Corporate,P019,LED TV 55-inch,Electronics,1,58630.59,0.05,0.79,Debit Card
TXNF752BB7EB5,2024-02-03,BR03,Rajahmundry,Andhra Pradesh,CUST01044,Vikram Chowdary,Corporate,P001,Budget Smartphone 4G,Mobile,1,13129.01,0.15,0.8,UPI
TXN04796572DE,2024-06-10,BR03,Rajahmundry,Andhra Pradesh,CUST00648,Pooja Prasad,Wholesale,P012,Mobile Charger,Accessories,1,1504.74,0.05,0.42,UPI
TXN71D5AEDD70,2023-10-10,BR03,Rajahmundry,Andhra Pradesh,CUST00040,Priya Rao,Retail,P003,Flagship Smartphone,Mobile,1,58863.36,0.2,0.75,Net Banking
TXN4CC2EEB2BE,2024-03-16,BR03,Rajahmundry,Andhra Pradesh,CUST00446,Deepika Devi,Retail,P011,Bluetooth Speaker,Accessories,2,3526.48,0.0,0.5,Credit Card
TXN14617E2F49,2024-03-18,BR03,Rajahmundry,Andhra Pradesh,CUST01757,Priya Murthy,Retail,P018,LED TV 43-inch,Electronics,1,28957.02,0.15,0.8,Credit Card
TXNEB62C90F3C,2024-11-08,BR03,Rajahmundry,Andhra Pradesh,CUST01141,Praveen Babu,Retail,P004,Wireless Earbuds,Mobile,2,4279.76,0.2,0.55,Credit Card
TXN68EFDAF980,2024-01-19,BR03,Rajahmundry,Andhra Pradesh,CUST01982,Arjun Sharma,Wholesale,P013,Power Bank,Accessories,3,1461.29,0.15,0.48,Debit Card
TXN344E3190D6,2023-08-22,BR03,Rajahmundry,Andhra Pradesh,CUST00068,Sandeep Devi,Retail,P003,Flagship Smartphone,Mobile,1,71666.04,0.0,0.75,UPI
TXNC963E39ED2,2023-07-06,BR03,Rajahmundry,Andhra Pradesh,CUST01322,Ajay Reddy,Retail,P010,Wireless Mouse,Accessories,3,1271.4,0.0,0.4,UPI
TXNBD2CECC5A5,2023-04-02,BR03,Rajahmundry,Andhra Pradesh,CUST01348,Divya Naidu,Retail,P011,Bluetooth Speaker,Accessories,1,3553.32,0.1,0.5,Debit Card
TXN1AC32029D9,2023-08-02,BR03,Rajahmundry,Andhra Pradesh,CUST00485,Praveen Reddy,Retail,P006,Business Laptop i5,Laptop,1,51592.46,0.15,0.8,UPI
TXN53977E3C9F,2024-06-02,BR03,Rajahmundry,Andhra Pradesh,CUST00805,Ajay Naidu,Retail,P003,Flagship Smartphone,Mobile,1,86296.2,0.15,0.75,UPI
TXN358CBEEE21,2023-09-26,BR03,Rajahmundry,Andhra Pradesh,CUST01246,Anitha Kumar,Retail,P012,Mobile Charger,Accessories,3,1063.82,0.05,0.42,Credit Card
TXNB52483891A,2024-12-15,BR03,Rajahmundry,Andhra Pradesh,CUST01041,Divya Kumar,Retail,P010,Wireless Mouse,Accessories,1,922.99,0.05,0.4,UPI
TXN5DACE1E7BA,2024-09-11,BR03,rajahmundry  ,Andhra Pradesh,CUST00839,Harika Devi,Retail,P011,Bluetooth Speaker,Accessories,1,1997.22,0.1,0.5,Net Banking
TXN669B30C38F,2023-05-26,BR03,Rajahmundry,Andhra Pradesh,CUST00886,Manoj Varma,Retail,P007,Gaming Laptop i7,Laptop,1,115267.79,0.05,0.78,UPI
TXNC98176E8D5,2024-03-01,BR03,Rajahmundry,Andhra Pradesh,CUST00425,Deepika Sharma,Retail,P011,Bluetooth Speaker,Accessories,1,2244.29,0.05,0.5,Debit Card
TXN3C740002DB,2023-01-20,BR03,Rajahmundry,Andhra Pradesh,CUST00660,Ajay Rao,Retail,P006,Business Laptop i5,Laptop,1,43710.93,0.1,0.8,Cash
TXNF82D3A0018,2023-04-07,BR03,Rajahmundry,Andhra Pradesh,CUST00958,Suresh Murthy,Retail,P013,Power Bank,Accessories,1,2472.96,0.0,0.48,UPI
TXN2F5B75DC4E,2023-01-12,BR03,Rajahmundry,Andhra Pradesh,CUST01975,Divya Murthy,Retail,P002,Mid-range Smartphone 5G,Mobile,1,21685.1,0.15,0.78,UPI
TXN666E7B0873,2023-01-11,BR03,Rajahmundry,Andhra Pradesh,CUST01631,Sandeep Murthy,Retail,P019,LED TV 55-inch,Electronics,1,54474.39,0.15,0.79,Debit Card
TXN0914EC5754,2023-07-31,BR03,Rajahmundry,Andhra Pradesh,CUST01321,Kavya Naidu,Retail,P003,Flagship Smartphone,Mobile,1,77578.67,0.0,0.75,Cash
TXN23A90C7853,2024-07-31,BR03,Rajahmundry,Andhra Pradesh,CUST00783,Naveen Prasad,Retail,P013,Power Bank,Accessories,1,1018.81,0.0,0.48,UPI
TXNC1DB7A21B6,2023-11-28,BR03,Rajahmundry,Andhra Pradesh,CUST01481,Sandeep Prasad,Wholesale,P002,Mid-range Smartphone 5G,Mobile,1,27597.59,0.0,0.78,UPI
TXN4C379103B6,2024-06-24,BR03,Rajahmundry,Andhra Pradesh,CUST00437,Anitha Rao,Retail,P005,Entry Laptop i3,Laptop,1,29596.0,0.0,0.82,Debit Card
TXNFB78F6880E,2023-04-09,BR03,Rajahmundry,Andhra Pradesh,CUST01016,Anitha Devi,Retail,P012,Mobile Charger,Accessories,4,1197.29,0.0,0.42,Debit Card
TXN94454A9603,2024-01-17,BR03,Rajahmundry,Andhra Pradesh,CUST01263,Anitha Sarma,Corporate,P002,Mid-range Smartphone 5G,Mobile,1,26034.66,0.05,0.78,UPI
TXN54065232A7,2024-12-12,BR03,Rajahmundry,Andhra Pradesh,CUST01350,Sneha Kumar,Retail,P004,Wireless Earbuds,Mobile,1,2845.89,0.0,0.55,Cash
TXN4F167BB3C5,2024-03-22,BR03,Rajahmundry,Andhra Pradesh,CUST01561,Lakshmi Murthy,Wholesale,P009,Laptop Bag,Accessories,1,1963.58,0.1,0.45,Credit Card
TXN72E130CC08,2023-09-30,BR03,Rajahmundry,Andhra Pradesh,CUST00513,Pooja Rao,Retail,P020,Home Theatre System,Electronics,4,5654.73,0.05,0.6,UPI
TXNEE5FE83AB2,2024-10-11,BR03,Rajahmundry,Andhra Pradesh,CUST01674,Kavya Sharma,Retail,P010,Wireless Mouse,Accessories,1,862.48,0.0,0.4,UPI
TXN2551105455,2023-08-01,BR03,Rajahmundry,Andhra Pradesh,CUST01705,Suresh Varma,Retail,P015,Refrigerator 300L,Home Appliances,1,30883.25,0.05,0.82,Debit Card
TXN12B99BFDAC,2023-11-23,BR03,Rajahmundry,Andhra Pradesh,CUST00615,Manoj Babu,Retail,P021,Smart Watch,Electronics,1,2569.89,0.1,0.55,Cash
TXNEFE75EA85E,2023-01-15,BR03,Rajahmundry,Andhra Pradesh,CUST01696,Sandeep Kumar,Retail,P003,Flagship Smartphone,Mobile,1,64899.52,0.15,0.75,UPI
TXN2AF243AAA2,2024-09-24,BR03,Rajahmundry,Andhra Pradesh,CUST01714,Srinivas Babu,Retail,P009,Laptop Bag,Accessories,2,1703.52,0.15,0.45,UPI
TXND0703043F3,2023-06-13,BR03,Rajahmundry,Andhra Pradesh,CUST01149,Pooja Devi,Retail,P012,Mobile Charger,Accessories,2,1433.62,0.1,0.42,UPI
TXNEACF1D1871,2023-07-24,BR03,Rajahmundry,Andhra Pradesh,CUST00585,Sneha Prasad,Wholesale,P019,LED TV 55-inch,Electronics,1,51188.45,0.1,0.79,Net Banking
TXNF1B421B5BF,2023-10-05,BR03,Rajahmundry,Andhra Pradesh,CUST01039,Meena Sarma,Corporate,P005,Entry Laptop i3,Laptop,1,36860.88,0.25,0.82,Cash
TXN60D6B33664,2024-12-11,BR03,Rajahmundry,Andhra Pradesh,CUST00899,Meena Babu,Corporate,P020,Home Theatre System,Electronics,2,9803.19,0.15,0.6,UPI
TXNAC08A5504F,2023-11-09,BR03,Rajahmundry,Andhra Pradesh,CUST01073,Manoj Varma,Wholesale,P006,Business Laptop i5,Laptop,1,57646.26,0.15,0.8,Cash
TXNF385E9B7DD,2023-01-13,BR03,Rajahmundry,Andhra Pradesh,CUST00504,Ajay Varma,Retail,P018,LED TV 43-inch,Electronics,1,32662.99,0.1,0.8,UPI
TXNA7D4BDE938,2023-10-17,BR03,Rajahmundry,Andhra Pradesh,CUST01110,Ravi Murthy,Retail,P016,Washing Machine,Home Appliances,1,24908.14,0.15,0.8,Net Banking
TXNCCCA695609,2024-05-02,BR03,Rajahmundry,Andhra Pradesh,CUST01845,Anitha Reddy,Retail,P015,Refrigerator 300L,Home Appliances,1,40950.34,0.15,0.82,Cash
TXNDC5027F54F,2024-04-27,BR03,Rajahmundry,Andhra Pradesh,CUST01944,Naveen Babu,Retail,P001,Budget Smartphone 4G,Mobile,4,10140.54,0.1,0.8,Cash
TXNEC9B9C0914,2023-02-05,BR03,Rajahmundry,Andhra Pradesh,CUST01942,Vikram Rao,Retail,P011,Bluetooth Speaker,Accessories,3,3201.71,0.0,0.5,Debit Card
TXNCAC5A7B710,2024-11-08,BR03,Rajahmundry,Andhra Pradesh,CUST01204,Deepika Naidu,Wholesale,P002,Mid-range Smartphone 5G,Mobile,1,24873.27,0.1,0.78,UPI
TXN9605C5D5AD,2023-04-02,BR03,Rajahmundry,Andhra Pradesh,CUST01615,Ramesh Babu,Retail,P008,Ultrabook Thin & Light,Laptop,1,68330.39,0.15,0.79,Credit Card
TXNE855B803A1,2024-12-18,BR03,Rajahmundry,Andhra Pradesh,CUST01878,Praveen Varma,Retail,P012,Mobile Charger,Accessories,1,1540.52,0.1,0.42,Debit Card
TXND56E2046E7,2024-11-28,BR03,Rajahmundry,Andhra Pradesh,CUST00856,Sandeep Sarma,Corporate,P020,Home Theatre System,Electronics,1,8155.77,0.15,0.6,UPI
TXNB05D361EE1,2023-07-23,BR03,Rajahmundry,Andhra Pradesh,CUST01687,Pooja Prasad,Wholesale,P016,Washing Machine,Home Appliances,1,27775.88,0.05,0.8,Net Banking
TXNEBDFE04D34,2023-02-21,BR03,Rajahmundry,Andhra Pradesh,CUST00321,Ramesh Chowdary,Retail,P017,Microwave Oven,Home Appliances,1,6284.78,0.0,0.75,Cash
TXNCAE773C1EF,2023-10-10,BR03,Rajahmundry,Andhra Pradesh,CUST01680,Praveen Sharma,Retail,P020,Home Theatre System,Electronics,4,9534.59,0.1,0.6,UPI
TXN4764D17873,2023-12-09,BR03,Rajahmundry,Andhra Pradesh,CUST00920,Suresh Babu,Corporate,P014,Split AC 1.5 Ton,Home Appliances,1,33381.62,0.05,0.83,UPI
TXNC426E8A2A8,2024-03-30,BR03,Rajahmundry,Andhra Pradesh,CUST01264,Praveen Prasad,Retail,P008,Ultrabook Thin & Light,Laptop,1,68052.83,0.0,0.79,Credit Card
TXN7DF15BC166,2023-03-30,BR03,Rajahmundry,Andhra Pradesh,CUST00104,Manoj Naidu,Retail,P002,Mid-range Smartphone 5G,Mobile,2,19695.75,0.1,0.78,UPI
TXN833CC6C5E3,2023-03-11,BR03,Rajahmundry,Andhra Pradesh,CUST01502,Naveen Varma,Retail,P018,LED TV 43-inch,Electronics,1,34885.31,0.05,0.8,Credit Card
TXN789F4CD431,2024-10-06,BR03,Rajahmundry,Andhra Pradesh,CUST00604,Sneha Murthy,Retail,P013,Power Bank,Accessories,1,2021.84,0.2,0.48,Net Banking
TXN92E0ACCF64,2024-10-08,BR03,Rajahmundry,Andhra Pradesh,CUST01134,Praveen Sarma,Retail,P007,Gaming Laptop i7,Laptop,1,119134.29,0.25,0.78,UPI
TXND05E3E7D3B,2023-09-09,BR03,Rajahmundry,Andhra Pradesh,CUST01537,Swathi Murthy,Corporate,P013,Power Bank,Accessories,4,1032.85,0.0,0.48,UPI
TXN7ADEFB6533,2024-08-07,BR03,Rajahmundry,Andhra Pradesh,CUST00192,Srinivas Prasad,Retail,P013,Power Bank,Accessories,3,2105.86,0.1,0.48,Cash
TXNDFCDD95EE6,2023-12-10,BR03,Rajahmundry,Andhra Pradesh,CUST01990,Priya Sarma,Wholesale,P004,Wireless Earbuds,Mobile,3,5296.92,0.15,0.55,Credit Card
TXNDAD6002C27,2023-03-02,BR03,Rajahmundry,Andhra Pradesh,CUST01404,Manoj Babu,Retail,P012,Mobile Charger,Accessories,1,1047.37,0.15,0.42,Debit Card
TXN5A8C8ACA77,2024-05-12,BR03,Rajahmundry,Andhra Pradesh,CUST01290,Arjun Rao,Retail,P004,Wireless Earbuds,Mobile,1,3677.6,0.1,0.55,UPI
TXN09FA824981,2024-01-06,BR03,Rajahmundry,Andhra Pradesh,CUST00216,Naveen Naidu,Wholesale,P021,Smart Watch,Electronics,1,5266.27,0.0,0.55,Credit Card
TXN7E096D4DBB,2024-06-05,BR03,Rajahmundry,Andhra Pradesh,CUST01043,Pooja Reddy,Retail,P004,Wireless Earbuds,Mobile,1,3537.24,0.1,0.55,Credit Card
TXN1706D4E3AF,2023-03-21,BR03,Rajahmundry,Andhra Pradesh,CUST01338,Sandeep Rao,Wholesale,P021,Smart Watch,Electronics,3,4310.89,0.15,0.55,UPI
TXN6D935C204B,2023-09-23,BR03,Rajahmundry,Andhra Pradesh,CUST00797,Kiran Prasad,Retail,P002,Mid-range Smartphone 5G,Mobile,1,21620.75,0.15,0.78,UPI
TXN1EDA117F98,2023-10-11,BR03,Rajahmundry,Andhra Pradesh,CUST00531,Pooja Devi,Retail,P012,Mobile Charger,Accessories,1,708.98,0.2,0.42,Credit Card
TXNF896A075D9,2023-11-24,BR03,Rajahmundry,Andhra Pradesh,CUST01341,Sandeep Murthy,Retail,P013,Power Bank,Accessories,1,2327.15,0.05,0.48,Cash
TXNC167305057,2024-11-04,BR03,Rajahmundry,Andhra Pradesh,CUST00837,Harika Varma,Wholesale,P020,Home Theatre System,Electronics,3,12389.46,0.25,0.6,UPI
TXNA5ECCCBFC1,2024-05-28,BR03,Rajahmundry,Andhra Pradesh,CUST01898,Lakshmi Sarma,Retail,P001,Budget Smartphone 4G,Mobile,2,9244.25,0.0,0.8,UPI
TXNF74CD267C0,2023-06-18,BR03,Rajahmundry,Andhra Pradesh,CUST01991,Naveen Rao,Wholesale,P002,Mid-range Smartphone 5G,Mobile,1,16806.24,0.0,0.78,Net Banking
TXND291A701B4,2023-06-23,BR03,Rajahmundry,Andhra Pradesh,CUST01881,Arjun Chowdary,Retail,P004,Wireless Earbuds,Mobile,3,5646.12,0.05,0.55,Credit Card
TXNBE0361702D,2023-11-22,BR03,Rajahmundry,Andhra Pradesh,CUST01586,,Retail,P009,Laptop Bag,Accessories,2,1281.51,0.1,0.45,UPI
TXNFAE2CDDB82,2024-11-22,BR03,Rajahmundry,Andhra Pradesh,CUST01552,Deepika Sarma,Wholesale,P017,Microwave Oven,Home Appliances,1,11854.44,0.25,0.75,UPI
TXN9E78099266,2024-06-30,BR03,Rajahmundry,Andhra Pradesh,CUST00343,Kavya Sharma,Retail,P010,Wireless Mouse,Accessories,1,733.09,0.1,0.4,Credit Card
TXN2E15691499,2024-12-29,BR03,Rajahmundry,Andhra Pradesh,CUST01490,Sandeep Varma,Corporate,P018,LED TV 43-inch,Electronics,1,29412.59,0.0,0.8,Debit Card
TXNE2B1959BCB,2024-09-10,BR03,Rajahmundry,Andhra Pradesh,CUST00288,Vikram Babu,Retail,P002,Mid-range Smartphone 5G,Mobile,1,16318.44,0.1,0.78,Net Banking
TXNBFE11FFE41,2023-04-21,BR03,Rajahmundry,Andhra Pradesh,CUST01815,Harika Naidu,Wholesale,P021,Smart Watch,Electronics,2,7161.85,0.0,0.55,UPI
TXN182B9FF4D0,2024-09-02,BR03,Rajahmundry,Andhra Pradesh,CUST00609,Kavya Reddy,Retail,P011,Bluetooth Speaker,Accessories,1,4892.52,0.15,0.5,UPI
TXN46AB93B315,2023-02-11,BR03,Rajahmundry,Andhra Pradesh,CUST00039,Kiran Devi,Retail,P018,LED TV 43-inch,Electronics,1,32289.99,0.1,0.8,Cash
TXND39836BF49,2024-08-31,BR03,Rajahmundry,Andhra Pradesh,CUST01698,Kiran Murthy,Retail,P021,Smart Watch,Electronics,2,8678.88,0.0,0.55,UPI
TXND0CCF86277,2024-05-02,BR03,rajahmundry  ,Andhra Pradesh,CUST00435,Aishwarya Reddy,Retail,P011,Bluetooth Speaker,Accessories,4,3830.58,0.0,0.5,Debit Card
TXNFBD46AF799,2024-02-04,BR03,Rajahmundry,Andhra Pradesh,CUST01876,Praveen Chowdary,Wholesale,P002,Mid-range Smartphone 5G,Mobile,1,16885.18,0.0,0.78,Debit Card
TXN656D403C49,2023-12-04,BR03,Rajahmundry,Andhra Pradesh,CUST01627,Praveen Kumar,Retail,P007,Gaming Laptop i7,Laptop,1,120706.06,0.1,0.78,Debit Card
TXN6E0FA257A1,2024-11-04,BR03,Rajahmundry,Andhra Pradesh,CUST01361,Sneha Reddy,Retail,P012,Mobile Charger,Accessories,1,1601.12,0.05,0.42,Credit Card
TXNE6D8E39C98,2023-10-06,BR03,Rajahmundry,Andhra Pradesh,CUST00656,Kavya Varma,Retail,P011,Bluetooth Speaker,Accessories,1,1454.23,0.0,0.5,Debit Card
TXN90A7E15AB7,2024-10-21,BR03,Rajahmundry,Andhra Pradesh,CUST00241,Praveen Naidu,Retail,P011,Bluetooth Speaker,Accessories,3,2451.06,0.25,0.5,UPI
TXN26B71FB02F,2024-02-10,BR03,Rajahmundry,Andhra Pradesh,CUST00230,Vikram Rao,Retail,P003,Flagship Smartphone,Mobile,1,87274.76,0.0,0.75,Cash
TXNC6DEFFA770,2024-05-04,BR03,Rajahmundry,Andhra Pradesh,CUST01888,Divya Naidu,Retail,P004,Wireless Earbuds,Mobile,1,4930.18,0.1,0.55,UPI
TXN238DE7CDBC,2024-12-07,BR03,Rajahmundry,Andhra Pradesh,CUST01900,Priya Varma,Retail,P011,Bluetooth Speaker,Accessories,1,2045.5,0.15,0.5,UPI
TXN2F436B6ED9,2024-02-18,BR03,Rajahmundry,Andhra Pradesh,CUST00763,Naveen Sharma,Corporate,P020,Home Theatre System,Electronics,1,8167.87,0.1,0.6,UPI
TXNB5A5A9ED52,2023-11-21,BR03,Rajahmundry,Andhra Pradesh,CUST01929,Srinivas Kumar,Retail,P012,Mobile Charger,Accessories,4,1722.14,0.2,0.42,UPI
TXN39CFE2D0E3,2024-08-15,BR03,Rajahmundry,Andhra Pradesh,CUST01961,Sandeep Sharma,Retail,P005,Entry Laptop i3,Laptop,1,31330.93,0.15,0.82,UPI
TXN02684200B9,2024-03-31,BR03,Rajahmundry,Andhra Pradesh,CUST01359,Srinivas Murthy,Retail,P020,Home Theatre System,Electronics,2,16286.17,0.1,0.6,Cash
TXN09BE395729,2024-01-23,BR03,Rajahmundry,Andhra Pradesh,CUST00629,Srinivas Naidu,Wholesale,P019,LED TV 55-inch,Electronics,1,52930.33,0.0,0.79,Debit Card
TXNC6AE374C1A,2024-05-30,BR03,Rajahmundry,Andhra Pradesh,CUST01357,Srinivas Kumar,Retail,P011,Bluetooth Speaker,Accessories,1,1446.68,0.0,0.5,Debit Card
TXNCA48042CA1,2023-03-26,BR03,rajahmundry  ,Andhra Pradesh,CUST00176,Suresh Prasad,Retail,P007,Gaming Laptop i7,Laptop,1,119753.95,0.0,0.78,Cash
TXN04C0483503,2023-05-14,BR03,Rajahmundry,Andhra Pradesh,CUST01675,Kavya Varma,Retail,P004,Wireless Earbuds,Mobile,1,5753.27,0.15,0.55,UPI
TXND0330F212C,2023-10-26,BR03,Rajahmundry,Andhra Pradesh,CUST01008,Harika Kumar,Retail,P021,Smart Watch,Electronics,2,11795.3,0.15,0.55,Net Banking
TXN4835A58130,2023-11-10,BR03,Rajahmundry,Andhra Pradesh,CUST00174,Vikram Kumar,Retail,P010,Wireless Mouse,Accessories,2,877.45,0.2,0.4,Cash
TXNF8E7A9B011,2024-07-24,BR03,Rajahmundry,Andhra Pradesh,CUST00138,Sneha Naidu,Retail,P002,Mid-range Smartphone 5G,Mobile,1,23146.72,0.15,0.78,UPI
TXNE4C0FD6D05,2024-05-19,BR03,Rajahmundry,Andhra Pradesh,CUST01023,Vikram Naidu,Wholesale,P012,Mobile Charger,Accessories,2,684.77,0.15,0.42,UPI
TXN0E2570B226,2023-09-02,BR03,Rajahmundry,Andhra Pradesh,CUST00221,Ravi Varma,Retail,P019,LED TV 55-inch,Electronics,1,54080.25,0.1,0.79,UPI
TXNE5E7A57EB9,2023-01-27,BR03,Rajahmundry,Andhra Pradesh,CUST00216,Naveen Naidu,Wholesale,P018,LED TV 43-inch,Electronics,1,27137.21,0.05,0.8,Cash
TXN9F4C43D554,2024-10-30,BR03,Rajahmundry,Andhra Pradesh,CUST01701,Arjun Kumar,Retail,P004,Wireless Earbuds,Mobile,1,2956.64,0.05,0.55,Cash
TXNA72BD28085,2024-05-26,BR03,Rajahmundry,Andhra Pradesh,CUST01531,Meena Chowdary,Wholesale,P002,Mid-range Smartphone 5G,Mobile,1,21789.19,0.0,0.78,Cash
TXN8F9D4058D4,2023-01-27,BR03,Rajahmundry,Andhra Pradesh,CUST01991,Naveen Rao,Wholesale,P019,LED TV 55-inch,Electronics,1,40793.42,0.15,0.79,Net Banking
TXN35158938D3,2024-07-18,BR03,Rajahmundry,Andhra Pradesh,CUST00285,Divya Murthy,Corporate,P004,Wireless Earbuds,Mobile,2,2271.04,0.0,0.55,Credit Card
TXN6DEB0B9663,2024-05-14,BR03,Rajahmundry,Andhra Pradesh,CUST00285,Divya Murthy,Corporate,P018,LED TV 43-inch,Electronics,1,23230.16,0.0,0.8,UPI
TXNBB5FB2DDCD,2023-12-03,BR03,Rajahmundry,Andhra Pradesh,CUST00719,Pooja Devi,Retail,P018,LED TV 43-inch,Electronics,1,34653.1,0.0,0.8,Debit Card
TXNDD7E45D034,2024-02-17,BR03,Rajahmundry,Andhra Pradesh,CUST00136,Harika Sharma,Wholesale,P016,Washing Machine,Home Appliances,1,26095.06,0.05,0.8,UPI
TXN4A2EA959F8,2023-12-07,BR03,Rajahmundry,Andhra Pradesh,CUST00653,Meena Rao,Retail,P011,Bluetooth Speaker,Accessories,1,2886.59,0.05,0.5,Debit Card
TXN28B49EFF2B,2023-03-05,BR03,Rajahmundry,Andhra Pradesh,CUST01827,Arjun Sharma,Retail,P001,Budget Smartphone 4G,Mobile,2,12972.47,0.1,0.8,Cash
TXNB1ACC9BB39,2024-10-20,BR03,Rajahmundry,Andhra Pradesh,CUST00525,Sandeep Murthy,Retail,P013,Power Bank,Accessories,1,1733.87,0.0,0.48,UPI
TXN8D2947BEC4,2023-09-29,BR03,Rajahmundry,Andhra Pradesh,CUST00675,Meena Babu,Retail,P008,Ultrabook Thin & Light,Laptop,1,81450.75,0.1,0.79,Cash
TXN3598209E5A,2023-11-28,BR03,Rajahmundry,Andhra Pradesh,CUST00834,Deepika Devi,Retail,P019,LED TV 55-inch,Electronics,1,41242.81,0.25,0.79,UPI
TXNA82A7DDD36,2024-07-27,BR03,Rajahmundry,Andhra Pradesh,CUST01976,Kiran Naidu,Retail,P001,Budget Smartphone 4G,Mobile,2,13960.56,0.15,0.8,UPI
TXN2F6D813DF6,2024-09-22,BR03,Rajahmundry,Andhra Pradesh,CUST00027,Naveen Naidu,Corporate,P017,Microwave Oven,Home Appliances,1,9509.88,0.05,0.75,Cash
TXNE781AAB3CE,2023-04-20,BR03,Rajahmundry,Andhra Pradesh,CUST01099,Ajay Rao,Retail,P001,Budget Smartphone 4G,Mobile,4,10532.23,0.1,0.8,UPI
TXNECDC866F69,2023-03-12,BR03,Rajahmundry,Andhra Pradesh,CUST00722,Aishwarya Babu,Retail,P011,Bluetooth Speaker,Accessories,1,4367.56,0.05,0.5,Cash
TXNDD42B1FB49,2023-02-11,BR03,Rajahmundry,Andhra Pradesh,CUST00312,Sandeep Chowdary,Retail,P021,Smart Watch,Electronics,2,6511.03,0.15,0.55,UPI
TXN74AF4E95E3,2024-10-23,BR03,Rajahmundry,Andhra Pradesh,CUST01762,Pooja Babu,Retail,P007,Gaming Laptop i7,Laptop,1,98408.77,0.0,0.78,UPI
TXN45E259B507,2024-07-14,BR03,Rajahmundry,Andhra Pradesh,CUST01448,Kiran Varma,Retail,P003,Flagship Smartphone,Mobile,1,62143.69,0.0,0.75,Net Banking
TXN271E35DCC5,2024-04-28,BR03,Rajahmundry,Andhra Pradesh,CUST00143,Vikram Chowdary,Retail,P013,Power Bank,Accessories,2,1087.87,0.05,0.48,Cash
TXNF967391F51,2023-04-09,BR03,Rajahmundry,Andhra Pradesh,CUST00277,Kavya Rao,Wholesale,P011,Bluetooth Speaker,Accessories,4,3063.5,0.1,0.5,Debit Card
TXNCD1170E8AA,2024-06-30,BR03,Rajahmundry,Andhra Pradesh,CUST01742,Deepika Rao,Retail,P005,Entry Laptop i3,Laptop,1,35459.53,0.1,0.82,Credit Card
TXN4479B99D53,2023-11-27,BR03,Rajahmundry,Andhra Pradesh,CUST00992,Ajay Chowdary,Retail,P012,Mobile Charger,Accessories,1,805.01,0.25,0.42,Cash
TXNA994ED500C,2023-07-11,BR03,Rajahmundry,Andhra Pradesh,CUST01609,Praveen Rao,Retail,P010,Wireless Mouse,Accessories,2,1190.2,0.05,0.4,Net Banking
TXNCDB9EEA41C,2024-04-05,BR03,Rajahmundry,Andhra Pradesh,CUST01776,Ramesh Babu,Retail,P010,Wireless Mouse,Accessories,2,1014.25,0.0,0.4,Cash
TXN0828FA2B0E,2023-11-11,BR03,Rajahmundry,Andhra Pradesh,CUST01414,Priya Kumar,Retail,P003,Flagship Smartphone,Mobile,1,82901.76,0.15,0.75,UPI
TXNAAA51EA623,2023-10-18,BR03,Rajahmundry,Andhra Pradesh,CUST01693,Lakshmi Babu,Retail,P007,Gaming Laptop i7,Laptop,1,97283.82,0.2,0.78,Net Banking
TXN2E7FAE9005,2023-11-09,BR03,Rajahmundry,Andhra Pradesh,CUST00185,Ramesh Babu,Retail,P011,Bluetooth Speaker,Accessories,1,4609.98,0.2,0.5,UPI
TXN3D2AC201C5,2023-10-31,BR03,Rajahmundry,Andhra Pradesh,CUST00888,Sneha Sarma,Retail,P018,LED TV 43-inch,Electronics,1,26454.89,0.2,0.8,UPI
TXNF8C09D156C,2023-11-14,BR03,Rajahmundry,Andhra Pradesh,CUST00006,Sneha Devi,Retail,P013,Power Bank,Accessories,2,2204.59,0.25,0.48,Debit Card
TXN0A7592B27D,2024-09-28,BR03,Rajahmundry,Andhra Pradesh,CUST01052,Kavya Devi,Retail,P001,Budget Smartphone 4G,Mobile,1,8561.39,0.1,0.8,UPI
TXNFAF1A18B39,2023-05-28,BR03,Rajahmundry,Andhra Pradesh,CUST00117,Lakshmi Sarma,Retail,P019,LED TV 55-inch,Electronics,1,49406.75,0.05,0.79,Cash
TXN7DB71CEFB1,2023-01-31,BR03,Rajahmundry,Andhra Pradesh,CUST01527,Deepika Murthy,Retail,P020,Home Theatre System,Electronics,3,7837.65,0.15,0.6,Credit Card
TXNCBCD2916A3,2024-09-10,BR03,Rajahmundry,Andhra Pradesh,CUST00650,Naveen Sharma,Retail,P010,Wireless Mouse,Accessories,4,1342.6,0.0,0.4,Debit Card
TXN2CE457FC08,2024-11-18,BR03,Rajahmundry,Andhra Pradesh,CUST00524,Praveen Prasad,Retail,P002,Mid-range Smartphone 5G,Mobile,1,22566.85,0.2,0.78,Debit Card
TXNEFB6765682,2024-10-23,BR03,Rajahmundry,Andhra Pradesh,CUST00590,Praveen Sharma,Wholesale,P004,Wireless Earbuds,Mobile,1,5328.7,0.0,0.55,Debit Card
TXNE679D92778,2024-04-16,BR03,Rajahmundry,Andhra Pradesh,CUST01007,Suresh Rao,Wholesale,P013,Power Bank,Accessories,1,2363.25,0.1,0.48,UPI
TXNA0490E7E49,2024-10-24,BR03,Rajahmundry,Andhra Pradesh,CUST00051,Divya Babu,Retail,P018,LED TV 43-inch,Electronics,1,34113.9,0.2,0.8,UPI
TXN7B351D5198,2023-02-26,BR03,Rajahmundry,Andhra Pradesh,CUST01308,Divya Chowdary,Retail,P013,Power Bank,Accessories,1,1497.21,0.05,0.48,UPI
TXN486446AD19,2023-12-23,BR03,Rajahmundry,Andhra Pradesh,CUST00501,Arjun Naidu,Retail,P009,Laptop Bag,Accessories,1,1550.49,0.05,0.45,Credit Card
TXNA8F161B182,2024-08-17,BR03,Rajahmundry,Andhra Pradesh,CUST00687,Manoj Murthy,Retail,P001,Budget Smartphone 4G,Mobile,2,10260.47,0.0,0.8,Credit Card
TXN7AC09D9FCD,2024-05-04,BR03,Rajahmundry,Andhra Pradesh,CUST00958,Suresh Murthy,Retail,P001,Budget Smartphone 4G,Mobile,1,8190.01,0.0,0.8,Debit Card
TXNC5E8BCEA31,2024-08-12,BR03,Rajahmundry,Andhra Pradesh,CUST00970,Lakshmi Kumar,Retail,P010,Wireless Mouse,Accessories,4,300.28,0.05,0.4,UPI
TXN2C5B6C7576,2023-10-17,BR03,Rajahmundry,Andhra Pradesh,CUST00050,Srinivas Rao,Wholesale,P001,Budget Smartphone 4G,Mobile,1,8709.34,0.25,0.8,Credit Card
TXNAF79B2CCED,2023-07-18,BR03,Rajahmundry,Andhra Pradesh,CUST01878,Praveen Varma,Retail,P009,Laptop Bag,Accessories,2,733.65,0.0,0.45,Net Banking
TXN1F6B1EF4BF,2024-02-03,BR03,Rajahmundry,Andhra Pradesh,CUST00506,Harika Reddy,Retail,P013,Power Bank,Accessories,4,1861.95,0.0,0.48,UPI
TXNA9B70DE14F,2024-11-06,BR03,Rajahmundry,Andhra Pradesh,CUST00921,Praveen Reddy,Retail,P010,Wireless Mouse,Accessories,1,311.32,0.05,0.4,UPI
TXNBB678E299B,2024-12-05,BR03,Rajahmundry,Andhra Pradesh,CUST01898,Lakshmi Sarma,Retail,P001,Budget Smartphone 4G,Mobile,4,8039.83,0.15,0.8,Debit Card
TXNA61F393143,2024-06-15,BR03,Rajahmundry,Andhra Pradesh,CUST01047,Ramesh Prasad,Retail,P018,LED TV 43-inch,Electronics,1,31124.72,0.1,0.8,Debit Card
TXN05D5034B9A,2024-10-01,BR03,Rajahmundry,Andhra Pradesh,CUST00974,Kiran Naidu,Retail,P001,Budget Smartphone 4G,Mobile,1,12933.25,0.15,0.8,Debit Card
TXNE01F85AF03,2024-06-16,BR03,Rajahmundry,Andhra Pradesh,CUST01565,Ajay Naidu,Retail,P008,Ultrabook Thin & Light,Laptop,1,76596.28,0.05,0.79,Cash
TXNC84B712184,2023-12-17,BR03,Rajahmundry,Andhra Pradesh,CUST01223,Deepika Chowdary,Retail,P013,Power Bank,Accessories,1,1257.29,0.05,0.48,Debit Card
TXN0393A3C8FC,2023-05-27,BR03,Rajahmundry,Andhra Pradesh,CUST00986,Swathi Babu,Retail,P001,Budget Smartphone 4G,Mobile,1,8701.04,0.0,0.8,UPI
TXNFCF55821DB,2024-10-18,BR03,Rajahmundry,Andhra Pradesh,CUST01469,Manoj Chowdary,Retail,P011,Bluetooth Speaker,Accessories,3,4561.99,0.05,0.5,Debit Card
TXNDC678D9E6A,2024-11-10,BR03,Rajahmundry,Andhra Pradesh,CUST01129,Sandeep Chowdary,Retail,P019,LED TV 55-inch,Electronics,1,41512.72,0.05,0.79,Debit Card
TXNBDBB76D7F1,2024-01-18,BR03,Rajahmundry,Andhra Pradesh,CUST01000,Lakshmi Naidu,Retail,P021,Smart Watch,Electronics,1,4953.83,0.05,0.55,UPI
TXNF7758D10AC,2023-01-02,BR03,Rajahmundry,Andhra Pradesh,CUST00447,Praveen Reddy,Retail,P020,Home Theatre System,Electronics,1,8616.39,0.1,0.6,Cash
TXN606C8FE323,2023-08-06,BR03,Rajahmundry,Andhra Pradesh,CUST01861,Ajay Devi,Retail,P003,Flagship Smartphone,Mobile,1,45270.6,0.05,0.75,Credit Card
TXNE40FF06352,2024-03-30,BR03,Rajahmundry,Andhra Pradesh,CUST00367,Priya Sharma,Wholesale,P006,Business Laptop i5,Laptop,1,58981.28,0.05,0.8,Cash
TXN36FBA57007,2023-10-28,BR03,Rajahmundry,Andhra Pradesh,CUST01160,Lakshmi Varma,Retail,P009,Laptop Bag,Accessories,1,1789.7,0.0,0.45,Debit Card
TXNC25E8C8521,2023-09-16,BR03,Rajahmundry,Andhra Pradesh,CUST00514,Lakshmi Varma,Retail,P003,Flagship Smartphone,Mobile,1,71214.4,0.0,0.75,UPI
TXN26F0371359,2024-10-07,BR03,Rajahmundry,Andhra Pradesh,CUST01904,Harika Reddy,Retail,P012,Mobile Charger,Accessories,1,843.91,0.25,0.42,Net Banking
TXN9EB2E0A054,2023-10-30,BR03,Rajahmundry,Andhra Pradesh,CUST01745,Manoj Devi,Retail,P004,Wireless Earbuds,Mobile,2,3433.22,0.15,0.55,UPI
TXNFF672C60D3,2023-05-11,BR03,Rajahmundry,Andhra Pradesh,CUST00067,Sneha Rao,Retail,P017,Microwave Oven,Home Appliances,4,8670.27,0.05,0.75,UPI
TXN9FDF0398A3,2023-10-14,BR03,Rajahmundry,Andhra Pradesh,CUST00173,Sneha Babu,Retail,P013,Power Bank,Accessories,2,1976.92,0.05,0.48,UPI
TXNC26BA4C2C0,2024-01-21,BR03,Rajahmundry,Andhra Pradesh,CUST01770,Swathi Devi,Retail,P009,Laptop Bag,Accessories,2,1717.6,0.15,0.45,Cash
TXN2F9EFE3085,2024-09-06,BR03,Rajahmundry,Andhra Pradesh,CUST00805,Ajay Naidu,Retail,P010,Wireless Mouse,Accessories,1,846.91,0.1,0.4,Net Banking
TXN547E3B0EC6,2024-09-16,BR03,Rajahmundry,Andhra Pradesh,CUST01675,Kavya Varma,Retail,P013,Power Bank,Accessories,2,1806.04,0.0,0.48,UPI
TXNCE45FBD0FD,2023-12-12,BR03,Rajahmundry,Andhra Pradesh,CUST01447,Meena Naidu,Retail,P004,Wireless Earbuds,Mobile,3,4538.44,0.15,0.55,Debit Card
TXN7AED553C4B,2023-03-19,BR03,Rajahmundry,Andhra Pradesh,CUST00917,Suresh Sharma,Corporate,P007,Gaming Laptop i7,Laptop,1,113061.76,0.05,0.78,Debit Card
TXN26300161E7,2023-08-23,BR03,Rajahmundry,Andhra Pradesh,CUST00300,Anitha Naidu,Retail,P008,Ultrabook Thin & Light,Laptop,1,87688.73,0.15,0.79,Debit Card
TXN61802BC901,2024-06-01,BR03,Rajahmundry,Andhra Pradesh,CUST01502,Naveen Varma,Retail,P001,Budget Smartphone 4G,Mobile,1,8017.58,0.1,0.8,Credit Card
TXNC2C89925BE,2023-12-01,BR03,Rajahmundry,Andhra Pradesh,CUST01494,Kavya Sharma,Retail,P014,Split AC 1.5 Ton,Home Appliances,1,32604.12,0.05,0.83,UPI
TXN50B925CC5E,2024-11-07,BR03,Rajahmundry,Andhra Pradesh,CUST00012,Manoj Rao,Retail,P002,Mid-range Smartphone 5G,Mobile,1,18534.89,0.1,0.78,UPI
TXN80B75BDB1A,2024-12-06,BR03,Rajahmundry,Andhra Pradesh,CUST01427,Srinivas Varma,Retail,P003,Flagship Smartphone,Mobile,1,75206.44,0.0,0.75,UPI
TXNFF01089FAF,2023-11-07,BR03,Rajahmundry,Andhra Pradesh,CUST00714,Divya Devi,Retail,P010,Wireless Mouse,Accessories,1,893.23,0.05,0.4,UPI
TXNB7F8F0A301,2023-07-23,BR03,Rajahmundry,Andhra Pradesh,CUST01816,Meena Chowdary,Wholesale,P001,Budget Smartphone 4G,Mobile,2,10640.57,0.0,0.8,UPI
TXNC3067D7F3E,2024-10-26,BR03,Rajahmundry,Andhra Pradesh,CUST00675,Meena Babu,Retail,P018,LED TV 43-inch,Electronics,1,22055.73,0.1,0.8,UPI
TXN535563A793,2023-08-09,BR03,Rajahmundry,Andhra Pradesh,CUST01698,Kiran Murthy,Retail,P007,Gaming Laptop i7,Laptop,1,111085.36,0.15,0.78,Net Banking
TXN29020D89AE,2023-10-31,BR03,Rajahmundry,Andhra Pradesh,CUST01794,Ravi Devi,Corporate,P003,Flagship Smartphone,Mobile,1,68590.88,0.1,0.75,UPI
TXN69EF3B5B82,2024-01-24,BR03,Rajahmundry,Andhra Pradesh,CUST01593,Meena Babu,Retail,P004,Wireless Earbuds,Mobile,1,3882.98,0.05,0.55,Cash
TXN68A8B58A49,2024-09-29,BR03,Rajahmundry,Andhra Pradesh,CUST01194,Sneha Naidu,Retail,P008,Ultrabook Thin & Light,Laptop,1,56237.33,0.1,0.79,Cash
TXNB71A28059C,2023-04-10,BR03,Rajahmundry,Andhra Pradesh,CUST01916,Praveen Reddy,Retail,P001,Budget Smartphone 4G,Mobile,4,11669.68,0.0,0.8,Credit Card
TXN44E73E8FFB,2024-09-30,BR03,Rajahmundry,Andhra Pradesh,CUST00917,Suresh Sharma,Corporate,P019,LED TV 55-inch,Electronics,1,57984.39,0.05,0.79,Credit Card
TXN82A508BD0F,2023-04-23,BR03,Rajahmundry,Andhra Pradesh,CUST00802,Pooja Sarma,Retail,P012,Mobile Charger,Accessories,1,1651.68,0.1,0.42,UPI
TXN7E13E7B148,2023-11-27,BR03,Rajahmundry,Andhra Pradesh,CUST00350,Praveen Kumar,Retail,P005,Entry Laptop i3,Laptop,1,31321.75,0.25,0.82,UPI
TXN62B228454F,2024-05-31,BR03,Rajahmundry,Andhra Pradesh,CUST01215,Praveen Rao,Retail,P013,Power Bank,Accessories,3,2152.89,0.05,0.48,Credit Card
TXN09BD72774A,2023-01-18,BR03,Rajahmundry,Andhra Pradesh,CUST00167,Aishwarya Babu,Retail,P004,Wireless Earbuds,Mobile,1,3131.25,0.05,0.55,Net Banking
TXNE264253B85,2024-05-04,BR03,Rajahmundry,Andhra Pradesh,CUST00715,Lakshmi Chowdary,Retail,P011,Bluetooth Speaker,Accessories,2,1821.07,0.0,0.5,Cash
TXNE4D400CA7F,2024-12-26,BR03,Rajahmundry,Andhra Pradesh,CUST00107,Divya Prasad,Retail,P011,Bluetooth Speaker,Accessories,1,3171.35,0.1,0.5,UPI
TXN132E19AB51,2023-04-04,BR03,Rajahmundry,Andhra Pradesh,CUST01969,Praveen Chowdary,Wholesale,P012,Mobile Charger,Accessories,2,300.09,0.0,0.42,UPI
TXN3D8AB9A945,2024-07-08,BR03,Rajahmundry,Andhra Pradesh,CUST01113,Swathi Murthy,Retail,P004,Wireless Earbuds,Mobile,3,5176.99,0.1,0.55,UPI
TXNBAF09BEC3B,2023-01-21,BR03,Rajahmundry,Andhra Pradesh,CUST00476,Pooja Rao,Wholesale,P003,Flagship Smartphone,Mobile,1,82825.65,0.0,0.75,UPI
TXND3AA9C1A50,2023-02-22,BR03,Rajahmundry,Andhra Pradesh,CUST01946,Priya Sharma,Retail,P002,Mid-range Smartphone 5G,Mobile,2,16933.19,0.05,0.78,Credit Card
TXN3306E89CBB,2023-04-07,BR03,Rajahmundry,Andhra Pradesh,CUST01360,Vikram Varma,Wholesale,P019,LED TV 55-inch,Electronics,1,39983.62,0.05,0.79,UPI
TXN3BDD658B65,2023-10-22,BR03,Rajahmundry,Andhra Pradesh,CUST01636,Anitha Varma,Retail,P018,LED TV 43-inch,Electronics,1,27668.75,0.25,0.8,UPI
TXN45C808FEDE,2023-02-16,BR03,Rajahmundry,Andhra Pradesh,CUST00550,Deepika Murthy,Wholesale,P013,Power Bank,Accessories,3,1324.42,,0.48,Net Banking
TXNEDC684AE8D,2023-01-11,BR03,Rajahmundry,Andhra Pradesh,CUST00069,Sneha Reddy,Retail,P003,Flagship Smartphone,Mobile,1,62619.93,0.15,0.75,Net Banking
TXNFAD8151F15,2024-09-05,BR03,Rajahmundry,Andhra Pradesh,CUST01489,Srinivas Sarma,Retail,P004,Wireless Earbuds,Mobile,1,4241.96,0.15,0.55,Debit Card
TXN833CDA2010,2024-04-19,BR03,Rajahmundry,Andhra Pradesh,CUST01926,Meena Sharma,Retail,P004,Wireless Earbuds,Mobile,1,5629.4,0.0,0.55,UPI
TXN1CB67F28EA,2024-06-13,BR03,Rajahmundry,Andhra Pradesh,CUST00287,Aishwarya Sarma,Retail,P006,Business Laptop i5,Laptop,1,45360.52,0.0,0.8,Debit Card
TXNC69828F4FF,2024-01-03,BR03,Rajahmundry,Andhra Pradesh,CUST01065,Sandeep Sharma,Retail,P002,Mid-range Smartphone 5G,Mobile,1,27032.0,0.0,0.78,Credit Card
TXNA822AD98EF,2023-10-14,BR03,Rajahmundry,Andhra Pradesh,CUST01576,Anitha Sarma,Retail,P017,Microwave Oven,Home Appliances,1,12617.59,0.0,0.75,Net Banking
TXN6A007085D4,2024-11-22,BR03,Rajahmundry,Andhra Pradesh,CUST00424,Sneha Sharma,Retail,P015,Refrigerator 300L,Home Appliances,1,30384.55,0.15,0.82,Debit Card
TXN2CC782246F,2023-07-19,BR03,Rajahmundry,Andhra Pradesh,CUST00714,Divya Devi,Retail,P018,LED TV 43-inch,Electronics,1,29974.92,0.15,0.8,UPI
TXN6A19D57184,2023-11-03,BR03,Rajahmundry,Andhra Pradesh,CUST00869,Pooja Rao,Retail,P004,Wireless Earbuds,Mobile,1,2445.97,,0.55,UPI
TXN45873A94D8,2024-10-04,BR03,Rajahmundry,Andhra Pradesh,CUST01834,Harika Prasad,Wholesale,P018,LED TV 43-inch,Electronics,1,27348.56,0.2,0.8,UPI
TXN432D0B7A47,2024-12-06,BR03,Rajahmundry,Andhra Pradesh,CUST01270,Harika Reddy,Corporate,P018,LED TV 43-inch,Electronics,1,24703.53,0.0,0.8,UPI
TXN4BC4B573E6,2023-01-07,BR03,Rajahmundry,Andhra Pradesh,CUST01897,Arjun Chowdary,Wholesale,P003,Flagship Smartphone,Mobile,1,46943.56,0.1,0.75,UPI
TXN4C352112D2,2023-01-09,BR03,Rajahmundry,Andhra Pradesh,CUST00089,Priya Kumar,Retail,P007,Gaming Laptop i7,Laptop,1,107267.88,0.0,0.78,UPI
TXNC2407392AA,2023-12-03,BR03,Rajahmundry,Andhra Pradesh,CUST00075,Kavya Chowdary,Retail,P018,LED TV 43-inch,Electronics,1,33628.7,0.0,0.8,Debit Card
TXNDA52427132,2023-10-26,BR03,Rajahmundry,Andhra Pradesh,CUST00096,Priya Reddy,Retail,P007,Gaming Laptop i7,Laptop,1,97909.66,0.25,0.78,UPI
TXN40C634D472,2024-06-17,BR03,Rajahmundry,Andhra Pradesh,CUST00706,Harika Sharma,Retail,P019,LED TV 55-inch,Electronics,1,54006.61,0.0,0.79,Net Banking
TXN17E3157985,2023-03-18,BR03,Rajahmundry,Andhra Pradesh,CUST01404,Manoj Babu,Retail,P020,Home Theatre System,Electronics,3,6128.37,0.15,0.6,Debit Card
TXN4FF32D188B,2023-03-21,BR03,Rajahmundry,Andhra Pradesh,CUST00619,Ramesh Reddy,Retail,P020,Home Theatre System,Electronics,3,10186.63,0.1,0.6,Debit Card
TXN13FAA02C37,2024-01-22,BR03,Rajahmundry,Andhra Pradesh,CUST01782,Arjun Varma,Retail,P020,Home Theatre System,Electronics,1,9432.84,0.15,0.6,Cash
TXNE511201FAF,2023-04-27,BR03,Rajahmundry,Andhra Pradesh,CUST00291,Ravi Chowdary,Retail,P009,Laptop Bag,Accessories,1,883.85,0.0,0.45,UPI
TXN4F7BD4BBCC,2024-12-18,BR03,Rajahmundry,Andhra Pradesh,CUST00855,,Retail,P003,Flagship Smartphone,Mobile,1,81374.54,0.0,0.75,UPI
TXNBE7A9EDADB,2024-12-01,BR03,Rajahmundry,Andhra Pradesh,CUST00435,Aishwarya Reddy,Retail,P011,Bluetooth Speaker,Accessories,1,4014.58,0.15,0.5,UPI
TXN4916CE36F9,2023-10-08,BR03,Rajahmundry,Andhra Pradesh,CUST01086,Divya Sharma,Retail,P002,Mid-range Smartphone 5G,Mobile,1,19098.33,0.1,0.78,Debit Card
TXN3D729BEC80,2023-02-10,BR03,Rajahmundry,Andhra Pradesh,CUST00721,Meena Naidu,Wholesale,P003,Flagship Smartphone,Mobile,1,78835.02,0.05,0.75,Debit Card
TXN4D043FAB0C,2024-10-16,BR03,Rajahmundry,Andhra Pradesh,CUST01538,Sneha Naidu,Retail,P014,Split AC 1.5 Ton,Home Appliances,1,32480.75,0.0,0.83,Debit Card
TXN844B71EA0C,2024-04-02,BR03,Rajahmundry,Andhra Pradesh,CUST01431,Srinivas Murthy,Retail,P008,Ultrabook Thin & Light,Laptop,1,72665.98,0.15,0.79,UPI
TXNBDD2AC7794,2023-11-17,BR03,Rajahmundry,Andhra Pradesh,CUST01426,Pooja Reddy,Wholesale,P012,Mobile Charger,Accessories,1,733.15,0.2,0.42,Cash
TXN29B5D7A53F,2023-09-17,BR03,Rajahmundry,Andhra Pradesh,CUST01617,Lakshmi Devi,Retail,P005,Entry Laptop i3,Laptop,1,35566.02,0.1,0.82,UPI
TXN5F8E47C7E2,2023-05-16,BR03,Rajahmundry,Andhra Pradesh,CUST01705,Suresh Varma,Retail,P020,Home Theatre System,Electronics,2,11568.59,0.15,0.6,UPI
TXN619F031CE5,2024-02-20,BR03,Rajahmundry,Andhra Pradesh,CUST01252,Kavya Reddy,Retail,P011,Bluetooth Speaker,Accessories,3,2514.11,0.1,0.5,UPI
TXNC611BBCF4A,2023-01-21,BR03,Rajahmundry,Andhra Pradesh,CUST01924,Meena Naidu,Retail,P010,Wireless Mouse,Accessories,2,305.38,0.05,0.4,Cash
TXN7135436D7D,2024-11-28,BR03,Rajahmundry,Andhra Pradesh,CUST01735,Pooja Murthy,Retail,P020,Home Theatre System,Electronics,1,9614.18,0.1,0.6,UPI
TXNF3DB45D692,2024-04-09,BR03,Rajahmundry,Andhra Pradesh,CUST01675,Kavya Varma,Retail,P011,Bluetooth Speaker,Accessories,2,1057.69,0.0,0.5,Net Banking
TXN6D81F47D73,2024-11-21,BR03,Rajahmundry,Andhra Pradesh,CUST00633,Deepika Naidu,Retail,P004,Wireless Earbuds,Mobile,1,4129.43,0.05,0.55,Credit Card
TXNEDC4314B1E,2024-12-07,BR03,Rajahmundry,Andhra Pradesh,CUST00207,Kavya Reddy,Retail,P010,Wireless Mouse,Accessories,4,1216.74,0.0,0.4,Credit Card
TXN0033B70A9A,2024-01-05,BR03,Rajahmundry,Andhra Pradesh,CUST00061,Meena Kumar,Retail,P021,Smart Watch,Electronics,1,4361.38,0.1,0.55,Debit Card
TXN66CE3601B9,2023-12-04,BR03,Rajahmundry,Andhra Pradesh,CUST01863,Praveen Murthy,Retail,P002,Mid-range Smartphone 5G,Mobile,1,22765.27,0.05,0.78,UPI
TXN8E5E064E57,2023-10-06,BR03,Rajahmundry,Andhra Pradesh,CUST00123,Manoj Kumar,Retail,P018,LED TV 43-inch,Electronics,1,34597.53,0.15,0.8,Credit Card
TXNADA378CEF0,2023-04-29,BR03,Rajahmundry,Andhra Pradesh,CUST01286,Lakshmi Prasad,Wholesale,P005,Entry Laptop i3,Laptop,1,32809.97,0.05,0.82,UPI
TXNFB9D819B66,2024-05-26,BR03,Rajahmundry,Andhra Pradesh,CUST00860,Srinivas Sharma,Retail,P003,Flagship Smartphone,Mobile,1,74604.33,0.1,0.75,UPI
TXNAEF49B10A3,2024-02-10,BR03,Rajahmundry,Andhra Pradesh,CUST00561,Divya Kumar,Corporate,P004,Wireless Earbuds,Mobile,3,2427.86,0.0,0.55,UPI
TXN68A2D47989,2024-02-21,BR03,Rajahmundry,Andhra Pradesh,CUST01195,Manoj Chowdary,Retail,P008,Ultrabook Thin & Light,Laptop,1,87573.98,0.15,0.79,Net Banking
TXN60E2774E71,2023-07-14,BR03,Rajahmundry,Andhra Pradesh,CUST01933,Aishwarya Sharma,Wholesale,P011,Bluetooth Speaker,Accessories,1,4134.02,0.1,0.5,UPI
TXN4298D267F6,2023-05-19,BR03,Rajahmundry,Andhra Pradesh,CUST00870,Vikram Reddy,Retail,P005,Entry Laptop i3,Laptop,1,29711.85,0.15,0.82,UPI
TXNC5D41FE302,2023-10-05,BR03,Rajahmundry,Andhra Pradesh,CUST01051,Ramesh Murthy,Retail,P020,Home Theatre System,Electronics,1,14170.38,0.25,0.6,UPI
TXN7E3155C6CA,2024-02-07,BR03,Rajahmundry,Andhra Pradesh,CUST00708,Ramesh Prasad,Wholesale,P018,LED TV 43-inch,Electronics,1,33187.24,0.0,0.8,Debit Card
TXN1CC45DFDAF,2023-01-31,BR03,Rajahmundry,Andhra Pradesh,CUST01411,Suresh Prasad,Wholesale,P002,Mid-range Smartphone 5G,Mobile,1,22471.28,0.0,0.78,Net Banking
TXN3912E66274,2024-02-24,BR03,Rajahmundry,Andhra Pradesh,CUST00480,Deepika Sarma,Retail,P014,Split AC 1.5 Ton,Home Appliances,1,33723.5,0.15,0.83,UPI
TXN6B75483A02,2023-11-28,BR03,Rajahmundry,Andhra Pradesh,CUST01079,Pooja Prasad,Corporate,P001,Budget Smartphone 4G,Mobile,1,13795.06,0.05,0.8,Cash
TXN7FE3759C52,2024-12-14,BR03,Rajahmundry,Andhra Pradesh,CUST01013,Priya Sarma,Retail,P002,Mid-range Smartphone 5G,Mobile,1,27938.4,0.0,0.78,UPI
TXN584F4182CB,2024-01-09,BR03,Rajahmundry,Andhra Pradesh,CUST01423,Swathi Babu,Retail,P001,Budget Smartphone 4G,Mobile,2,8899.96,0.05,0.8,Cash
TXNB55A74ADD3,2023-05-01,BR03,Rajahmundry,Andhra Pradesh,CUST01265,Anitha Sarma,Corporate,P008,Ultrabook Thin & Light,Laptop,1,81107.99,0.15,0.79,Net Banking
TXNCE19D285E1,2024-12-28,BR03,Rajahmundry,Andhra Pradesh,CUST00265,Vikram Sarma,Retail,P010,Wireless Mouse,Accessories,2,1369.9,0.0,0.4,Cash
TXND09827AA95,2023-08-09,BR03,Rajahmundry,Andhra Pradesh,CUST00744,Ajay Rao,Retail,P018,LED TV 43-inch,Electronics,1,25545.45,0.0,0.8,Cash
TXNDD7200C31F,2024-10-07,BR03,Rajahmundry,Andhra Pradesh,CUST01769,Sandeep Reddy,Retail,P013,Power Bank,Accessories,1,1820.33,0.05,0.48,Credit Card
TXN6440E8F0F3,2024-11-17,BR03,Rajahmundry,Andhra Pradesh,CUST01867,Swathi Naidu,Retail,P017,Microwave Oven,Home Appliances,1,10338.85,0.15,0.75,UPI
TXN61C664E772,2024-11-30,BR03,Rajahmundry,Andhra Pradesh,CUST00462,Manoj Chowdary,Retail,P003,Flagship Smartphone,Mobile,1,67035.51,0.2,0.75,UPI
TXNB10B36E5D0,2024-10-25,BR03,Rajahmundry,Andhra Pradesh,CUST01476,Ramesh Naidu,Wholesale,P019,LED TV 55-inch,Electronics,1,38707.24,0.1,0.79,Net Banking
TXN6DC72AFDA2,2024-09-20,BR03,Rajahmundry,Andhra Pradesh,CUST00623,Praveen Varma,Retail,P013,Power Bank,Accessories,1,1123.15,0.1,0.48,Debit Card
TXN0FD7035A5E,2024-11-10,BR03,Rajahmundry,Andhra Pradesh,CUST00883,Pooja Devi,Wholesale,P003,Flagship Smartphone,Mobile,1,77274.68,0.15,0.75,UPI
TXN087262EBAC,2024-08-04,BR03,Rajahmundry,Andhra Pradesh,CUST00467,Kiran Devi,Retail,P012,Mobile Charger,Accessories,1,1720.26,0.1,0.42,Net Banking
TXNB0986D32C1,2024-06-15,BR03,Rajahmundry,Andhra Pradesh,CUST00829,Kavya Reddy,Retail,P021,Smart Watch,Electronics,1,3339.38,0.15,0.55,Cash
TXN8A41EBE922,2023-01-13,BR03,Rajahmundry,Andhra Pradesh,CUST01237,Sneha Reddy,Wholesale,P003,Flagship Smartphone,Mobile,1,61457.04,0.0,0.75,UPI
TXNC327B5432A,2024-09-04,BR03,Rajahmundry,Andhra Pradesh,CUST01036,Kiran Devi,Retail,P013,Power Bank,Accessories,1,1354.03,0.1,0.48,UPI
TXNF932CA7C40,2023-11-27,BR03,Rajahmundry,Andhra Pradesh,CUST01165,Ajay Sarma,Retail,P019,LED TV 55-inch,Electronics,1,52006.05,0.2,0.79,UPI
TXN31CE8BFEFB,2024-04-22,BR03,Rajahmundry,Andhra Pradesh,CUST00246,Sandeep Murthy,Retail,P002,Mid-range Smartphone 5G,Mobile,1,21481.66,0.0,0.78,UPI
TXNC0B5D79AC3,2024-03-15,BR03,Rajahmundry,Andhra Pradesh,CUST00514,Lakshmi Varma,Retail,P006,Business Laptop i5,Laptop,1,46739.17,0.15,0.8,Cash
TXND2DF3BA98B,2023-10-25,BR03,Rajahmundry,Andhra Pradesh,CUST01970,Manoj Murthy,Retail,P021,Smart Watch,Electronics,1,10088.33,0.25,0.55,UPI
TXN3A54BB9B41,2023-05-26,BR03,Rajahmundry,Andhra Pradesh,CUST00877,Harika Rao,Retail,P013,Power Bank,Accessories,2,2215.12,0.1,0.48,Cash
TXN228CF6488C,2023-11-12,BR03,Rajahmundry,Andhra Pradesh,CUST00573,Sneha Naidu,Corporate,P011,Bluetooth Speaker,Accessories,3,1812.45,0.15,0.5,UPI
TXN20996D182D,2023-01-22,BR03,Rajahmundry,Andhra Pradesh,CUST01643,Pooja Kumar,Retail,P015,Refrigerator 300L,Home Appliances,1,41569.18,0.0,0.82,UPI
TXN47A23DAFCF,2023-02-01,BR03,Rajahmundry,Andhra Pradesh,CUST01773,Meena Murthy,Retail,P012,Mobile Charger,Accessories,2,1195.19,0.05,0.42,Net Banking
TXN9B7BD9AE31,2024-10-29,BR03,Rajahmundry,Andhra Pradesh,CUST01862,Aishwarya Prasad,Retail,P013,Power Bank,Accessories,2,2448.5,0.05,0.48,Credit Card
TXNBE9AB11010,2024-02-04,BR03,Rajahmundry,Andhra Pradesh,CUST00640,Naveen Sharma,Retail,P017,Microwave Oven,Home Appliances,2,8071.15,0.0,0.75,Cash
TXNBA0D58EFB2,2023-02-05,BR03,Rajahmundry,Andhra Pradesh,CUST01243,Harika Reddy,Wholesale,P008,Ultrabook Thin & Light,Laptop,1,70065.53,0.05,0.79,UPI
TXN2672869078,2023-11-05,BR03,Rajahmundry,Andhra Pradesh,CUST01106,Lakshmi Sharma,Retail,P021,Smart Watch,Electronics,1,5981.4,0.25,0.55,Debit Card
TXNC220555324,2024-03-31,BR03,Rajahmundry,Andhra Pradesh,CUST00531,Pooja Devi,Retail,P002,Mid-range Smartphone 5G,Mobile,1,24022.78,0.05,0.78,UPI
TXND5ED56262A,2023-06-18,BR03,Rajahmundry,Andhra Pradesh,CUST00792,Manoj Naidu,Retail,P019,LED TV 55-inch,Electronics,1,55726.84,0.05,0.79,UPI
TXN8B6583269D,2024-02-24,BR03,Rajahmundry,Andhra Pradesh,CUST01979,Meena Devi,Retail,P005,Entry Laptop i3,Laptop,1,33333.48,0.0,0.82,UPI
TXNA2F058E702,2023-12-01,BR03,Rajahmundry,Andhra Pradesh,CUST01075,Sandeep Babu,Retail,P001,Budget Smartphone 4G,Mobile,2,11627.07,0.15,0.8,Credit Card
TXN3783A1B339,2023-05-18,BR03,Rajahmundry,Andhra Pradesh,CUST00095,Meena Reddy,Retail,P021,Smart Watch,Electronics,1,10094.38,0.1,0.55,UPI
TXNF1C9C82A21,2024-12-18,BR03,Rajahmundry,Andhra Pradesh,CUST00403,Naveen Devi,Retail,P013,Power Bank,Accessories,3,1242.69,0.1,0.48,UPI
TXN54B545E6B1,2024-11-30,BR03,Rajahmundry,Andhra Pradesh,CUST00149,Swathi Sharma,Retail,P013,Power Bank,Accessories,1,1857.04,0.25,0.48,Credit Card
TXND395605B2D,2024-08-04,BR03,Rajahmundry,Andhra Pradesh,CUST00940,Harika Sharma,Retail,P013,Power Bank,Accessories,2,2498.21,0.05,0.48,Cash
TXNB4E66F1F84,2024-03-16,BR03,Rajahmundry,Andhra Pradesh,CUST01053,Sandeep Rao,Retail,P001,Budget Smartphone 4G,Mobile,1,13786.89,0.1,0.8,Debit Card
TXNA21B215ADB,2024-12-29,BR03,Rajahmundry,Andhra Pradesh,CUST01216,Arjun Rao,Retail,P018,LED TV 43-inch,Electronics,1,27910.26,0.1,0.8,Cash
TXN6F3F15CA53,2023-06-04,BR03,Rajahmundry,Andhra Pradesh,CUST01740,Divya Murthy,Retail,P013,Power Bank,Accessories,3,1330.95,0.05,0.48,Credit Card
TXN8DD762D893,2024-10-17,BR03,Rajahmundry,Andhra Pradesh,CUST00496,Divya Babu,Retail,P004,Wireless Earbuds,Mobile,2,4494.38,0.1,0.55,Cash
TXNA87270B1D2,2024-02-16,BR03,Rajahmundry,Andhra Pradesh,CUST00723,Kiran Rao,Retail,P001,Budget Smartphone 4G,Mobile,1,13155.06,0.1,0.8,Cash
TXNE7255539D4,2024-05-06,BR03,Rajahmundry,Andhra Pradesh,CUST00425,Deepika Sharma,Retail,P017,Microwave Oven,Home Appliances,2,11400.46,0.0,0.75,UPI
TXN1D170C7D5E,2023-10-15,BR03,Rajahmundry,Andhra Pradesh,CUST00749,Kiran Devi,Retail,P009,Laptop Bag,Accessories,3,1241.31,0.1,0.45,UPI
TXNBBE624E722,2023-02-24,BR03,Rajahmundry,Andhra Pradesh,CUST00687,Manoj Murthy,Retail,P006,Business Laptop i5,Laptop,1,45422.56,0.15,0.8,Credit Card
TXN09E3CB1647,2023-11-18,BR03,Rajahmundry,Andhra Pradesh,CUST00085,Meena Rao,Retail,P002,Mid-range Smartphone 5G,Mobile,1,27328.1,0.25,0.78,Credit Card
TXN9064C56FFD,2024-06-27,BR03,Rajahmundry,Andhra Pradesh,CUST00541,Praveen Kumar,Retail,P007,Gaming Laptop i7,Laptop,1,84405.52,0.0,0.78,Debit Card
TXN8DE59B74E8,2024-05-01,BR03,Rajahmundry,Andhra Pradesh,CUST00065,Deepika Babu,Retail,P014,Split AC 1.5 Ton,Home Appliances,1,39523.57,0.15,0.83,UPI
TXN9D9D535A7F,2024-04-28,BR03,Rajahmundry,Andhra Pradesh,CUST01147,Lakshmi Reddy,Retail,P005,Entry Laptop i3,Laptop,1,35383.98,0.05,0.82,UPI
TXNC064C24F46,2024-03-06,BR03,Rajahmundry,Andhra Pradesh,CUST01457,Vikram Sharma,Retail,P008,Ultrabook Thin & Light,Laptop,1,62807.59,0.0,0.79,Credit Card
TXNA91AA35D30,2024-01-31,BR03,Rajahmundry,Andhra Pradesh,CUST01401,Anitha Naidu,Retail,P020,Home Theatre System,Electronics,1,12648.3,0.0,0.6,UPI
TXN829866040E,2023-01-10,BR03,Rajahmundry,Andhra Pradesh,CUST00140,Priya Prasad,Retail,P008,Ultrabook Thin & Light,Laptop,1,84843.41,0.15,0.79,UPI
TXNB9D8B1FF50,2024-01-07,BR03,Rajahmundry,Andhra Pradesh,CUST00698,Manoj Sarma,Retail,P003,Flagship Smartphone,Mobile,1,80167.46,0.1,0.75,Net Banking
TXN36191FFDF6,2023-12-28,BR03,Rajahmundry,Andhra Pradesh,CUST00303,Naveen Naidu,Retail,P001,Budget Smartphone 4G,Mobile,2,9141.55,0.1,0.8,UPI
TXN10AB15DE83,2023-09-08,BR03,Rajahmundry,Andhra Pradesh,CUST00600,Lakshmi Prasad,Retail,P002,Mid-range Smartphone 5G,Mobile,2,17830.46,0.1,0.78,Net Banking
TXN46374830C1,2023-08-24,BR03,Rajahmundry,Andhra Pradesh,CUST00385,Sandeep Babu,Wholesale,P005,Entry Laptop i3,Laptop,1,37387.03,0.0,0.82,UPI
TXNE9EA745E32,2024-11-25,BR03,Rajahmundry,Andhra Pradesh,CUST01024,Suresh Murthy,Retail,P020,Home Theatre System,Electronics,1,5808.66,0.0,0.6,Debit Card
TXN044415627D,2024-05-01,BR03,Rajahmundry,Andhra Pradesh,CUST00092,Harika Devi,Retail,P011,Bluetooth Speaker,Accessories,1,1823.81,0.15,0.5,UPI
TXNC5F0347678,2024-03-03,BR03,Rajahmundry,Andhra Pradesh,CUST00632,Manoj Rao,Retail,P017,Microwave Oven,Home Appliances,1,12300.94,0.15,0.75,UPI
TXN79C7C01A09,2023-11-12,BR03,Rajahmundry,Andhra Pradesh,CUST01432,Suresh Reddy,Retail,P003,Flagship Smartphone,Mobile,1,76986.65,0.0,0.75,Cash
TXN2DB518C03D,2024-04-10,BR03,Rajahmundry,Andhra Pradesh,CUST00166,Vikram Chowdary,Wholesale,P017,Microwave Oven,Home Appliances,4,7342.62,0.0,0.75,UPI
TXN3B0497CBB7,2023-02-03,BR03,Rajahmundry,Andhra Pradesh,CUST00612,Harika Babu,Retail,P021,Smart Watch,Electronics,3,7632.44,0.1,0.55,Cash
TXN358EACD2C1,2024-04-11,BR03,Rajahmundry,Andhra Pradesh,CUST01791,Sneha Murthy,Retail,P002,Mid-range Smartphone 5G,Mobile,1,20462.66,0.1,0.78,Debit Card
TXN25DA59D606,2024-01-12,BR03,Rajahmundry,Andhra Pradesh,CUST00989,Naveen Rao,Retail,P013,Power Bank,Accessories,2,1306.84,0.0,0.48,Cash
TXNF802E41437,2024-01-14,BR03,Rajahmundry,Andhra Pradesh,CUST01451,Arjun Murthy,Retail,P019,LED TV 55-inch,Electronics,1,46481.2,0.0,0.79,UPI
TXNE07F59E26C,2023-09-20,BR03,Rajahmundry,Andhra Pradesh,CUST01862,Aishwarya Prasad,Retail,P021,Smart Watch,Electronics,1,10958.96,0.15,0.55,UPI
TXND51DE9812F,2023-01-16,BR03,Rajahmundry,Andhra Pradesh,CUST00691,Praveen Reddy,Retail,P004,Wireless Earbuds,Mobile,3,2024.86,0.1,0.55,UPI
TXN565EA4A9AF,2024-07-06,BR03,Rajahmundry,Andhra Pradesh,CUST01636,Anitha Varma,Retail,P013,Power Bank,Accessories,1,2419.74,0.0,0.48,Credit Card
TXNA89D51CFB4,2024-05-27,BR03,Rajahmundry,Andhra Pradesh,CUST00954,Arjun Rao,Retail,P001,Budget Smartphone 4G,Mobile,1,8325.63,0.05,0.8,Net Banking
TXN07F43E721D,2023-12-27,BR03,Rajahmundry,Andhra Pradesh,CUST00671,Swathi Chowdary,Wholesale,P002,Mid-range Smartphone 5G,Mobile,1,24185.89,0.15,0.78,UPI
TXN6F33AEC92F,2023-04-14,BR03,Rajahmundry,Andhra Pradesh,CUST00702,Arjun Prasad,Retail,P014,Split AC 1.5 Ton,Home Appliances,1,33056.15,0.1,0.83,Debit Card
TXN339427C637,2024-09-05,BR03,Rajahmundry,Andhra Pradesh,CUST01406,Divya Chowdary,Wholesale,P002,Mid-range Smartphone 5G,Mobile,2,16659.99,0.05,0.78,UPI
TXNA083420445,2023-04-24,BR03,Rajahmundry,Andhra Pradesh,CUST00835,Pooja Rao,Retail,P014,Split AC 1.5 Ton,Home Appliances,1,35737.25,0.1,0.83,UPI
TXNF791ABDC32,2024-09-16,BR03,Rajahmundry,Andhra Pradesh,CUST00810,Meena Prasad,Wholesale,P003,Flagship Smartphone,Mobile,1,78034.5,0.05,0.75,Credit Card
TXN7C075C2FBC,2024-01-27,BR03,Rajahmundry,Andhra Pradesh,CUST01049,Sneha Naidu,Retail,P009,Laptop Bag,Accessories,4,811.82,0.0,0.45,Cash
TXN045FFBCCBB,2024-06-15,BR03,Rajahmundry,Andhra Pradesh,CUST00045,Lakshmi Babu,Wholesale,P019,LED TV 55-inch,Electronics,1,57723.73,0.15,0.79,UPI
TXN12B60CE62C,2024-05-29,BR03,Rajahmundry,Andhra Pradesh,CUST01923,Priya Prasad,Retail,P009,Laptop Bag,Accessories,2,1868.9,0.0,0.45,UPI
TXNFF08FB933E,2024-02-23,BR03,Rajahmundry,Andhra Pradesh,CUST00454,Naveen Murthy,Retail,P001,Budget Smartphone 4G,Mobile,1,11054.22,0.1,0.8,UPI
TXN75DF20C17C,2023-02-09,BR03,Rajahmundry,Andhra Pradesh,CUST00525,Sandeep Murthy,Retail,P001,Budget Smartphone 4G,Mobile,1,8697.43,0.1,0.8,UPI
TXN292F5D9792,2023-07-31,BR03,Rajahmundry,Andhra Pradesh,CUST00828,Priya Rao,Corporate,P003,Flagship Smartphone,Mobile,1,58653.85,0.0,0.75,Credit Card
TXN5038A38A76,2024-04-17,BR03,Rajahmundry,Andhra Pradesh,CUST01850,Kavya Devi,Retail,P004,Wireless Earbuds,Mobile,1,2792.37,0.0,0.55,UPI
TXN52540BFF67,2024-07-11,BR03,Rajahmundry,Andhra Pradesh,CUST01839,Suresh Rao,Retail,P013,Power Bank,Accessories,2,1910.36,0.15,0.48,UPI
TXN143EB94BDE,2024-10-12,BR03,Rajahmundry,Andhra Pradesh,CUST01709,Srinivas Naidu,Retail,P021,Smart Watch,Electronics,1,10320.58,0.0,0.55,UPI
TXN0816CD08F7,2024-02-19,BR03,Rajahmundry,Andhra Pradesh,CUST01588,Srinivas Kumar,Retail,P003,Flagship Smartphone,Mobile,1,57511.29,0.0,0.75,Net Banking
TXNE1286C2588,2023-06-17,BR03,Rajahmundry,Andhra Pradesh,CUST01727,Meena Chowdary,Retail,P012,Mobile Charger,Accessories,1,1380.79,0.15,0.42,UPI
TXN22759B5BF9,2023-07-23,BR03,Rajahmundry,Andhra Pradesh,CUST01014,Manoj Babu,Retail,P019,LED TV 55-inch,Electronics,1,43267.22,0.1,0.79,Net Banking
TXNBB5523693B,2024-06-08,BR03,Rajahmundry,Andhra Pradesh,CUST01218,Ramesh Kumar,Retail,P011,Bluetooth Speaker,Accessories,2,2144.49,0.1,0.5,UPI
TXN5540E5B5F5,2024-10-20,BR03,Rajahmundry,Andhra Pradesh,CUST01842,Praveen Chowdary,Retail,P003,Flagship Smartphone,Mobile,1,89499.87,0.05,0.75,Net Banking
TXN8461240851,2024-08-31,BR03,Rajahmundry,Andhra Pradesh,CUST01571,Ajay Sarma,Retail,P018,LED TV 43-inch,Electronics,1,27278.38,0.0,0.8,Credit Card
TXNF1FB2CF32B,2024-10-29,BR03,Rajahmundry,Andhra Pradesh,CUST00192,Srinivas Prasad,Retail,P013,Power Bank,Accessories,1,1184.21,0.1,0.48,UPI
TXN3FB31BA55B,2024-12-05,BR03,Rajahmundry,Andhra Pradesh,CUST00408,Lakshmi Babu,Retail,P001,Budget Smartphone 4G,Mobile,1,11166.06,0.0,0.8,UPI
TXNA7E5B48DCA,2023-04-20,BR03,Rajahmundry,Andhra Pradesh,CUST00291,Ravi Chowdary,Retail,P019,LED TV 55-inch,Electronics,1,51211.04,0.0,0.79,Net Banking
TXN493C7DCFFF,2023-01-25,BR03,Rajahmundry,Andhra Pradesh,CUST00487,Ramesh Sharma,Retail,P020,Home Theatre System,Electronics,2,10761.72,0.0,0.6,Net Banking
TXN27E391AD79,2024-12-03,BR03,Rajahmundry,Andhra Pradesh,CUST01439,Vikram Sarma,Retail,P004,Wireless Earbuds,Mobile,1,5556.81,0.0,0.55,UPI
TXN4A2EE35ADB,2023-09-09,BR03,Rajahmundry,Andhra Pradesh,CUST01148,Ajay Reddy,Retail,P012,Mobile Charger,Accessories,1,522.2,0.1,0.42,Cash
TXN34EDE6312B,2024-11-23,BR03,Rajahmundry,Andhra Pradesh,CUST00240,Anitha Sarma,Retail,P004,Wireless Earbuds,Mobile,1,5846.99,0.25,0.55,UPI
TXNB1F274E2DF,2024-03-23,BR03,Rajahmundry,Andhra Pradesh,CUST00139,Ajay Rao,Retail,P004,Wireless Earbuds,Mobile,1,4633.89,0.05,0.55,Credit Card
TXN41E7C9958A,2023-07-09,BR03,Rajahmundry,Andhra Pradesh,CUST01441,Ajay Babu,Wholesale,P020,Home Theatre System,Electronics,1,13363.62,0.15,0.6,UPI
TXN48A8C2C9E1,2024-11-16,BR03,Rajahmundry,Andhra Pradesh,CUST01979,Meena Devi,Retail,P003,Flagship Smartphone,Mobile,1,53696.18,0.15,0.75,UPI
TXN6E980A3D26,2024-11-27,BR03,Rajahmundry,Andhra Pradesh,CUST01618,Harika Murthy,Retail,P006,Business Laptop i5,Laptop,1,59457.26,0.25,0.8,Cash
TXN1C50A9DE7A,2024-10-19,BR03,Rajahmundry,Andhra Pradesh,CUST00073,Vikram Devi,Retail,P011,Bluetooth Speaker,Accessories,1,4277.32,0.0,0.5,Cash
TXN805DD6653B,2024-02-28,BR03,Rajahmundry,Andhra Pradesh,CUST00393,Ramesh Reddy,Retail,P019,LED TV 55-inch,Electronics,1,57550.63,0.0,0.79,Credit Card
TXN24B25A7796,2023-05-04,BR03,Rajahmundry,Andhra Pradesh,CUST01762,Pooja Babu,Retail,P002,Mid-range Smartphone 5G,Mobile,1,24196.41,0.1,0.78,Cash
TXNC7BDBEDB65,2024-02-24,BR03,Rajahmundry,Andhra Pradesh,CUST00703,Lakshmi Reddy,Retail,P013,Power Bank,Accessories,2,2131.65,0.1,0.48,Cash
TXN439984AF13,2023-02-06,BR03,Rajahmundry,Andhra Pradesh,CUST00932,Manoj Reddy,Corporate,P012,Mobile Charger,Accessories,1,1021.23,0.0,0.42,UPI
TXN17AE6FDC0F,2023-08-12,BR03,Rajahmundry,Andhra Pradesh,CUST01463,Kiran Rao,Wholesale,P020,Home Theatre System,Electronics,4,14912.96,0.1,0.6,Debit Card
TXN2CF95E832D,2024-12-09,BR03,Rajahmundry,Andhra Pradesh,CUST01824,Ajay Kumar,Retail,P004,Wireless Earbuds,Mobile,1,2558.35,0.15,0.55,UPI
TXNBB31EC0B14,2023-03-20,BR03,Rajahmundry,Andhra Pradesh,CUST00441,Harika Chowdary,Retail,P019,LED TV 55-inch,Electronics,1,53483.68,0.0,0.79,Cash
TXNA1C4DBCE70,2024-06-04,BR03,Rajahmundry,Andhra Pradesh,CUST00614,Kiran Reddy,Retail,P001,Budget Smartphone 4G,Mobile,4,9846.06,0.0,0.8,Debit Card
TXN5CBBF1D004,2023-08-31,BR03,Rajahmundry,Andhra Pradesh,CUST01732,Swathi Sharma,Retail,P010,Wireless Mouse,Accessories,1,1033.86,0.1,0.4,UPI
TXN6CA7ECF401,2024-08-30,BR03,Rajahmundry,Andhra Pradesh,CUST01098,Sneha Chowdary,Retail,P010,Wireless Mouse,Accessories,3,810.42,0.0,0.4,Cash
TXNDB0AAA60EC,2024-08-20,BR03,Rajahmundry,Andhra Pradesh,CUST00562,Manoj Prasad,Retail,P019,LED TV 55-inch,Electronics,1,51255.08,0.15,0.79,UPI
TXN68F19B5903,2023-03-03,BR03,Rajahmundry,Andhra Pradesh,CUST00715,Lakshmi Chowdary,Retail,P016,Washing Machine,Home Appliances,1,22346.63,0.05,0.8,Cash
TXNF976748BCB,2023-08-23,BR03,Rajahmundry,Andhra Pradesh,CUST01895,Naveen Rao,Retail,P020,Home Theatre System,Electronics,4,11898.69,0.15,0.6,UPI
TXN2022095CF0,2023-01-29,BR03,Rajahmundry,Andhra Pradesh,CUST01223,Deepika Chowdary,Retail,P007,Gaming Laptop i7,Laptop,1,103581.82,0.0,0.78,Debit Card
TXN131E8AEF88,2024-01-26,BR03,Rajahmundry,Andhra Pradesh,CUST01412,Srinivas Rao,Wholesale,P004,Wireless Earbuds,Mobile,1,5515.93,0.1,0.55,UPI
TXNF125EBB221,2024-08-01,BR03,Rajahmundry,Andhra Pradesh,CUST00379,Swathi Sarma,Retail,P020,Home Theatre System,Electronics,2,14031.97,0.15,0.6,UPI
TXN10A12EE505,2024-09-24,BR03,Rajahmundry,Andhra Pradesh,CUST00376,Ramesh Naidu,Retail,P016,Washing Machine,Home Appliances,1,23055.03,0.0,0.8,Credit Card
TXN6B45E6A5B6,2023-10-07,BR03,Rajahmundry,Andhra Pradesh,CUST01318,Priya Chowdary,Wholesale,P001,Budget Smartphone 4G,Mobile,2,10098.9,0.1,0.8,Net Banking
TXN928EB5D2E4,2023-10-05,BR03,Rajahmundry,Andhra Pradesh,CUST01261,Deepika Chowdary,Retail,P011,Bluetooth Speaker,Accessories,1,4561.22,0.1,0.5,UPI
TXN349F8C2F13,2024-12-24,BR03,Rajahmundry,Andhra Pradesh,CUST00863,Sneha Naidu,Wholesale,P011,Bluetooth Speaker,Accessories,2,1449.9,0.15,0.5,Debit Card
TXN8219E5725B,2023-08-04,BR03,Rajahmundry,Andhra Pradesh,CUST00994,Meena Murthy,Retail,P012,Mobile Charger,Accessories,4,1320.54,0.1,0.42,Debit Card
TXNC956E76189,2024-08-14,BR03,Rajahmundry,Andhra Pradesh,CUST01153,Ravi Sharma,Wholesale,P004,Wireless Earbuds,Mobile,1,2043.23,0.05,0.55,Net Banking
TXNBA8ADE77EE,2023-08-14,BR03,Rajahmundry,Andhra Pradesh,CUST01993,Swathi Chowdary,Corporate,P017,Microwave Oven,Home Appliances,1,6679.66,0.0,0.75,UPI
TXNF93FE2B320,2024-12-21,BR03,Rajahmundry,Andhra Pradesh,CUST00698,Manoj Sarma,Retail,P011,Bluetooth Speaker,Accessories,2,4783.91,0.0,0.5,UPI
TXN986707823C,2024-07-04,BR03,Rajahmundry,Andhra Pradesh,CUST01401,Anitha Naidu,Retail,P013,Power Bank,Accessories,2,1790.58,0.1,0.48,Credit Card
TXNA685359741,2023-02-07,BR03,Rajahmundry,Andhra Pradesh,CUST01826,Lakshmi Prasad,Retail,P002,Mid-range Smartphone 5G,Mobile,1,26016.9,0.0,0.78,UPI
TXN0ADFE8CDAE,2023-10-20,BR03,Rajahmundry,Andhra Pradesh,CUST00183,Meena Varma,Corporate,P003,Flagship Smartphone,Mobile,1,68643.14,0.2,0.75,UPI
TXNFB7B042366,2024-07-28,BR03,Rajahmundry,Andhra Pradesh,CUST01234,Kavya Sharma,Corporate,P020,Home Theatre System,Electronics,1,9010.88,0.0,0.6,UPI
TXN65B306BD84,2024-06-01,BR03,Rajahmundry,Andhra Pradesh,CUST01729,Ravi Murthy,Retail,P013,Power Bank,Accessories,1,1180.87,0.0,0.48,Cash
TXN560A4DCF18,2024-07-21,BR03,Rajahmundry,Andhra Pradesh,CUST01537,Swathi Murthy,Corporate,P012,Mobile Charger,Accessories,2,1553.65,0.1,0.42,UPI
TXND4CEC0182C,2023-02-24,BR03,Rajahmundry,Andhra Pradesh,CUST01150,Harika Naidu,Retail,P003,Flagship Smartphone,Mobile,1,84843.52,0.0,0.75,Cash
TXN2A5FBDA024,2024-07-25,BR03,Rajahmundry,Andhra Pradesh,CUST01061,Harika Murthy,Retail,P004,Wireless Earbuds,Mobile,3,1844.57,0.05,0.55,Debit Card
TXN79AC824890,2024-10-14,BR03,Rajahmundry,Andhra Pradesh,CUST01006,Kavya Rao,Retail,P019,LED TV 55-inch,Electronics,1,47731.13,0.0,0.79,Debit Card
TXNE96FAC344B,2024-12-04,BR03,Rajahmundry,Andhra Pradesh,CUST01756,Deepika Devi,Retail,P006,Business Laptop i5,Laptop,1,55591.06,0.1,0.8,Debit Card
TXN49E78D3BF9,2024-11-07,BR03,Rajahmundry,Andhra Pradesh,CUST00746,Swathi Sarma,Retail,P008,Ultrabook Thin & Light,Laptop,1,58729.02,0.0,0.79,Debit Card
TXNC6966DEF0B,2023-03-04,BR03,Rajahmundry,Andhra Pradesh,CUST01885,Kavya Varma,Retail,P012,Mobile Charger,Accessories,1,1659.67,0.1,0.42,Cash
TXN2145BE6621,2024-03-20,BR03,Rajahmundry,Andhra Pradesh,CUST01970,Manoj Murthy,Retail,P003,Flagship Smartphone,Mobile,1,79357.76,0.0,0.75,UPI
TXNDAF29D4651,2024-10-05,BR03,Rajahmundry,Andhra Pradesh,CUST00311,Ramesh Naidu,Retail,P011,Bluetooth Speaker,Accessories,1,2616.35,0.05,0.5,Cash
TXN0B9415D55F,2023-09-20,BR03,Rajahmundry,Andhra Pradesh,CUST01069,Deepika Rao,Retail,P020,Home Theatre System,Electronics,2,14738.76,0.0,0.6,Net Banking
TXN2127A32DE0,2024-02-12,BR03,Rajahmundry,Andhra Pradesh,CUST00237,Kavya Rao,Retail,P018,LED TV 43-inch,Electronics,1,25856.3,0.1,0.8,UPI
TXNECFCCFA925,2023-04-19,BR03,Rajahmundry,Andhra Pradesh,CUST01004,Deepika Murthy,Retail,P004,Wireless Earbuds,Mobile,3,3636.94,0.0,0.55,UPI
TXN5EC3DD00E3,2023-06-05,BR03,Rajahmundry,Andhra Pradesh,CUST01105,Suresh Sarma,Wholesale,P010,Wireless Mouse,Accessories,4,837.92,0.15,0.4,Credit Card
TXNDE970C74E0,2023-04-18,BR03,Rajahmundry,Andhra Pradesh,CUST01500,Manoj Naidu,Retail,P015,Refrigerator 300L,Home Appliances,1,37860.18,0.1,0.82,Net Banking
TXNBFBE5F356A,2023-10-15,BR03,Rajahmundry,Andhra Pradesh,CUST01986,Harika Sharma,Wholesale,P002,Mid-range Smartphone 5G,Mobile,1,18394.76,0.25,0.78,UPI
TXNF072876EC6,2023-08-04,BR03,Rajahmundry,Andhra Pradesh,CUST00310,Anitha Prasad,Retail,P002,Mid-range Smartphone 5G,Mobile,1,15116.16,0.0,0.78,Debit Card
TXN523917B16E,2024-10-10,BR03,Rajahmundry,Andhra Pradesh,CUST01136,Suresh Babu,Retail,P003,Flagship Smartphone,Mobile,1,66680.2,0.1,0.75,UPI
TXN53385CA08C,2023-09-01,BR03,Rajahmundry,Andhra Pradesh,CUST01053,Sandeep Rao,Retail,P010,Wireless Mouse,Accessories,1,535.28,0.1,0.4,Debit Card
TXN282782D637,2023-06-14,BR03,Rajahmundry,Andhra Pradesh,CUST00689,Praveen Murthy,Retail,P004,Wireless Earbuds,Mobile,2,1544.64,0.0,0.55,UPI
TXNDC35744CD1,2023-10-13,BR03,Rajahmundry,Andhra Pradesh,CUST00988,Deepika Kumar,Retail,P015,Refrigerator 300L,Home Appliances,1,26978.49,0.1,0.82,UPI
TXN972D9FAE94,2023-01-11,BR03,Rajahmundry,Andhra Pradesh,CUST00195,Manoj Devi,Retail,P019,LED TV 55-inch,Electronics,1,55542.97,0.15,0.79,UPI
TXNACB0526D37,2024-01-11,BR03,Rajahmundry,Andhra Pradesh,CUST00176,Suresh Prasad,Retail,P003,Flagship Smartphone,Mobile,1,73943.79,0.05,0.75,Debit Card
TXN5D6EAB2819,2024-08-20,BR03,Rajahmundry,Andhra Pradesh,CUST00791,Ajay Kumar,Retail,P011,Bluetooth Speaker,Accessories,1,1482.15,0.1,0.5,Net Banking
TXN90FC5E7759,2024-07-01,BR03,Rajahmundry,Andhra Pradesh,CUST00625,Lakshmi Sharma,Retail,P007,Gaming Laptop i7,Laptop,1,128037.44,0.05,0.78,Cash
TXN2CF3C5BCE6,2023-10-23,BR03,Rajahmundry,Andhra Pradesh,CUST00794,Praveen Chowdary,Wholesale,P008,Ultrabook Thin & Light,Laptop,1,56921.84,0.1,0.79,UPI
TXN0DF96E8E40,2023-10-21,BR03,Rajahmundry,Andhra Pradesh,CUST01419,Anitha Sharma,Retail,P019,LED TV 55-inch,Electronics,1,53514.26,0.2,0.79,Debit Card
TXN024BBC5346,2024-02-04,BR03,Rajahmundry,Andhra Pradesh,CUST00152,Sandeep Varma,Retail,P017,Microwave Oven,Home Appliances,2,13972.9,0.0,0.75,Net Banking
TXN3BE8506AB1,2024-07-20,BR03,Rajahmundry,Andhra Pradesh,CUST00468,Meena Devi,Retail,P001,Budget Smartphone 4G,Mobile,4,11317.8,0.15,0.8,Credit Card
TXNC6719C9ED3,2024-01-12,BR03,Rajahmundry,Andhra Pradesh,CUST01908,Vikram Rao,Retail,P001,Budget Smartphone 4G,Mobile,1,9333.02,0.0,0.8,Cash
TXNC64684E1E9,2024-06-07,BR03,Rajahmundry,Andhra Pradesh,CUST00523,Praveen Rao,Retail,P010,Wireless Mouse,Accessories,3,1253.79,0.1,0.4,Cash
TXNC6C194583D,2023-10-31,BR03,Rajahmundry,Andhra Pradesh,CUST01202,Vikram Prasad,Retail,P010,Wireless Mouse,Accessories,1,1477.5,0.0,0.4,Debit Card
TXN4ED2F50F74,2024-12-14,BR03,Rajahmundry,Andhra Pradesh,CUST01564,Sneha Devi,Wholesale,P010,Wireless Mouse,Accessories,2,1415.6,0.15,0.4,Net Banking
TXN4C3EA8267A,2023-05-23,BR03,Rajahmundry,Andhra Pradesh,CUST01226,Aishwarya Murthy,Retail,P006,Business Laptop i5,Laptop,1,50367.05,0.05,0.8,Debit Card
TXN2B43E835AC,2024-02-05,BR03,Rajahmundry,Andhra Pradesh,CUST00978,Kavya Murthy,Wholesale,P020,Home Theatre System,Electronics,4,8042.61,0.15,0.6,Net Banking
TXN428CB8BC7E,2024-08-14,BR03,Rajahmundry,Andhra Pradesh,CUST01748,Suresh Kumar,Retail,P003,Flagship Smartphone,Mobile,1,54533.66,0.15,0.75,UPI
TXN1DCDF3C7CA,2024-10-09,BR03,Rajahmundry,Andhra Pradesh,CUST00124,Arjun Kumar,Retail,P007,Gaming Laptop i7,Laptop,1,91770.3,0.2,0.78,Debit Card
TXN1B66890A50,2024-03-06,BR03,Rajahmundry,Andhra Pradesh,CUST00320,Ravi Babu,Wholesale,P008,Ultrabook Thin & Light,Laptop,1,92932.55,0.0,0.79,UPI
TXN42DF5C6314,2024-02-03,BR03,Rajahmundry,Andhra Pradesh,CUST01772,Lakshmi Devi,Corporate,P008,Ultrabook Thin & Light,Laptop,1,65886.4,0.1,0.79,UPI
TXN3CDE467DCC,2024-08-19,BR03,Rajahmundry,Andhra Pradesh,CUST00940,Harika Sharma,Retail,P008,Ultrabook Thin & Light,Laptop,1,63482.13,0.0,0.79,UPI
TXN310EAA6EEB,2023-04-16,BR03,Rajahmundry,Andhra Pradesh,CUST01981,Ramesh Sharma,Retail,P004,Wireless Earbuds,Mobile,4,4983.68,0.05,0.55,UPI
TXN639B432748,2023-11-27,BR03,Rajahmundry,Andhra Pradesh,CUST01499,Suresh Prasad,Retail,P017,Microwave Oven,Home Appliances,1,13485.35,0.25,0.75,Cash
TXN72A4D76A78,2024-03-09,BR03,Rajahmundry,Andhra Pradesh,CUST01041,Divya Kumar,Retail,P012,Mobile Charger,Accessories,1,1599.29,0.1,0.42,UPI
TXN675A70564D,2023-06-28,BR03,Rajahmundry,Andhra Pradesh,CUST00495,,Retail,P011,Bluetooth Speaker,Accessories,2,3680.9,0.0,0.5,Credit Card
TXN85011FC7E5,2024-01-01,BR03,Rajahmundry,Andhra Pradesh,CUST00294,Ajay Prasad,Retail,P008,Ultrabook Thin & Light,Laptop,1,65000.21,0.1,0.79,Cash
TXN7954E260B2,2023-03-26,BR03,Rajahmundry,Andhra Pradesh,CUST01955,Srinivas Rao,Retail,P001,Budget Smartphone 4G,Mobile,1,12361.79,0.1,0.8,Debit Card
TXN8E78E594ED,2023-10-04,BR03,Rajahmundry,Andhra Pradesh,CUST01280,Arjun Varma,Retail,P016,Washing Machine,Home Appliances,1,25897.9,0.15,0.8,Debit Card
TXNB1C326EED3,2024-08-01,BR03,Rajahmundry,Andhra Pradesh,CUST00452,Kiran Naidu,Retail,P021,Smart Watch,Electronics,1,2394.39,0.05,0.55,Credit Card
TXND5B12CC2F5,2023-10-30,BR03,Rajahmundry,Andhra Pradesh,CUST01518,Divya Devi,Retail,P002,Mid-range Smartphone 5G,Mobile,1,16657.53,0.2,0.78,Net Banking
TXN5E4958892D,2024-01-10,BR03,Rajahmundry,Andhra Pradesh,CUST01925,Kavya Varma,Retail,P018,LED TV 43-inch,Electronics,1,25771.65,0.1,0.8,Credit Card
TXNB09DB41C81,2023-03-19,BR03,Rajahmundry,Andhra Pradesh,CUST00915,Aishwarya Devi,Retail,P001,Budget Smartphone 4G,Mobile,4,11466.63,0.15,0.8,UPI
TXND4857DD4AC,2023-10-08,BR03,Rajahmundry,Andhra Pradesh,CUST00240,Anitha Sarma,Retail,P018,LED TV 43-inch,Electronics,1,24234.15,0.1,0.8,Credit Card
TXN9518D019A0,2024-01-03,BR03,Rajahmundry,Andhra Pradesh,CUST00910,Arjun Devi,Corporate,P002,Mid-range Smartphone 5G,Mobile,1,26875.88,0.0,0.78,Net Banking
TXNEDBC841952,2024-10-12,BR03,Rajahmundry,Andhra Pradesh,CUST00910,Arjun Devi,Corporate,P010,Wireless Mouse,Accessories,4,568.07,0.25,0.4,Debit Card
TXNEE967C2783,2024-01-05,BR03,Rajahmundry,Andhra Pradesh,CUST00959,Manoj Chowdary,Retail,P008,Ultrabook Thin & Light,Laptop,1,89490.03,0.0,0.79,Debit Card
TXN4EB5A5D5D0,2024-05-13,BR03,Rajahmundry,Andhra Pradesh,CUST00228,Ravi Naidu,Retail,P021,Smart Watch,Electronics,1,9987.52,0.0,0.55,Debit Card
TXN0B24314049,2024-07-06,BR03,Rajahmundry,Andhra Pradesh,CUST00397,Meena Sharma,Retail,P012,Mobile Charger,Accessories,1,1164.66,0.0,0.42,Credit Card
TXNF3975C7E03,2023-06-14,BR03,Rajahmundry,Andhra Pradesh,CUST00005,Priya Reddy,Retail,P018,LED TV 43-inch,Electronics,1,30374.09,0.15,0.8,Cash
TXNCB70747D59,2023-08-29,BR03,Rajahmundry,Andhra Pradesh,CUST01191,Kiran Babu,Wholesale,P020,Home Theatre System,Electronics,2,18511.69,0.0,0.6,Net Banking
TXN06EF4319EC,2023-06-04,BR03,Rajahmundry,Andhra Pradesh,CUST00354,Ramesh Reddy,Retail,P011,Bluetooth Speaker,Accessories,3,3009.43,0.0,0.5,Debit Card
TXN813C7E0CC8,2024-07-31,BR03,Rajahmundry,Andhra Pradesh,CUST00328,Ajay Kumar,Retail,P003,Flagship Smartphone,Mobile,1,88214.79,0.15,0.75,Credit Card
TXN8B1BE44BFC,2023-12-24,BR03,Rajahmundry,Andhra Pradesh,CUST01492,Ajay Sarma,Retail,P011,Bluetooth Speaker,Accessories,1,4079.97,0.05,0.5,UPI
TXN44B904EFE2,2024-05-30,BR03,Rajahmundry,Andhra Pradesh,CUST01677,Vikram Devi,Corporate,P006,Business Laptop i5,Laptop,1,53333.07,0.0,0.8,Cash
TXN71B712A0F3,2023-05-27,BR03,Rajahmundry,Andhra Pradesh,CUST01264,Praveen Prasad,Retail,P013,Power Bank,Accessories,1,1605.84,0.15,0.48,Cash
TXNA55C788E07,2023-07-18,BR03,Rajahmundry,Andhra Pradesh,CUST01729,Ravi Murthy,Retail,P001,Budget Smartphone 4G,Mobile,2,8231.07,0.0,0.8,UPI
TXN9DCAAA989E,2024-03-13,BR03,Rajahmundry,Andhra Pradesh,CUST01081,Harika Rao,Retail,P021,Smart Watch,Electronics,2,11062.59,0.15,0.55,Cash
TXNE9648BA5F0,2023-01-08,BR03,Rajahmundry,Andhra Pradesh,CUST00939,Ajay Sarma,Retail,P004,Wireless Earbuds,Mobile,2,3682.03,0.15,0.55,UPI
TXND11989D3D0,2024-10-26,BR03,Rajahmundry,Andhra Pradesh,CUST00093,Kavya Kumar,Retail,P009,Laptop Bag,Accessories,2,741.54,0.25,0.45,UPI
TXN21417561D0,2024-03-13,BR03,Rajahmundry,Andhra Pradesh,CUST01691,Vikram Kumar,Retail,P010,Wireless Mouse,Accessories,1,1399.52,0.0,0.4,Credit Card
TXNEBC07FC08F,2024-09-14,BR03,Rajahmundry,Andhra Pradesh,CUST01356,Srinivas Sharma,Wholesale,P019,LED TV 55-inch,Electronics,1,40645.48,0.1,0.79,Cash
TXN832B9973E4,2024-11-18,BR03,Rajahmundry,Andhra Pradesh,CUST00905,Ramesh Sharma,Retail,P012,Mobile Charger,Accessories,4,1142.94,0.05,0.42,Net Banking
TXND7E49D69B8,2024-06-05,BR03,Rajahmundry,Andhra Pradesh,CUST00563,Kiran Kumar,Retail,P001,Budget Smartphone 4G,Mobile,4,8820.51,0.1,0.8,Cash
TXNEC6B56F77F,2024-01-06,BR03,Rajahmundry,Andhra Pradesh,CUST01016,Anitha Devi,Retail,P017,Microwave Oven,Home Appliances,4,9781.19,0.0,0.75,Cash
TXNE6A3012467,2024-06-30,BR03,Rajahmundry,Andhra Pradesh,CUST01957,Vikram Devi,Retail,P015,Refrigerator 300L,Home Appliances,1,30705.73,0.1,0.82,UPI
TXN944DAF0DD6,2024-07-03,BR03,Rajahmundry,Andhra Pradesh,CUST00623,Praveen Varma,Retail,P018,LED TV 43-inch,Electronics,1,24380.76,0.1,0.8,UPI
TXNEE2A6CFE6E,2023-06-29,BR03,Rajahmundry,Andhra Pradesh,CUST00698,Manoj Sarma,Retail,P004,Wireless Earbuds,Mobile,1,5468.06,0.1,0.55,UPI
TXNCCF8148B4C,2024-11-30,BR03,Rajahmundry,Andhra Pradesh,CUST00628,Kavya Sarma,Retail,P019,LED TV 55-inch,Electronics,1,48554.14,0.15,0.79,Credit Card
TXN9074A54006,2024-05-21,BR03,Rajahmundry,Andhra Pradesh,CUST00907,Kavya Babu,Retail,P004,Wireless Earbuds,Mobile,4,4727.09,0.0,0.55,UPI
TXN5433A43188,2023-09-18,BR03,Rajahmundry,Andhra Pradesh,CUST01775,Sneha Sharma,Corporate,P008,Ultrabook Thin & Light,Laptop,1,82241.56,0.0,0.79,UPI
TXN9EF348037F,2024-09-18,BR03,Rajahmundry,Andhra Pradesh,CUST00607,Meena Devi,Wholesale,P010,Wireless Mouse,Accessories,3,1403.16,0.0,0.4,Debit Card
TXN5648D81CB4,2023-12-25,BR03,Rajahmundry,Andhra Pradesh,CUST00403,Naveen Devi,Retail,P012,Mobile Charger,Accessories,1,652.66,0.0,0.42,Cash
TXN5053F7FDF9,2023-11-04,BR03,Rajahmundry,Andhra Pradesh,CUST01429,Sneha Sarma,Wholesale,P003,Flagship Smartphone,Mobile,1,71991.16,0.0,0.75,UPI
TXN3FDE7CC379,2024-10-27,BR03,Rajahmundry,Andhra Pradesh,CUST00358,Naveen Babu,Retail,P014,Split AC 1.5 Ton,Home Appliances,1,34228.91,0.1,0.83,UPI
TXNC5C0C91BD2,2023-06-27,BR03,Rajahmundry,Andhra Pradesh,CUST00368,Divya Sharma,Retail,P016,Washing Machine,Home Appliances,1,26921.55,0.1,0.8,UPI
TXN05828AED8D,2023-11-05,BR03,Rajahmundry,Andhra Pradesh,CUST01818,Harika Kumar,Retail,P013,Power Bank,Accessories,4,1152.14,0.2,0.48,UPI
TXNEAD6CB2654,2023-09-09,BR03,Rajahmundry,Andhra Pradesh,CUST00379,Swathi Sarma,Retail,P021,Smart Watch,Electronics,1,11137.56,0.1,0.55,UPI
TXN3B9246C1D7,2024-01-28,BR03,Rajahmundry,Andhra Pradesh,CUST00278,Naveen Prasad,Retail,P003,Flagship Smartphone,Mobile,1,55087.87,0.1,0.75,UPI
TXND8CF9AB835,2024-06-08,BR03,Rajahmundry,Andhra Pradesh,CUST00746,Swathi Sarma,Retail,P001,Budget Smartphone 4G,Mobile,1,10907.63,0.0,0.8,UPI
TXN362EA12AF1,2023-04-16,BR03,Rajahmundry,Andhra Pradesh,CUST01195,Manoj Chowdary,Retail,P012,Mobile Charger,Accessories,2,1351.23,0.1,0.42,UPI
TXN9D56AC83FF,2023-07-18,BR03,Rajahmundry,Andhra Pradesh,CUST01904,Harika Reddy,Retail,P019,LED TV 55-inch,Electronics,1,38119.61,0.15,0.79,UPI
TXN572128A937,2023-07-05,BR03,Rajahmundry,Andhra Pradesh,CUST01881,Arjun Chowdary,Retail,P021,Smart Watch,Electronics,1,9902.01,0.05,0.55,Credit Card
TXN0904413277,2024-09-08,BR03,Rajahmundry,Andhra Pradesh,CUST01789,Sneha Sarma,Retail,P003,Flagship Smartphone,Mobile,1,76984.59,0.05,0.75,UPI
TXNB8EAF9D3DB,2024-11-29,BR03,Rajahmundry,Andhra Pradesh,CUST00389,Aishwarya Naidu,Retail,P006,Business Laptop i5,Laptop,1,42156.4,0.1,0.8,UPI
TXNBF5ABE4D14,2024-01-07,BR03,Rajahmundry,Andhra Pradesh,CUST01717,Meena Devi,Wholesale,P001,Budget Smartphone 4G,Mobile,1,10064.99,0.05,0.8,UPI
TXNEE26C4ED5C,2023-09-09,BR03,Rajahmundry,Andhra Pradesh,CUST00136,Harika Sharma,Wholesale,P010,Wireless Mouse,Accessories,1,1323.58,0.05,0.4,Net Banking
TXNFA319A7FB2,2024-05-26,BR03,Rajahmundry,Andhra Pradesh,CUST01972,Meena Sarma,Retail,P012,Mobile Charger,Accessories,4,915.83,0.05,0.42,UPI
TXN86FBAB4225,2024-09-18,BR03,Rajahmundry,Andhra Pradesh,CUST01436,Kavya Sharma,Wholesale,P003,Flagship Smartphone,Mobile,1,67180.91,0.05,0.75,Cash
TXN6F3AE6375D,2023-01-06,BR03,Rajahmundry,Andhra Pradesh,CUST01683,Sandeep Kumar,Retail,P020,Home Theatre System,Electronics,1,5917.99,0.05,0.6,Debit Card
TXNF422E16DC6,2023-06-18,BR03,Rajahmundry,Andhra Pradesh,CUST01870,Meena Reddy,Retail,P010,Wireless Mouse,Accessories,1,660.14,0.15,0.4,Credit Card
TXN18E037B33C,2024-10-04,BR03,Rajahmundry,Andhra Pradesh,CUST01259,Lakshmi Devi,Wholesale,P007,Gaming Laptop i7,Laptop,1,119817.61,0.15,0.78,Credit Card
TXN74380AD025,2023-06-03,BR03,Rajahmundry,Andhra Pradesh,CUST01952,Priya Murthy,Retail,P011,Bluetooth Speaker,Accessories,2,4324.73,0.05,0.5,Credit Card
TXN8618FBE2EF,2024-10-20,BR03,Rajahmundry,Andhra Pradesh,CUST00657,Suresh Prasad,Retail,P010,Wireless Mouse,Accessories,1,481.21,0.2,0.4,Net Banking
TXN5765FB1591,2023-04-05,BR03,Rajahmundry,Andhra Pradesh,CUST00377,Anitha Rao,Retail,P008,Ultrabook Thin & Light,Laptop,1,82156.08,0.15,0.79,Cash
TXN4B4F472596,2024-11-20,BR03,Rajahmundry,Andhra Pradesh,CUST00958,Suresh Murthy,Retail,P013,Power Bank,Accessories,2,801.8,0.05,0.48,Cash
TXN2EDD88374A,2024-11-14,BR03,Rajahmundry,Andhra Pradesh,CUST00327,Praveen Murthy,Wholesale,P006,Business Laptop i5,Laptop,1,57845.56,0.05,0.8,Credit Card
TXN3D90B45DD2,2024-07-10,BR03,Rajahmundry,Andhra Pradesh,CUST01967,Manoj Devi,Corporate,P001,Budget Smartphone 4G,Mobile,2,8015.49,0.05,0.8,Net Banking
TXN038CD63AE8,2023-10-31,BR03,Rajahmundry,Andhra Pradesh,CUST00929,Priya Rao,Retail,P009,Laptop Bag,Accessories,1,1972.88,0.05,0.45,Cash
TXND95283B9FF,2024-12-17,BR03,Rajahmundry,Andhra Pradesh,CUST01020,Naveen Reddy,Retail,P005,Entry Laptop i3,Laptop,1,35779.34,0.05,0.82,Cash
TXN228645DD57,2024-09-30,BR03,Rajahmundry,Andhra Pradesh,CUST00390,Harika Babu,Retail,P001,Budget Smartphone 4G,Mobile,1,8756.13,0.15,0.8,Net Banking
TXNEA7B0E362C,2024-07-19,BR03,Rajahmundry,Andhra Pradesh,CUST00022,Praveen Sharma,Retail,P009,Laptop Bag,Accessories,1,1269.08,0.1,0.45,UPI
TXN4FF60518B4,2023-03-20,BR03,Rajahmundry,Andhra Pradesh,CUST01588,Srinivas Kumar,Retail,P018,LED TV 43-inch,Electronics,1,26406.79,0.1,0.8,Net Banking
TXN17488C7B1C,2024-03-24,BR03,Rajahmundry,Andhra Pradesh,CUST01908,Vikram Rao,Retail,P011,Bluetooth Speaker,Accessories,1,1982.38,0.0,0.5,Credit Card
TXN7ABC3316C2,2024-10-11,BR03,Rajahmundry,Andhra Pradesh,CUST01712,Naveen Chowdary,Retail,P001,Budget Smartphone 4G,Mobile,3,11875.68,0.2,0.8,UPI
TXN4B42EAE1D5,2023-04-17,BR03,Rajahmundry,Andhra Pradesh,CUST01545,Aishwarya Sarma,Retail,P001,Budget Smartphone 4G,Mobile,1,13155.15,0.0,0.8,Cash
TXN34097510A8,2024-01-18,BR03,Rajahmundry,Andhra Pradesh,CUST00110,Vikram Devi,Retail,P007,Gaming Laptop i7,Laptop,1,105687.43,0.15,0.78,UPI
TXNB62EB7EC8F,2023-07-12,BR03,Rajahmundry,Andhra Pradesh,CUST00208,Deepika Babu,Wholesale,P015,Refrigerator 300L,Home Appliances,1,25907.75,0.0,0.82,UPI
TXN2139B2B2F2,2024-11-06,BR03,Rajahmundry,Andhra Pradesh,CUST00620,Priya Varma,Wholesale,P020,Home Theatre System,Electronics,3,19873.95,0.25,0.6,UPI
TXN4B2DE27FA0,2023-11-01,BR03,Rajahmundry,Andhra Pradesh,CUST01998,Sandeep Kumar,Retail,P021,Smart Watch,Electronics,1,8933.4,0.15,0.55,UPI
TXN19432FC873,2023-07-31,BR03,Rajahmundry,Andhra Pradesh,CUST01108,Kiran Babu,Corporate,P005,Entry Laptop i3,Laptop,1,36706.17,0.0,0.82,UPI
TXNCCD6E8B4D5,2024-03-16,BR03,Rajahmundry,Andhra Pradesh,CUST00783,Naveen Prasad,Retail,P001,Budget Smartphone 4G,Mobile,1,13264.42,0.0,0.8,UPI
TXNF2C30D81D8,2024-09-29,BR03,Rajahmundry,Andhra Pradesh,CUST01962,Ajay Babu,Retail,P013,Power Bank,Accessories,1,1123.14,0.0,0.48,Net Banking
TXN1F42DE5A7D,2024-11-24,BR03,Rajahmundry,Andhra Pradesh,CUST01943,Lakshmi Reddy,Retail,P013,Power Bank,Accessories,1,1050.38,0.1,0.48,Cash
TXN863883E5A3,2024-04-04,BR03,Rajahmundry,Andhra Pradesh,CUST01085,Vikram Prasad,Retail,P002,Mid-range Smartphone 5G,Mobile,1,17024.66,0.0,0.78,UPI
TXN3A08629091,2024-03-22,BR03,Rajahmundry,Andhra Pradesh,CUST00670,Ajay Sarma,Retail,P018,LED TV 43-inch,Electronics,1,28144.91,0.05,0.8,UPI
TXN510F3F91DA,2023-11-21,BR03,Rajahmundry,Andhra Pradesh,CUST00912,Deepika Chowdary,Wholesale,P005,Entry Laptop i3,Laptop,1,28334.67,0.1,0.82,UPI
TXN55E5F0CF3A,2023-09-01,BR03,Rajahmundry,Andhra Pradesh,CUST00303,Naveen Naidu,Retail,P004,Wireless Earbuds,Mobile,3,5330.14,0.05,0.55,Credit Card
TXN2A7BCFF9AA,2024-04-19,BR03,Rajahmundry,Andhra Pradesh,CUST01087,Kiran Murthy,Wholesale,P002,Mid-range Smartphone 5G,Mobile,1,21490.47,0.05,0.78,UPI
TXNA0D2A00DF4,2024-12-23,BR03,Rajahmundry,Andhra Pradesh,CUST01751,Aishwarya Reddy,Retail,P005,Entry Laptop i3,Laptop,1,33895.96,0.05,0.82,UPI
TXN28FB379C13,2024-08-06,BR03,Rajahmundry,Andhra Pradesh,CUST00519,Vikram Sharma,Retail,P001,Budget Smartphone 4G,Mobile,1,11443.71,0.15,0.8,UPI
TXN3317212F75,2024-04-20,BR03,Rajahmundry,Andhra Pradesh,CUST00845,Lakshmi Murthy,Retail,P020,Home Theatre System,Electronics,1,10708.67,0.05,0.6,Debit Card
TXNB7057F5F9A,2023-03-19,BR03,Rajahmundry,Andhra Pradesh,CUST01303,Ravi Chowdary,Retail,P004,Wireless Earbuds,Mobile,3,2334.39,0.0,0.55,Credit Card
TXNF9A7595C85,2024-05-19,BR03,Rajahmundry,Andhra Pradesh,CUST01514,Aishwarya Prasad,Retail,P004,Wireless Earbuds,Mobile,2,4407.29,0.05,0.55,Credit Card
TXN69266925B6,2023-02-14,BR03,Rajahmundry,Andhra Pradesh,CUST01814,Deepika Varma,Wholesale,P014,Split AC 1.5 Ton,Home Appliances,1,33704.15,0.1,0.83,UPI
TXN405CED2817,2024-02-03,BR03,Rajahmundry,Andhra Pradesh,CUST01216,Arjun Rao,Retail,P010,Wireless Mouse,Accessories,1,477.47,0.15,0.4,Credit Card
TXNA38569DBE6,2024-09-22,BR03,Rajahmundry,Andhra Pradesh,CUST01530,Ravi Devi,Retail,P020,Home Theatre System,Electronics,2,8731.66,0.0,0.6,Cash
TXN257CE4DA63,2023-11-28,BR03,Rajahmundry,Andhra Pradesh,CUST00666,Kavya Reddy,Retail,P021,Smart Watch,Electronics,1,2107.99,0.2,0.55,UPI
TXNFA7A4FD830,2024-08-03,BR03,Rajahmundry,Andhra Pradesh,CUST01578,Meena Naidu,Retail,P001,Budget Smartphone 4G,Mobile,2,8974.56,0.0,0.8,Credit Card
TXN4120EC20A1,2024-09-23,BR03,Rajahmundry,Andhra Pradesh,CUST00020,Divya Rao,Wholesale,P004,Wireless Earbuds,Mobile,1,5938.37,0.05,0.55,UPI
TXN58163A94AA,2024-10-12,BR03,Rajahmundry,Andhra Pradesh,CUST00703,Lakshmi Reddy,Retail,P013,Power Bank,Accessories,1,1363.88,0.2,0.48,UPI
TXN1889E625DE,2024-09-21,BR03,Rajahmundry,Andhra Pradesh,CUST00764,Kiran Naidu,Retail,P010,Wireless Mouse,Accessories,1,384.98,0.05,0.4,Cash
TXN3543BAB55F,2023-02-04,BR03,Rajahmundry,Andhra Pradesh,CUST01529,Srinivas Kumar,Corporate,P011,Bluetooth Speaker,Accessories,4,3283.57,0.15,0.5,Credit Card
TXN1D70337812,2023-03-25,BR03,Rajahmundry,Andhra Pradesh,CUST00535,Naveen Prasad,Retail,P002,Mid-range Smartphone 5G,Mobile,1,24453.06,0.0,0.78,UPI
TXN561D80CEDF,2023-06-27,BR03,Rajahmundry,Andhra Pradesh,CUST00950,Arjun Kumar,Retail,P010,Wireless Mouse,Accessories,4,840.92,0.15,0.4,Debit Card
TXN3B31DD1400,2024-09-03,BR03,Rajahmundry,Andhra Pradesh,CUST01693,Lakshmi Babu,Retail,P020,Home Theatre System,Electronics,2,12587.05,0.1,0.6,Credit Card
TXN4DD14B0638,2023-02-27,BR03,Rajahmundry,Andhra Pradesh,CUST00919,Ajay Varma,Retail,P011,Bluetooth Speaker,Accessories,1,4002.58,0.15,0.5,Cash
TXN5D85EF62D5,2023-08-21,BR03,Rajahmundry,Andhra Pradesh,CUST01162,Ravi Varma,Retail,P001,Budget Smartphone 4G,Mobile,1,10490.71,0.0,0.8,UPI
TXN4058882476,2023-12-31,BR03,Rajahmundry,Andhra Pradesh,CUST01690,Suresh Devi,Retail,P004,Wireless Earbuds,Mobile,1,4811.35,0.0,0.55,Debit Card
TXN04178696B0,2024-07-20,BR03,Rajahmundry,Andhra Pradesh,CUST01114,Vikram Rao,Wholesale,P008,Ultrabook Thin & Light,Laptop,1,77792.1,0.15,0.79,Debit Card
TXNA67866FB2A,2023-06-20,BR03,Rajahmundry,Andhra Pradesh,CUST01325,Ramesh Kumar,Corporate,P018,LED TV 43-inch,Electronics,1,31444.34,0.05,0.8,UPI
TXN2339D26FA8,2024-10-10,BR03,Rajahmundry,Andhra Pradesh,CUST01023,Vikram Naidu,Wholesale,P019,LED TV 55-inch,Electronics,1,55252.38,0.1,0.79,Debit Card
TXNE11268FABF,2024-06-05,BR03,Rajahmundry,Andhra Pradesh,CUST01832,Anitha Naidu,Retail,P018,LED TV 43-inch,Electronics,1,34247.84,0.1,0.8,UPI
TXN3995B2FC41,2024-08-11,BR03,Rajahmundry,Andhra Pradesh,CUST00857,Praveen Babu,Retail,P009,Laptop Bag,Accessories,1,1819.05,0.0,0.45,Credit Card
TXN53A5AE6E21,2023-04-30,BR03,Rajahmundry,Andhra Pradesh,CUST00932,Manoj Reddy,Corporate,P007,Gaming Laptop i7,Laptop,1,102456.42,0.05,0.78,Cash
TXN386D800CF1,2023-11-10,BR03,Rajahmundry,Andhra Pradesh,CUST00662,Ajay Sarma,Corporate,P004,Wireless Earbuds,Mobile,1,2581.47,0.2,0.55,Net Banking
TXN4199D7AD9D,2024-07-26,BR03,Rajahmundry,Andhra Pradesh,CUST00085,Meena Rao,Retail,P002,Mid-range Smartphone 5G,Mobile,1,22958.14,0.1,0.78,UPI
TXN6B651C843A,2024-02-06,BR03,Rajahmundry,Andhra Pradesh,CUST01754,Priya Kumar,Retail,P001,Budget Smartphone 4G,Mobile,4,9880.47,0.0,0.8,UPI
TXN520DE1BF8F,2024-01-06,BR03,Rajahmundry,Andhra Pradesh,CUST00932,Manoj Reddy,Corporate,P006,Business Laptop i5,Laptop,1,52381.25,0.0,0.8,UPI
TXN4F04CD05F9,2023-09-14,BR03,Rajahmundry,Andhra Pradesh,CUST00278,Naveen Prasad,Retail,P018,LED TV 43-inch,Electronics,1,25508.05,0.0,0.8,UPI
TXN12EFCFDC34,2024-09-10,BR03,Rajahmundry,Andhra Pradesh,CUST01661,Sandeep Murthy,Retail,P015,Refrigerator 300L,Home Appliances,1,31565.82,0.0,0.82,UPI
TXN749617CAC6,2024-04-05,BR03,Rajahmundry,Andhra Pradesh,CUST00982,Meena Kumar,Retail,P004,Wireless Earbuds,Mobile,2,1733.61,0.0,0.55,UPI
TXNFC66AEB92B,2023-01-14,BR03,Rajahmundry,Andhra Pradesh,CUST00213,Kiran Prasad,Retail,P009,Laptop Bag,Accessories,1,1595.63,0.0,0.45,Cash
TXN1AB9AB033B,2023-01-26,BR03,Rajahmundry,Andhra Pradesh,CUST00385,Sandeep Babu,Wholesale,P011,Bluetooth Speaker,Accessories,1,4969.63,0.1,0.5,Net Banking
TXNF3567EB253,2023-06-20,BR03,Rajahmundry,Andhra Pradesh,CUST01283,Naveen Prasad,Retail,P010,Wireless Mouse,Accessories,3,1219.89,0.0,0.4,Net Banking
TXNC3446DF3D9,2023-12-16,BR03,Rajahmundry,Andhra Pradesh,CUST01735,Pooja Murthy,Retail,P003,Flagship Smartphone,Mobile,1,66356.23,0.05,0.75,UPI
TXN5EF19D2091,2023-08-15,BR03,Rajahmundry,Andhra Pradesh,CUST01317,Swathi Murthy,Retail,P008,Ultrabook Thin & Light,Laptop,1,58790.4,0.1,0.79,UPI
TXN28A4FF6833,2024-10-25,BR03,Rajahmundry,Andhra Pradesh,CUST01461,Ravi Babu,Retail,P002,Mid-range Smartphone 5G,Mobile,1,18427.3,0.0,0.78,UPI
TXN7CC5788A99,2023-02-20,BR03,Rajahmundry,Andhra Pradesh,CUST01332,Naveen Devi,Retail,P019,LED TV 55-inch,Electronics,1,56373.0,0.05,0.79,Cash
TXN8ECC2C2A00,2024-01-29,BR03,Rajahmundry,Andhra Pradesh,CUST00535,Naveen Prasad,Retail,P001,Budget Smartphone 4G,Mobile,3,10933.77,0.0,0.8,Credit Card
TXN4A139D86E3,2023-10-23,BR03,Rajahmundry,Andhra Pradesh,CUST01037,Aishwarya Kumar,Retail,P013,Power Bank,Accessories,1,1075.98,0.2,0.48,Debit Card
TXNC8E69A234C,2024-01-17,BR03,Rajahmundry,Andhra Pradesh,CUST00184,Lakshmi Prasad,Retail,P009,Laptop Bag,Accessories,1,1831.02,0.15,0.45,Credit Card
TXN30C75FA154,2023-08-07,BR03,Rajahmundry,Andhra Pradesh,CUST01978,Ravi Sarma,Wholesale,P011,Bluetooth Speaker,Accessories,1,2667.11,0.05,0.5,Net Banking
TXN86222E1201,2024-01-05,BR03,Rajahmundry,Andhra Pradesh,CUST01071,Praveen Kumar,Retail,P016,Washing Machine,Home Appliances,1,30064.45,0.15,0.8,UPI
TXN864ACE7275,2023-02-22,BR03,Rajahmundry,Andhra Pradesh,CUST00692,Praveen Devi,Retail,P014,Split AC 1.5 Ton,Home Appliances,1,40047.23,0.15,0.83,UPI
TXN806C557F24,2023-03-05,BR03,Rajahmundry,Andhra Pradesh,CUST00553,Praveen Sarma,Retail,P011,Bluetooth Speaker,Accessories,1,3510.21,0.15,0.5,Cash
TXND8A965AFCF,2023-09-15,BR03,Rajahmundry,Andhra Pradesh,CUST00627,Naveen Sharma,Corporate,P006,Business Laptop i5,Laptop,1,49260.29,0.1,0.8,Cash
TXN25B5E8DB7A,2024-03-12,BR03,Rajahmundry,Andhra Pradesh,CUST01350,Sneha Kumar,Retail,P017,Microwave Oven,Home Appliances,4,14117.54,0.0,0.75,UPI
TXN484D3C9312,2023-02-21,BR03,Rajahmundry,Andhra Pradesh,CUST01944,Naveen Babu,Retail,P009,Laptop Bag,Accessories,4,1691.06,0.15,0.45,Debit Card
TXN88A1555303,2024-01-04,BR03,Rajahmundry,Andhra Pradesh,CUST00948,Suresh Murthy,Retail,P017,Microwave Oven,Home Appliances,1,13759.19,0.1,0.75,Cash
TXNA6246662E1,2024-02-24,BR03,Rajahmundry,Andhra Pradesh,CUST00248,Manoj Kumar,Retail,P014,Split AC 1.5 Ton,Home Appliances,1,45766.62,0.15,0.83,UPI
TXND1338E1F1F,2024-10-27,BR03,Rajahmundry,Andhra Pradesh,CUST00087,Sneha Kumar,Retail,P014,Split AC 1.5 Ton,Home Appliances,1,39037.6,0.15,0.83,Credit Card
TXN3AB2175EDB,2023-03-12,BR03,Rajahmundry,Andhra Pradesh,CUST01799,Sandeep Kumar,Retail,P005,Entry Laptop i3,Laptop,1,31829.54,0.0,0.82,Debit Card
TXNC753FA98E0,2024-12-17,BR03,Rajahmundry,Andhra Pradesh,CUST01298,Swathi Sarma,Retail,P011,Bluetooth Speaker,Accessories,4,1359.38,0.0,0.5,UPI
TXNCAA6637302,2024-05-04,BR03,Rajahmundry,Andhra Pradesh,CUST00582,Divya Rao,Wholesale,P002,Mid-range Smartphone 5G,Mobile,1,22380.72,0.05,0.78,Cash
TXN58FEB531BF,2023-07-05,BR03,Rajahmundry,Andhra Pradesh,CUST01619,Harika Murthy,Retail,P020,Home Theatre System,Electronics,1,15000.32,0.05,0.6,Credit Card
TXNBA985C1DF9,2023-01-04,BR03,Rajahmundry,Andhra Pradesh,CUST00185,Ramesh Babu,Retail,P019,LED TV 55-inch,Electronics,1,59659.03,0.15,0.79,Credit Card
TXN69F7C28A7D,2023-10-19,BR03,Rajahmundry,Andhra Pradesh,CUST01394,Arjun Chowdary,Retail,P012,Mobile Charger,Accessories,1,1421.88,0.2,0.42,Cash
TXNE0576DAABF,2024-07-09,BR03,Rajahmundry,Andhra Pradesh,CUST00122,Swathi Naidu,Retail,P011,Bluetooth Speaker,Accessories,1,4246.42,0.15,0.5,Credit Card
TXND84485B6F5,2023-07-22,BR03,Rajahmundry,Andhra Pradesh,CUST01151,Kiran Sarma,Wholesale,P015,Refrigerator 300L,Home Appliances,1,29989.38,0.0,0.82,UPI
TXNF0F0663FD4,2024-01-26,BR03,Rajahmundry,Andhra Pradesh,CUST01722,Ajay Devi,Retail,P009,Laptop Bag,Accessories,2,1055.05,0.15,0.45,Debit Card
TXN18004EB329,2024-11-27,BR03,Rajahmundry,Andhra Pradesh,CUST00126,Ravi Rao,Retail,P019,LED TV 55-inch,Electronics,1,56136.71,0.2,0.79,Debit Card
TXNA1DF8E6205,2024-07-07,BR03,Rajahmundry,Andhra Pradesh,CUST00615,Manoj Babu,Retail,P009,Laptop Bag,Accessories,1,1007.27,0.1,0.45,Credit Card
TXNC1750FEB45,2023-12-20,BR03,Rajahmundry,Andhra Pradesh,CUST01124,Sneha Prasad,Retail,P009,Laptop Bag,Accessories,2,1158.84,0.0,0.45,Cash
TXNA29FB82208,2023-09-14,BR03,Rajahmundry,Andhra Pradesh,CUST01228,Meena Prasad,Retail,P020,Home Theatre System,Electronics,1,8908.29,0.1,0.6,Debit Card
TXN793AF75CA4,2023-11-10,BR03,Rajahmundry,Andhra Pradesh,CUST00664,Srinivas Varma,Retail,P002,Mid-range Smartphone 5G,Mobile,1,16166.16,0.25,0.78,Credit Card
TXNDFEC1D37B0,2024-11-20,BR03,Rajahmundry,Andhra Pradesh,CUST01881,Arjun Chowdary,Retail,P004,Wireless Earbuds,Mobile,1,5595.16,0.0,0.55,UPI
TXN5D605E9A20,2023-03-26,BR03,Rajahmundry,Andhra Pradesh,CUST01113,Swathi Murthy,Retail,P004,Wireless Earbuds,Mobile,1,4256.0,0.15,0.55,UPI
TXNE84342C141,2024-02-24,BR03,Rajahmundry,Andhra Pradesh,CUST00257,Naveen Sarma,Retail,P002,Mid-range Smartphone 5G,Mobile,1,22039.26,0.0,0.78,Credit Card
TXN623EF4F3D3,2023-03-03,BR03,Rajahmundry,Andhra Pradesh,CUST00698,Manoj Sarma,Retail,P018,LED TV 43-inch,Electronics,1,22359.97,0.15,0.8,UPI
TXNC544EDF378,2023-04-12,BR03,Rajahmundry,Andhra Pradesh,CUST00875,Manoj Naidu,Corporate,P019,LED TV 55-inch,Electronics,1,47811.52,0.0,0.79,Cash
TXNBCD2A4A648,2023-08-12,BR03,Rajahmundry,Andhra Pradesh,CUST01478,Praveen Kumar,Retail,P021,Smart Watch,Electronics,1,7818.14,0.05,0.55,Debit Card
TXNBFFE07A682,2024-01-05,BR03,Rajahmundry,Andhra Pradesh,CUST00825,Arjun Reddy,Retail,P009,Laptop Bag,Accessories,3,1247.19,0.05,0.45,UPI
TXN59F3076821,2024-02-04,BR03,Rajahmundry,Andhra Pradesh,CUST00212,Ravi Rao,Retail,P016,Washing Machine,Home Appliances,1,21347.18,0.0,0.8,UPI
TXNC38D8CB91D,2024-08-19,BR03,Rajahmundry,Andhra Pradesh,CUST01360,Vikram Varma,Wholesale,P018,LED TV 43-inch,Electronics,1,27524.37,0.15,0.8,Net Banking
TXNFDFD4C1320,2023-10-13,BR03,Rajahmundry,Andhra Pradesh,CUST01772,Lakshmi Devi,Corporate,P013,Power Bank,Accessories,1,923.81,0.1,0.48,Cash
TXN2574DCB2AA,2024-04-24,BR03,Rajahmundry,Andhra Pradesh,CUST01888,Divya Naidu,Retail,P011,Bluetooth Speaker,Accessories,4,1642.16,0.1,0.5,Credit Card
TXNBDAD0D174E,2024-05-23,BR03,Rajahmundry,Andhra Pradesh,CUST00388,Pooja Varma,Retail,P007,Gaming Laptop i7,Laptop,1,101924.78,0.0,0.78,UPI
TXN1783047746,2024-09-06,BR03,Rajahmundry,Andhra Pradesh,CUST00008,Ajay Devi,Retail,P005,Entry Laptop i3,Laptop,1,33039.33,0.05,0.82,UPI
TXN7AC7D4AE96,2024-03-07,BR03,Rajahmundry,Andhra Pradesh,CUST00213,Kiran Prasad,Retail,P001,Budget Smartphone 4G,Mobile,1,8182.35,0.15,0.8,Net Banking
TXNC675447334,2023-08-14,BR03,Rajahmundry,Andhra Pradesh,CUST00467,Kiran Devi,Retail,P010,Wireless Mouse,Accessories,1,1147.72,0.0,0.4,Net Banking
TXN9C2F78A0B2,2024-05-04,BR03,Rajahmundry,Andhra Pradesh,CUST00718,Priya Murthy,Retail,P014,Split AC 1.5 Ton,Home Appliances,1,43575.94,0.1,0.83,Cash
TXNCA1D41D090,2024-09-13,BR03,Rajahmundry,Andhra Pradesh,CUST00246,Sandeep Murthy,Retail,P014,Split AC 1.5 Ton,Home Appliances,1,39182.27,0.05,0.83,UPI
TXN50A8A2599C,2023-10-27,BR03,Rajahmundry,Andhra Pradesh,CUST00978,Kavya Murthy,Wholesale,P020,Home Theatre System,Electronics,1,10191.1,0.15,0.6,Cash
TXN4BBFF301F4,2023-01-07,BR03,Rajahmundry,Andhra Pradesh,CUST01272,Sandeep Reddy,Retail,P001,Budget Smartphone 4G,Mobile,2,12183.25,0.1,0.8,UPI
TXN1B9153DC9C,2024-06-19,BR03,Rajahmundry,Andhra Pradesh,CUST00297,Vikram Chowdary,Retail,P005,Entry Laptop i3,Laptop,1,35869.63,0.15,0.82,Cash
TXNA5A94C0BAD,2024-09-16,BR03,Rajahmundry,Andhra Pradesh,CUST00474,Deepika Prasad,Retail,P015,Refrigerator 300L,Home Appliances,1,25534.76,0.0,0.82,UPI
TXN14877F3E20,2024-04-08,BR03,Rajahmundry,Andhra Pradesh,CUST00534,Suresh Murthy,Retail,P004,Wireless Earbuds,Mobile,2,1851.07,0.0,0.55,Net Banking
TXNF8DD54BFFB,2023-11-14,BR03,Rajahmundry,Andhra Pradesh,CUST00036,Meena Devi,Retail,P009,Laptop Bag,Accessories,3,1468.93,0.2,0.45,UPI
TXN2B621F84DC,2024-09-24,BR03,Rajahmundry,Andhra Pradesh,CUST00241,Praveen Naidu,Retail,P012,Mobile Charger,Accessories,1,580.66,0.1,0.42,UPI
TXNBDFF591459,2023-05-12,BR03,Rajahmundry,Andhra Pradesh,CUST01004,Deepika Murthy,Retail,P019,LED TV 55-inch,Electronics,1,46044.27,0.0,0.79,Debit Card
TXNC8DB4C9973,2023-10-16,BR03,Rajahmundry,Andhra Pradesh,CUST01331,Suresh Rao,Retail,P007,Gaming Laptop i7,Laptop,1,103908.84,0.25,0.78,Cash
TXN5EF721F477,2023-03-10,BR03,Rajahmundry,Andhra Pradesh,CUST00719,Pooja Devi,Retail,P009,Laptop Bag,Accessories,4,1071.35,0.0,0.45,Cash
TXNF4F4FF5D62,2024-05-23,BR03,Rajahmundry,Andhra Pradesh,CUST01593,Meena Babu,Retail,P004,Wireless Earbuds,Mobile,1,3482.38,0.1,0.55,UPI
TXN5072DE4095,2023-08-13,BR03,Rajahmundry,Andhra Pradesh,CUST01451,Arjun Murthy,Retail,P002,Mid-range Smartphone 5G,Mobile,1,26540.52,0.1,0.78,Cash
TXNB31A5691D5,2024-10-29,BR03,Rajahmundry,Andhra Pradesh,CUST01863,Praveen Murthy,Retail,P013,Power Bank,Accessories,4,924.91,0.1,0.48,Cash
TXN808FCC9EFA,2023-06-17,BR03,Rajahmundry,Andhra Pradesh,CUST00988,Deepika Kumar,Retail,P015,Refrigerator 300L,Home Appliances,1,27763.99,0.05,0.82,UPI
TXN5DD0085D32,2024-09-05,BR03,Rajahmundry,Andhra Pradesh,CUST00584,Kiran Chowdary,Retail,P001,Budget Smartphone 4G,Mobile,3,9311.09,0.0,0.8,Credit Card
TXNFAD73D10C2,2023-10-30,BR03,Rajahmundry,Andhra Pradesh,CUST00692,Praveen Devi,Retail,P001,Budget Smartphone 4G,Mobile,1,9848.85,0.1,0.8,Credit Card
TXNC9288FFD22,2024-02-14,BR03,Rajahmundry,Andhra Pradesh,CUST01347,Pooja Reddy,Retail,P009,Laptop Bag,Accessories,1,1558.52,0.0,0.45,Cash
TXN780B73CD98,2024-02-05,BR03,Rajahmundry,Andhra Pradesh,CUST00274,Sandeep Naidu,Retail,P008,Ultrabook Thin & Light,Laptop,1,62787.74,0.1,0.79,Credit Card
TXNB6D93922B5,2023-03-11,BR03,Rajahmundry,Andhra Pradesh,CUST00673,Praveen Rao,Retail,P009,Laptop Bag,Accessories,2,1127.33,0.0,0.45,UPI
TXN9278E5ADBB,2023-07-09,BR03,Rajahmundry,Andhra Pradesh,CUST01704,Harika Babu,Wholesale,P009,Laptop Bag,Accessories,1,970.56,0.0,0.45,UPI
TXN8B9ED7AE4B,2024-12-03,BR03,Rajahmundry,Andhra Pradesh,CUST00172,Aishwarya Sharma,Retail,P009,Laptop Bag,Accessories,1,949.39,0.15,0.45,UPI
TXN8531B78FC8,2023-07-23,BR03,Rajahmundry,Andhra Pradesh,CUST00417,Pooja Babu,Corporate,P012,Mobile Charger,Accessories,2,1060.46,0.1,0.42,Cash
TXN7FAEA5E990,2023-11-21,BR03,Rajahmundry,Andhra Pradesh,CUST00935,Divya Kumar,Retail,P003,Flagship Smartphone,Mobile,1,57243.93,0.05,0.75,Credit Card
TXN93445AE624,2023-06-19,BR03,Rajahmundry,Andhra Pradesh,CUST00171,Divya Devi,Retail,P011,Bluetooth Speaker,Accessories,3,2864.19,0.0,0.5,Credit Card
TXN257FDEA43F,2024-10-20,BR03,Rajahmundry,Andhra Pradesh,CUST00876,Ravi Varma,Corporate,P013,Power Bank,Accessories,1,2159.48,0.0,0.48,Cash
TXNEFA8FBF5B3,2024-06-26,BR03,Rajahmundry,Andhra Pradesh,CUST00133,Swathi Murthy,Retail,P013,Power Bank,Accessories,1,2443.37,0.0,0.48,UPI
TXNFED904C470,2023-06-18,BR03,Rajahmundry,Andhra Pradesh,CUST01034,Manoj Rao,Retail,P001,Budget Smartphone 4G,Mobile,1,9151.21,0.1,0.8,UPI
TXN16ABA8EDC4,2024-01-02,BR03,Rajahmundry,Andhra Pradesh,CUST01852,Suresh Rao,Retail,P002,Mid-range Smartphone 5G,Mobile,1,27617.83,0.15,0.78,Credit Card
TXN3D77E297C5,2024-11-29,BR03,Rajahmundry,Andhra Pradesh,CUST01797,Kavya Kumar,Corporate,P007,Gaming Laptop i7,Laptop,1,100062.88,0.15,0.78,Net Banking
TXN32973250EB,2024-12-02,BR03,Rajahmundry,Andhra Pradesh,CUST00548,Manoj Rao,Retail,P002,Mid-range Smartphone 5G,Mobile,1,24778.61,0.1,0.78,UPI
TXN06518873B9,2023-02-17,BR03,Rajahmundry,Andhra Pradesh,CUST01646,Ramesh Sharma,Retail,P002,Mid-range Smartphone 5G,Mobile,2,16413.61,0.05,0.78,Cash
TXN19CCC041F8,2024-08-22,BR03,Rajahmundry,Andhra Pradesh,CUST01126,Suresh Devi,Wholesale,P021,Smart Watch,Electronics,2,7401.35,0.0,0.55,Cash
TXNB5F633398F,2023-05-26,BR03,Rajahmundry,Andhra Pradesh,CUST01950,Priya Sharma,Retail,P018,LED TV 43-inch,Electronics,1,30665.88,0.0,0.8,Cash
TXN58F64C6300,2024-02-21,BR03,rajahmundry  ,Andhra Pradesh,CUST00806,Praveen Naidu,Retail,P013,Power Bank,Accessories,1,966.14,0.0,0.48,UPI
TXN90BE10081E,2023-02-23,BR03,Rajahmundry,Andhra Pradesh,CUST00393,Ramesh Reddy,Retail,P002,Mid-range Smartphone 5G,Mobile,1,27135.3,,0.78,Cash
TXNB67551B74F,2023-09-05,BR03,Rajahmundry,Andhra Pradesh,CUST00808,Kavya Kumar,Retail,P003,Flagship Smartphone,Mobile,1,69913.48,0.0,0.75,Cash
TXN1AE7820833,2023-01-03,BR03,Rajahmundry,Andhra Pradesh,CUST01234,Kavya Sharma,Corporate,P020,Home Theatre System,Electronics,1,14254.77,0.05,0.6,UPI
TXNDFCE2C699D,2024-05-20,BR03,Rajahmundry,Andhra Pradesh,CUST01690,Suresh Devi,Retail,P021,Smart Watch,Electronics,2,7015.41,0.1,0.55,UPI
TXN02C0856FD8,2023-08-23,BR03,Rajahmundry,Andhra Pradesh,CUST00214,Arjun Chowdary,Retail,P008,Ultrabook Thin & Light,Laptop,1,57558.14,0.1,0.79,Credit Card
TXNCD0D2F5E46,2024-09-10,BR03,Rajahmundry,Andhra Pradesh,CUST01345,Manoj Sarma,Retail,P005,Entry Laptop i3,Laptop,1,32104.49,0.0,0.82,UPI
TXN780F98E74E,2024-11-25,BR03,Rajahmundry,Andhra Pradesh,CUST01391,Aishwarya Chowdary,Retail,P011,Bluetooth Speaker,Accessories,1,1672.26,0.2,0.5,Debit Card
TXN2276C07E95,2024-07-30,BR03,Rajahmundry,Andhra Pradesh,CUST00294,Ajay Prasad,Retail,P004,Wireless Earbuds,Mobile,2,2555.97,0.05,0.55,UPI
TXN38241E991E,2023-09-23,BR03,Rajahmundry,Andhra Pradesh,CUST01986,Harika Sharma,Wholesale,P007,Gaming Laptop i7,Laptop,1,75776.26,0.0,0.78,UPI
TXN5B2F4D0BFB,2024-06-20,BR03,Rajahmundry,Andhra Pradesh,CUST01011,Lakshmi Prasad,Retail,P009,Laptop Bag,Accessories,3,1422.56,0.0,0.45,Net Banking
TXN250702A15B,2023-06-01,BR03,Rajahmundry,Andhra Pradesh,CUST00382,Sandeep Sharma,Retail,P009,Laptop Bag,Accessories,1,776.18,0.1,0.45,Cash
TXN1CE3A98315,2024-07-20,BR03,Rajahmundry,Andhra Pradesh,CUST00471,Harika Reddy,Corporate,P013,Power Bank,Accessories,2,2364.4,0.0,0.48,Net Banking
TXN7DA476E6C3,2024-01-04,BR03,Rajahmundry,Andhra Pradesh,CUST01342,Anitha Naidu,Retail,P010,Wireless Mouse,Accessories,3,369.59,0.0,0.4,Debit Card
TXN6A75866B2B,2023-10-31,BR03,Rajahmundry,Andhra Pradesh,CUST00459,Swathi Prasad,Wholesale,P002,Mid-range Smartphone 5G,Mobile,1,20443.55,0.05,0.78,Net Banking
TXN22CC4B0098,2023-02-07,BR03,Rajahmundry,Andhra Pradesh,CUST01712,Naveen Chowdary,Retail,P020,Home Theatre System,Electronics,2,13937.3,0.0,0.6,Cash
TXN7374376318,2024-05-17,BR03,Rajahmundry,Andhra Pradesh,CUST00168,Ramesh Prasad,Retail,P001,Budget Smartphone 4G,Mobile,2,8688.2,0.0,0.8,UPI
TXN08E380C18F,2023-06-23,BR03,Rajahmundry,Andhra Pradesh,CUST01348,Divya Naidu,Retail,P008,Ultrabook Thin & Light,Laptop,1,60417.58,0.1,0.79,Net Banking
TXN7B11F0E593,2023-04-25,BR03,Rajahmundry,Andhra Pradesh,CUST00076,Lakshmi Babu,Retail,P003,Flagship Smartphone,Mobile,1,63273.96,0.0,0.75,Net Banking
TXN24FA1EC43B,2023-07-19,BR03,Rajahmundry,Andhra Pradesh,CUST01396,Sandeep Varma,Retail,P012,Mobile Charger,Accessories,2,1348.99,0.15,0.42,Credit Card
TXNBEC166B7E6,2024-06-10,BR03,Rajahmundry,Andhra Pradesh,CUST00303,Naveen Naidu,Retail,P002,Mid-range Smartphone 5G,Mobile,3,19851.06,0.15,0.78,Net Banking
TXN6050FE384A,2024-11-10,BR03,Rajahmundry,Andhra Pradesh,CUST01861,Ajay Devi,Retail,P007,Gaming Laptop i7,Laptop,1,99986.86,0.25,0.78,Debit Card
TXNC7B7DCE328,2023-04-28,BR03,Rajahmundry,Andhra Pradesh,CUST01716,Kavya Murthy,Retail,P011,Bluetooth Speaker,Accessories,2,3366.42,0.1,0.5,UPI
TXN4E72E86195,2024-06-26,BR03,Rajahmundry,Andhra Pradesh,CUST01380,Naveen Sharma,Retail,P021,Smart Watch,Electronics,1,7330.11,0.15,0.55,Credit Card
TXN83CB624743,2024-10-10,BR03,Rajahmundry,Andhra Pradesh,CUST01023,Vikram Naidu,Wholesale,P001,Budget Smartphone 4G,Mobile,2,10994.58,0.1,0.8,UPI
TXNA76001DC31,2024-03-14,BR03,Rajahmundry,Andhra Pradesh,CUST01204,Deepika Naidu,Wholesale,P020,Home Theatre System,Electronics,2,14947.02,0.05,0.6,UPI
TXN71F39FCA46,2024-02-21,BR03,Rajahmundry,Andhra Pradesh,CUST00151,Srinivas Rao,Retail,P021,Smart Watch,Electronics,2,3932.47,0.0,0.55,UPI
TXND5E6C73673,2023-01-19,BR03,Rajahmundry,Andhra Pradesh,CUST00005,Priya Reddy,Retail,P010,Wireless Mouse,Accessories,3,457.51,0.0,0.4,Debit Card
TXND4BFE198C7,2024-12-21,BR03,Rajahmundry,Andhra Pradesh,CUST01826,Lakshmi Prasad,Retail,P012,Mobile Charger,Accessories,3,1400.97,0.0,0.42,Credit Card
TXN76CDD8D8D1,2023-11-19,BR03,Rajahmundry,Andhra Pradesh,CUST01762,Pooja Babu,Retail,P003,Flagship Smartphone,Mobile,1,62199.9,0.05,0.75,Credit Card
TXNDCDBA97266,2023-02-06,BR03,Rajahmundry,Andhra Pradesh,CUST01081,,Retail,P013,Power Bank,Accessories,3,1706.05,0.0,0.48,Credit Card
TXN6BBB95565C,2024-07-21,BR03,Rajahmundry,Andhra Pradesh,CUST00787,Praveen Devi,Retail,P007,Gaming Laptop i7,Laptop,1,98325.6,0.15,0.78,UPI
TXNAB1B0DF10F,2023-02-09,BR03,Rajahmundry,Andhra Pradesh,CUST01506,Lakshmi Chowdary,Retail,P017,Microwave Oven,Home Appliances,2,6419.97,0.0,0.75,Net Banking
TXN97719B2854,2024-05-31,BR03,Rajahmundry,Andhra Pradesh,CUST01333,Arjun Devi,Retail,P021,Smart Watch,Electronics,2,10718.22,0.0,0.55,UPI
TXN89BAACDAB6,2024-04-06,BR03,Rajahmundry,Andhra Pradesh,CUST01488,Ravi Sarma,Wholesale,P002,Mid-range Smartphone 5G,Mobile,1,24443.22,0.15,0.78,Credit Card
TXNA11ECCE63B,2024-10-13,BR03,Rajahmundry,Andhra Pradesh,CUST00571,Sneha Prasad,Retail,P020,Home Theatre System,Electronics,1,9803.61,0.2,0.6,UPI
TXN7890486007,2023-08-22,BR03,Rajahmundry,Andhra Pradesh,CUST00280,Kiran Murthy,Corporate,P013,Power Bank,Accessories,3,1023.81,0.05,0.48,Debit Card
TXN783EA85F2D,2024-11-26,BR03,Rajahmundry,Andhra Pradesh,CUST01347,Pooja Reddy,Retail,P019,LED TV 55-inch,Electronics,1,53210.4,0.25,0.79,Net Banking
TXN5CDB4C0524,2024-04-17,BR03,Rajahmundry,Andhra Pradesh,CUST01287,Sandeep Babu,Wholesale,P009,Laptop Bag,Accessories,4,1817.97,0.05,0.45,Debit Card
TXNF93D884FEC,2024-08-08,BR03,Rajahmundry,Andhra Pradesh,CUST01208,Priya Babu,Retail,P009,Laptop Bag,Accessories,2,1136.89,0.0,0.45,Net Banking
TXN93884284A0,2024-03-05,BR03,Rajahmundry,Andhra Pradesh,CUST00846,Aishwarya Babu,Retail,P003,Flagship Smartphone,Mobile,1,47570.08,0.05,0.75,Net Banking
TXN9AA856E561,2023-08-08,BR03,Rajahmundry,Andhra Pradesh,CUST01987,Anitha Prasad,Wholesale,P008,Ultrabook Thin & Light,Laptop,1,85885.16,0.0,0.79,Credit Card
TXNAB360B15A8,2024-02-04,BR03,Rajahmundry,Andhra Pradesh,CUST01801,Priya Devi,Retail,P018,LED TV 43-inch,Electronics,1,32904.66,0.0,0.8,UPI
TXND0345EE472,2023-05-17,BR03,Rajahmundry,Andhra Pradesh,CUST00998,Praveen Babu,Retail,P006,Business Laptop i5,Laptop,1,43910.44,0.0,0.8,Cash
TXN2ADD3FEAFC,2024-03-14,BR03,Rajahmundry,Andhra Pradesh,CUST01308,Divya Chowdary,Retail,P001,Budget Smartphone 4G,Mobile,1,13657.08,0.1,0.8,UPI
TXN242D7EAE4B,2024-04-06,BR03,Rajahmundry,Andhra Pradesh,CUST01404,Manoj Babu,Retail,P012,Mobile Charger,Accessories,2,1582.25,0.0,0.42,Debit Card
TXN56171C559C,2024-01-21,BR03,Rajahmundry,Andhra Pradesh,CUST01915,Suresh Babu,Retail,P007,Gaming Laptop i7,Laptop,1,77619.56,0.0,0.78,UPI
TXN385E709C18,2024-03-26,BR03,Rajahmundry,Andhra Pradesh,CUST01875,Sneha Kumar,Retail,P003,Flagship Smartphone,Mobile,1,51171.08,0.05,0.75,Debit Card
TXN3716997C09,2024-10-01,BR03,Rajahmundry,Andhra Pradesh,CUST00476,Pooja Rao,Wholesale,P013,Power Bank,Accessories,3,1615.42,0.2,0.48,UPI
TXN68AF7E1954,2023-11-09,BR03,Rajahmundry,Andhra Pradesh,CUST01442,Naveen Babu,Retail,P012,Mobile Charger,Accessories,1,1007.1,0.05,0.42,Cash
TXN7554FD80C0,2024-09-14,BR03,Rajahmundry,Andhra Pradesh,CUST00294,Ajay Prasad,Retail,P004,Wireless Earbuds,Mobile,1,2765.62,0.0,0.55,Net Banking
TXN4F3FFF48AB,2024-04-05,BR03,Rajahmundry,Andhra Pradesh,CUST01583,Praveen Murthy,Wholesale,P011,Bluetooth Speaker,Accessories,3,2218.18,0.1,0.5,UPI
TXN839B3776E5,2023-08-30,BR03,Rajahmundry,Andhra Pradesh,CUST01222,Naveen Prasad,Retail,P009,Laptop Bag,Accessories,1,1202.65,0.0,0.45,Net Banking
TXNED10C2DF52,2024-03-05,BR03,Rajahmundry,Andhra Pradesh,CUST00394,Harika Kumar,Retail,P013,Power Bank,Accessories,2,1441.42,0.15,0.48,Debit Card
TXN8437BBF591,2023-06-17,BR03,Rajahmundry,Andhra Pradesh,CUST01265,Anitha Sarma,Corporate,P002,Mid-range Smartphone 5G,Mobile,1,20579.04,0.05,0.78,UPI
TXN7FFFD75529,2023-06-14,BR03,Rajahmundry,Andhra Pradesh,CUST01892,Kavya Sharma,Retail,P010,Wireless Mouse,Accessories,3,1380.48,0.05,0.4,Credit Card
TXN7A2B033A5F,2024-02-25,BR03,Rajahmundry,Andhra Pradesh,CUST01952,Priya Murthy,Retail,P003,Flagship Smartphone,Mobile,1,45714.21,0.1,0.75,UPI
TXN6059658AA0,2024-11-27,BR03,Rajahmundry,Andhra Pradesh,CUST01560,Priya Sharma,Wholesale,P006,Business Laptop i5,Laptop,1,56004.18,0.25,0.8,Credit Card
TXN08CD0ACAF8,2023-04-14,BR03,Rajahmundry,Andhra Pradesh,CUST01656,Anitha Babu,Retail,P005,Entry Laptop i3,Laptop,1,32791.91,0.1,0.82,Cash
TXNA46D727708,2023-12-26,BR03,Rajahmundry,Andhra Pradesh,CUST00699,Pooja Chowdary,Retail,P016,Washing Machine,Home Appliances,1,31299.35,0.0,0.8,Cash
TXNB6458AD3F5,2023-03-21,BR03,Rajahmundry,Andhra Pradesh,CUST01653,Harika Sharma,Wholesale,P015,Refrigerator 300L,Home Appliances,1,32550.69,0.0,0.82,Credit Card
TXN6440FACF63,2023-09-29,BR03,Rajahmundry,Andhra Pradesh,CUST01678,Pooja Chowdary,Retail,P015,Refrigerator 300L,Home Appliances,1,26674.86,0.0,0.82,Debit Card
TXNFC6085CCAF,2023-10-12,BR03,Rajahmundry,Andhra Pradesh,CUST00875,Manoj Naidu,Corporate,P018,LED TV 43-inch,Electronics,1,24429.13,0.0,0.8,UPI
TXNDD9A201E81,2023-11-26,BR03,Rajahmundry,Andhra Pradesh,CUST00880,Sneha Devi,Retail,P002,Mid-range Smartphone 5G,Mobile,1,25207.21,0.25,0.78,UPI
TXN667AFC6676,2023-11-12,BR03,Rajahmundry,Andhra Pradesh,CUST01291,Anitha Chowdary,Retail,P003,Flagship Smartphone,Mobile,1,87421.62,0.15,0.75,Net Banking
TXN392E7A9957,2024-06-07,BR03,Rajahmundry,Andhra Pradesh,CUST00524,Praveen Prasad,Retail,P020,Home Theatre System,Electronics,1,7419.83,0.15,0.6,Debit Card
TXNA828E0508F,2024-12-14,BR03,Rajahmundry,Andhra Pradesh,CUST01589,Meena Chowdary,Retail,P013,Power Bank,Accessories,2,1232.85,0.0,0.48,Debit Card
TXN409A4C616C,2024-10-27,BR03,Rajahmundry,Andhra Pradesh,CUST01460,Kavya Sharma,Retail,P003,Flagship Smartphone,Mobile,1,46286.14,0.0,0.75,UPI
TXN2841894ACB,2023-04-11,BR03,Rajahmundry,Andhra Pradesh,CUST01935,Deepika Devi,Wholesale,P013,Power Bank,Accessories,1,1982.93,0.05,0.48,Debit Card
TXNCC714AB336,2023-12-27,BR03,Rajahmundry,Andhra Pradesh,CUST00075,Kavya Chowdary,Retail,P004,Wireless Earbuds,Mobile,3,2350.17,0.15,0.55,Cash
TXN8A7E869C79,2023-09-05,BR03,Rajahmundry,Andhra Pradesh,CUST00397,Meena Sharma,Retail,P021,Smart Watch,Electronics,2,9668.07,0.1,0.55,Debit Card
TXN91FABCE0B9,2024-04-30,BR03,Rajahmundry,Andhra Pradesh,CUST01689,Kiran Prasad,Retail,P001,Budget Smartphone 4G,Mobile,1,8356.71,0.0,0.8,UPI
TXN3453AD57DF,2023-10-18,BR03,Rajahmundry,Andhra Pradesh,CUST00108,Suresh Reddy,Retail,P003,Flagship Smartphone,Mobile,1,52453.47,0.05,0.75,UPI
TXN31211C969D,2024-02-28,BR03,Rajahmundry,Andhra Pradesh,CUST01506,Lakshmi Chowdary,Retail,P008,Ultrabook Thin & Light,Laptop,1,58201.11,0.1,0.79,Debit Card
TXN391EE8A7F7,2023-04-01,BR03,Rajahmundry,Andhra Pradesh,CUST00377,Anitha Rao,Retail,P012,Mobile Charger,Accessories,1,1623.66,0.0,0.42,Debit Card
TXNE7C8DE3F13,2023-11-02,BR03,Rajahmundry,Andhra Pradesh,CUST01226,Aishwarya Murthy,Retail,P018,LED TV 43-inch,Electronics,1,31620.52,0.2,0.8,UPI
TXND2BBC39A2F,2024-10-24,BR03,Rajahmundry,Andhra Pradesh,CUST01698,Kiran Murthy,Retail,P019,LED TV 55-inch,Electronics,1,58928.39,0.1,0.79,Credit Card
TXN47C5B9C092,2024-05-26,BR03,Rajahmundry,Andhra Pradesh,CUST00268,Lakshmi Varma,Retail,P019,LED TV 55-inch,Electronics,1,42442.82,0.05,0.79,UPI
TXNFE67A7D3C7,2023-12-20,BR03,Rajahmundry,Andhra Pradesh,CUST00083,Anitha Naidu,Retail,P011,Bluetooth Speaker,Accessories,3,3426.52,0.1,0.5,UPI
TXN5086399051,2024-06-27,BR03,Rajahmundry,Andhra Pradesh,CUST01266,Ajay Murthy,Wholesale,P002,Mid-range Smartphone 5G,Mobile,1,27192.29,0.05,0.78,Debit Card
TXNBAE99562C1,2024-11-13,BR03,Rajahmundry,Andhra Pradesh,CUST00341,Sandeep Murthy,Corporate,P011,Bluetooth Speaker,Accessories,1,2159.77,0.1,0.5,UPI
TXN7CF791754D,2024-03-24,BR03,Rajahmundry,Andhra Pradesh,CUST00961,Harika Devi,Corporate,P020,Home Theatre System,Electronics,1,9581.42,0.1,0.6,UPI
TXNC329B5E467,2023-11-03,BR03,Rajahmundry,Andhra Pradesh,CUST00812,Deepika Murthy,Wholesale,P002,Mid-range Smartphone 5G,Mobile,1,24876.73,0.2,0.78,UPI
TXN9D84FA9D68,2023-01-12,BR03,Rajahmundry,Andhra Pradesh,CUST01072,Kiran Varma,Retail,P019,LED TV 55-inch,Electronics,1,44746.85,0.15,0.79,Cash
TXN23FB7243B0,2024-03-19,BR03,Rajahmundry,Andhra Pradesh,CUST00667,Sandeep Sharma,Retail,P020,Home Theatre System,Electronics,3,6193.84,0.1,0.6,UPI
TXN2BB25AC7EC,2024-11-24,BR03,Rajahmundry,Andhra Pradesh,CUST01660,Ravi Devi,Retail,P012,Mobile Charger,Accessories,1,1231.22,0.25,0.42,UPI
TXN998DAF5A7B,2024-11-11,BR03,Rajahmundry,Andhra Pradesh,CUST01001,Harika Devi,Retail,P010,Wireless Mouse,Accessories,1,679.26,0.05,0.4,Credit Card
TXNC18536520E,2024-08-08,BR03,Rajahmundry,Andhra Pradesh,CUST01469,Manoj Chowdary,Retail,P020,Home Theatre System,Electronics,1,15955.13,0.15,0.6,UPI
TXN661EEF4C12,2023-06-28,BR03,Rajahmundry,Andhra Pradesh,CUST00780,Sneha Devi,Retail,P003,Flagship Smartphone,Mobile,1,89310.9,0.0,0.75,UPI
TXN655CF01D3B,2023-11-06,BR03,Rajahmundry,Andhra Pradesh,CUST00876,Ravi Varma,Corporate,P008,Ultrabook Thin & Light,Laptop,1,86625.96,0.25,0.79,UPI
TXN78D4D9595C,2023-10-13,BR03,Rajahmundry,Andhra Pradesh,CUST00042,Suresh Chowdary,Retail,P001,Budget Smartphone 4G,Mobile,4,11843.64,0.0,0.8,UPI
TXNF1AF056773,2023-06-28,BR03,Rajahmundry,Andhra Pradesh,CUST01473,Aishwarya Naidu,Wholesale,P006,Business Laptop i5,Laptop,1,44604.46,0.0,0.8,Credit Card
TXN9841848A01,2024-03-08,BR03,Rajahmundry,Andhra Pradesh,CUST01835,Naveen Murthy,Retail,P003,Flagship Smartphone,Mobile,1,51727.64,0.0,0.75,Net Banking
TXN68AE9D35D2,2023-06-21,BR03,Rajahmundry,Andhra Pradesh,CUST00589,Manoj Rao,Wholesale,P008,Ultrabook Thin & Light,Laptop,1,63744.07,0.1,0.79,UPI
TXN7A54E72D9A,2024-06-23,BR03,Rajahmundry,Andhra Pradesh,CUST00320,Ravi Babu,Wholesale,P019,LED TV 55-inch,Electronics,1,55644.38,0.0,0.79,Debit Card
TXN016CC78154,2024-10-19,BR03,Rajahmundry,Andhra Pradesh,CUST01825,Arjun Prasad,Wholesale,P012,Mobile Charger,Accessories,1,794.72,0.15,0.42,Cash
TXN88F143569C,2023-04-23,BR03,Rajahmundry,Andhra Pradesh,CUST00595,Vikram Kumar,Retail,P002,Mid-range Smartphone 5G,Mobile,1,16662.54,0.0,0.78,UPI
TXN7719A9CFEC,2023-05-15,BR03,Rajahmundry,Andhra Pradesh,CUST01368,Pooja Kumar,Wholesale,P017,Microwave Oven,Home Appliances,2,7813.49,0.15,0.75,Credit Card
TXN35059CC3F9,2023-10-09,BR03,Rajahmundry,Andhra Pradesh,CUST00445,Aishwarya Reddy,Retail,P009,Laptop Bag,Accessories,1,975.07,0.0,0.45,Cash
TXN5AB00C7E9D,2024-09-21,BR03,Rajahmundry,Andhra Pradesh,CUST01746,Deepika Sarma,Retail,P020,Home Theatre System,Electronics,1,11907.01,0.0,0.6,Credit Card
TXNB42603A814,2023-08-30,BR03,Rajahmundry,Andhra Pradesh,CUST01970,Manoj Murthy,Retail,P016,Washing Machine,Home Appliances,1,22964.83,0.15,0.8,Credit Card
TXN8B34442135,2024-12-27,BR03,Rajahmundry,Andhra Pradesh,CUST01087,Kiran Murthy,Wholesale,P010,Wireless Mouse,Accessories,2,530.15,0.1,0.4,Credit Card
TXN2F52863A15,2023-09-16,BR03,Rajahmundry,Andhra Pradesh,CUST01339,Meena Sharma,Wholesale,P019,LED TV 55-inch,Electronics,1,52119.17,0.1,0.79,Cash
TXN6C8D807746,2024-08-19,BR03,Rajahmundry,Andhra Pradesh,CUST00079,Praveen Rao,Retail,P015,Refrigerator 300L,Home Appliances,1,36647.22,0.1,0.82,Debit Card
TXNA46F37CB61,2024-08-25,BR03,Rajahmundry,Andhra Pradesh,CUST00052,Vikram Kumar,Retail,P012,Mobile Charger,Accessories,1,1271.98,0.0,0.42,UPI
TXN41D3D1908F,2023-05-09,BR03,Rajahmundry,Andhra Pradesh,CUST01628,Harika Babu,Retail,P010,Wireless Mouse,Accessories,1,948.78,0.15,0.4,UPI
TXN3F2F78B892,2023-09-08,BR03,Rajahmundry,Andhra Pradesh,CUST00293,Sneha Naidu,Retail,P019,LED TV 55-inch,Electronics,1,47887.99,0.0,0.79,Credit Card
TXN7CB71C743F,2024-02-05,BR03,Rajahmundry,Andhra Pradesh,CUST01535,Deepika Murthy,Retail,P010,Wireless Mouse,Accessories,4,458.78,0.15,0.4,Net Banking
TXNFFC030291E,2024-02-21,BR03,Rajahmundry,Andhra Pradesh,CUST00946,Meena Chowdary,Retail,P008,Ultrabook Thin & Light,Laptop,1,72108.2,0.0,0.79,UPI
TXNB62CE04A85,2024-04-26,BR03,Rajahmundry,Andhra Pradesh,CUST00771,Sneha Reddy,Retail,P018,LED TV 43-inch,Electronics,1,33663.16,0.05,0.8,UPI
TXNCE7CCAE0E8,2024-06-28,BR03,Rajahmundry,Andhra Pradesh,CUST00492,Arjun Prasad,Retail,P003,Flagship Smartphone,Mobile,1,52991.79,0.0,0.75,Cash
TXN9E9DC2A9BD,2024-07-13,BR03,Rajahmundry,Andhra Pradesh,CUST01272,Sandeep Reddy,Retail,P009,Laptop Bag,Accessories,1,1958.02,0.15,0.45,Net Banking
TXN0FADC56CF2,2023-04-23,BR03,Rajahmundry,Andhra Pradesh,CUST01557,Anitha Naidu,Retail,P011,Bluetooth Speaker,Accessories,1,2766.78,0.15,0.5,UPI
TXN97C4004999,2023-10-05,BR03,Rajahmundry,Andhra Pradesh,CUST01690,Suresh Devi,Retail,P011,Bluetooth Speaker,Accessories,3,1478.83,0.2,0.5,Cash
TXN4C2C83B95F,2023-08-27,BR03,Rajahmundry,Andhra Pradesh,CUST00562,Manoj Prasad,Retail,P006,Business Laptop i5,Laptop,1,49826.36,0.0,0.8,UPI
TXNE8D8239008,2023-12-02,BR03,Rajahmundry,Andhra Pradesh,CUST00004,Meena Rao,Retail,P016,Washing Machine,Home Appliances,1,29613.59,0.0,0.8,UPI
TXNCDFC079340,2024-05-01,BR03,Rajahmundry,Andhra Pradesh,CUST00218,Kavya Reddy,Retail,P005,Entry Laptop i3,Laptop,1,32464.85,0.1,0.82,Debit Card
TXNCB4BAD3775,2023-10-14,BR03,Rajahmundry,Andhra Pradesh,CUST01491,Deepika Sharma,Retail,P009,Laptop Bag,Accessories,1,1837.65,0.15,0.45,UPI
TXND8D0379795,2024-03-16,BR03,Rajahmundry,Andhra Pradesh,CUST00244,Sneha Rao,Retail,P004,Wireless Earbuds,Mobile,1,3632.72,0.0,0.55,Cash
TXN4BB405CB67,2024-07-04,BR03,Rajahmundry,Andhra Pradesh,CUST00849,Vikram Reddy,Retail,P010,Wireless Mouse,Accessories,1,585.22,0.0,0.4,UPI
TXNA0CA639C1A,2023-11-11,BR03,Rajahmundry,Andhra Pradesh,CUST00874,Vikram Prasad,Retail,P004,Wireless Earbuds,Mobile,3,4820.47,0.0,0.55,UPI
TXNFB57F06FDF,2024-06-09,BR03,Rajahmundry,Andhra Pradesh,CUST01003,Pooja Chowdary,Retail,P004,Wireless Earbuds,Mobile,1,2272.83,0.0,0.55,UPI
TXNC06F8CDFE3,2024-09-11,BR03,Rajahmundry,Andhra Pradesh,CUST01509,Praveen Naidu,Wholesale,P019,LED TV 55-inch,Electronics,1,39139.03,0.15,0.79,UPI
TXN4E770D941A,2024-08-20,BR03,Rajahmundry,Andhra Pradesh,CUST01676,Pooja Varma,Retail,P016,Washing Machine,Home Appliances,1,27204.01,0.05,0.8,Cash
TXN9AE26F602B,2023-11-23,BR03,Rajahmundry,Andhra Pradesh,CUST00713,Aishwarya Babu,Retail,P012,Mobile Charger,Accessories,1,1177.49,0.2,0.42,Credit Card
TXN6376735477,2024-10-15,BR03,Rajahmundry,Andhra Pradesh,CUST01713,Ravi Varma,Retail,P010,Wireless Mouse,Accessories,1,1199.11,0.05,0.4,UPI
TXNCD3E39714C,2023-09-03,BR03,Rajahmundry,Andhra Pradesh,CUST01732,Swathi Sharma,Retail,P003,Flagship Smartphone,Mobile,1,66708.33,0.05,0.75,UPI
TXN733A8CB3C6,2024-04-12,BR03,Rajahmundry,Andhra Pradesh,CUST00104,Manoj Naidu,Retail,P019,LED TV 55-inch,Electronics,1,40279.92,0.15,0.79,UPI
TXNC5B0D43D55,2023-08-15,BR03,Rajahmundry,Andhra Pradesh,CUST01754,Priya Kumar,Retail,P003,Flagship Smartphone,Mobile,1,88425.05,0.0,0.75,UPI
TXNC5CA7659C0,2023-08-08,BR03,Rajahmundry,Andhra Pradesh,CUST01485,Kiran Prasad,Corporate,P006,Business Laptop i5,Laptop,1,46755.04,0.0,0.8,UPI
TXN4352025695,2024-09-08,BR03,Rajahmundry,Andhra Pradesh,CUST00704,Naveen Murthy,Retail,P005,Entry Laptop i3,Laptop,1,34033.07,0.15,0.82,Cash
TXN009A8B4E2B,2024-07-14,BR03,Rajahmundry,Andhra Pradesh,CUST01111,Ramesh Sharma,Retail,P012,Mobile Charger,Accessories,1,1530.7,0.1,0.42,UPI
TXNF5CA8F0DCF,2023-11-23,BR03,Rajahmundry,Andhra Pradesh,CUST00758,Divya Naidu,Retail,P004,Wireless Earbuds,Mobile,1,4497.51,0.25,0.55,UPI
TXN56EE671DA6,2023-05-23,BR03,Rajahmundry,Andhra Pradesh,CUST01628,Harika Babu,Retail,P018,LED TV 43-inch,Electronics,1,25401.83,0.1,0.8,Cash
TXNE6D31373F9,2024-02-06,BR03,Rajahmundry,Andhra Pradesh,CUST01053,Sandeep Rao,Retail,P009,Laptop Bag,Accessories,2,1129.5,0.1,0.45,UPI
TXNFB875E5E5A,2024-08-01,BR03,rajahmundry  ,Andhra Pradesh,CUST01847,Harika Sarma,Retail,P018,LED TV 43-inch,Electronics,1,31748.06,0.0,0.8,Net Banking
TXN794919CDB8,2023-12-13,BR03,Rajahmundry,Andhra Pradesh,CUST00336,Aishwarya Devi,Retail,P015,Refrigerator 300L,Home Appliances,1,30744.67,0.0,0.82,Debit Card
TXNF40B48DF6C,2024-03-30,BR03,Rajahmundry,Andhra Pradesh,CUST00147,Lakshmi Naidu,Retail,P001,Budget Smartphone 4G,Mobile,1,11004.46,0.1,0.8,Debit Card
TXNBCCC85D0FA,2023-02-14,BR03,Rajahmundry,Andhra Pradesh,CUST02000,Deepika Sarma,Corporate,P010,Wireless Mouse,Accessories,1,1397.08,0.15,0.4,Debit Card
TXN382458F15D,2024-10-04,BR03,Rajahmundry,Andhra Pradesh,CUST00798,Sneha Reddy,Retail,P009,Laptop Bag,Accessories,1,1830.59,0.1,0.45,UPI
TXN2BBA275411,2024-07-20,BR03,Rajahmundry,Andhra Pradesh,CUST01117,Manoj Kumar,Retail,P008,Ultrabook Thin & Light,Laptop,1,63911.14,0.15,0.79,Credit Card
TXNFC0728F486,2023-08-16,BR03,Rajahmundry,Andhra Pradesh,CUST01179,Sneha Kumar,Retail,P002,Mid-range Smartphone 5G,Mobile,1,21127.05,0.15,0.78,UPI
TXNFF7BF01D6A,2024-12-15,BR03,Rajahmundry,Andhra Pradesh,CUST01707,Swathi Murthy,Retail,P012,Mobile Charger,Accessories,1,643.81,0.05,0.42,Net Banking
TXNF57F22AAD2,2024-02-19,BR03,Rajahmundry,Andhra Pradesh,CUST01806,Lakshmi Sharma,Retail,P002,Mid-range Smartphone 5G,Mobile,2,16392.18,0.0,0.78,UPI
TXN3B742C9DCE,2023-10-02,BR03,Rajahmundry,Andhra Pradesh,CUST01827,Arjun Sharma,Retail,P012,Mobile Charger,Accessories,4,644.05,0.2,0.42,Debit Card
TXN05D5F88A8D,2023-01-18,BR03,Rajahmundry,Andhra Pradesh,CUST00166,Vikram Chowdary,Wholesale,P003,Flagship Smartphone,Mobile,1,48775.34,0.1,0.75,Net Banking
TXN67CD8BD642,2023-03-19,BR03,Rajahmundry,Andhra Pradesh,CUST01149,Pooja Devi,Retail,P013,Power Bank,Accessories,2,2390.07,0.1,0.48,Net Banking
TXN0DE6ADB628,2024-02-11,BR03,Rajahmundry,Andhra Pradesh,CUST00205,Meena Murthy,Wholesale,P012,Mobile Charger,Accessories,1,1318.5,0.0,0.42,Net Banking
TXNC3A908018E,2023-06-11,BR03,Rajahmundry,Andhra Pradesh,CUST01162,Ravi Varma,Retail,P013,Power Bank,Accessories,1,2484.66,0.15,0.48,UPI
TXN9BC9995B22,2024-05-16,BR03,Rajahmundry,Andhra Pradesh,CUST01847,Harika Sarma,Retail,P014,Split AC 1.5 Ton,Home Appliances,1,42411.88,0.1,0.83,Credit Card
TXN0368744980,2024-09-01,BR03,Rajahmundry,Andhra Pradesh,CUST00966,Arjun Chowdary,Retail,P001,Budget Smartphone 4G,Mobile,1,9751.02,0.0,0.8,UPI
TXN1A24E8C1B3,2023-03-20,BR03,Rajahmundry,Andhra Pradesh,CUST01484,Deepika Sarma,Corporate,P017,Microwave Oven,Home Appliances,3,13295.6,0.0,0.75,UPI
TXNE2A999EBC6,2023-12-14,BR03,Rajahmundry,Andhra Pradesh,CUST01986,Harika Sharma,Wholesale,P004,Wireless Earbuds,Mobile,1,3979.21,0.0,0.55,Cash
TXN7A5BE28590,2023-05-13,BR03,Rajahmundry,Andhra Pradesh,CUST00162,Swathi Babu,Corporate,P013,Power Bank,Accessories,1,1375.49,0.05,0.48,UPI
TXN9ED40FF3C6,2024-05-23,BR03,Rajahmundry,Andhra Pradesh,CUST01335,Srinivas Chowdary,Retail,P013,Power Bank,Accessories,2,1996.29,0.15,0.48,Debit Card
TXN8DCF2397FE,2024-01-29,BR03,Rajahmundry,Andhra Pradesh,CUST00648,Pooja Prasad,Wholesale,P019,LED TV 55-inch,Electronics,1,38386.89,0.0,0.79,Net Banking
TXN8E8AC87D2A,2023-07-20,BR03,Rajahmundry,Andhra Pradesh,CUST00674,Deepika Devi,Retail,P020,Home Theatre System,Electronics,2,13175.88,0.1,0.6,UPI
TXN0267BC07B8,2023-09-02,BR03,Rajahmundry,Andhra Pradesh,CUST00295,Sneha Naidu,Wholesale,P015,Refrigerator 300L,Home Appliances,1,26198.69,0.0,0.82,UPI
TXN6A79444975,2024-06-22,BR03,Rajahmundry,Andhra Pradesh,CUST00756,Vikram Varma,Retail,P012,Mobile Charger,Accessories,2,882.08,0.15,0.42,UPI
TXNF1F9A073E9,2023-02-17,BR03,Rajahmundry,Andhra Pradesh,CUST00976,Anitha Chowdary,Corporate,P010,Wireless Mouse,Accessories,1,444.35,0.0,0.4,Credit Card
TXN7A38037A4E,2023-05-08,BR03,Rajahmundry,Andhra Pradesh,CUST00025,Aishwarya Babu,Retail,P008,Ultrabook Thin & Light,Laptop,1,69493.19,0.1,0.79,UPI
TXN632D778976,2023-06-18,BR03,Rajahmundry,Andhra Pradesh,CUST00410,Meena Sharma,Corporate,P003,Flagship Smartphone,Mobile,1,50676.16,0.0,0.75,Debit Card
TXNDE76DA30B2,2024-07-31,BR03,Rajahmundry,Andhra Pradesh,CUST01523,Vikram Rao,Corporate,P001,Budget Smartphone 4G,Mobile,1,13766.88,0.05,0.8,Cash
TXN8119852ABE,2024-08-06,BR03,Rajahmundry,Andhra Pradesh,CUST01704,Harika Babu,Wholesale,P002,Mid-range Smartphone 5G,Mobile,3,19001.63,0.0,0.78,Credit Card
TXNAB9440775E,2024-05-18,BR03,Rajahmundry,Andhra Pradesh,CUST00392,Praveen Babu,Retail,P005,Entry Laptop i3,Laptop,1,32050.15,0.05,0.82,Cash
TXN09542E14A3,2023-04-25,BR03,Rajahmundry,Andhra Pradesh,CUST00241,Praveen Naidu,Retail,P013,Power Bank,Accessories,1,881.63,0.0,0.48,UPI
TXN1C0C038A76,2024-09-22,BR03,Rajahmundry,Andhra Pradesh,CUST01233,Ajay Sharma,Retail,P010,Wireless Mouse,Accessories,1,1005.07,0.05,0.4,UPI
TXND45E6F2188,2024-10-02,BR03,Rajahmundry,Andhra Pradesh,CUST01754,Priya Kumar,Retail,P001,Budget Smartphone 4G,Mobile,1,8501.24,0.15,0.8,Cash
TXND9B9986788,2023-01-28,BR03,Rajahmundry,Andhra Pradesh,CUST01400,Anitha Babu,Wholesale,P007,Gaming Laptop i7,Laptop,1,120572.32,0.0,0.78,Credit Card
TXN3B4764B93B,2024-07-23,BR03,Rajahmundry,Andhra Pradesh,CUST01579,Sandeep Naidu,Retail,P012,Mobile Charger,Accessories,2,302.42,0.05,0.42,UPI
TXNEB75C4AA87,2023-01-21,BR03,Rajahmundry,Andhra Pradesh,CUST01320,Kavya Murthy,Wholesale,P001,Budget Smartphone 4G,Mobile,4,13769.45,0.1,0.8,UPI
TXN60A2222C29,2023-04-29,BR03,Rajahmundry,Andhra Pradesh,CUST01378,Divya Sarma,Corporate,P020,Home Theatre System,Electronics,1,17157.87,0.05,0.6,Credit Card
TXN3D2F456839,2024-05-18,BR03,Rajahmundry,Andhra Pradesh,CUST01257,Manoj Reddy,Retail,P004,Wireless Earbuds,Mobile,2,4694.95,0.0,0.55,Net Banking
TXN5BB068EDCC,2023-11-14,BR03,Rajahmundry,Andhra Pradesh,CUST00322,Srinivas Sharma,Retail,P007,Gaming Laptop i7,Laptop,1,85616.08,0.05,0.78,Debit Card
TXN8524F82153,2023-12-14,BR03,Rajahmundry,Andhra Pradesh,CUST01057,Praveen Varma,Retail,P020,Home Theatre System,Electronics,1,8117.15,0.0,0.6,UPI
TXN02E4750A28,2023-08-05,BR03,Rajahmundry,Andhra Pradesh,CUST00641,Harika Babu,Retail,P001,Budget Smartphone 4G,Mobile,2,9801.21,0.0,0.8,Credit Card
TXN6AAB6AA3F1,2024-10-21,BR03,Rajahmundry,Andhra Pradesh,CUST00370,Sandeep Babu,Wholesale,P008,Ultrabook Thin & Light,Laptop,1,81284.32,0.1,0.79,UPI
TXN6119C58EEA,2023-11-04,BR03,Rajahmundry,Andhra Pradesh,CUST01228,Meena Prasad,Retail,P012,Mobile Charger,Accessories,1,1118.82,0.05,0.42,Cash
TXN1CF65765B8,2024-02-12,BR03,Rajahmundry,Andhra Pradesh,CUST00727,Priya Kumar,Retail,P017,Microwave Oven,Home Appliances,3,11053.95,0.15,0.75,Debit Card
TXN60A0059196,2023-06-24,BR03,Rajahmundry,Andhra Pradesh,CUST01992,Manoj Sharma,Wholesale,P008,Ultrabook Thin & Light,Laptop,1,90729.19,0.0,0.79,UPI
TXN1DC84A717C,2024-02-08,BR03,Rajahmundry,Andhra Pradesh,CUST01989,Lakshmi Murthy,Retail,P012,Mobile Charger,Accessories,4,1153.84,0.15,0.42,UPI
TXNA88776FF99,2024-04-04,BR03,Rajahmundry,Andhra Pradesh,CUST01899,Ramesh Varma,Retail,P009,Laptop Bag,Accessories,1,1943.75,0.0,0.45,UPI
TXND25B2C0270,2024-03-28,BR03,Rajahmundry,Andhra Pradesh,CUST01233,Ajay Sharma,Retail,P004,Wireless Earbuds,Mobile,4,5724.14,0.15,0.55,UPI
TXNF4106B985E,2024-09-07,BR03,Rajahmundry,Andhra Pradesh,CUST01699,Kiran Babu,Retail,P009,Laptop Bag,Accessories,4,1865.78,0.0,0.45,Cash
TXN2FA06A1DAA,2023-12-23,BR03,Rajahmundry,Andhra Pradesh,CUST01177,Pooja Murthy,Corporate,P012,Mobile Charger,Accessories,1,815.88,0.0,0.42,UPI
TXNCCCAB159D9,2023-11-18,BR03,Rajahmundry,Andhra Pradesh,CUST01622,Divya Murthy,Retail,P011,Bluetooth Speaker,Accessories,2,1663.3,0.05,0.5,UPI
TXN91567183B3,2024-04-08,BR03,Rajahmundry,Andhra Pradesh,CUST01895,Naveen Rao,Retail,P010,Wireless Mouse,Accessories,2,829.99,0.05,0.4,UPI
TXN8316EBF59D,2023-03-11,BR03,Rajahmundry,Andhra Pradesh,CUST00548,Manoj Rao,Retail,P020,Home Theatre System,Electronics,1,11641.96,0.15,0.6,Cash
TXNE0E00F8340,2024-07-03,BR03,Rajahmundry,Andhra Pradesh,CUST00003,Harika Rao,Retail,P008,Ultrabook Thin & Light,Laptop,1,56938.72,0.1,0.79,Credit Card
TXN6C1FEEBC4E,2024-05-05,BR03,Rajahmundry,Andhra Pradesh,CUST00344,Meena Chowdary,Retail,P021,Smart Watch,Electronics,1,6220.34,0.15,0.55,UPI
TXN445C15148B,2023-06-23,BR03,Rajahmundry,Andhra Pradesh,CUST01555,Ravi Chowdary,Retail,P021,Smart Watch,Electronics,3,4820.38,0.0,0.55,Credit Card
TXN5A7BD0EDB3,2023-03-18,BR03,Rajahmundry,Andhra Pradesh,CUST00340,Divya Sarma,Retail,P011,Bluetooth Speaker,Accessories,1,1592.71,0.1,0.5,Cash
TXN4FB3B781EA,2024-11-28,BR03,Rajahmundry,Andhra Pradesh,CUST00075,Kavya Chowdary,Retail,P007,Gaming Laptop i7,Laptop,1,124670.79,0.15,0.78,Credit Card
TXN9A6B425A04,2024-09-28,BR03,Rajahmundry,Andhra Pradesh,CUST00632,Manoj Rao,Retail,P009,Laptop Bag,Accessories,1,1372.66,0.15,0.45,UPI
TXNA4A1CFE7BF,2023-05-23,BR03,Rajahmundry,Andhra Pradesh,CUST00307,Sneha Babu,Wholesale,P018,LED TV 43-inch,Electronics,1,23484.84,0.15,0.8,Cash
TXNDFF0B5B123,2024-07-04,BR03,Rajahmundry,Andhra Pradesh,CUST00215,Ramesh Sharma,Retail,P010,Wireless Mouse,Accessories,1,604.38,0.0,0.4,UPI
TXN5649F831AA,2023-09-15,BR03,Rajahmundry,Andhra Pradesh,CUST01487,Suresh Naidu,Retail,P012,Mobile Charger,Accessories,1,1026.9,0.0,0.42,Debit Card
TXN0DE7AF2C01,2023-10-14,BR03,Rajahmundry,Andhra Pradesh,CUST00552,Kiran Sharma,Retail,P018,LED TV 43-inch,Electronics,1,23105.31,0.2,0.8,Debit Card
TXN83DE680CA8,2023-05-31,BR03,Rajahmundry,Andhra Pradesh,CUST01064,Vikram Varma,Wholesale,P021,Smart Watch,Electronics,2,5720.03,0.1,0.55,Credit Card
TXNDC062DAAEE,2023-04-30,BR03,Rajahmundry,Andhra Pradesh,CUST00066,Srinivas Prasad,Retail,P012,Mobile Charger,Accessories,4,1193.28,0.15,0.42,Debit Card
TXN12EB7F50C1,2024-10-12,BR03,Rajahmundry,Andhra Pradesh,CUST01549,Praveen Sharma,Retail,P011,Bluetooth Speaker,Accessories,2,1799.45,0.15,0.5,Net Banking
TXN153163B01A,2024-10-11,BR03,Rajahmundry,Andhra Pradesh,CUST00540,Manoj Sarma,Retail,P021,Smart Watch,Electronics,3,5257.1,0.0,0.55,UPI
TXN43F419E7B1,2023-04-23,BR03,Rajahmundry,Andhra Pradesh,CUST00236,Manoj Reddy,Wholesale,P008,Ultrabook Thin & Light,Laptop,1,84710.99,0.0,0.79,UPI
TXNDCC41A4AF7,2023-07-30,BR03,Rajahmundry,Andhra Pradesh,CUST00905,Ramesh Sharma,Retail,P011,Bluetooth Speaker,Accessories,4,3881.45,0.05,0.5,UPI
TXN6D80A9CC46,2023-03-06,BR03,Rajahmundry,Andhra Pradesh,CUST01991,Naveen Rao,Wholesale,P001,Budget Smartphone 4G,Mobile,1,8722.32,0.05,0.8,Net Banking
TXN37F1BC098B,2024-09-15,BR03,Rajahmundry,Andhra Pradesh,CUST01730,Srinivas Reddy,Retail,P002,Mid-range Smartphone 5G,Mobile,1,23924.18,0.1,0.78,Net Banking
TXNCC9976B973,2024-02-17,BR03,Rajahmundry,Andhra Pradesh,CUST01943,Lakshmi Reddy,Retail,P014,Split AC 1.5 Ton,Home Appliances,1,45847.23,0.1,0.83,UPI
TXNCCB20AAC76,2024-02-20,BR03,Rajahmundry,Andhra Pradesh,CUST01585,Meena Sharma,Retail,P003,Flagship Smartphone,Mobile,1,63101.26,0.15,0.75,Cash
TXNC27A77F237,2023-09-16,BR03,Rajahmundry,Andhra Pradesh,CUST01347,Pooja Reddy,Retail,P009,Laptop Bag,Accessories,3,765.28,0.0,0.45,UPI
TXNC8B7DE3ED3,2024-06-13,BR03,Rajahmundry,Andhra Pradesh,CUST00881,Divya Chowdary,Retail,P009,Laptop Bag,Accessories,1,809.51,0.0,0.45,Net Banking
TXN9AB9B44CDD,2024-08-21,BR03,Rajahmundry,Andhra Pradesh,CUST01424,Swathi Prasad,Retail,P004,Wireless Earbuds,Mobile,1,4530.56,0.05,0.55,UPI
TXN896C38ED14,2023-02-23,BR03,Rajahmundry,Andhra Pradesh,CUST00437,Anitha Rao,Retail,P008,Ultrabook Thin & Light,Laptop,1,67448.07,0.0,0.79,Credit Card
TXN4BD449FFA4,2023-03-04,BR03,Rajahmundry,Andhra Pradesh,CUST00077,Swathi Chowdary,Retail,P003,Flagship Smartphone,Mobile,1,81516.29,0.0,0.75,Cash
TXN68470C6C5D,2024-05-26,BR03,Rajahmundry,Andhra Pradesh,CUST01579,Sandeep Naidu,Retail,P013,Power Bank,Accessories,1,1808.82,0.0,0.48,Net Banking
TXND76792661C,2023-07-25,BR03,Rajahmundry,Andhra Pradesh,CUST01954,Divya Rao,Corporate,P010,Wireless Mouse,Accessories,1,1079.29,0.1,0.4,Cash
TXN6B494569B6,2023-03-31,BR03,Rajahmundry,Andhra Pradesh,CUST01126,Suresh Devi,Wholesale,P012,Mobile Charger,Accessories,1,600.03,0.05,0.42,Cash
TXN8E8970B10B,2023-06-03,BR03,Rajahmundry,Andhra Pradesh,CUST01842,Praveen Chowdary,Retail,P009,Laptop Bag,Accessories,1,743.42,0.1,0.45,UPI
TXN0C24F07B54,2023-11-13,BR03,Rajahmundry,Andhra Pradesh,CUST00759,Ajay Sarma,Retail,P004,Wireless Earbuds,Mobile,1,3206.69,0.15,0.55,UPI
TXN4500A1BE6E,2023-03-01,BR03,Rajahmundry,Andhra Pradesh,CUST01243,Harika Reddy,Wholesale,P002,Mid-range Smartphone 5G,Mobile,1,17684.5,0.1,0.78,Debit Card
TXNAAC23257C2,2024-11-13,BR03,Rajahmundry,Andhra Pradesh,CUST01321,Kavya Naidu,Retail,P013,Power Bank,Accessories,1,2164.6,0.1,0.48,Credit Card
TXNFF939D0C91,2023-03-01,BR03,Rajahmundry,Andhra Pradesh,CUST01412,Srinivas Rao,Wholesale,P002,Mid-range Smartphone 5G,Mobile,1,17287.78,0.05,0.78,UPI
TXN8E8F95B606,2024-09-01,BR03,Rajahmundry,Andhra Pradesh,CUST00967,Suresh Sharma,Retail,P012,Mobile Charger,Accessories,1,1437.79,0.15,0.42,UPI
TXN69398EA58F,2024-11-06,BR03,Rajahmundry,Andhra Pradesh,CUST00767,Kavya Varma,Retail,P003,Flagship Smartphone,Mobile,1,74701.96,0.0,0.75,Credit Card
TXN6086D0FF28,2023-11-29,BR03,Rajahmundry,Andhra Pradesh,CUST01846,Sneha Babu,Retail,P009,Laptop Bag,Accessories,2,718.4,0.1,0.45,Cash
TXN7B6A854D99,2023-01-10,BR03,Rajahmundry,Andhra Pradesh,CUST00981,Sandeep Varma,Retail,P017,Microwave Oven,Home Appliances,1,7796.89,0.1,0.75,UPI
TXNFCFA25B92C,2024-05-11,BR03,Rajahmundry,Andhra Pradesh,CUST00899,Meena Babu,Corporate,P020,Home Theatre System,Electronics,1,7054.28,0.1,0.6,Cash
TXN01B2105C52,2023-02-25,BR03,Rajahmundry,Andhra Pradesh,CUST01832,Anitha Naidu,Retail,P012,Mobile Charger,Accessories,1,1542.99,0.0,0.42,UPI
TXNADDD7C9509,2023-06-29,BR03,Rajahmundry,Andhra Pradesh,CUST00829,Kavya Reddy,Retail,P003,Flagship Smartphone,Mobile,1,78809.68,0.05,0.75,UPI
TXNBB83B3209F,2024-02-05,BR03,Rajahmundry,Andhra Pradesh,CUST00584,Kiran Chowdary,Retail,P019,LED TV 55-inch,Electronics,1,47242.36,0.0,0.79,UPI
TXN1C67EDC979,2023-05-08,BR03,Rajahmundry,Andhra Pradesh,CUST00704,Naveen Murthy,Retail,P014,Split AC 1.5 Ton,Home Appliances,1,42163.49,0.0,0.83,Debit Card
TXN18E6949CD4,2023-01-05,BR03,Rajahmundry,Andhra Pradesh,CUST00089,Priya Kumar,Retail,P011,Bluetooth Speaker,Accessories,3,2040.48,0.0,0.5,Credit Card
TXNBCF4466E8A,2024-01-08,BR03,Rajahmundry,Andhra Pradesh,CUST01178,Vikram Sarma,Corporate,P021,Smart Watch,Electronics,1,7344.95,0.0,0.55,UPI
TXNB6857ED22B,2024-04-09,BR03,Rajahmundry,Andhra Pradesh,CUST01228,Meena Prasad,Retail,P004,Wireless Earbuds,Mobile,1,5091.08,0.15,0.55,UPI
TXN8CE231FCEF,2023-06-20,BR03,Rajahmundry,Andhra Pradesh,CUST01140,Naveen Murthy,Retail,P012,Mobile Charger,Accessories,1,1148.1,0.05,0.42,Net Banking
TXNB0B2A19BA5,2024-06-15,BR03,Rajahmundry,Andhra Pradesh,CUST00788,Kiran Devi,Retail,P009,Laptop Bag,Accessories,1,1424.2,0.15,0.45,Net Banking
TXN3129B5B79E,2024-09-27,BR03,Rajahmundry,Andhra Pradesh,CUST01451,Arjun Murthy,Retail,P004,Wireless Earbuds,Mobile,2,5590.41,0.15,0.55,Debit Card
TXN133DF4AB30,2023-08-26,BR03,Rajahmundry,Andhra Pradesh,CUST00955,Anitha Chowdary,Retail,P013,Power Bank,Accessories,1,2432.38,0.05,0.48,Credit Card
TXNBCCA4052D5,2023-03-13,BR03,Rajahmundry,Andhra Pradesh,CUST00779,Priya Rao,Retail,P004,Wireless Earbuds,Mobile,2,3411.67,0.0,0.55,UPI
TXNB921F074B0,2023-04-28,BR03,Rajahmundry,Andhra Pradesh,CUST01195,Manoj Chowdary,Retail,P003,Flagship Smartphone,Mobile,1,67083.03,0.0,0.75,UPI
TXN2756543D48,2023-03-15,BR03,Rajahmundry,Andhra Pradesh,CUST00556,Praveen Sharma,Wholesale,P009,Laptop Bag,Accessories,1,727.0,0.15,0.45,Debit Card
TXNCA34430D9F,2024-04-06,BR03,Rajahmundry,Andhra Pradesh,CUST01914,Suresh Varma,Retail,P011,Bluetooth Speaker,Accessories,3,4124.18,0.1,0.5,UPI
TXN9CFACE7DBB,2024-11-14,BR03,Rajahmundry,Andhra Pradesh,CUST00163,Deepika Sarma,Corporate,P010,Wireless Mouse,Accessories,1,716.73,0.25,0.4,UPI
TXN2077EAE5D9,2023-04-25,BR03,Rajahmundry,Andhra Pradesh,CUST00454,Naveen Murthy,Retail,P021,Smart Watch,Electronics,1,6081.59,0.1,0.55,UPI
TXN0D148D817F,2024-06-15,BR03,Rajahmundry,Andhra Pradesh,CUST00086,Meena Reddy,Corporate,P001,Budget Smartphone 4G,Mobile,1,13811.35,0.1,0.8,Net Banking
TXNCD8DD0E660,2024-12-08,BR03,Rajahmundry,Andhra Pradesh,CUST00682,,Retail,P011,Bluetooth Speaker,Accessories,1,3979.54,0.1,0.5,Cash
TXN77DEC634D3,2024-05-06,BR03,Rajahmundry,Andhra Pradesh,CUST01314,Sandeep Reddy,Retail,P018,LED TV 43-inch,Electronics,1,30556.97,0.05,0.8,Net Banking
TXN6388BCC2EC,2023-07-28,BR03,Rajahmundry,Andhra Pradesh,CUST00106,Naveen Kumar,Retail,P002,Mid-range Smartphone 5G,Mobile,1,22643.57,0.05,0.78,Net Banking
TXNFE7CDD10DE,2023-11-04,BR03,Rajahmundry,Andhra Pradesh,CUST01484,Deepika Sarma,Corporate,P008,Ultrabook Thin & Light,Laptop,1,80062.86,0.15,0.79,Net Banking
TXN7F92191477,2023-06-27,BR03,Rajahmundry,Andhra Pradesh,CUST00989,Naveen Rao,Retail,P021,Smart Watch,Electronics,3,8245.43,0.0,0.55,UPI
TXN7F2F01BE62,2024-05-31,BR03,Rajahmundry,Andhra Pradesh,CUST01027,Deepika Prasad,Retail,P002,Mid-range Smartphone 5G,Mobile,1,17641.73,0.0,0.78,UPI
TXNC85C32DF4C,2023-12-09,BR03,Rajahmundry,Andhra Pradesh,CUST01045,Srinivas Babu,Retail,P019,LED TV 55-inch,Electronics,1,57447.77,0.05,0.79,Net Banking
TXN9C2E9215B5,2023-11-06,BR03,Rajahmundry,Andhra Pradesh,CUST01083,Pooja Rao,Wholesale,P003,Flagship Smartphone,Mobile,1,60112.42,0.2,0.75,Net Banking
TXN937D619815,2023-09-18,BR03,Rajahmundry,Andhra Pradesh,CUST00558,Harika Babu,Corporate,P004,Wireless Earbuds,Mobile,4,2824.33,0.0,0.55,UPI
TXN3830C699BC,2024-04-30,BR03,Rajahmundry,Andhra Pradesh,CUST01126,Suresh Devi,Wholesale,P001,Budget Smartphone 4G,Mobile,3,12296.47,0.0,0.8,Debit Card
TXN8D8AD0A3C4,2023-11-19,BR03,Rajahmundry,Andhra Pradesh,CUST01270,Harika Reddy,Corporate,P020,Home Theatre System,Electronics,1,14288.91,0.1,0.6,UPI
TXN88C83EA2CB,2024-06-29,BR03,Rajahmundry,Andhra Pradesh,CUST00226,Aishwarya Sarma,Retail,P014,Split AC 1.5 Ton,Home Appliances,1,32139.75,0.0,0.83,UPI
TXNE09DDFA083,2023-07-20,BR03,Rajahmundry,Andhra Pradesh,CUST01586,Ajay Sharma,Retail,P003,Flagship Smartphone,Mobile,1,80160.71,0.05,0.75,Cash
TXN21D444A7E9,2024-03-21,BR03,Rajahmundry,Andhra Pradesh,CUST01931,Ravi Babu,Retail,P019,LED TV 55-inch,Electronics,1,55234.35,0.05,0.79,Debit Card
TXN40A3A7C418,2023-11-10,BR03,Rajahmundry,Andhra Pradesh,CUST01420,Ravi Prasad,Retail,P010,Wireless Mouse,Accessories,1,883.09,0.0,0.4,UPI
TXNBFDC41F96C,2023-02-24,BR03,Rajahmundry,Andhra Pradesh,CUST01217,Suresh Varma,Corporate,P008,Ultrabook Thin & Light,Laptop,1,67148.72,0.0,0.79,Cash
TXN9E2CC4D503,2024-12-23,BR03,Rajahmundry,Andhra Pradesh,CUST00977,Divya Sarma,Retail,P014,Split AC 1.5 Ton,Home Appliances,1,34817.74,0.1,0.83,UPI
TXN3F1E1EB4E6,2024-06-24,BR03,Rajahmundry,Andhra Pradesh,CUST01390,Srinivas Varma,Wholesale,P003,Flagship Smartphone,Mobile,1,63689.87,0.1,0.75,Credit Card
TXNF3DE0A88EC,2024-02-09,BR03,Rajahmundry,Andhra Pradesh,CUST00879,Ajay Varma,Retail,P009,Laptop Bag,Accessories,1,1940.39,0.05,0.45,Cash
TXN0EBDA464CD,2023-11-15,BR03,Rajahmundry,Andhra Pradesh,CUST00962,,Retail,P001,Budget Smartphone 4G,Mobile,1,13724.14,0.2,0.8,Cash
TXNCE3E7F1716,2023-09-08,BR03,Rajahmundry,Andhra Pradesh,CUST01647,Divya Sarma,Retail,P010,Wireless Mouse,Accessories,1,549.91,0.05,0.4,UPI
TXN02D286D8A4,2023-05-14,BR03,Rajahmundry,Andhra Pradesh,CUST00164,,Retail,P004,Wireless Earbuds,Mobile,2,2990.06,0.0,0.55,UPI
TXN7AE419BD77,2023-11-07,BR03,Rajahmundry,Andhra Pradesh,CUST01612,Priya Kumar,Wholesale,P007,Gaming Laptop i7,Laptop,1,112961.04,0.25,0.78,UPI
TXN8EF2C5256A,2024-07-06,BR03,Rajahmundry,Andhra Pradesh,CUST00468,Meena Devi,Retail,P012,Mobile Charger,Accessories,1,1536.26,0.15,0.42,Cash
TXN9B33B676B4,2023-07-05,BR03,Rajahmundry,Andhra Pradesh,CUST00044,Meena Reddy,Retail,P020,Home Theatre System,Electronics,1,6696.98,0.0,0.6,Credit Card
TXNBA7E2A217A,2024-06-16,BR03,Rajahmundry,Andhra Pradesh,CUST00535,Naveen Prasad,Retail,P020,Home Theatre System,Electronics,1,19598.95,0.0,0.6,UPI
TXND5FD6ACD06,2023-07-31,BR03,Rajahmundry,Andhra Pradesh,CUST01979,Meena Devi,Retail,P011,Bluetooth Speaker,Accessories,1,1673.61,0.05,0.5,UPI
TXN4AE1DA60FE,2023-01-07,BR03,Rajahmundry,Andhra Pradesh,CUST01006,Kavya Rao,Retail,P004,Wireless Earbuds,Mobile,1,2557.28,0.15,0.55,UPI
TXNF262C0B224,2023-10-07,BR03,Rajahmundry,Andhra Pradesh,CUST00659,Deepika Sharma,Retail,P002,Mid-range Smartphone 5G,Mobile,1,15444.91,0.0,0.78,UPI
TXNF50F756D6F,2024-11-07,BR03,Rajahmundry,Andhra Pradesh,CUST00239,Ramesh Sarma,Retail,P016,Washing Machine,Home Appliances,1,33413.18,0.0,0.8,UPI
TXN41C6AB6A8A,2023-09-02,BR03,Rajahmundry,Andhra Pradesh,CUST01119,Aishwarya Murthy,Retail,P001,Budget Smartphone 4G,Mobile,1,12755.47,0.0,0.8,UPI
TXN4C2C1CC03B,2024-07-07,BR03,Rajahmundry,Andhra Pradesh,CUST00369,Kiran Varma,Retail,P010,Wireless Mouse,Accessories,2,1079.02,0.1,0.4,UPI
TXN95B417D4E8,2023-12-28,BR03,Rajahmundry,Andhra Pradesh,CUST00866,Meena Devi,Retail,P010,Wireless Mouse,Accessories,1,307.88,0.05,0.4,Net Banking
TXN03BB0B3BB5,2023-07-06,BR03,Rajahmundry,Andhra Pradesh,CUST01824,Ajay Kumar,Retail,P007,Gaming Laptop i7,Laptop,1,110593.55,0.15,0.78,UPI
TXN1FFC4F46FB,2024-11-10,BR03,Rajahmundry,Andhra Pradesh,CUST00867,Sneha Naidu,Retail,P013,Power Bank,Accessories,1,1767.31,0.0,0.48,UPI
TXNFD257721BB,2023-09-18,BR03,Rajahmundry,Andhra Pradesh,CUST00106,Naveen Kumar,Retail,P017,Microwave Oven,Home Appliances,1,14490.54,0.15,0.75,Debit Card
TXNCF769CA830,2024-03-21,BR03,Rajahmundry,Andhra Pradesh,CUST01423,Swathi Babu,Retail,P009,Laptop Bag,Accessories,1,1315.92,0.0,0.45,Cash
TXN72FCB1E87B,2024-11-12,BR03,Rajahmundry,Andhra Pradesh,CUST01932,Harika Kumar,Wholesale,P002,Mid-range Smartphone 5G,Mobile,1,24238.58,0.0,0.78,Debit Card
TXN07FA520274,2023-06-13,BR03,Rajahmundry,Andhra Pradesh,CUST01823,Sandeep Reddy,Retail,P004,Wireless Earbuds,Mobile,1,4115.14,0.05,0.55,UPI
TXN61EBAD0970,2023-08-19,BR03,Rajahmundry,Andhra Pradesh,CUST01507,Meena Devi,Retail,P010,Wireless Mouse,Accessories,2,425.42,0.15,0.4,Credit Card
TXN18DCE131B2,2024-06-21,BR03,Rajahmundry,Andhra Pradesh,CUST00532,Ramesh Prasad,Retail,P013,Power Bank,Accessories,1,2492.14,0.0,0.48,UPI
TXN7ED4D35B9F,2024-12-31,BR03,Rajahmundry,Andhra Pradesh,CUST01365,Sneha Sharma,Retail,P010,Wireless Mouse,Accessories,2,519.71,0.15,0.4,Cash
TXN022F91E938,2023-02-13,BR03,Rajahmundry,Andhra Pradesh,CUST01442,Naveen Babu,Retail,P013,Power Bank,Accessories,2,2292.54,0.15,0.48,UPI
TXN48D1C09FC7,2024-02-24,BR03,Rajahmundry,Andhra Pradesh,CUST01445,Ravi Reddy,Retail,P007,Gaming Laptop i7,Laptop,1,81836.47,0.1,0.78,UPI
TXNC0860AEA65,2024-12-18,BR03,Rajahmundry,Andhra Pradesh,CUST01634,Pooja Varma,Retail,P020,Home Theatre System,Electronics,2,6514.72,0.05,0.6,Cash
TXN984E327501,2023-10-04,BR03,Rajahmundry,Andhra Pradesh,CUST00847,Priya Varma,Retail,P021,Smart Watch,Electronics,3,8998.81,0.05,0.55,UPI
TXN9AFF1351C6,2024-01-25,BR03,Rajahmundry,Andhra Pradesh,CUST01396,Sandeep Varma,Retail,P013,Power Bank,Accessories,1,1464.54,0.0,0.48,Net Banking
TXN1F8D45F4C3,2024-04-21,BR03,Rajahmundry,Andhra Pradesh,CUST01958,Sandeep Babu,Corporate,P005,Entry Laptop i3,Laptop,1,37820.52,0.0,0.82,UPI
TXN2B64BF7F17,2023-03-27,BR03,Rajahmundry,Andhra Pradesh,CUST01226,Aishwarya Murthy,Retail,P013,Power Bank,Accessories,2,1883.12,0.0,0.48,UPI
TXNC662055CE7,2024-11-22,BR03,Rajahmundry,Andhra Pradesh,CUST00602,Sneha Sarma,Retail,P009,Laptop Bag,Accessories,1,1066.33,0.25,0.45,UPI
TXNF48137831B,2023-07-10,BR03,Rajahmundry,Andhra Pradesh,CUST00286,Divya Murthy,Retail,P002,Mid-range Smartphone 5G,Mobile,1,18247.33,0.0,0.78,Debit Card
TXN3BD75BE73C,2024-02-05,BR03,Rajahmundry,Andhra Pradesh,CUST01813,Sandeep Kumar,Corporate,P006,Business Laptop i5,Laptop,1,59526.05,0.0,0.8,Credit Card
TXNBDA218158B,2023-04-07,BR03,Rajahmundry,Andhra Pradesh,CUST00635,Ajay Prasad,Retail,P021,Smart Watch,Electronics,1,11853.16,0.05,0.55,Credit Card
TXN855DD8188C,2024-07-29,BR03,Rajahmundry,Andhra Pradesh,CUST01365,Sneha Sharma,Retail,P009,Laptop Bag,Accessories,1,1340.3,0.0,0.45,UPI
TXN635E9D9694,2023-11-03,BR03,Rajahmundry,Andhra Pradesh,CUST00309,Deepika Naidu,Retail,P014,Split AC 1.5 Ton,Home Appliances,1,33372.74,0.05,0.83,UPI
TXN06086D9BBB,2024-01-04,BR03,Rajahmundry,Andhra Pradesh,CUST01075,Sandeep Babu,Retail,P017,Microwave Oven,Home Appliances,1,9795.94,0.0,0.75,UPI
TXN5099292FEB,2024-03-08,BR03,Rajahmundry,Andhra Pradesh,CUST01182,Ravi Sharma,Retail,P018,LED TV 43-inch,Electronics,1,22507.57,0.05,0.8,UPI
TXNF6119DF309,2024-12-25,BR03,Rajahmundry,Andhra Pradesh,CUST00697,Vikram Sharma,Retail,P005,Entry Laptop i3,Laptop,1,28854.73,0.1,0.82,UPI
TXNC5FA3BC726,2023-12-06,BR03,Rajahmundry,Andhra Pradesh,CUST01339,Meena Sharma,Wholesale,P016,Washing Machine,Home Appliances,3,19127.08,0.1,0.8,UPI
TXN377119A1B8,2023-04-25,BR03,Rajahmundry,Andhra Pradesh,CUST01450,Deepika Rao,Retail,P020,Home Theatre System,Electronics,1,17095.55,0.1,0.6,Cash
TXN9CCF103D37,2024-10-31,BR03,Rajahmundry,Andhra Pradesh,CUST00460,Swathi Sharma,Wholesale,P007,Gaming Laptop i7,Laptop,1,99134.91,0.05,0.78,UPI
TXN9B9A6657B3,2024-09-02,BR03,Rajahmundry,Andhra Pradesh,CUST01643,Pooja Kumar,Retail,P001,Budget Smartphone 4G,Mobile,2,12152.25,0.15,0.8,UPI
TXN0873626442,2024-09-02,BR03,Rajahmundry,Andhra Pradesh,CUST00708,Ramesh Prasad,Wholesale,P015,Refrigerator 300L,Home Appliances,1,33183.66,0.1,0.82,Debit Card
TXN29C69F736D,2023-03-29,BR03,Rajahmundry,Andhra Pradesh,CUST00658,Ajay Prasad,Corporate,P002,Mid-range Smartphone 5G,Mobile,1,21784.97,0.05,0.78,Net Banking
TXN41F9FF927B,2024-04-19,BR03,Rajahmundry,Andhra Pradesh,CUST00178,Ajay Chowdary,Retail,P002,Mid-range Smartphone 5G,Mobile,1,16878.71,0.0,0.78,UPI
TXN9548371D38,2023-09-19,BR03,Rajahmundry,Andhra Pradesh,CUST00742,Aishwarya Chowdary,Retail,P019,LED TV 55-inch,Electronics,1,40842.87,0.0,0.79,UPI
TXN662EF8E188,2024-04-04,BR03,Rajahmundry,Andhra Pradesh,CUST01317,Swathi Murthy,Retail,P002,Mid-range Smartphone 5G,Mobile,2,17650.98,0.15,0.78,Cash
TXN98C66E98F3,2023-10-09,BR03,Rajahmundry,Andhra Pradesh,CUST02000,Deepika Sarma,Corporate,P018,LED TV 43-inch,Electronics,1,34087.17,0.1,0.8,Cash
TXN890F58B6E8,2023-04-04,BR03,Rajahmundry,Andhra Pradesh,CUST00391,Kiran Babu,Retail,P004,Wireless Earbuds,Mobile,1,5561.89,0.15,0.55,Credit Card
TXN806C4D7F87,2024-02-13,BR03,Rajahmundry,Andhra Pradesh,CUST01248,Sandeep Reddy,Retail,P013,Power Bank,Accessories,3,2377.53,0.0,0.48,UPI
TXN13D165698B,2023-02-26,BR03,Rajahmundry,Andhra Pradesh,CUST01982,Arjun Sharma,Wholesale,P006,Business Laptop i5,Laptop,1,52779.6,0.15,0.8,Cash
TXNFBADE72506,2023-10-30,BR03,Rajahmundry,Andhra Pradesh,CUST01987,Anitha Prasad,Wholesale,P013,Power Bank,Accessories,3,2050.55,0.1,0.48,Credit Card
TXN90F7D42AAF,2024-12-11,BR03,Rajahmundry,Andhra Pradesh,CUST00558,Harika Babu,Corporate,P011,Bluetooth Speaker,Accessories,1,4302.28,0.05,0.5,Credit Card
TXN83CFBCAF0D,2023-12-30,BR03,Rajahmundry,Andhra Pradesh,CUST01135,Swathi Chowdary,Retail,P018,LED TV 43-inch,Electronics,1,27465.58,0.1,0.8,Net Banking
TXNBB709FA7DC,2023-06-27,BR03,Rajahmundry,Andhra Pradesh,CUST01664,Meena Prasad,Retail,P010,Wireless Mouse,Accessories,3,1398.02,0.15,0.4,Debit Card
TXNC9E41B1D53,2024-01-03,BR03,Rajahmundry,Andhra Pradesh,CUST01958,Sandeep Babu,Corporate,P013,Power Bank,Accessories,1,1453.38,0.1,0.48,Cash
TXNE2E97922FA,2024-09-27,BR03,Rajahmundry,Andhra Pradesh,CUST00262,Arjun Varma,Retail,P005,Entry Laptop i3,Laptop,1,37068.83,0.1,0.82,UPI
TXND6AAEEE48A,2024-10-29,BR03,Rajahmundry,Andhra Pradesh,CUST01060,Lakshmi Varma,Retail,P021,Smart Watch,Electronics,2,8889.42,0.25,0.55,UPI
TXN23C2C59D6A,2024-09-22,BR03,Rajahmundry,Andhra Pradesh,CUST01559,Divya Varma,Wholesale,P002,Mid-range Smartphone 5G,Mobile,1,22465.8,0.1,0.78,UPI
TXN2CA42E0311,2023-12-10,BR03,Rajahmundry,Andhra Pradesh,CUST01835,Naveen Murthy,Retail,P011,Bluetooth Speaker,Accessories,2,2496.48,0.0,0.5,UPI
TXN4C3D3A6FA2,2023-03-16,BR03,Rajahmundry,Andhra Pradesh,CUST01057,Praveen Varma,Retail,P001,Budget Smartphone 4G,Mobile,4,9001.85,0.1,0.8,Debit Card
TXND91D07CD5F,2024-12-25,BR03,Rajahmundry,Andhra Pradesh,CUST00953,Ravi Naidu,Retail,P001,Budget Smartphone 4G,Mobile,1,11901.26,0.15,0.8,Debit Card
TXNC78E2E3FCB,2023-09-25,BR03,Rajahmundry,Andhra Pradesh,CUST01867,Swathi Naidu,Retail,P014,Split AC 1.5 Ton,Home Appliances,1,46313.83,0.15,0.83,UPI
TXN0FE4C5C713,2023-04-03,BR03,Rajahmundry,Andhra Pradesh,CUST00965,Kiran Rao,Retail,P013,Power Bank,Accessories,2,2435.43,0.05,0.48,UPI
TXN494F0168A9,2024-11-03,BR03,Rajahmundry,Andhra Pradesh,CUST01825,Arjun Prasad,Wholesale,P005,Entry Laptop i3,Laptop,1,33115.33,0.05,0.82,Credit Card
TXN5BC0655539,2024-08-11,BR03,Rajahmundry,Andhra Pradesh,CUST01575,Deepika Rao,Retail,P015,Refrigerator 300L,Home Appliances,1,33369.79,0.15,0.82,UPI
TXN011C06C7B2,2023-05-09,BR03,Rajahmundry,Andhra Pradesh,CUST01855,Harika Naidu,Retail,P012,Mobile Charger,Accessories,1,1328.79,0.15,0.42,UPI
TXNBEF70B0297,2024-01-31,BR03,Rajahmundry,Andhra Pradesh,CUST01379,Praveen Naidu,Retail,P009,Laptop Bag,Accessories,1,1127.59,0.05,0.45,Credit Card
TXN1ABDB67C74,2024-01-02,BR03,Rajahmundry,Andhra Pradesh,CUST00385,Sandeep Babu,Wholesale,P013,Power Bank,Accessories,4,2348.61,0.0,0.48,Cash
TXN7FBD318C86,2024-09-02,BR03,rajahmundry  ,Andhra Pradesh,CUST01053,Sandeep Rao,Retail,P020,Home Theatre System,Electronics,1,19799.78,0.05,0.6,UPI
TXN14D0C2639C,2023-03-25,BR03,Rajahmundry,Andhra Pradesh,CUST00304,Kavya Prasad,Retail,P021,Smart Watch,Electronics,2,6812.93,0.0,0.55,UPI
TXN8738479F67,2023-08-29,BR03,Rajahmundry,Andhra Pradesh,CUST00633,Deepika Naidu,Retail,P004,Wireless Earbuds,Mobile,1,4108.53,0.0,0.55,Debit Card
TXNABC2EFF4B6,2024-05-21,BR03,Rajahmundry,Andhra Pradesh,CUST01174,Ramesh Reddy,Retail,P008,Ultrabook Thin & Light,Laptop,1,67107.52,0.0,0.79,Debit Card
TXNB5F1EE20C1,2023-10-20,BR03,Rajahmundry,Andhra Pradesh,CUST00651,Sneha Rao,Retail,P001,Budget Smartphone 4G,Mobile,4,9883.3,0.15,0.8,UPI
TXN78DFF60631,2023-07-29,BR03,Rajahmundry,Andhra Pradesh,CUST00372,Naveen Murthy,Retail,P005,Entry Laptop i3,Laptop,1,33260.35,0.1,0.82,Debit Card
TXND51AB182CA,2024-07-07,BR03,Rajahmundry,Andhra Pradesh,CUST00287,Aishwarya Sarma,Retail,P011,Bluetooth Speaker,Accessories,1,4589.35,0.15,0.5,Credit Card
TXNACC0F4D838,2024-07-11,BR03,Rajahmundry,Andhra Pradesh,CUST00648,Pooja Prasad,Wholesale,P009,Laptop Bag,Accessories,3,1657.6,0.15,0.45,Debit Card
TXNDA0E25975F,2023-09-15,BR03,Rajahmundry,Andhra Pradesh,CUST01252,Kavya Reddy,Retail,P005,Entry Laptop i3,Laptop,1,30390.62,0.1,0.82,Cash
TXN34D492896B,2024-09-20,BR03,Rajahmundry,Andhra Pradesh,CUST00890,Sandeep Sarma,Retail,P010,Wireless Mouse,Accessories,1,1077.54,0.15,0.4,UPI
TXNE3B10B45F3,2023-09-29,BR03,Rajahmundry,Andhra Pradesh,CUST01710,Deepika Sharma,Corporate,P004,Wireless Earbuds,Mobile,1,2112.36,0.0,0.55,UPI
TXN3D853494A9,2024-10-23,BR03,Rajahmundry,Andhra Pradesh,CUST00747,Srinivas Murthy,Corporate,P013,Power Bank,Accessories,1,2152.13,0.0,0.48,Net Banking
TXN255C814F5C,2023-02-17,BR03,Rajahmundry,Andhra Pradesh,CUST01570,Ramesh Varma,Corporate,P021,Smart Watch,Electronics,1,7095.77,0.05,0.55,Debit Card
TXNCA65E5EB07,2024-03-14,BR03,Rajahmundry,Andhra Pradesh,CUST01829,Swathi Rao,Retail,P012,Mobile Charger,Accessories,1,1660.69,0.15,0.42,Debit Card
TXNF55AAE4CC2,2023-02-03,BR03,Rajahmundry,Andhra Pradesh,CUST00426,Praveen Sharma,Retail,P009,Laptop Bag,Accessories,1,1400.76,0.05,0.45,Credit Card
TXN837FB3321D,2023-04-29,BR03,Rajahmundry,Andhra Pradesh,CUST01813,Sandeep Kumar,Corporate,P009,Laptop Bag,Accessories,4,1130.89,0.1,0.45,Debit Card
TXN8F8E705C77,2023-11-25,BR03,Rajahmundry,Andhra Pradesh,CUST01306,Anitha Babu,Retail,P003,Flagship Smartphone,Mobile,1,53939.86,0.15,0.75,Credit Card
TXNBA24D51354,2023-07-09,BR03,Rajahmundry,Andhra Pradesh,CUST01714,Srinivas Babu,Retail,P019,LED TV 55-inch,Electronics,1,57273.37,0.15,0.79,Net Banking
TXNFD406B21F7,2024-09-08,BR03,Rajahmundry,Andhra Pradesh,CUST01231,,Retail,P019,LED TV 55-inch,Electronics,1,54155.42,0.05,0.79,UPI
TXN7F2F37C8AE,2023-01-19,BR03,Rajahmundry,Andhra Pradesh,CUST00241,Praveen Naidu,Retail,P001,Budget Smartphone 4G,Mobile,3,8108.77,0.15,0.8,Cash
TXNEC7D48591D,2023-05-05,BR03,Rajahmundry,Andhra Pradesh,CUST01619,Harika Murthy,Retail,P006,Business Laptop i5,Laptop,1,49342.14,0.0,0.8,Net Banking
TXN6092D592EC,2023-02-13,BR03,Rajahmundry,Andhra Pradesh,CUST00073,Vikram Devi,Retail,P012,Mobile Charger,Accessories,2,584.73,0.0,0.42,UPI
TXN33F48A3378,2024-05-26,BR03,Rajahmundry,Andhra Pradesh,CUST01310,Meena Chowdary,Retail,P002,Mid-range Smartphone 5G,Mobile,0,20700.89,0.0,0.78,UPI
TXNF75684F8EB,2024-12-07,BR03,Rajahmundry,Andhra Pradesh,CUST00196,Kiran Varma,Retail,P019,LED TV 55-inch,Electronics,1,58767.76,0.0,0.79,UPI
TXND12ED69FCE,2023-05-11,BR03,Rajahmundry,Andhra Pradesh,CUST01408,Divya Prasad,Wholesale,P007,Gaming Laptop i7,Laptop,1,78299.1,0.15,0.78,Credit Card
TXNDD7AC6BE2F,2024-10-16,BR03,Rajahmundry,Andhra Pradesh,CUST00664,Srinivas Varma,Retail,P003,Flagship Smartphone,Mobile,1,79020.94,0.0,0.75,UPI
TXN96BABB93AC,2023-12-28,BR03,Rajahmundry,Andhra Pradesh,CUST01959,Meena Sarma,Retail,P004,Wireless Earbuds,Mobile,1,2920.66,0.05,0.55,UPI
TXNCFB09DA957,2023-04-03,BR03,Rajahmundry,Andhra Pradesh,CUST01709,Srinivas Naidu,Retail,P018,LED TV 43-inch,Electronics,1,27963.36,0.15,0.8,Cash
TXNED870F2052,2024-07-12,BR03,Rajahmundry,Andhra Pradesh,CUST00893,Kavya Devi,Retail,P010,Wireless Mouse,Accessories,1,627.57,0.0,0.4,UPI
TXNB6C9D93DB3,2023-03-15,BR03,Rajahmundry,Andhra Pradesh,CUST00631,Aishwarya Kumar,Retail,P011,Bluetooth Speaker,Accessories,3,3294.67,0.1,0.5,UPI
TXN4FFD589E2D,2024-08-18,BR03,Rajahmundry,Andhra Pradesh,CUST00694,Deepika Chowdary,Retail,P009,Laptop Bag,Accessories,3,1897.35,0.15,0.45,Credit Card
TXNBEA746B166,2024-05-14,BR03,Rajahmundry,Andhra Pradesh,CUST01338,Sandeep Rao,Wholesale,P009,Laptop Bag,Accessories,2,1581.21,0.05,0.45,UPI
TXN954DAB7258,2024-09-26,BR03,Rajahmundry,Andhra Pradesh,CUST00130,Pooja Reddy,Wholesale,P013,Power Bank,Accessories,3,1930.33,0.0,0.48,UPI
TXN5997C90B52,2023-02-18,BR03,Rajahmundry,Andhra Pradesh,CUST00570,Swathi Sharma,Retail,P009,Laptop Bag,Accessories,1,1989.99,0.1,0.45,Credit Card
TXN15ED5A7F68,2023-08-09,BR03,Rajahmundry,Andhra Pradesh,CUST01519,Ajay Rao,Retail,P012,Mobile Charger,Accessories,2,712.54,0.0,0.42,UPI
TXNAA8EA2024F,2024-08-21,BR03,Rajahmundry,Andhra Pradesh,CUST01138,Divya Rao,Retail,P019,LED TV 55-inch,Electronics,1,45224.4,0.0,0.79,Credit Card
TXN56021C6875,2024-11-29,BR03,Rajahmundry,Andhra Pradesh,CUST02000,Deepika Sarma,Corporate,P013,Power Bank,Accessories,1,2063.84,0.1,0.48,Net Banking
TXN20C22CA542,2023-09-23,BR03,Rajahmundry,Andhra Pradesh,CUST01401,Anitha Naidu,Retail,P002,Mid-range Smartphone 5G,Mobile,1,21045.52,0.1,0.78,Credit Card
TXNE931C52A53,2023-11-19,BR03,Rajahmundry,Andhra Pradesh,CUST01584,Divya Prasad,Wholesale,P006,Business Laptop i5,Laptop,1,52394.91,0.2,0.8,UPI
TXNF6D8FCB676,2023-06-28,BR03,Rajahmundry,Andhra Pradesh,CUST00190,Harika Prasad,Retail,P003,Flagship Smartphone,Mobile,1,61343.14,0.05,0.75,UPI
TXND18E2709CF,2024-10-08,BR03,Rajahmundry,Andhra Pradesh,CUST01238,Arjun Reddy,Wholesale,P010,Wireless Mouse,Accessories,1,647.73,0.1,0.4,UPI
TXN745787F622,2024-03-30,BR03,Rajahmundry,Andhra Pradesh,CUST01697,Swathi Reddy,Retail,P012,Mobile Charger,Accessories,2,661.13,0.0,0.42,Credit Card
TXNCA526EE6AC,2023-02-06,BR03,Rajahmundry,Andhra Pradesh,CUST00849,Vikram Reddy,Retail,P018,LED TV 43-inch,Electronics,1,25900.78,0.0,0.8,UPI
TXNAB93995EEB,2023-12-15,BR03,Rajahmundry,Andhra Pradesh,CUST01557,Anitha Naidu,Retail,P004,Wireless Earbuds,Mobile,1,2064.63,0.1,0.55,Cash
TXNF5A2FDE6C9,2024-05-10,BR03,Rajahmundry,Andhra Pradesh,CUST00921,Praveen Reddy,Retail,P010,Wireless Mouse,Accessories,1,1153.97,0.0,0.4,Net Banking
TXND38ABA09A4,2024-11-25,BR03,Rajahmundry,Andhra Pradesh,CUST00635,Ajay Prasad,Retail,P012,Mobile Charger,Accessories,1,495.87,0.05,0.42,UPI
TXN8E470F743B,2024-08-14,BR03,Rajahmundry,Andhra Pradesh,CUST00275,Ramesh Sharma,Retail,P007,Gaming Laptop i7,Laptop,1,120258.88,0.0,0.78,UPI
TXNE4E100EF12,2024-12-25,BR03,Rajahmundry,Andhra Pradesh,CUST00916,Pooja Naidu,Wholesale,P021,Smart Watch,Electronics,4,4915.33,0.0,0.55,Credit Card
TXNAB3761E9BF,2023-08-22,BR03,Rajahmundry,Andhra Pradesh,CUST00265,Vikram Sarma,Retail,P009,Laptop Bag,Accessories,1,1177.07,0.05,0.45,UPI
TXN8BA03CBACB,2023-12-07,BR03,Rajahmundry,Andhra Pradesh,CUST00803,Deepika Rao,Retail,P011,Bluetooth Speaker,Accessories,1,1617.32,0.15,0.5,Credit Card
TXN5BCC338E65,2024-03-26,BR03,Rajahmundry,Andhra Pradesh,CUST00828,Priya Rao,Corporate,P009,Laptop Bag,Accessories,2,848.17,0.0,0.45,UPI
TXNC5A08077B0,2023-11-09,BR03,Rajahmundry,Andhra Pradesh,CUST00533,Pooja Naidu,Retail,P003,Flagship Smartphone,Mobile,1,82707.69,0.25,0.75,Debit Card
TXN7E53543E51,2024-12-20,BR03,Rajahmundry,Andhra Pradesh,CUST00703,Lakshmi Reddy,Retail,P012,Mobile Charger,Accessories,1,1488.96,0.15,0.42,UPI
TXN301A3A4904,2024-12-14,BR03,Rajahmundry,Andhra Pradesh,CUST01079,Pooja Prasad,Corporate,P012,Mobile Charger,Accessories,1,644.11,0.05,0.42,Credit Card
TXN8DBF1A8E02,2024-11-10,BR03,Rajahmundry,Andhra Pradesh,CUST00810,Meena Prasad,Wholesale,P013,Power Bank,Accessories,4,1276.42,0.1,0.48,UPI
TXN563E50B5D8,2024-02-01,BR03,Rajahmundry,Andhra Pradesh,CUST01407,Manoj Sharma,Retail,P001,Budget Smartphone 4G,Mobile,1,12359.09,0.15,0.8,UPI
TXND282020495,2024-07-24,BR03,Rajahmundry,Andhra Pradesh,CUST00079,Praveen Rao,Retail,P003,Flagship Smartphone,Mobile,1,86082.31,0.1,0.75,UPI
TXN6BCF542514,2024-04-29,BR03,Rajahmundry,Andhra Pradesh,CUST00931,Priya Kumar,Corporate,P002,Mid-range Smartphone 5G,Mobile,1,17235.83,0.1,0.78,UPI
TXN063D2CBC99,2024-01-28,BR03,Rajahmundry,Andhra Pradesh,CUST01790,Arjun Varma,Retail,P003,Flagship Smartphone,Mobile,1,61808.4,0.15,0.75,UPI
TXND3D5F6BC2C,2023-01-14,BR03,Rajahmundry,Andhra Pradesh,CUST00308,Sandeep Murthy,Corporate,P010,Wireless Mouse,Accessories,1,859.6,0.15,0.4,Net Banking
TXN4EFD2528FA,2024-06-14,BR03,Rajahmundry,Andhra Pradesh,CUST00015,Harika Prasad,Retail,P001,Budget Smartphone 4G,Mobile,3,13551.41,0.0,0.8,Debit Card
TXN927607A402,2023-05-05,BR03,Rajahmundry,Andhra Pradesh,CUST00806,Praveen Naidu,Retail,P005,Entry Laptop i3,Laptop,1,34442.67,0.0,0.82,Debit Card
TXN562F2D0BAF,2023-05-19,BR03,Rajahmundry,Andhra Pradesh,CUST00559,Suresh Babu,Retail,P018,LED TV 43-inch,Electronics,1,22377.32,0.0,0.8,Credit Card
TXNC2B2818228,2023-12-19,BR03,Rajahmundry,Andhra Pradesh,CUST01862,Aishwarya Prasad,Retail,P004,Wireless Earbuds,Mobile,1,4071.67,0.15,0.55,Debit Card
TXN1F15D5B666,2023-03-15,BR03,Rajahmundry,Andhra Pradesh,CUST01228,Meena Prasad,Retail,P004,Wireless Earbuds,Mobile,1,5384.29,0.1,0.55,Credit Card
TXN8DC38BDE78,2024-06-22,BR03,Rajahmundry,Andhra Pradesh,CUST01053,Sandeep Rao,Retail,P020,Home Theatre System,Electronics,1,11417.7,0.05,0.6,Credit Card
TXNC254487D75,2024-09-13,BR03,Rajahmundry,Andhra Pradesh,CUST00778,Divya Sharma,Retail,P003,Flagship Smartphone,Mobile,1,83532.59,0.15,0.75,UPI
TXN530FE2626A,2023-01-25,BR03,Rajahmundry,Andhra Pradesh,CUST01512,Priya Varma,Wholesale,P004,Wireless Earbuds,Mobile,1,2994.3,0.15,0.55,Debit Card
TXNE833511FC3,2023-12-13,BR03,Rajahmundry,Andhra Pradesh,CUST00597,Lakshmi Naidu,Retail,P007,Gaming Laptop i7,Laptop,1,115625.14,0.1,0.78,Net Banking
TXN2BFF0D2048,2023-05-14,BR03,Rajahmundry,Andhra Pradesh,CUST01929,Srinivas Kumar,Retail,P002,Mid-range Smartphone 5G,Mobile,3,18724.6,0.0,0.78,Debit Card
TXND60814FED2,2024-11-16,BR03,Rajahmundry,Andhra Pradesh,CUST01624,Deepika Reddy,Retail,P012,Mobile Charger,Accessories,2,852.93,0.15,0.42,UPI
TXN398BFDB2B4,2023-08-30,BR03,Rajahmundry,Andhra Pradesh,CUST00743,Deepika Varma,Retail,P004,Wireless Earbuds,Mobile,2,5344.04,0.05,0.55,Cash
TXN502C6AEB4D,2023-07-09,BR03,Rajahmundry,Andhra Pradesh,CUST00121,Arjun Reddy,Retail,P020,Home Theatre System,Electronics,1,10501.82,0.05,0.6,Credit Card
TXNB98E918A88,2024-09-21,BR03,Rajahmundry,Andhra Pradesh,CUST00016,Naveen Rao,Retail,P021,Smart Watch,Electronics,4,3576.39,0.05,0.55,Net Banking
TXN7E834FEEE1,2023-09-11,BR03,Rajahmundry,Andhra Pradesh,CUST00778,Divya Sharma,Retail,P013,Power Bank,Accessories,1,1706.64,0.0,0.48,Credit Card
TXN47B1603C7B,2024-05-01,BR03,Rajahmundry,Andhra Pradesh,CUST01421,Anitha Murthy,Wholesale,P004,Wireless Earbuds,Mobile,4,4281.49,0.0,0.55,UPI
TXN9A1927B6C4,2024-03-01,BR03,Rajahmundry,Andhra Pradesh,CUST01439,Vikram Sarma,Retail,P013,Power Bank,Accessories,1,1126.63,0.15,0.48,UPI
TXNCFA76BF0C3,2023-06-09,BR03,Rajahmundry,Andhra Pradesh,CUST00778,Divya Sharma,Retail,P021,Smart Watch,Electronics,2,6629.73,0.0,0.55,UPI
TXN433B840B59,2024-04-23,BR03,Rajahmundry,Andhra Pradesh,CUST00665,Vikram Kumar,Retail,P006,Business Laptop i5,Laptop,1,52101.43,0.0,0.8,UPI
TXN685B6E56FB,2024-09-29,BR03,Rajahmundry,Andhra Pradesh,CUST01417,Ajay Kumar,Wholesale,P012,Mobile Charger,Accessories,1,1159.79,0.1,0.42,Debit Card
TXNDB470082C2,2024-10-23,BR03,Rajahmundry,Andhra Pradesh,CUST00379,Swathi Sarma,Retail,P008,Ultrabook Thin & Light,Laptop,1,78175.09,0.1,0.79,Debit Card
TXNB3953C1F5F,2023-06-10,BR03,Rajahmundry,Andhra Pradesh,CUST00570,Swathi Sharma,Retail,P004,Wireless Earbuds,Mobile,1,4154.49,0.0,0.55,Cash
TXN0064A9E58C,2024-05-20,BR03,Rajahmundry,Andhra Pradesh,CUST00744,Ajay Rao,Retail,P007,Gaming Laptop i7,Laptop,1,105837.25,0.15,0.78,Debit Card
TXND4C90C29AC,2023-06-11,BR03,Rajahmundry,Andhra Pradesh,CUST01019,Anitha Babu,Retail,P003,Flagship Smartphone,Mobile,1,49597.72,0.1,0.75,UPI
TXNF4FED4FA59,2024-04-15,BR03,Rajahmundry,Andhra Pradesh,CUST01362,Pooja Sarma,Retail,P013,Power Bank,Accessories,2,1464.58,0.0,0.48,UPI
TXNCD68723B23,2023-08-03,BR03,Rajahmundry,Andhra Pradesh,CUST01647,Divya Sarma,Retail,P011,Bluetooth Speaker,Accessories,1,3699.45,0.0,0.5,UPI
TXN0F117FFA99,2023-06-25,BR03,Rajahmundry,Andhra Pradesh,CUST01882,Suresh Kumar,Retail,P002,Mid-range Smartphone 5G,Mobile,1,21149.33,0.15,0.78,Net Banking
TXNF37642560F,2023-10-25,BR03,Rajahmundry,Andhra Pradesh,CUST00050,Srinivas Rao,Wholesale,P020,Home Theatre System,Electronics,3,14874.07,0.0,0.6,UPI
TXNAECF38E24E,2024-06-08,BR03,Rajahmundry,Andhra Pradesh,CUST00549,Naveen Naidu,Retail,P011,Bluetooth Speaker,Accessories,3,3395.96,0.15,0.5,Credit Card
TXNCEDC8DA32C,2023-07-10,BR03,Rajahmundry,Andhra Pradesh,CUST00423,Vikram Prasad,Retail,P020,Home Theatre System,Electronics,4,12756.98,0.05,0.6,UPI
TXN52745E69B6,2023-07-10,BR03,Rajahmundry,Andhra Pradesh,CUST01962,Ajay Babu,Retail,P014,Split AC 1.5 Ton,Home Appliances,1,34293.41,0.15,0.83,Debit Card
TXN5999D07C9E,2024-09-19,BR03,Rajahmundry,Andhra Pradesh,CUST00987,Praveen Naidu,Retail,P004,Wireless Earbuds,Mobile,2,4626.96,0.0,0.55,UPI
TXN9E91802C9E,2024-09-08,BR03,Rajahmundry,Andhra Pradesh,CUST00894,Deepika Sharma,Retail,P006,Business Laptop i5,Laptop,1,45948.02,0.05,0.8,UPI
TXN22EAA96C95,2024-12-16,BR03,Rajahmundry,Andhra Pradesh,CUST01338,Sandeep Rao,Wholesale,P002,Mid-range Smartphone 5G,Mobile,1,27881.84,0.0,0.78,Credit Card
TXN00A7E367A7,2023-04-17,BR03,Rajahmundry,Andhra Pradesh,CUST00099,Suresh Murthy,Retail,P015,Refrigerator 300L,Home Appliances,1,37428.49,0.0,0.82,Cash
TXN9FE09B70C6,2024-10-23,BR03,Rajahmundry,Andhra Pradesh,CUST00794,Praveen Chowdary,Wholesale,P005,Entry Laptop i3,Laptop,1,33019.96,0.05,0.82,UPI
TXNE7AB112A07,2024-06-30,BR03,Rajahmundry,Andhra Pradesh,CUST00479,Praveen Devi,Retail,P008,Ultrabook Thin & Light,Laptop,1,76644.33,0.0,0.79,Credit Card
TXN1703A3AEBC,2024-01-31,BR03,Rajahmundry,Andhra Pradesh,CUST01962,Ajay Babu,Retail,P005,Entry Laptop i3,Laptop,1,34510.15,0.05,0.82,Cash
TXN9278F38106,2024-12-19,BR03,Rajahmundry,Andhra Pradesh,CUST01577,Naveen Reddy,Retail,P003,Flagship Smartphone,Mobile,1,64684.87,0.05,0.75,Debit Card
TXN8C413B95B1,2024-11-14,BR03,Rajahmundry,Andhra Pradesh,CUST00164,Aishwarya Murthy,Retail,P010,Wireless Mouse,Accessories,3,1120.87,0.15,0.4,UPI
TXN3D45BF63E0,2023-09-18,BR03,Rajahmundry,Andhra Pradesh,CUST00703,Lakshmi Reddy,Retail,P002,Mid-range Smartphone 5G,Mobile,1,26224.42,0.0,0.78,Debit Card
TXN1F1FA643D4,2024-10-02,BR03,Rajahmundry,Andhra Pradesh,CUST01942,Vikram Rao,Retail,P011,Bluetooth Speaker,Accessories,1,1475.8,0.25,0.5,Credit Card
TXN14536DC4CB,2024-02-29,BR03,Rajahmundry,Andhra Pradesh,CUST00232,Divya Babu,Retail,P007,Gaming Laptop i7,Laptop,1,88175.18,0.05,0.78,Debit Card
TXNE5BC20947A,2023-11-05,BR03,Rajahmundry,Andhra Pradesh,CUST00027,Naveen Naidu,Corporate,P018,LED TV 43-inch,Electronics,1,32519.39,0.05,0.8,UPI
TXNA63F01F486,2023-11-12,BR03,Rajahmundry,Andhra Pradesh,CUST00467,Kiran Devi,Retail,P018,LED TV 43-inch,Electronics,1,25413.94,0.2,0.8,UPI
TXN63F87E410A,2024-12-17,BR03,Rajahmundry,Andhra Pradesh,CUST00486,Srinivas Varma,Retail,P004,Wireless Earbuds,Mobile,1,3046.85,0.05,0.55,UPI
TXN8967E3CEDE,2024-11-23,BR03,Rajahmundry,Andhra Pradesh,CUST01490,Sandeep Varma,Corporate,P004,Wireless Earbuds,Mobile,1,5819.35,0.2,0.55,UPI
TXNC8D7AAA35A,2023-05-16,BR03,Rajahmundry,Andhra Pradesh,CUST01636,Anitha Varma,Retail,P002,Mid-range Smartphone 5G,Mobile,1,26419.19,0.05,0.78,UPI
TXND069FB9E45,2024-04-23,BR03,Rajahmundry,Andhra Pradesh,CUST01738,Kavya Kumar,Retail,P008,Ultrabook Thin & Light,Laptop,1,87755.29,0.1,0.79,UPI
TXNAB5CAC799B,2023-05-15,BR03,Rajahmundry,Andhra Pradesh,CUST01725,Swathi Kumar,Retail,P003,Flagship Smartphone,Mobile,1,88471.21,0.0,0.75,UPI
TXNA9DCBF40B3,2024-09-23,BR03,Rajahmundry,Andhra Pradesh,CUST01332,Naveen Devi,Retail,P017,Microwave Oven,Home Appliances,1,13469.32,0.1,0.75,Credit Card
TXNC3016662C4,2024-10-05,BR03,Rajahmundry,Andhra Pradesh,CUST00799,Sneha Prasad,Wholesale,P013,Power Bank,Accessories,4,925.84,0.05,0.48,UPI
TXN4F15860DF7,2023-11-25,BR03,Rajahmundry,Andhra Pradesh,CUST00997,Praveen Murthy,Retail,P001,Budget Smartphone 4G,Mobile,1,11731.38,0.2,0.8,UPI
TXN136C957F7A,2023-01-09,BR03,Rajahmundry,Andhra Pradesh,CUST01195,Manoj Chowdary,Retail,P002,Mid-range Smartphone 5G,Mobile,1,18100.73,0.0,0.78,Debit Card
TXNF93CD62380,2023-10-27,BR03,Rajahmundry,Andhra Pradesh,CUST01328,Deepika Chowdary,Retail,P013,Power Bank,Accessories,2,2440.88,0.15,0.48,Credit Card
TXNB266CD1612,2023-04-14,BR03,Rajahmundry,Andhra Pradesh,CUST00208,Deepika Babu,Wholesale,P002,Mid-range Smartphone 5G,Mobile,1,26276.67,0.0,0.78,Credit Card
TXN56BFC4765B,2024-07-11,BR03,Rajahmundry,Andhra Pradesh,CUST01243,Harika Reddy,Wholesale,P007,Gaming Laptop i7,Laptop,1,93643.78,0.15,0.78,Credit Card
TXNA573021AA5,2023-06-14,BR03,Rajahmundry,Andhra Pradesh,CUST00470,Deepika Chowdary,Wholesale,P018,LED TV 43-inch,Electronics,1,31477.95,0.0,0.8,Cash
TXN07218C4F9F,2024-06-26,BR03,Rajahmundry,Andhra Pradesh,CUST01619,Harika Murthy,Retail,P012,Mobile Charger,Accessories,2,536.1,0.1,0.42,UPI
TXN1E9397DDBB,2023-11-27,BR03,Rajahmundry,Andhra Pradesh,CUST00641,Harika Babu,Retail,P010,Wireless Mouse,Accessories,1,328.01,0.05,0.4,UPI
TXN940D7DD6CB,2023-11-19,BR03,Rajahmundry,Andhra Pradesh,CUST01589,Meena Chowdary,Retail,P003,Flagship Smartphone,Mobile,1,67873.87,0.0,0.75,Debit Card
TXNCFAF277A26,2024-12-22,BR03,Rajahmundry,Andhra Pradesh,CUST01603,Srinivas Rao,Corporate,P009,Laptop Bag,Accessories,1,1271.47,0.0,0.45,Net Banking
TXN7136749823,2024-08-09,BR03,Rajahmundry,Andhra Pradesh,CUST00057,Sneha Murthy,Corporate,P008,Ultrabook Thin & Light,Laptop,1,69982.65,0.0,0.79,Cash
TXNCCDB0AFFFC,2023-11-06,BR03,Rajahmundry,Andhra Pradesh,CUST00055,Kavya Reddy,Retail,P004,Wireless Earbuds,Mobile,2,3042.2,0.0,0.55,Credit Card
TXN5D85605315,2023-09-02,BR03,Rajahmundry,Andhra Pradesh,CUST01621,Lakshmi Naidu,Wholesale,P010,Wireless Mouse,Accessories,2,1191.54,0.05,0.4,UPI
TXNEC22B7A200,2023-08-27,BR03,Rajahmundry,Andhra Pradesh,CUST01372,Vikram Varma,Retail,P011,Bluetooth Speaker,Accessories,1,2049.01,0.0,0.5,UPI
TXN44D052DB67,2024-06-27,BR03,Rajahmundry,Andhra Pradesh,CUST00547,Praveen Babu,Retail,P001,Budget Smartphone 4G,Mobile,1,8302.99,0.05,0.8,Credit Card
TXNBCF3B0F4DB,2024-11-22,BR03,Rajahmundry,Andhra Pradesh,CUST00740,Harika Reddy,Retail,P010,Wireless Mouse,Accessories,1,1334.23,0.2,0.4,UPI
TXN82975AC050,2024-06-23,BR03,Rajahmundry,Andhra Pradesh,CUST01675,Kavya Varma,Retail,P019,LED TV 55-inch,Electronics,1,57352.14,0.1,0.79,Credit Card
TXN2389D9859C,2023-08-11,BR03,Rajahmundry,Andhra Pradesh,CUST01525,Vikram Sarma,Retail,P001,Budget Smartphone 4G,Mobile,1,13017.67,0.15,0.8,Credit Card
TXNC7DC431773,2024-06-20,BR03,Rajahmundry,Andhra Pradesh,CUST00583,Arjun Prasad,Corporate,P011,Bluetooth Speaker,Accessories,1,4626.05,0.1,0.5,UPI
TXN8204F0BF5A,2023-11-16,BR03,Rajahmundry,Andhra Pradesh,CUST01032,Ajay Naidu,Corporate,P012,Mobile Charger,Accessories,1,1215.27,0.25,0.42,UPI
TXN870B4567EA,2023-04-14,BR03,Rajahmundry,Andhra Pradesh,CUST00995,Suresh Rao,Wholesale,P016,Washing Machine,Home Appliances,1,30293.31,0.0,0.8,UPI
TXN72F1CF9732,2023-08-31,BR03,Rajahmundry,Andhra Pradesh,CUST00245,Ramesh Varma,Wholesale,P006,Business Laptop i5,Laptop,1,49147.23,0.0,0.8,UPI
TXN66DF880651,2023-06-17,BR03,Rajahmundry,Andhra Pradesh,CUST00027,Naveen Naidu,Corporate,P009,Laptop Bag,Accessories,1,1594.56,0.0,0.45,Credit Card
TXN5A95C89628,2024-03-31,BR03,Rajahmundry,Andhra Pradesh,CUST01983,Sneha Varma,Retail,P016,Washing Machine,Home Appliances,1,23346.72,0.1,0.8,Debit Card
TXN42AF6ED5CE,2023-11-17,BR03,Rajahmundry,Andhra Pradesh,CUST01742,Deepika Rao,Retail,P009,Laptop Bag,Accessories,1,1596.09,0.05,0.45,Credit Card
TXN4D1E3F01E9,2024-01-16,BR03,Rajahmundry,Andhra Pradesh,CUST00172,Aishwarya Sharma,Retail,P007,Gaming Laptop i7,Laptop,1,87683.88,0.0,0.78,Debit Card
TXN618C728D19,2023-11-18,BR03,Rajahmundry,Andhra Pradesh,CUST00839,Harika Devi,Retail,P011,Bluetooth Speaker,Accessories,1,4285.25,0.1,0.5,Debit Card
TXNFCCF87ACB8,2023-05-31,BR03,Rajahmundry,Andhra Pradesh,CUST01842,Praveen Chowdary,Retail,P019,LED TV 55-inch,Electronics,1,44501.96,0.1,0.79,Credit Card
TXN07B31D70CA,2024-04-03,BR03,Rajahmundry,Andhra Pradesh,CUST01782,Arjun Varma,Retail,P014,Split AC 1.5 Ton,Home Appliances,1,41159.05,0.0,0.83,Debit Card
TXN2E25A2DFEB,2023-05-28,BR03,Rajahmundry,Andhra Pradesh,CUST00177,Praveen Murthy,Retail,P010,Wireless Mouse,Accessories,1,789.81,0.05,0.4,UPI
TXNE43102ED89,2024-11-01,BR03,Rajahmundry,Andhra Pradesh,CUST01575,Deepika Rao,Retail,P012,Mobile Charger,Accessories,1,1294.02,0.0,0.42,Credit Card
TXNC1BDCA6EC9,2023-12-18,BR03,Rajahmundry,Andhra Pradesh,CUST01686,Sneha Devi,Retail,P018,LED TV 43-inch,Electronics,1,26585.47,0.15,0.8,Credit Card
TXN7A24D5EC8F,2023-12-20,BR03,Rajahmundry,Andhra Pradesh,CUST00726,Naveen Devi,Retail,P020,Home Theatre System,Electronics,4,8611.96,0.05,0.6,Net Banking
TXNFDE11D963E,2023-06-17,BR03,Rajahmundry,Andhra Pradesh,CUST01143,Sneha Reddy,Retail,P013,Power Bank,Accessories,3,2104.8,0.15,0.48,Debit Card
TXNE7C65AEB6F,2024-06-25,BR03,Rajahmundry,Andhra Pradesh,CUST01238,Arjun Reddy,Wholesale,P018,LED TV 43-inch,Electronics,1,24541.28,0.0,0.8,UPI
TXN046AB89F40,2023-02-26,BR03,Rajahmundry,Andhra Pradesh,CUST00351,Priya Kumar,Retail,P006,Business Laptop i5,Laptop,1,50988.0,0.0,0.8,UPI
TXN49B29FD1C6,2023-06-27,BR03,Rajahmundry,Andhra Pradesh,CUST01750,Arjun Varma,Retail,P002,Mid-range Smartphone 5G,Mobile,1,26981.67,0.1,0.78,Net Banking
TXNE32AFF8501,2023-05-21,BR03,Rajahmundry,Andhra Pradesh,CUST01730,Srinivas Reddy,Retail,P019,LED TV 55-inch,Electronics,1,48508.33,0.0,0.79,Debit Card
TXN4746470A40,2024-06-13,BR03,Rajahmundry,Andhra Pradesh,CUST01500,Manoj Naidu,Retail,P018,LED TV 43-inch,Electronics,1,26647.93,0.05,0.8,Net Banking
TXN13CF4A0FB1,2023-12-06,BR03,Rajahmundry,Andhra Pradesh,CUST00044,Meena Reddy,Retail,P006,Business Laptop i5,Laptop,1,49206.72,0.1,0.8,UPI
TXN84BC7838FC,2023-02-08,BR03,Rajahmundry,Andhra Pradesh,CUST01447,Meena Naidu,Retail,P020,Home Theatre System,Electronics,1,7062.03,0.0,0.6,UPI
TXN2E275E38B9,2024-11-19,BR03,Rajahmundry,Andhra Pradesh,CUST00893,Kavya Devi,Retail,P017,Microwave Oven,Home Appliances,1,6617.48,0.1,0.75,Debit Card
TXNED6AF60562,2023-04-01,BR03,Rajahmundry,Andhra Pradesh,CUST01248,Sandeep Reddy,Retail,P001,Budget Smartphone 4G,Mobile,1,11887.15,0.15,0.8,UPI
TXNFFF293DD50,2024-10-15,BR03,Rajahmundry,Andhra Pradesh,CUST01054,Meena Sharma,Retail,P006,Business Laptop i5,Laptop,1,55080.33,0.2,0.8,UPI
TXN1169580CC5,2023-04-12,BR03,Rajahmundry,Andhra Pradesh,CUST00883,Pooja Devi,Wholesale,P014,Split AC 1.5 Ton,Home Appliances,1,47261.47,0.0,0.83,Debit Card
TXN831268AB75,2024-12-16,BR03,Rajahmundry,Andhra Pradesh,CUST00177,Praveen Murthy,Retail,P002,Mid-range Smartphone 5G,Mobile,1,25649.65,0.0,0.78,Net Banking
TXNDC3F866D52,2024-12-31,BR03,Rajahmundry,Andhra Pradesh,CUST01286,Lakshmi Prasad,Wholesale,P020,Home Theatre System,Electronics,2,18686.06,0.0,0.6,UPI
TXN984FEEB4A1,2024-10-14,BR03,Rajahmundry,Andhra Pradesh,CUST01933,Aishwarya Sharma,Wholesale,P007,Gaming Laptop i7,Laptop,1,82277.37,0.15,0.78,Credit Card
TXNFE8A1B842C,2023-04-28,BR03,Rajahmundry,Andhra Pradesh,CUST01094,Arjun Rao,Retail,P011,Bluetooth Speaker,Accessories,1,3041.62,0.05,0.5,Credit Card
TXNA2F151DEC5,2023-02-08,BR03,Rajahmundry,Andhra Pradesh,CUST01100,Kavya Rao,Retail,P020,Home Theatre System,Electronics,1,18935.24,0.05,0.6,Net Banking
TXN5877B3E3E8,2024-03-10,BR03,Rajahmundry,Andhra Pradesh,CUST01138,Divya Rao,Retail,P004,Wireless Earbuds,Mobile,1,2911.29,0.0,0.55,UPI
TXN66A580E010,2024-04-16,BR03,Rajahmundry,Andhra Pradesh,CUST01584,Divya Prasad,Wholesale,P003,Flagship Smartphone,Mobile,1,82344.32,0.05,0.75,Debit Card
TXNA50181A20C,2024-06-05,BR03,Rajahmundry,Andhra Pradesh,CUST01424,Swathi Prasad,Retail,P004,Wireless Earbuds,Mobile,1,4378.2,0.15,0.55,UPI
TXN62AED80402,2023-09-12,BR03,Rajahmundry,Andhra Pradesh,CUST01244,Sneha Murthy,Wholesale,P020,Home Theatre System,Electronics,1,8156.29,0.0,0.6,UPI
TXN6A57FE6230,2024-03-29,BR03,Rajahmundry,Andhra Pradesh,CUST00211,,Retail,P002,Mid-range Smartphone 5G,Mobile,2,19285.92,0.1,0.78,Debit Card
TXNED74D21F47,2024-04-27,BR03,Rajahmundry,Andhra Pradesh,CUST00108,Suresh Reddy,Retail,P012,Mobile Charger,Accessories,1,1478.41,0.0,0.42,UPI
TXN39A9B29610,2024-02-11,BR03,Rajahmundry,Andhra Pradesh,CUST00112,Pooja Naidu,Retail,P015,Refrigerator 300L,Home Appliances,1,39298.29,0.0,0.82,UPI
TXN31769478A2,2023-01-19,BR03,Rajahmundry,Andhra Pradesh,CUST01948,Vikram Babu,Retail,P005,Entry Laptop i3,Laptop,1,31150.54,0.15,0.82,Credit Card
TXN239D077453,2023-08-06,BR03,Rajahmundry,Andhra Pradesh,CUST00349,Naveen Chowdary,Corporate,P002,Mid-range Smartphone 5G,Mobile,1,24796.19,0.1,0.78,Debit Card
TXN5C82F88939,2023-04-05,BR03,Rajahmundry,Andhra Pradesh,CUST01700,Sandeep Kumar,Retail,P020,Home Theatre System,Electronics,1,16844.91,0.0,0.6,UPI
TXNA6E0D39D28,2024-03-22,BR03,Rajahmundry,Andhra Pradesh,CUST00114,Praveen Devi,Retail,P010,Wireless Mouse,Accessories,1,1019.26,0.15,0.4,Credit Card
TXNFBFD2FC508,2024-11-28,BR03,Rajahmundry,Andhra Pradesh,CUST01611,Manoj Reddy,Retail,P013,Power Bank,Accessories,1,1688.99,0.05,0.48,UPI
TXN25010068EB,2024-03-25,BR03,Rajahmundry,Andhra Pradesh,CUST00475,Lakshmi Sharma,Wholesale,P008,Ultrabook Thin & Light,Laptop,1,86078.04,0.0,0.79,Net Banking
TXN9CFAA7A3AB,2023-06-12,BR03,Rajahmundry,Andhra Pradesh,CUST01117,Manoj Kumar,Retail,P003,Flagship Smartphone,Mobile,1,71516.41,0.0,0.75,UPI
TXN30EAC35C26,2023-02-15,BR03,Rajahmundry,Andhra Pradesh,CUST01462,Lakshmi Murthy,Retail,P001,Budget Smartphone 4G,Mobile,1,9525.47,0.05,0.8,UPI
TXNC85E344F7E,2023-09-12,BR03,Rajahmundry,Andhra Pradesh,CUST00656,Kavya Varma,Retail,P003,Flagship Smartphone,Mobile,1,87843.03,0.1,0.75,UPI
TXNCC9AA887B8,2023-05-27,BR03,Rajahmundry,Andhra Pradesh,CUST00157,Deepika Sharma,Retail,P009,Laptop Bag,Accessories,1,1717.32,0.0,0.45,UPI
TXN68FC1E12CE,2024-09-16,BR03,Rajahmundry,Andhra Pradesh,CUST00611,Pooja Rao,Retail,P014,Split AC 1.5 Ton,Home Appliances,1,34427.82,0.15,0.83,UPI
TXNB484FE9019,2023-01-29,BR03,Rajahmundry,Andhra Pradesh,CUST01208,Priya Babu,Retail,P019,LED TV 55-inch,Electronics,1,48455.44,0.1,0.79,UPI
TXN826C98ADAC,2024-11-14,BR03,Rajahmundry,Andhra Pradesh,CUST01650,Manoj Varma,Wholesale,P004,Wireless Earbuds,Mobile,1,3457.22,0.0,0.55,Cash
TXND1AEA13EE8,2023-03-24,BR03,Rajahmundry,Andhra Pradesh,CUST01231,,Retail,P019,LED TV 55-inch,Electronics,1,58725.46,0.05,0.79,Debit Card
TXN32577F14BB,2023-07-27,BR03,Rajahmundry,Andhra Pradesh,CUST00336,Aishwarya Devi,Retail,P003,Flagship Smartphone,Mobile,1,70174.03,0.1,0.75,Debit Card
TXN4353237E71,2023-10-01,BR03,Rajahmundry,Andhra Pradesh,CUST00011,Manoj Naidu,Retail,P004,Wireless Earbuds,Mobile,1,3350.79,0.1,0.55,UPI
TXNF091D5ED0B,2023-02-14,BR03,Rajahmundry,Andhra Pradesh,CUST01820,Kiran Babu,Retail,P004,Wireless Earbuds,Mobile,1,1807.54,0.1,0.55,Cash
TXNECA7F51176,2023-04-17,BR03,Rajahmundry,Andhra Pradesh,CUST01864,Praveen Babu,Retail,P002,Mid-range Smartphone 5G,Mobile,1,22842.08,0.1,0.78,Debit Card
TXN8AB4CD154E,2023-05-08,BR03,Rajahmundry,Andhra Pradesh,CUST01280,Arjun Varma,Retail,P003,Flagship Smartphone,Mobile,1,67338.46,0.1,0.75,UPI
TXN35F7C89CBD,2023-05-13,BR03,Rajahmundry,Andhra Pradesh,CUST00051,,Retail,P003,Flagship Smartphone,Mobile,1,65185.39,0.1,0.75,UPI
TXNC1CA91D7FC,2024-10-29,BR03,Rajahmundry,Andhra Pradesh,CUST01855,Harika Naidu,Retail,P021,Smart Watch,Electronics,1,11128.91,0.0,0.55,Debit Card
TXN86B54E10F6,2024-09-23,BR03,Rajahmundry,Andhra Pradesh,CUST01228,Meena Prasad,Retail,P010,Wireless Mouse,Accessories,2,1135.48,0.1,0.4,Net Banking
TXN14BEDAC7F2,2024-04-22,BR03,Rajahmundry,Andhra Pradesh,CUST01892,Kavya Sharma,Retail,P009,Laptop Bag,Accessories,1,1568.41,0.15,0.45,Debit Card
TXN2C1444A5AE,2024-06-19,BR03,Rajahmundry,Andhra Pradesh,CUST01773,Meena Murthy,Retail,P021,Smart Watch,Electronics,2,3223.65,0.15,0.55,UPI
TXN2492195602,2024-04-02,BR03,Rajahmundry,Andhra Pradesh,CUST01659,Praveen Rao,Retail,P006,Business Laptop i5,Laptop,1,44704.86,0.0,0.8,UPI
TXN7CEA996C2E,2023-01-12,BR03,Rajahmundry,Andhra Pradesh,CUST00054,Srinivas Reddy,Retail,P004,Wireless Earbuds,Mobile,4,3591.42,0.05,0.55,UPI
TXN7F148C9991,2024-03-04,BR03,Rajahmundry,Andhra Pradesh,CUST00805,Ajay Naidu,Retail,P011,Bluetooth Speaker,Accessories,2,3653.32,0.0,0.5,UPI
TXN0A22C44404,2023-05-14,BR03,Rajahmundry,Andhra Pradesh,CUST01025,Meena Kumar,Retail,P010,Wireless Mouse,Accessories,1,828.11,0.0,0.4,UPI
TXN9D31DC491C,2023-12-07,BR03,Rajahmundry,Andhra Pradesh,CUST01485,Kiran Prasad,Corporate,P001,Budget Smartphone 4G,Mobile,1,13553.0,0.1,0.8,Credit Card
TXN5FA1692829,2023-08-25,BR03,Rajahmundry,Andhra Pradesh,CUST01473,Aishwarya Naidu,Wholesale,P019,LED TV 55-inch,Electronics,1,55869.81,0.0,0.79,Debit Card
TXN304B7DA336,2023-05-24,BR03,Rajahmundry,Andhra Pradesh,CUST01331,Suresh Rao,Retail,P010,Wireless Mouse,Accessories,2,1110.88,0.0,0.4,UPI
TXND76C9EF6A2,2024-08-23,BR03,Rajahmundry,Andhra Pradesh,CUST00830,Anitha Kumar,Wholesale,P019,LED TV 55-inch,Electronics,1,48419.59,0.1,0.79,Cash
TXN5C612ABE60,2024-02-01,BR03,Rajahmundry,Andhra Pradesh,CUST01102,Ravi Reddy,Retail,P008,Ultrabook Thin & Light,Laptop,1,60270.55,0.15,0.79,Debit Card
TXNBBE9353DB3,2023-06-01,BR03,Rajahmundry,Andhra Pradesh,CUST01925,Kavya Varma,Retail,P009,Laptop Bag,Accessories,4,1346.02,0.1,0.45,UPI
TXNF3ABC45A0B,2024-09-08,BR03,Rajahmundry,Andhra Pradesh,CUST01763,Sandeep Varma,Retail,P021,Smart Watch,Electronics,1,4486.86,0.15,0.55,Cash
TXND4BA39A280,2024-06-13,BR03,Rajahmundry,Andhra Pradesh,CUST01968,Manoj Sharma,Retail,P003,Flagship Smartphone,Mobile,1,56043.84,0.0,0.75,Debit Card
TXND6C0FDA313,2023-11-26,BR03,Rajahmundry,Andhra Pradesh,CUST00714,Divya Devi,Retail,P004,Wireless Earbuds,Mobile,4,3201.64,0.0,0.55,Cash
TXN74DB0E2420,2023-10-28,BR03,Rajahmundry,Andhra Pradesh,CUST01209,Anitha Reddy,Corporate,P004,Wireless Earbuds,Mobile,1,1802.57,0.25,0.55,UPI
TXN4D2F81B1E8,2023-07-30,BR03,Rajahmundry,Andhra Pradesh,CUST00974,Kiran Naidu,Retail,P012,Mobile Charger,Accessories,1,727.88,0.0,0.42,Credit Card
TXNAEF9E2F3D8,2023-11-09,BR03,Rajahmundry,Andhra Pradesh,CUST01657,Arjun Kumar,Wholesale,P002,Mid-range Smartphone 5G,Mobile,1,25654.44,0.15,0.78,Cash
TXN0762BCE9D2,2024-11-28,BR03,Rajahmundry,Andhra Pradesh,CUST01220,Ramesh Reddy,Retail,P012,Mobile Charger,Accessories,4,1746.29,0.05,0.42,Cash
TXNA71DD6E86B,2023-10-04,BR03,Rajahmundry,Andhra Pradesh,CUST01332,Naveen Devi,Retail,P001,Budget Smartphone 4G,Mobile,2,10923.65,0.0,0.8,UPI
TXND4E980BB5F,2024-10-08,BR03,Rajahmundry,Andhra Pradesh,CUST01870,Meena Reddy,Retail,P012,Mobile Charger,Accessories,1,1106.4,0.15,0.42,UPI
TXN03862D909A,2023-10-21,BR03,Rajahmundry,Andhra Pradesh,CUST01104,Kavya Rao,Retail,P002,Mid-range Smartphone 5G,Mobile,1,20064.81,0.15,0.78,UPI
TXN4EF41F5CE1,2024-02-02,BR03,Rajahmundry,Andhra Pradesh,CUST00142,Sneha Varma,Retail,P003,Flagship Smartphone,Mobile,1,49572.78,0.0,0.75,Cash
TXND4919ABE59,2024-12-01,BR03,Rajahmundry,Andhra Pradesh,CUST01898,Lakshmi Sarma,Retail,P011,Bluetooth Speaker,Accessories,4,2640.31,0.05,0.5,Cash
TXN3AF3C1BB5C,2024-07-08,BR03,Rajahmundry,Andhra Pradesh,CUST00129,Swathi Kumar,Retail,P001,Budget Smartphone 4G,Mobile,1,8493.03,0.0,0.8,Debit Card
TXN79A2A50A26,2024-01-16,BR03,Rajahmundry,Andhra Pradesh,CUST01198,Vikram Kumar,Wholesale,P001,Budget Smartphone 4G,Mobile,4,11024.31,0.0,0.8,Net Banking
TXN7ADA79478B,2024-05-30,BR03,Rajahmundry,Andhra Pradesh,CUST01813,Sandeep Kumar,Corporate,P008,Ultrabook Thin & Light,Laptop,1,74610.56,0.0,0.79,Cash
TXN94D90812D3,2023-11-20,BR03,Rajahmundry,Andhra Pradesh,CUST01166,Sneha Sharma,Retail,P014,Split AC 1.5 Ton,Home Appliances,1,34249.23,0.25,0.83,Cash
TXN1E9CDCAE19,2023-12-28,BR03,Rajahmundry,Andhra Pradesh,CUST00889,Arjun Devi,Corporate,P018,LED TV 43-inch,Electronics,1,23053.24,0.05,0.8,UPI
TXN980A92462C,2023-01-01,BR03,Rajahmundry,Andhra Pradesh,CUST00982,Meena Kumar,Retail,P002,Mid-range Smartphone 5G,Mobile,1,23679.18,0.0,0.78,UPI
TXN1C97C7207A,2023-12-21,BR03,Rajahmundry,Andhra Pradesh,CUST00271,Priya Reddy,Retail,P004,Wireless Earbuds,Mobile,1,4154.38,0.05,0.55,UPI
TXNFEBF851BB0,2023-12-31,BR03,Rajahmundry,Andhra Pradesh,CUST01198,Vikram Kumar,Wholesale,P002,Mid-range Smartphone 5G,Mobile,1,25663.63,0.1,0.78,Debit Card
TXNB7CEE8B12B,2023-08-17,BR03,Rajahmundry,Andhra Pradesh,CUST01908,Vikram Rao,Retail,P010,Wireless Mouse,Accessories,1,1434.47,0.1,0.4,UPI
TXN5F1806644E,2024-09-30,BR03,Rajahmundry,Andhra Pradesh,CUST00402,Sneha Babu,Retail,P021,Smart Watch,Electronics,1,3789.02,0.0,0.55,UPI
TXNA9EE34EB65,2023-02-05,BR03,Rajahmundry,Andhra Pradesh,CUST01386,Deepika Rao,Retail,P002,Mid-range Smartphone 5G,Mobile,1,23349.84,0.05,0.78,Net Banking
TXNEE34B6F273,2023-07-22,BR03,Rajahmundry,Andhra Pradesh,CUST00341,Sandeep Murthy,Corporate,P008,Ultrabook Thin & Light,Laptop,1,56392.47,0.0,0.79,UPI
TXNB5B86408DA,2024-10-22,BR03,Rajahmundry,Andhra Pradesh,CUST00242,Meena Prasad,Retail,P010,Wireless Mouse,Accessories,4,1322.6,0.15,0.4,UPI
TXN20161A673C,2024-02-01,BR03,Rajahmundry,Andhra Pradesh,CUST00724,Manoj Devi,Corporate,P020,Home Theatre System,Electronics,1,7864.19,0.1,0.6,UPI
TXN14C6B7E62C,2023-10-11,BR03,Rajahmundry,Andhra Pradesh,CUST01199,Sandeep Rao,Retail,P013,Power Bank,Accessories,2,2172.34,0.1,0.48,UPI
TXN04E3140EC3,2023-08-31,BR03,Rajahmundry,Andhra Pradesh,CUST00347,Swathi Reddy,Retail,P010,Wireless Mouse,Accessories,1,1320.82,0.1,0.4,Cash
TXNF53778DDE3,2024-05-06,BR03,Rajahmundry,Andhra Pradesh,CUST00713,Aishwarya Babu,Retail,P002,Mid-range Smartphone 5G,Mobile,1,24422.94,0.05,0.78,Credit Card
TXNCF52E6BB4E,2023-11-30,BR03,Rajahmundry,Andhra Pradesh,CUST00816,Meena Devi,Retail,P013,Power Bank,Accessories,2,1651.38,0.15,0.48,UPI
TXN8C5E9360AC,2024-11-26,BR03,Rajahmundry,Andhra Pradesh,CUST01448,Kiran Varma,Retail,P011,Bluetooth Speaker,Accessories,1,3494.6,0.2,0.5,Debit Card
TXNEE4B1E4A05,2024-11-30,BR03,Rajahmundry,Andhra Pradesh,CUST01583,Praveen Murthy,Wholesale,P002,Mid-range Smartphone 5G,Mobile,1,18659.04,0.2,0.78,UPI
TXN3C983C676B,2023-09-24,BR03,Rajahmundry,Andhra Pradesh,CUST01739,Meena Prasad,Retail,P002,Mid-range Smartphone 5G,Mobile,1,21304.24,0.0,0.78,UPI
TXN1EB1B4DD2C,2024-01-05,BR03,Rajahmundry,Andhra Pradesh,CUST01138,Divya Rao,Retail,P018,LED TV 43-inch,Electronics,1,31317.46,0.0,0.8,Debit Card
TXN5043D28963,2023-11-13,BR03,Rajahmundry,Andhra Pradesh,CUST00226,Aishwarya Sarma,Retail,P004,Wireless Earbuds,Mobile,1,4395.9,0.1,0.55,Debit Card
TXN059C39C0F6,2023-08-30,BR03,Rajahmundry,Andhra Pradesh,CUST01181,Pooja Babu,Wholesale,P003,Flagship Smartphone,Mobile,1,70458.81,0.15,0.75,Credit Card
TXN9857738D3E,2024-03-04,BR03,Rajahmundry,Andhra Pradesh,CUST00577,Swathi Kumar,Wholesale,P017,Microwave Oven,Home Appliances,1,8572.77,0.15,0.75,UPI
TXN60BA977B84,2024-06-04,BR03,Rajahmundry,Andhra Pradesh,CUST00522,Aishwarya Kumar,Wholesale,P013,Power Bank,Accessories,1,1860.12,0.1,0.48,Net Banking
TXN87B402FF6F,2023-03-23,BR03,Rajahmundry,Andhra Pradesh,CUST01438,Sneha Sarma,Corporate,P002,Mid-range Smartphone 5G,Mobile,1,27713.38,0.15,0.78,UPI
TXND6074FCEDF,2023-10-14,BR03,Rajahmundry,Andhra Pradesh,CUST00579,Priya Babu,Retail,P001,Budget Smartphone 4G,Mobile,1,8000.56,0.25,0.8,Credit Card
TXN273E67CAAE,2023-08-13,BR03,Rajahmundry,Andhra Pradesh,CUST01293,Suresh Sharma,Retail,P013,Power Bank,Accessories,3,1690.83,0.05,0.48,Debit Card
TXNDE0F2A26DC,2024-02-16,BR03,Rajahmundry,Andhra Pradesh,CUST01840,Sneha Sharma,Retail,P018,LED TV 43-inch,Electronics,1,32669.62,0.15,0.8,UPI
TXN1E78AC84DB,2024-12-05,BR03,Rajahmundry,Andhra Pradesh,CUST00036,Meena Devi,Retail,P005,Entry Laptop i3,Laptop,1,37837.41,0.0,0.82,Net Banking
TXN3FE712BE2E,2024-12-04,BR03,Rajahmundry,Andhra Pradesh,CUST00645,Pooja Sharma,Retail,P017,Microwave Oven,Home Appliances,1,14121.54,0.05,0.75,Credit Card
TXNE1ED4592EE,2023-12-09,BR03,Rajahmundry,Andhra Pradesh,CUST01690,Suresh Devi,Retail,P015,Refrigerator 300L,Home Appliances,1,38696.1,0.05,0.82,UPI
TXN24DFE50A42,2023-11-30,BR03,Rajahmundry,Andhra Pradesh,CUST01553,Meena Naidu,Wholesale,P021,Smart Watch,Electronics,1,4467.88,0.15,0.55,Credit Card
TXNB973C6E891,2023-06-09,BR03,Rajahmundry,Andhra Pradesh,CUST00536,Harika Reddy,Retail,P018,LED TV 43-inch,Electronics,1,25394.74,0.05,0.8,Net Banking
TXNB2962F1EA7,2024-02-25,BR03,Rajahmundry,Andhra Pradesh,CUST01853,Kiran Rao,Retail,P006,Business Laptop i5,Laptop,1,50561.93,0.05,0.8,Net Banking
TXN21AA2F8C49,2024-11-12,BR03,Rajahmundry,Andhra Pradesh,CUST00905,Ramesh Sharma,Retail,P002,Mid-range Smartphone 5G,Mobile,1,25689.41,0.15,0.78,UPI
TXNA86A219588,2024-06-06,BR03,Rajahmundry,Andhra Pradesh,CUST00865,Meena Chowdary,Corporate,P005,Entry Laptop i3,Laptop,1,29059.29,0.15,0.82,UPI
TXNB7B75001C3,2023-04-22,BR03,Rajahmundry,Andhra Pradesh,CUST00882,Praveen Sharma,Retail,P012,Mobile Charger,Accessories,1,1166.04,0.0,0.42,Net Banking
TXN1589F5CCCD,2023-11-04,BR03,Rajahmundry,Andhra Pradesh,CUST00333,Ajay Naidu,Retail,P021,Smart Watch,Electronics,1,3370.53,0.25,0.55,UPI
TXN621BF40CB9,2024-10-19,BR03,Rajahmundry,Andhra Pradesh,CUST01990,Priya Sarma,Wholesale,P010,Wireless Mouse,Accessories,1,508.13,0.05,0.4,Debit Card
TXNF4FB6936C2,2023-05-27,BR03,Rajahmundry,Andhra Pradesh,CUST01487,Suresh Naidu,Retail,P021,Smart Watch,Electronics,1,3249.99,0.05,0.55,Debit Card
TXNB5000A8881,2023-05-12,BR03,Rajahmundry,Andhra Pradesh,CUST01406,Divya Chowdary,Wholesale,P013,Power Bank,Accessories,1,2313.45,0.05,0.48,Credit Card
TXN8B81C0320C,2023-05-26,BR03,Rajahmundry,Andhra Pradesh,CUST01997,Srinivas Reddy,Retail,P004,Wireless Earbuds,Mobile,2,3213.09,0.05,0.55,UPI
TXN06EB7ED51A,2023-11-19,BR03,Rajahmundry,Andhra Pradesh,CUST00790,Harika Prasad,Retail,P001,Budget Smartphone 4G,Mobile,1,13621.04,0.25,0.8,Debit Card
TXN603E3EF199,2024-08-15,BR03,Rajahmundry,Andhra Pradesh,CUST01461,Ravi Babu,Retail,P021,Smart Watch,Electronics,2,3416.89,0.1,0.55,UPI
TXN3C67BA41B5,2023-03-20,BR03,Rajahmundry,Andhra Pradesh,CUST01137,Aishwarya Kumar,Retail,P009,Laptop Bag,Accessories,2,1737.59,0.0,0.45,Net Banking
TXN419C7D8FD6,2023-11-24,BR03,Rajahmundry,Andhra Pradesh,CUST00358,Naveen Babu,Retail,P012,Mobile Charger,Accessories,2,1301.73,0.1,0.42,Debit Card
TXNCCEB9FC826,2023-08-22,BR03,Rajahmundry,Andhra Pradesh,CUST00182,Ajay Devi,Retail,P006,Business Laptop i5,Laptop,1,54041.08,0.1,0.8,UPI
TXN3CD01D392F,2023-09-29,BR03,Rajahmundry,Andhra Pradesh,CUST00398,Arjun Kumar,Retail,P019,LED TV 55-inch,Electronics,1,49767.54,0.0,0.79,UPI
TXNFE216F65B2,2023-11-08,BR03,Rajahmundry,Andhra Pradesh,CUST00390,Harika Babu,Retail,P004,Wireless Earbuds,Mobile,1,4248.59,0.2,0.55,UPI
TXN2127F45121,2023-05-01,BR03,Rajahmundry,Andhra Pradesh,CUST00786,Lakshmi Sharma,Retail,P003,Flagship Smartphone,Mobile,1,67369.81,0.0,0.75,UPI
TXN37ECD1C8A0,2023-06-15,BR03,Rajahmundry,Andhra Pradesh,CUST00621,Manoj Naidu,Retail,P001,Budget Smartphone 4G,Mobile,1,13316.48,0.15,0.8,UPI
TXND13356B357,2024-12-16,BR03,Rajahmundry,Andhra Pradesh,CUST01368,Pooja Kumar,Wholesale,P002,Mid-range Smartphone 5G,Mobile,2,18399.19,0.05,0.78,UPI
TXN6462E2FB0B,2024-10-23,BR03,Rajahmundry,Andhra Pradesh,CUST00338,Swathi Sharma,Corporate,P012,Mobile Charger,Accessories,1,1274.64,0.05,0.42,UPI
TXN0C7158696C,2023-03-19,BR03,Rajahmundry,Andhra Pradesh,CUST01092,Swathi Varma,Corporate,P008,Ultrabook Thin & Light,Laptop,1,85647.27,0.0,0.79,UPI
TXNC21CB4B4BC,2024-04-28,BR03,Rajahmundry,Andhra Pradesh,CUST01521,Ajay Sarma,Retail,P009,Laptop Bag,Accessories,3,675.42,0.15,0.45,Cash
TXN609C496CCC,2023-06-20,BR03,Rajahmundry,Andhra Pradesh,CUST01433,Divya Prasad,Retail,P019,LED TV 55-inch,Electronics,1,47480.29,,0.79,Cash
TXN078B161FA3,2023-05-10,BR03,Rajahmundry,Andhra Pradesh,CUST00361,Kavya Devi,Retail,P016,Washing Machine,Home Appliances,1,30510.14,0.0,0.8,Cash
TXN58A7624C7A,2023-12-13,BR03,Rajahmundry,Andhra Pradesh,CUST01764,Harika Sarma,Retail,P001,Budget Smartphone 4G,Mobile,2,11528.83,,0.8,Cash
TXNC3E6F69126,2024-07-14,BR03,Rajahmundry,Andhra Pradesh,CUST01940,Suresh Reddy,Wholesale,P020,Home Theatre System,Electronics,1,10388.95,0.0,0.6,UPI
TXNB2D33018E0,2024-11-07,BR03,Rajahmundry,Andhra Pradesh,CUST00909,Ravi Reddy,Retail,P011,Bluetooth Speaker,Accessories,1,1415.23,0.1,0.5,UPI
TXNBBC8AC4FEC,2024-06-29,BR03,Rajahmundry,Andhra Pradesh,CUST01212,Kiran Rao,Retail,P007,Gaming Laptop i7,Laptop,1,113885.67,0.0,0.78,UPI
TXN1A8564CA87,2024-05-07,BR03,Rajahmundry,Andhra Pradesh,CUST01336,Kiran Kumar,Retail,P018,LED TV 43-inch,Electronics,1,23782.02,0.1,0.8,UPI
TXNF3BC211458,2024-04-24,BR03,Rajahmundry,Andhra Pradesh,CUST01176,Harika Murthy,Retail,P011,Bluetooth Speaker,Accessories,1,3991.43,0.1,0.5,UPI
TXNF33591F53D,2023-07-25,BR03,Rajahmundry,Andhra Pradesh,CUST01995,Aishwarya Reddy,Retail,P007,Gaming Laptop i7,Laptop,1,124992.48,0.05,0.78,UPI
TXNFC5DCF05AA,2024-09-08,BR03,Rajahmundry,Andhra Pradesh,CUST01298,Swathi Sarma,Retail,P006,Business Laptop i5,Laptop,1,53318.77,0.05,0.8,UPI
TXND1A751942A,2024-05-24,BR03,Rajahmundry,Andhra Pradesh,CUST00141,Ramesh Sharma,Retail,P013,Power Bank,Accessories,1,2021.89,0.05,0.48,Cash
TXN17E154B3BC,2024-06-11,BR03,Rajahmundry,Andhra Pradesh,CUST01043,Pooja Reddy,Retail,P010,Wireless Mouse,Accessories,1,609.79,0.15,0.4,UPI
TXND4C4067866,2023-06-11,BR03,Rajahmundry,Andhra Pradesh,CUST01416,Sandeep Prasad,Retail,P001,Budget Smartphone 4G,Mobile,1,13976.84,0.15,0.8,UPI
TXN6D14FA84F5,2023-06-30,BR03,Rajahmundry,Andhra Pradesh,CUST00061,Meena Kumar,Retail,P018,LED TV 43-inch,Electronics,1,27270.2,0.1,0.8,UPI
TXN4C6811373A,2023-03-17,BR03,Rajahmundry,Andhra Pradesh,CUST00235,Pooja Rao,Retail,P001,Budget Smartphone 4G,Mobile,1,12245.75,0.15,0.8,UPI
TXN82A9278805,2024-11-19,BR03,Rajahmundry,Andhra Pradesh,CUST01136,Suresh Babu,Retail,P018,LED TV 43-inch,Electronics,1,30517.42,0.2,0.8,UPI
TXNB9E19C3467,2024-07-07,BR03,Rajahmundry,Andhra Pradesh,CUST01115,Kiran Rao,Retail,P010,Wireless Mouse,Accessories,1,475.68,0.05,0.4,Net Banking
TXN74DD0C545F,2023-10-27,BR03,Rajahmundry,Andhra Pradesh,CUST00070,Praveen Reddy,Retail,P018,LED TV 43-inch,Electronics,1,26866.32,0.1,0.8,UPI
TXNFD1EDF4692,2024-11-05,BR03,Rajahmundry,Andhra Pradesh,CUST00447,Praveen Reddy,Retail,P017,Microwave Oven,Home Appliances,1,13510.8,0.15,0.75,UPI
TXN56CA6AF6EE,2024-07-04,BR03,Rajahmundry,Andhra Pradesh,CUST01061,Harika Murthy,Retail,P009,Laptop Bag,Accessories,1,1646.67,0.15,0.45,UPI
TXNC88344BC59,2024-07-24,BR03,Rajahmundry,Andhra Pradesh,CUST00113,Meena Sarma,Retail,P001,Budget Smartphone 4G,Mobile,4,12715.0,0.05,0.8,UPI
TXN606DB39424,2024-01-30,BR03,Rajahmundry,Andhra Pradesh,CUST01105,Suresh Sarma,Wholesale,P016,Washing Machine,Home Appliances,1,25184.67,0.05,0.8,UPI
TXN2EEB3F85DA,2023-06-08,BR03,Rajahmundry,Andhra Pradesh,CUST00475,Lakshmi Sharma,Wholesale,P021,Smart Watch,Electronics,1,2605.5,0.0,0.55,UPI
TXN6C978380DE,2024-11-12,BR03,Rajahmundry,Andhra Pradesh,CUST00708,Ramesh Prasad,Wholesale,P020,Home Theatre System,Electronics,1,13346.71,0.25,0.6,Cash
TXNF0E4260929,2023-12-09,BR03,Rajahmundry,Andhra Pradesh,CUST01965,Deepika Kumar,Retail,P020,Home Theatre System,Electronics,2,12717.29,0.1,0.6,UPI
TXND8F891DB49,2024-07-17,BR03,Rajahmundry,Andhra Pradesh,CUST01995,Aishwarya Reddy,Retail,P009,Laptop Bag,Accessories,2,848.49,0.05,0.45,UPI
TXNEA00CB508F,2023-02-05,BR03,Rajahmundry,Andhra Pradesh,CUST00699,Pooja Chowdary,Retail,P021,Smart Watch,Electronics,2,7619.05,0.0,0.55,UPI
TXN2E0756AE1F,2023-06-17,BR03,Rajahmundry,Andhra Pradesh,CUST01473,Aishwarya Naidu,Wholesale,P013,Power Bank,Accessories,1,1243.91,0.05,0.48,Debit Card
TXNE9712C9D43,2023-10-11,BR03,Rajahmundry,Andhra Pradesh,CUST00114,Praveen Devi,Retail,P018,LED TV 43-inch,Electronics,1,22010.01,0.0,0.8,Debit Card
TXN8E0AD4FD49,2023-07-22,BR03,Rajahmundry,Andhra Pradesh,CUST01851,Naveen Devi,Wholesale,P018,LED TV 43-inch,Electronics,1,26617.17,0.15,0.8,UPI
TXNB17CDD69B6,2024-07-18,BR03,Rajahmundry,Andhra Pradesh,CUST01701,Arjun Kumar,Retail,P003,Flagship Smartphone,Mobile,1,75966.73,0.0,0.75,UPI
TXNFF77370FC0,2023-07-08,BR03,Rajahmundry,Andhra Pradesh,CUST01847,Harika Sarma,Retail,P004,Wireless Earbuds,Mobile,1,2794.73,0.0,0.55,UPI
TXN73D13CA9A8,2023-01-29,BR03,Rajahmundry,Andhra Pradesh,CUST00618,Kiran Rao,Retail,P014,Split AC 1.5 Ton,Home Appliances,1,42082.89,0.15,0.83,UPI
TXNC463659D80,2024-03-16,BR03,Rajahmundry,Andhra Pradesh,CUST01703,Praveen Reddy,Wholesale,P004,Wireless Earbuds,Mobile,1,2690.18,0.0,0.55,UPI
TXNAAB746EA03,2024-07-25,BR03,Rajahmundry,Andhra Pradesh,CUST01689,Kiran Prasad,Retail,P010,Wireless Mouse,Accessories,1,1282.68,0.15,0.4,Net Banking
TXN2172234CF5,2024-12-03,BR03,Rajahmundry,Andhra Pradesh,CUST01220,Ramesh Reddy,Retail,P004,Wireless Earbuds,Mobile,1,3472.56,0.0,0.55,Net Banking
TXNA8A3009056,2023-02-10,BR03,Rajahmundry,Andhra Pradesh,CUST00285,Divya Murthy,Corporate,P011,Bluetooth Speaker,Accessories,4,2955.51,0.05,0.5,Credit Card
TXNE4580E2351,2023-09-09,BR03,Rajahmundry,Andhra Pradesh,CUST00264,Meena Sarma,Retail,P008,Ultrabook Thin & Light,Laptop,1,79879.34,0.0,0.79,UPI
TXN2CED304FEE,2023-11-14,BR03,Rajahmundry,Andhra Pradesh,CUST01524,Naveen Varma,Retail,P019,LED TV 55-inch,Electronics,1,49311.19,0.25,0.79,UPI
TXN3CD74F381E,2023-03-26,BR03,Rajahmundry,Andhra Pradesh,CUST00092,Harika Devi,Retail,P003,Flagship Smartphone,Mobile,1,62598.12,0.05,0.75,UPI
TXN9B3192D07B,2023-06-16,BR03,Rajahmundry,Andhra Pradesh,CUST01652,Arjun Sharma,Retail,P012,Mobile Charger,Accessories,2,1690.05,0.0,0.42,UPI
TXNF68127A93F,2024-03-15,BR03,Rajahmundry,Andhra Pradesh,CUST01474,Suresh Sharma,Wholesale,P014,Split AC 1.5 Ton,Home Appliances,1,47365.05,0.15,0.83,Cash
TXN908D5E392F,2024-08-25,BR03,Rajahmundry,Andhra Pradesh,CUST01903,Divya Sharma,Retail,P012,Mobile Charger,Accessories,1,1690.14,0.15,0.42,UPI
TXN4DC2A2AD92,2023-11-23,BR03,Rajahmundry,Andhra Pradesh,CUST01171,Priya Chowdary,Retail,P013,Power Bank,Accessories,1,1378.85,0.05,0.48,Cash
TXNB8F00A8816,2023-08-26,BR03,Rajahmundry,Andhra Pradesh,CUST00061,Meena Kumar,Retail,P004,Wireless Earbuds,Mobile,1,2604.92,0.05,0.55,Debit Card
TXNCEDE10F1DB,2023-09-03,BR03,Rajahmundry,Andhra Pradesh,CUST00883,,Wholesale,P012,Mobile Charger,Accessories,1,1665.62,0.15,0.42,Debit Card
TXN05466AC098,2024-07-05,BR03,Rajahmundry,Andhra Pradesh,CUST00885,Harika Prasad,Wholesale,P001,Budget Smartphone 4G,Mobile,3,8168.65,0.1,0.8,UPI
TXN8ECD5CFEC3,2023-12-01,BR03,Rajahmundry,Andhra Pradesh,CUST00134,,Corporate,P011,Bluetooth Speaker,Accessories,3,2986.98,0.05,0.5,Credit Card
TXND38DFD2E58,2023-12-26,BR03,Rajahmundry,Andhra Pradesh,CUST00053,Anitha Devi,Corporate,P006,Business Laptop i5,Laptop,1,56705.49,0.0,0.8,Credit Card
TXN5C245BC35B,2024-03-30,BR03,Rajahmundry,Andhra Pradesh,CUST01129,Sandeep Chowdary,Retail,P008,Ultrabook Thin & Light,Laptop,1,67519.56,0.0,0.79,Cash
TXN7CEEB02477,2024-07-02,BR03,Rajahmundry,Andhra Pradesh,CUST01222,Naveen Prasad,Retail,P001,Budget Smartphone 4G,Mobile,2,10100.82,0.1,0.8,Net Banking
TXNF8F935EE71,2023-12-05,BR03,Rajahmundry,Andhra Pradesh,CUST01577,Naveen Reddy,Retail,P011,Bluetooth Speaker,Accessories,1,2322.61,0.1,0.5,Credit Card
TXN1B2EF3EAF3,2024-09-17,BR03,Rajahmundry,Andhra Pradesh,CUST01780,Manoj Chowdary,Corporate,P010,Wireless Mouse,Accessories,1,521.48,0.15,0.4,Debit Card
TXNDE3A9CCE62,2024-06-15,BR03,Rajahmundry,Andhra Pradesh,CUST01426,Pooja Reddy,Wholesale,P011,Bluetooth Speaker,Accessories,2,4320.97,0.0,0.5,UPI
TXN7DB74A3A8A,2023-05-21,BR03,Rajahmundry,Andhra Pradesh,CUST01888,Divya Naidu,Retail,P019,LED TV 55-inch,Electronics,1,57316.06,0.05,0.79,Cash
TXN3823670637,2023-06-25,BR03,Rajahmundry,Andhra Pradesh,CUST01439,Vikram Sarma,Retail,P001,Budget Smartphone 4G,Mobile,1,9738.47,0.0,0.8,Cash
TXNADA3FBE330,2024-09-22,BR03,Rajahmundry,Andhra Pradesh,CUST01763,Sandeep Varma,Retail,P012,Mobile Charger,Accessories,1,1163.59,0.05,0.42,Credit Card
TXN91955A0854,2024-11-13,BR03,Rajahmundry,Andhra Pradesh,CUST00652,Anitha Prasad,Retail,P003,Flagship Smartphone,Mobile,1,53912.21,0.0,0.75,UPI
TXNB0D6C16E29,2024-04-26,BR03,Rajahmundry,Andhra Pradesh,CUST00136,Harika Sharma,Wholesale,P006,Business Laptop i5,Laptop,1,46975.38,0.0,0.8,UPI
TXN84ABA213F7,2024-10-10,BR03,Rajahmundry,Andhra Pradesh,CUST00723,Kiran Rao,Retail,P002,Mid-range Smartphone 5G,Mobile,1,24290.2,0.0,0.78,UPI
TXN9D72AF259F,2023-10-02,BR03,Rajahmundry,Andhra Pradesh,CUST01758,Ajay Varma,Retail,P012,Mobile Charger,Accessories,1,1072.76,0.1,0.42,Net Banking
TXN33955BDF06,2024-09-05,BR03,Rajahmundry,Andhra Pradesh,CUST01261,Deepika Chowdary,Retail,P002,Mid-range Smartphone 5G,Mobile,1,19729.77,0.1,0.78,Net Banking
TXN366ACB64DA,2024-10-19,BR03,Rajahmundry,Andhra Pradesh,CUST00656,Kavya Varma,Retail,P012,Mobile Charger,Accessories,1,1044.1,0.0,0.42,UPI
TXND8951E6E12,2023-10-23,BR03,Rajahmundry,Andhra Pradesh,CUST01830,Deepika Murthy,Retail,P002,Mid-range Smartphone 5G,Mobile,1,21927.97,0.2,0.78,UPI
TXNEB306D8BD2,2024-11-17,BR03,Rajahmundry,Andhra Pradesh,CUST01894,Kiran Reddy,Retail,P001,Budget Smartphone 4G,Mobile,2,10542.84,0.05,0.8,Debit Card
TXN89DBF503DC,2023-07-17,BR03,Rajahmundry,Andhra Pradesh,CUST01159,Lakshmi Murthy,Retail,P020,Home Theatre System,Electronics,4,10848.52,0.05,0.6,UPI
TXN0F109324B9,2024-09-06,BR03,Rajahmundry,Andhra Pradesh,CUST00930,Arjun Devi,Retail,P001,Budget Smartphone 4G,Mobile,1,12421.81,0.15,0.8,UPI
TXN26AA9C312A,2023-03-21,BR03,Rajahmundry,Andhra Pradesh,CUST01481,Sandeep Prasad,Wholesale,P002,Mid-range Smartphone 5G,Mobile,1,26208.47,0.1,0.78,Debit Card
TXN748B2A1F29,2024-09-28,BR03,Rajahmundry,Andhra Pradesh,CUST00657,Suresh Prasad,Retail,P004,Wireless Earbuds,Mobile,2,4455.89,0.05,0.55,UPI
TXNDF8AABCECB,2023-05-17,BR03,Rajahmundry,Andhra Pradesh,CUST01344,Naveen Reddy,Retail,P013,Power Bank,Accessories,1,1530.53,0.0,0.48,Credit Card
TXN414E4B5DDF,2023-05-28,BR03,Rajahmundry,Andhra Pradesh,CUST00406,Harika Babu,Retail,P020,Home Theatre System,Electronics,3,11284.1,0.1,0.6,Credit Card
TXN7092E26F9C,2023-02-19,BR03,Rajahmundry,Andhra Pradesh,CUST01154,Arjun Devi,Retail,P019,LED TV 55-inch,Electronics,1,45920.52,0.15,0.79,Credit Card
TXN6D10935E32,2023-03-16,BR03,Rajahmundry,Andhra Pradesh,CUST00477,Sandeep Varma,Wholesale,P021,Smart Watch,Electronics,2,9320.09,0.05,0.55,Credit Card
TXN7AC89FA4D0,2023-02-02,BR03,Rajahmundry,Andhra Pradesh,CUST00538,Aishwarya Prasad,Retail,P011,Bluetooth Speaker,Accessories,1,4532.06,0.05,0.5,Cash
TXNEC081AC25B,2024-04-22,BR03,Rajahmundry,Andhra Pradesh,CUST01420,Ravi Prasad,Retail,P020,Home Theatre System,Electronics,1,12916.79,0.05,0.6,Cash
TXN8E9E3BC38D,2023-03-01,BR03,Rajahmundry,Andhra Pradesh,CUST00525,Sandeep Murthy,Retail,P009,Laptop Bag,Accessories,2,899.15,0.0,0.45,Debit Card
TXN8C194AC17B,2023-11-21,BR03,Rajahmundry,Andhra Pradesh,CUST00003,Harika Rao,Retail,P012,Mobile Charger,Accessories,2,995.28,0.15,0.42,UPI
TXNF2243520CE,2023-12-30,BR03,Rajahmundry,Andhra Pradesh,CUST01955,Srinivas Rao,Retail,P004,Wireless Earbuds,Mobile,1,3460.79,0.05,0.55,Credit Card
TXNDAD542F139,2024-04-20,BR03,Rajahmundry,Andhra Pradesh,CUST01703,Praveen Reddy,Wholesale,P009,Laptop Bag,Accessories,2,1797.27,0.1,0.45,Cash
TXN48663D8C1A,2024-10-11,BR03,Rajahmundry,Andhra Pradesh,CUST00075,Kavya Chowdary,Retail,P017,Microwave Oven,Home Appliances,1,11485.71,0.05,0.75,Debit Card
TXNF02C2EA733,2023-04-03,BR03,Rajahmundry,Andhra Pradesh,CUST00139,Ajay Rao,Retail,P010,Wireless Mouse,Accessories,1,437.83,0.1,0.4,Cash
TXN8599BF25F8,2023-07-16,BR03,Rajahmundry,Andhra Pradesh,CUST01332,Naveen Devi,Retail,P015,Refrigerator 300L,Home Appliances,1,33487.86,0.15,0.82,Cash
TXN4FB99BF32D,2024-02-06,BR03,Rajahmundry,Andhra Pradesh,CUST01885,Kavya Varma,Retail,P009,Laptop Bag,Accessories,1,1783.27,0.0,0.45,Cash
TXND11B534036,2023-01-10,BR03,Rajahmundry,Andhra Pradesh,CUST00036,Meena Devi,Retail,P020,Home Theatre System,Electronics,1,12721.79,0.0,0.6,UPI
TXNB34A08DA9F,2023-12-14,BR03,Rajahmundry,Andhra Pradesh,CUST01707,Swathi Murthy,Retail,P009,Laptop Bag,Accessories,1,1015.1,0.15,0.45,Net Banking
TXN38831D156A,2023-01-02,BR03,Rajahmundry,Andhra Pradesh,CUST01276,Sneha Sharma,Corporate,P012,Mobile Charger,Accessories,1,1167.38,0.1,0.42,Cash
TXN7EA4650CB4,2023-09-06,BR03,rajahmundry  ,Andhra Pradesh,CUST00666,Kavya Reddy,Retail,P003,Flagship Smartphone,Mobile,1,82351.84,0.15,0.75,UPI
TXNB9345C390C,2024-08-04,BR03,Rajahmundry,Andhra Pradesh,CUST00333,Ajay Naidu,Retail,P019,LED TV 55-inch,Electronics,1,49619.4,0.05,0.79,UPI
TXNF1A0C621BA,2023-08-06,BR03,Rajahmundry,Andhra Pradesh,CUST01019,Anitha Babu,Retail,P020,Home Theatre System,Electronics,2,12581.88,0.05,0.6,UPI
TXN93A76A33A5,2023-11-27,BR03,Rajahmundry,Andhra Pradesh,CUST01456,Vikram Naidu,Wholesale,P012,Mobile Charger,Accessories,3,1314.93,0.25,0.42,UPI
TXNA3B63A19A8,2024-01-11,BR03,Rajahmundry,Andhra Pradesh,CUST00319,Lakshmi Chowdary,Wholesale,P001,Budget Smartphone 4G,Mobile,1,9640.47,0.0,0.8,UPI
TXN28CE9C14D3,2024-03-16,BR03,Rajahmundry,Andhra Pradesh,CUST00586,Ravi Chowdary,Retail,P019,LED TV 55-inch,Electronics,1,45180.14,0.15,0.79,Credit Card
TXN2B83F2A730,2023-04-21,BR03,Rajahmundry,Andhra Pradesh,CUST00389,Aishwarya Naidu,Retail,P011,Bluetooth Speaker,Accessories,2,4656.3,0.1,0.5,UPI
TXN293AE69C0B,2024-09-29,BR03,Rajahmundry,Andhra Pradesh,CUST01869,Kiran Sharma,Retail,P007,Gaming Laptop i7,Laptop,1,103716.42,0.0,0.78,UPI
TXN8E3F8296FA,2024-07-27,BR03,Rajahmundry,Andhra Pradesh,CUST00522,Aishwarya Kumar,Wholesale,P002,Mid-range Smartphone 5G,Mobile,3,19786.0,0.0,0.78,Credit Card
TXNF36C8C5D36,2023-05-09,BR03,Rajahmundry,Andhra Pradesh,CUST00860,Srinivas Sharma,Retail,P013,Power Bank,Accessories,1,1471.51,0.15,0.48,UPI
TXNB68DF7C3A6,2024-04-06,BR03,Rajahmundry,Andhra Pradesh,CUST00871,Deepika Murthy,Retail,P020,Home Theatre System,Electronics,1,19708.3,0.15,0.6,UPI
TXNAC11473760,2024-10-04,BR03,Rajahmundry,Andhra Pradesh,CUST00345,Manoj Varma,Corporate,P002,Mid-range Smartphone 5G,Mobile,1,25263.8,0.25,0.78,Credit Card
TXN2F7999BD8B,2023-06-07,BR03,Rajahmundry,Andhra Pradesh,CUST01247,Manoj Sarma,Retail,P004,Wireless Earbuds,Mobile,1,1732.85,0.1,0.55,Cash
TXN3E326AB2DD,2024-11-23,BR03,Rajahmundry,Andhra Pradesh,CUST01851,Naveen Devi,Wholesale,P004,Wireless Earbuds,Mobile,1,4812.89,0.2,0.55,UPI
TXN6F9E21B3BD,2024-11-04,BR03,Rajahmundry,Andhra Pradesh,CUST01230,Vikram Babu,Wholesale,P011,Bluetooth Speaker,Accessories,1,3801.89,0.0,0.5,Credit Card
TXN037F0393B1,2023-05-28,BR03,Rajahmundry,Andhra Pradesh,CUST00929,Priya Rao,Retail,P002,Mid-range Smartphone 5G,Mobile,1,23527.1,0.0,0.78,UPI
TXN510CC627C7,2023-11-26,BR03,Rajahmundry,Andhra Pradesh,CUST01416,Sandeep Prasad,Retail,P004,Wireless Earbuds,Mobile,3,3039.26,0.05,0.55,Net Banking
TXN752DBDCA55,2023-07-23,BR03,Rajahmundry,Andhra Pradesh,CUST00874,Vikram Prasad,Retail,P020,Home Theatre System,Electronics,1,14770.39,0.0,0.6,UPI
TXN9100B889CF,2023-06-04,BR03,Rajahmundry,Andhra Pradesh,CUST01618,Harika Murthy,Retail,P015,Refrigerator 300L,Home Appliances,1,37024.17,0.05,0.82,Net Banking
TXN10B1C1AA54,2024-03-09,BR03,Rajahmundry,Andhra Pradesh,CUST01051,Ramesh Murthy,Retail,P013,Power Bank,Accessories,2,1321.92,0.0,0.48,UPI
TXN35693CD015,2024-06-18,BR03,Rajahmundry,Andhra Pradesh,CUST00316,Ajay Prasad,Retail,P009,Laptop Bag,Accessories,4,699.63,0.1,0.45,UPI
TXN0EC03EBFD8,2023-08-13,BR03,Rajahmundry,Andhra Pradesh,CUST00885,Harika Prasad,Wholesale,P003,Flagship Smartphone,Mobile,1,58651.04,0.0,0.75,Cash
TXNC20E080D33,2023-11-14,BR03,Rajahmundry,Andhra Pradesh,CUST00755,Ajay Naidu,Retail,P011,Bluetooth Speaker,Accessories,4,1354.46,0.25,0.5,Credit Card
TXN9B4CE0DE5F,2024-11-11,BR03,Rajahmundry,Andhra Pradesh,CUST01586,Ajay Sharma,Retail,P017,Microwave Oven,Home Appliances,2,12950.3,0.0,0.75,UPI
TXNF517BCF75A,2023-05-17,BR03,Rajahmundry,Andhra Pradesh,CUST00498,Priya Varma,Retail,P002,Mid-range Smartphone 5G,Mobile,1,22987.39,0.0,0.78,Net Banking
TXN5C1C2B121D,2024-10-20,BR03,Rajahmundry,Andhra Pradesh,CUST00376,Ramesh Naidu,Retail,P006,Business Laptop i5,Laptop,1,52476.09,0.15,0.8,UPI
TXN5C7C9E0603,2023-06-18,BR03,Rajahmundry,Andhra Pradesh,CUST00732,Sandeep Sharma,Retail,P018,LED TV 43-inch,Electronics,1,32967.12,0.0,0.8,Credit Card
TXN0B5475FAC7,2024-05-07,BR03,Rajahmundry,Andhra Pradesh,CUST00840,Naveen Varma,Retail,P011,Bluetooth Speaker,Accessories,1,3328.83,0.0,0.5,Debit Card
TXN9F3BAEEC4E,2024-03-11,BR03,Rajahmundry,Andhra Pradesh,CUST01196,Harika Sharma,Retail,P004,Wireless Earbuds,Mobile,1,2942.57,0.15,0.55,Credit Card
TXNC859B5DDA2,2023-09-20,BR03,Rajahmundry,Andhra Pradesh,CUST01449,Praveen Reddy,Retail,P012,Mobile Charger,Accessories,4,1218.33,0.15,0.42,Debit Card
TXNF109033DDC,2024-07-24,BR03,Rajahmundry,Andhra Pradesh,CUST01636,Anitha Varma,Retail,P001,Budget Smartphone 4G,Mobile,3,8794.33,0.0,0.8,Credit Card
TXN1FDCADDCB2,2024-01-07,BR03,Rajahmundry,Andhra Pradesh,CUST01066,Aishwarya Devi,Retail,P020,Home Theatre System,Electronics,1,19855.19,0.15,0.6,Debit Card
TXN42079E1105,2023-09-23,BR03,Rajahmundry,Andhra Pradesh,CUST00583,Arjun Prasad,Corporate,P010,Wireless Mouse,Accessories,2,757.77,0.0,0.4,UPI
TXN2628260D51,2023-01-08,BR03,Rajahmundry,Andhra Pradesh,CUST00776,Anitha Chowdary,Retail,P004,Wireless Earbuds,Mobile,3,5342.18,0.15,0.55,Debit Card
TXNE8365CC167,2024-03-17,BR03,Rajahmundry,Andhra Pradesh,CUST01677,Vikram Devi,Corporate,P003,Flagship Smartphone,Mobile,1,86977.52,0.15,0.75,Cash
TXNB93823B9D6,2023-06-19,BR03,Rajahmundry,Andhra Pradesh,CUST01459,Kavya Varma,Retail,P008,Ultrabook Thin & Light,Laptop,1,57380.47,0.0,0.79,Debit Card
TXNFC8581CC8C,2023-05-25,BR03,Rajahmundry,Andhra Pradesh,CUST00036,Meena Devi,Retail,P013,Power Bank,Accessories,1,1649.54,0.05,0.48,Cash
TXNB129658C7C,2024-04-27,BR03,Rajahmundry,Andhra Pradesh,CUST00498,Priya Varma,Retail,P006,Business Laptop i5,Laptop,1,44710.07,0.0,0.8,UPI
TXN259EFB50CA,2024-11-21,BR03,Rajahmundry,Andhra Pradesh,CUST01811,Ajay Sharma,Retail,P003,Flagship Smartphone,Mobile,1,58031.39,0.25,0.75,UPI
TXN416FEE1CE2,2023-10-07,BR03,Rajahmundry,Andhra Pradesh,CUST00592,Kavya Sarma,Wholesale,P010,Wireless Mouse,Accessories,1,850.89,0.25,0.4,Credit Card
TXNCBA3C73FC3,2023-01-06,BR03,Rajahmundry,Andhra Pradesh,CUST01496,Meena Murthy,Retail,P001,Budget Smartphone 4G,Mobile,1,12614.61,0.0,0.8,Credit Card
TXN2762B599A5,2023-07-05,BR03,Rajahmundry,Andhra Pradesh,CUST00211,Naveen Murthy,Retail,P014,Split AC 1.5 Ton,Home Appliances,1,37267.76,0.0,0.83,UPI
TXN162340FE7D,2024-06-16,BR03,Rajahmundry,Andhra Pradesh,CUST00570,Swathi Sharma,Retail,P006,Business Laptop i5,Laptop,1,42122.82,0.0,0.8,Debit Card
TXNCBFFBF26DB,2023-02-04,BR03,Rajahmundry,Andhra Pradesh,CUST00752,Ramesh Devi,Retail,P011,Bluetooth Speaker,Accessories,4,1376.5,0.0,0.5,Cash
TXNF7210E4E1D,2024-01-09,BR03,Rajahmundry,Andhra Pradesh,CUST00842,Harika Rao,Retail,P003,Flagship Smartphone,Mobile,1,82440.75,0.1,0.75,Net Banking
TXN2570E8A9BD,2024-07-02,BR03,Rajahmundry,Andhra Pradesh,CUST00359,Manoj Babu,Wholesale,P001,Budget Smartphone 4G,Mobile,1,10444.62,0.15,0.8,Credit Card
TXN47C0A5AD6F,2023-06-25,BR03,Rajahmundry,Andhra Pradesh,CUST00055,Kavya Reddy,Retail,P012,Mobile Charger,Accessories,4,825.35,0.1,0.42,Cash
TXNA75B9E108C,2023-11-04,BR03,Rajahmundry,Andhra Pradesh,CUST00519,Vikram Sharma,Retail,P011,Bluetooth Speaker,Accessories,1,1135.05,0.2,0.5,Net Banking
TXN5222262BDE,2023-04-02,BR03,Rajahmundry,Andhra Pradesh,CUST01621,Lakshmi Naidu,Wholesale,P017,Microwave Oven,Home Appliances,1,8301.38,0.1,0.75,UPI
TXNE1C957AFD8,2024-03-06,BR03,Rajahmundry,Andhra Pradesh,CUST00689,Praveen Murthy,Retail,P010,Wireless Mouse,Accessories,2,1297.1,0.15,0.4,Cash
TXN1707CD0D41,2023-01-01,BR03,Rajahmundry,Andhra Pradesh,CUST00356,Suresh Prasad,Wholesale,P003,Flagship Smartphone,Mobile,1,55400.66,0.15,0.75,UPI
TXNAB8AF57EE7,2024-08-02,BR03,Rajahmundry,Andhra Pradesh,CUST01423,Swathi Babu,Retail,P001,Budget Smartphone 4G,Mobile,1,12233.78,0.1,0.8,UPI
TXNC11BF23910,2023-10-29,BR03,Rajahmundry,Andhra Pradesh,CUST01521,Ajay Sarma,Retail,P010,Wireless Mouse,Accessories,2,518.3,0.2,0.4,Net Banking
TXN4BEF392F51,2024-06-17,BR03,Rajahmundry,Andhra Pradesh,CUST01906,Kavya Babu,Retail,P019,LED TV 55-inch,Electronics,1,58515.58,0.05,0.79,Cash
TXN5C21CD517F,2024-12-15,BR03,Rajahmundry,Andhra Pradesh,CUST00392,Praveen Babu,Retail,P015,Refrigerator 300L,Home Appliances,1,28694.2,0.1,0.82,Cash
TXN9F7E2C3F30,2024-08-13,BR03,Rajahmundry,Andhra Pradesh,CUST00403,Naveen Devi,Retail,P020,Home Theatre System,Electronics,1,19733.61,0.0,0.6,Credit Card
TXNF8EEE253FB,2024-04-04,BR03,Rajahmundry,Andhra Pradesh,CUST01676,Pooja Varma,Retail,P001,Budget Smartphone 4G,Mobile,4,12198.2,0.1,0.8,UPI
TXNE3660CA328,2023-07-15,BR03,Rajahmundry,Andhra Pradesh,CUST00912,Deepika Chowdary,Wholesale,P020,Home Theatre System,Electronics,1,18002.91,0.0,0.6,Credit Card
TXN16D6EA93F2,2023-05-21,BR03,Rajahmundry,Andhra Pradesh,CUST00112,Pooja Naidu,Retail,P002,Mid-range Smartphone 5G,Mobile,1,16179.7,0.15,0.78,Cash
TXNBA22E9BE00,2023-02-27,BR03,Rajahmundry,Andhra Pradesh,CUST00678,Divya Kumar,Retail,P020,Home Theatre System,Electronics,1,14986.62,0.05,0.6,Net Banking
TXN13DEC57426,2024-11-07,BR03,Rajahmundry,Andhra Pradesh,CUST00141,Ramesh Sharma,Retail,P002,Mid-range Smartphone 5G,Mobile,2,18480.04,0.1,0.78,Cash
TXNACA84B0B11,2023-04-14,BR03,Rajahmundry,Andhra Pradesh,CUST01116,Naveen Sharma,Corporate,P006,Business Laptop i5,Laptop,1,49436.88,0.15,0.8,Credit Card
TXNE8A34EDB9C,2023-03-31,BR03,Rajahmundry,Andhra Pradesh,CUST01748,Suresh Kumar,Retail,P020,Home Theatre System,Electronics,1,12831.63,0.05,0.6,UPI
TXN87BD3F155A,2024-04-21,BR03,Rajahmundry,Andhra Pradesh,CUST00371,Anitha Kumar,Retail,P009,Laptop Bag,Accessories,3,1002.36,0.1,0.45,UPI
TXN31E348EBEF,2024-10-11,BR03,Rajahmundry,Andhra Pradesh,CUST00048,Ravi Sarma,Wholesale,P002,Mid-range Smartphone 5G,Mobile,3,19160.71,0.05,0.78,Credit Card
TXN08FD64F1D6,2024-09-22,BR03,Rajahmundry,Andhra Pradesh,CUST01053,Sandeep Rao,Retail,P021,Smart Watch,Electronics,2,2962.43,0.05,0.55,Credit Card
TXN3CD5764D54,2024-05-08,BR03,Rajahmundry,Andhra Pradesh,CUST01372,Vikram Varma,Retail,P019,LED TV 55-inch,Electronics,1,51490.11,0.0,0.79,Credit Card
TXNCEAECBDDA4,2024-03-09,BR03,Rajahmundry,Andhra Pradesh,CUST01889,Ramesh Sarma,Retail,P003,Flagship Smartphone,Mobile,1,47264.36,0.0,0.75,Cash
TXN9718150CE7,2024-08-01,BR03,Rajahmundry,Andhra Pradesh,CUST00406,Harika Babu,Retail,P002,Mid-range Smartphone 5G,Mobile,1,15494.73,0.05,0.78,Cash
TXNF003B9E2D2,2024-01-04,BR03,Rajahmundry,Andhra Pradesh,CUST00929,Priya Rao,Retail,P012,Mobile Charger,Accessories,1,492.39,0.1,0.42,UPI
TXN32CA33C00A,2023-05-29,BR03,Rajahmundry,Andhra Pradesh,CUST00653,Meena Rao,Retail,P017,Microwave Oven,Home Appliances,1,14537.54,0.0,0.75,UPI
TXNF90DEF937A,2024-03-25,BR03,Rajahmundry,Andhra Pradesh,CUST00058,Suresh Sarma,Retail,P020,Home Theatre System,Electronics,1,13632.26,0.0,0.6,UPI
TXNF5BA6CA708,2024-10-19,BR03,Rajahmundry,Andhra Pradesh,CUST01263,Anitha Sarma,Corporate,P021,Smart Watch,Electronics,1,7395.47,0.15,0.55,UPI
TXN12C0E94610,2024-01-25,BR03,Rajahmundry,Andhra Pradesh,CUST01049,Sneha Naidu,Retail,P012,Mobile Charger,Accessories,2,1112.79,0.0,0.42,Net Banking
TXN424F01B746,2024-02-03,BR03,Rajahmundry,Andhra Pradesh,CUST01187,Suresh Reddy,Corporate,P011,Bluetooth Speaker,Accessories,2,2517.48,0.05,0.5,Debit Card
TXN680D2324AC,2024-10-27,BR03,Rajahmundry,Andhra Pradesh,CUST01137,Aishwarya Kumar,Retail,P004,Wireless Earbuds,Mobile,2,3315.05,0.15,0.55,Net Banking
TXND428E2CBCC,2024-10-24,BR03,Rajahmundry,Andhra Pradesh,CUST00453,Sandeep Devi,Retail,P001,Budget Smartphone 4G,Mobile,1,11670.86,0.05,0.8,UPI
TXNDF42394CE1,2024-04-28,BR03,Rajahmundry,Andhra Pradesh,CUST00529,Suresh Prasad,Retail,P012,Mobile Charger,Accessories,1,440.35,0.0,0.42,Debit Card
TXN82F3725134,2023-07-09,BR03,Rajahmundry,Andhra Pradesh,CUST00258,Deepika Murthy,Retail,P013,Power Bank,Accessories,4,1547.08,0.05,0.48,Debit Card
TXN2A25E7DCBF,2024-03-11,BR03,Rajahmundry,Andhra Pradesh,CUST01940,Suresh Reddy,Wholesale,P018,LED TV 43-inch,Electronics,1,24055.81,0.05,0.8,UPI
TXN8672611100,2024-12-01,BR03,Rajahmundry,Andhra Pradesh,CUST00967,Suresh Sharma,Retail,P009,Laptop Bag,Accessories,2,1152.32,0.0,0.45,Debit Card
TXN43345D1D36,2023-05-19,BR03,Rajahmundry,Andhra Pradesh,CUST00440,Anitha Naidu,Retail,P004,Wireless Earbuds,Mobile,3,4491.76,0.0,0.55,Debit Card
TXN8E04926F65,2023-06-24,BR03,Rajahmundry,Andhra Pradesh,CUST00890,Sandeep Sarma,Retail,P016,Washing Machine,Home Appliances,1,33427.97,0.0,0.8,Debit Card
TXNEC1036F4C6,2023-03-18,BR03,Rajahmundry,Andhra Pradesh,CUST00514,Lakshmi Varma,Retail,P013,Power Bank,Accessories,3,2088.73,0.0,0.48,Net Banking
TXND94C85E6D8,2023-10-11,BR03,Rajahmundry,Andhra Pradesh,CUST00275,Ramesh Sharma,Retail,P002,Mid-range Smartphone 5G,Mobile,1,16524.22,0.1,0.78,Cash
TXNE33CD86804,2024-06-13,BR03,Rajahmundry,Andhra Pradesh,CUST00627,Naveen Sharma,Corporate,P008,Ultrabook Thin & Light,Laptop,1,93610.06,0.1,0.79,Credit Card
TXN66EBE32857,2024-06-30,BR03,Rajahmundry,Andhra Pradesh,CUST00366,Ajay Naidu,Corporate,P002,Mid-range Smartphone 5G,Mobile,1,23019.29,0.05,0.78,UPI
TXN779CE1885F,2024-10-23,BR03,Rajahmundry,Andhra Pradesh,CUST01487,Suresh Naidu,Retail,P010,Wireless Mouse,Accessories,1,931.46,0.0,0.4,Net Banking
TXN38FB3FD77C,2023-10-18,BR03,Rajahmundry,Andhra Pradesh,CUST00633,Deepika Naidu,Retail,P019,LED TV 55-inch,Electronics,1,38448.32,0.05,0.79,UPI
TXN90F2AEF487,2023-04-12,BR03,Rajahmundry,Andhra Pradesh,CUST00674,Deepika Devi,Retail,P010,Wireless Mouse,Accessories,2,793.48,0.05,0.4,Cash
TXN1FBCA57EFC,2024-12-01,BR03,Rajahmundry,Andhra Pradesh,CUST00754,Harika Babu,Retail,P004,Wireless Earbuds,Mobile,1,1732.68,0.1,0.55,Debit Card
TXN1779177F0A,2024-12-12,BR03,Rajahmundry,Andhra Pradesh,CUST00878,Kavya Varma,Retail,P001,Budget Smartphone 4G,Mobile,1,13452.29,0.1,0.8,UPI
TXNFB50DEA589,2024-11-04,BR03,Rajahmundry,Andhra Pradesh,CUST00938,Harika Kumar,Wholesale,P004,Wireless Earbuds,Mobile,1,5682.86,0.2,0.55,UPI
TXN3F7E1B1F76,2023-06-30,BR03,Rajahmundry,Andhra Pradesh,CUST00316,Ajay Prasad,Retail,P020,Home Theatre System,Electronics,2,16867.49,0.15,0.6,UPI
TXNB5736B7AAC,2024-11-23,BR03,Rajahmundry,Andhra Pradesh,CUST01336,Kiran Kumar,Retail,P020,Home Theatre System,Electronics,3,18803.62,0.25,0.6,UPI
TXN331612B9E7,2024-08-02,BR03,Rajahmundry,Andhra Pradesh,CUST01778,Arjun Rao,Retail,P017,Microwave Oven,Home Appliances,2,13717.62,0.1,0.75,UPI
TXNDC07A3053A,2023-05-05,BR03,Rajahmundry,Andhra Pradesh,CUST00604,Sneha Murthy,Retail,P020,Home Theatre System,Electronics,1,5442.27,0.1,0.6,UPI
TXN1768D79916,2024-09-05,BR03,Rajahmundry,Andhra Pradesh,CUST01398,Praveen Prasad,Corporate,P005,Entry Laptop i3,Laptop,1,37002.12,0.15,0.82,Debit Card
TXN68BD69FFE2,2024-01-03,BR03,Rajahmundry,Andhra Pradesh,CUST00380,Divya Varma,Corporate,P017,Microwave Oven,Home Appliances,3,12080.25,0.15,0.75,Cash
TXN45DAE4B772,2024-12-09,BR03,Rajahmundry,Andhra Pradesh,CUST01794,Ravi Devi,Corporate,P014,Split AC 1.5 Ton,Home Appliances,1,41938.6,0.1,0.83,UPI
TXNAE92C8752C,2024-12-09,BR03,Rajahmundry,Andhra Pradesh,CUST00100,Sneha Chowdary,Retail,P014,Split AC 1.5 Ton,Home Appliances,1,33657.48,0.05,0.83,UPI
TXNF7B8E4B81B,2024-11-17,BR03,Rajahmundry,Andhra Pradesh,CUST01028,Praveen Sharma,Retail,P006,Business Laptop i5,Laptop,1,50307.6,0.15,0.8,Cash
TXN803BBED896,2023-07-19,BR03,Rajahmundry,Andhra Pradesh,CUST01393,Praveen Prasad,Corporate,P001,Budget Smartphone 4G,Mobile,1,11431.59,0.0,0.8,UPI
TXN5389CB100E,2024-02-03,BR03,Rajahmundry,Andhra Pradesh,CUST01505,Kavya Sarma,Retail,P004,Wireless Earbuds,Mobile,2,3423.23,0.0,0.55,Debit Card
TXN27B271B55B,2023-09-04,BR03,Rajahmundry,Andhra Pradesh,CUST00264,Meena Sarma,Retail,P001,Budget Smartphone 4G,Mobile,2,11851.77,0.1,0.8,UPI
TXN76054F4577,2024-02-04,BR03,Rajahmundry,Andhra Pradesh,CUST00310,Anitha Prasad,Retail,P020,Home Theatre System,Electronics,1,9084.94,0.0,0.6,Cash
TXN932C0A0D29,2024-08-25,BR03,Rajahmundry,Andhra Pradesh,CUST00544,Pooja Sharma,Corporate,P004,Wireless Earbuds,Mobile,2,2542.77,0.15,0.55,Net Banking
TXNE297AABBE7,2023-07-08,BR03,Rajahmundry,Andhra Pradesh,CUST01689,Kiran Prasad,Retail,P019,LED TV 55-inch,Electronics,1,55140.61,0.05,0.79,UPI
TXN0C744B617B,2023-08-10,BR03,Rajahmundry,Andhra Pradesh,CUST00316,Ajay Prasad,Retail,P010,Wireless Mouse,Accessories,1,798.65,0.05,0.4,Cash
TXN7EFE2DE98F,2023-11-08,BR03,Rajahmundry,Andhra Pradesh,CUST01107,Divya Kumar,Retail,P020,Home Theatre System,Electronics,1,11716.7,0.2,0.6,UPI
TXN8EE6436530,2024-01-16,BR03,Rajahmundry,Andhra Pradesh,CUST01006,Kavya Rao,Retail,P019,LED TV 55-inch,Electronics,1,53845.25,0.0,0.79,UPI
TXNA8E2BBE4A8,2023-06-02,BR03,Rajahmundry,Andhra Pradesh,CUST01466,Divya Naidu,Retail,P010,Wireless Mouse,Accessories,2,494.72,0.15,0.4,Cash
TXN7C9A166F1E,2023-06-30,BR03,Rajahmundry,Andhra Pradesh,CUST00723,Kiran Rao,Retail,P008,Ultrabook Thin & Light,Laptop,1,80789.98,0.15,0.79,Debit Card
TXN4A278C0C7E,2023-12-23,BR03,Rajahmundry,Andhra Pradesh,CUST01153,Ravi Sharma,Wholesale,P009,Laptop Bag,Accessories,1,1593.28,0.1,0.45,Cash
TXN2FC816C8FB,2023-08-26,BR03,Rajahmundry,Andhra Pradesh,CUST00837,Harika Varma,Wholesale,P009,Laptop Bag,Accessories,3,1590.55,0.15,0.45,Debit Card
TXNE6758800C0,2023-03-16,BR03,Rajahmundry,Andhra Pradesh,CUST01095,Arjun Rao,Retail,P004,Wireless Earbuds,Mobile,1,5804.46,0.15,0.55,Net Banking
TXN11DE6F3986,2024-02-29,BR03,Rajahmundry,Andhra Pradesh,CUST00051,Divya Babu,Retail,P004,Wireless Earbuds,Mobile,3,4494.27,0.15,0.55,UPI
TXN76EC2E0C03,2023-09-21,BR03,Rajahmundry,Andhra Pradesh,CUST01048,Sandeep Reddy,Wholesale,P003,Flagship Smartphone,Mobile,1,55489.51,0.05,0.75,Cash
TXNEFE6D3B2E4,2024-01-26,BR03,Rajahmundry,Andhra Pradesh,CUST00902,Ravi Chowdary,Retail,P006,Business Laptop i5,Laptop,1,43849.56,0.05,0.8,Credit Card
TXNDB54CBB536,2024-04-13,BR03,Rajahmundry,Andhra Pradesh,CUST01547,Ajay Babu,Corporate,P002,Mid-range Smartphone 5G,Mobile,1,27103.72,0.15,0.78,UPI
TXN880D758981,2024-08-04,BR03,Rajahmundry,Andhra Pradesh,CUST01893,Priya Sharma,Retail,P019,LED TV 55-inch,Electronics,1,50491.78,0.1,0.79,UPI
TXNB9E58B5D30,2023-08-12,BR03,Rajahmundry,Andhra Pradesh,CUST00821,Priya Prasad,Retail,P003,Flagship Smartphone,Mobile,1,87190.13,0.1,0.75,Cash
TXN81EA2330B5,2024-10-19,BR03,Rajahmundry,Andhra Pradesh,CUST01202,Vikram Prasad,Retail,P008,Ultrabook Thin & Light,Laptop,1,70748.4,0.25,0.79,UPI
TXNBB784C2A79,2023-04-18,BR03,Rajahmundry,Andhra Pradesh,CUST00491,Aishwarya Reddy,Retail,P010,Wireless Mouse,Accessories,1,871.16,0.15,0.4,UPI
TXN56120ABFA8,2024-10-17,BR03,Rajahmundry,Andhra Pradesh,CUST00704,Naveen Murthy,Retail,P003,Flagship Smartphone,Mobile,1,80172.8,0.2,0.75,Credit Card
TXN90ADF1E103,2024-08-27,BR03,Rajahmundry,Andhra Pradesh,CUST00402,Sneha Babu,Retail,P018,LED TV 43-inch,Electronics,1,30298.37,0.05,0.8,Debit Card
TXN21FB6B8854,2024-12-10,BR03,Rajahmundry,Andhra Pradesh,CUST01108,Kiran Babu,Corporate,P008,Ultrabook Thin & Light,Laptop,1,66990.53,0.15,0.79,Debit Card
TXND7755CDF57,2024-07-20,BR03,Rajahmundry,Andhra Pradesh,CUST01020,Naveen Reddy,Retail,P002,Mid-range Smartphone 5G,Mobile,1,19146.96,0.0,0.78,Credit Card
TXN5933B33595,2024-11-10,BR03,Rajahmundry,Andhra Pradesh,CUST00803,Deepika Rao,Retail,P009,Laptop Bag,Accessories,1,1499.95,0.0,0.45,UPI
TXNACFD4C5644,2024-04-05,BR03,Rajahmundry,Andhra Pradesh,CUST01157,Priya Prasad,Wholesale,P005,Entry Laptop i3,Laptop,1,35608.16,0.0,0.82,Credit Card
TXNADD8549F20,2024-06-11,BR03,Rajahmundry,Andhra Pradesh,CUST00068,Sandeep Devi,Retail,P018,LED TV 43-inch,Electronics,1,22922.36,0.0,0.8,UPI
TXNA15B35B607,2024-07-18,BR03,Rajahmundry,Andhra Pradesh,CUST00491,Aishwarya Reddy,Retail,P007,Gaming Laptop i7,Laptop,1,86263.87,0.0,0.78,Cash
TXNE2D433F193,2024-02-24,BR03,Rajahmundry,Andhra Pradesh,CUST01737,Swathi Devi,Wholesale,P013,Power Bank,Accessories,4,2238.42,0.15,0.48,UPI
TXNF041B8AC94,2023-04-20,BR03,Rajahmundry,Andhra Pradesh,CUST00899,Meena Babu,Corporate,P019,LED TV 55-inch,Electronics,1,38782.79,0.0,0.79,UPI
TXN444C0015AC,2024-03-28,BR03,Rajahmundry,Andhra Pradesh,CUST01640,Suresh Naidu,Retail,P010,Wireless Mouse,Accessories,2,644.08,0.0,0.4,UPI
TXNFE148BB4FC,2023-08-16,BR03,Rajahmundry,Andhra Pradesh,CUST01459,Kavya Varma,Retail,P015,Refrigerator 300L,Home Appliances,1,30781.99,0.15,0.82,Net Banking
TXN00612EF3F1,2023-03-29,BR03,Rajahmundry,Andhra Pradesh,CUST01436,Kavya Sharma,Wholesale,P001,Budget Smartphone 4G,Mobile,1,10452.12,0.0,0.8,Cash
TXN492EAA9726,2023-10-27,BR03,Rajahmundry,Andhra Pradesh,CUST00220,Suresh Babu,Retail,P003,Flagship Smartphone,Mobile,1,79118.83,0.2,0.75,Net Banking
TXNF163730B3B,2024-04-20,BR03,Rajahmundry,Andhra Pradesh,CUST00964,Arjun Naidu,Retail,P021,Smart Watch,Electronics,3,6733.88,0.0,0.55,Net Banking
TXN60DB190096,2024-11-20,BR03,Rajahmundry,Andhra Pradesh,CUST00800,Manoj Naidu,Retail,P012,Mobile Charger,Accessories,3,1686.56,0.1,0.42,Cash
TXN73CC4AF240,2023-07-07,BR03,Rajahmundry,Andhra Pradesh,CUST01396,Sandeep Varma,Retail,P020,Home Theatre System,Electronics,2,17921.11,0.15,0.6,Net Banking
TXN7B5401959B,2023-04-29,BR03,Rajahmundry,Andhra Pradesh,CUST01504,Kavya Prasad,Retail,P009,Laptop Bag,Accessories,1,1367.79,0.15,0.45,Debit Card
TXN943D02B661,2024-11-15,BR03,Rajahmundry,Andhra Pradesh,CUST00919,Ajay Varma,Retail,P020,Home Theatre System,Electronics,3,13525.75,0.2,0.6,UPI
TXN64F72A0679,2023-10-22,BR03,Rajahmundry,Andhra Pradesh,CUST01811,Ajay Sharma,Retail,P017,Microwave Oven,Home Appliances,2,10970.39,0.15,0.75,Debit Card
TXNE8F4DF7EBF,2024-01-25,BR03,Rajahmundry,Andhra Pradesh,CUST00595,Vikram Kumar,Retail,P004,Wireless Earbuds,Mobile,2,1672.87,0.05,0.55,Net Banking
TXN996C3123CF,2024-06-06,BR03,Rajahmundry,Andhra Pradesh,CUST01785,Anitha Prasad,Retail,P006,Business Laptop i5,Laptop,1,53401.15,0.1,0.8,UPI
TXN62FC694D25,2023-03-08,BR03,Rajahmundry,Andhra Pradesh,CUST01051,Ramesh Murthy,Retail,P004,Wireless Earbuds,Mobile,1,1835.58,0.15,0.55,UPI
TXN903BB36A82,2024-11-15,BR03,Rajahmundry,Andhra Pradesh,CUST00014,Aishwarya Naidu,Wholesale,P010,Wireless Mouse,Accessories,3,332.84,0.25,0.4,Net Banking
TXNC55C19DD81,2024-10-17,BR03,Rajahmundry,Andhra Pradesh,CUST00421,Kavya Murthy,Retail,P001,Budget Smartphone 4G,Mobile,2,11673.04,0.05,0.8,UPI
TXN5299752806,2024-12-22,BR03,Rajahmundry,Andhra Pradesh,CUST01962,Ajay Babu,Retail,P018,LED TV 43-inch,Electronics,1,26561.14,0.05,0.8,Debit Card
TXN6089C0DABC,2023-03-16,BR03,Rajahmundry,Andhra Pradesh,CUST00829,Kavya Reddy,Retail,P013,Power Bank,Accessories,1,1222.17,0.0,0.48,Debit Card
TXN028823870A,2023-01-05,BR03,Rajahmundry,Andhra Pradesh,CUST01356,Srinivas Sharma,Wholesale,P001,Budget Smartphone 4G,Mobile,4,12968.14,0.15,0.8,Net Banking
TXNA4C46C91E6,2023-12-08,BR03,Rajahmundry,Andhra Pradesh,CUST01617,Lakshmi Devi,Retail,P011,Bluetooth Speaker,Accessories,3,1447.58,0.0,0.5,Net Banking
TXNFCF98DF261,2024-05-27,BR03,Rajahmundry,Andhra Pradesh,CUST00999,Manoj Chowdary,Retail,P019,LED TV 55-inch,Electronics,1,44307.63,0.05,0.79,UPI
TXNF55F7A0A32,2023-12-26,BR03,Rajahmundry,Andhra Pradesh,CUST01885,Kavya Varma,Retail,P018,LED TV 43-inch,Electronics,1,25886.47,0.1,0.8,UPI
TXN19533487AC,2023-04-27,BR03,Rajahmundry,Andhra Pradesh,CUST00400,Manoj Rao,Retail,P006,Business Laptop i5,Laptop,1,46697.25,0.05,0.8,Credit Card
TXN57CF69BC70,2023-08-19,BR03,Rajahmundry,Andhra Pradesh,CUST01607,Swathi Rao,Retail,P013,Power Bank,Accessories,1,1679.23,0.0,0.48,UPI
TXN2DD2E6F0B4,2023-05-20,BR03,Rajahmundry,Andhra Pradesh,CUST00611,Pooja Rao,Retail,P020,Home Theatre System,Electronics,1,14194.19,0.1,0.6,UPI
TXN4CE54ED286,2023-08-10,BR03,Rajahmundry,Andhra Pradesh,CUST01321,Kavya Naidu,Retail,P013,Power Bank,Accessories,1,1023.69,0.0,0.48,Debit Card
TXNAC2160F891,2024-11-05,BR03,Rajahmundry,Andhra Pradesh,CUST00024,Ajay Babu,Retail,P012,Mobile Charger,Accessories,3,1085.54,0.25,0.42,UPI
TXNC01441D4C3,2023-04-15,BR03,Rajahmundry,Andhra Pradesh,CUST00032,Vikram Murthy,Wholesale,P021,Smart Watch,Electronics,1,4823.99,0.0,0.55,Credit Card
TXNC078A54EEF,2024-09-24,BR03,Rajahmundry,Andhra Pradesh,CUST01090,Ramesh Reddy,Retail,P007,Gaming Laptop i7,Laptop,1,80560.19,0.15,0.78,Credit Card
TXN0E111A2512,2024-12-05,BR03,Rajahmundry,Andhra Pradesh,CUST01310,Meena Chowdary,Retail,P011,Bluetooth Speaker,Accessories,4,1773.54,0.15,0.5,UPI
TXN195192091D,2023-12-05,BR03,Rajahmundry,Andhra Pradesh,CUST00890,Sandeep Sarma,Retail,P020,Home Theatre System,Electronics,1,7869.78,0.05,0.6,UPI
TXNA668F895C7,2024-10-30,BR03,Rajahmundry,Andhra Pradesh,CUST01707,Swathi Murthy,Retail,P010,Wireless Mouse,Accessories,1,1163.54,0.1,0.4,UPI
TXN56E54A9CEF,2024-11-15,BR03,Rajahmundry,Andhra Pradesh,CUST00515,Naveen Devi,Retail,P020,Home Theatre System,Electronics,1,6997.64,0.15,0.6,UPI
TXN192DE11451,2023-04-30,BR03,Rajahmundry,Andhra Pradesh,CUST00514,Lakshmi Varma,Retail,P010,Wireless Mouse,Accessories,2,1267.56,0.05,0.4,Cash
TXN006E13DC15,2023-10-19,BR03,Rajahmundry,Andhra Pradesh,CUST01262,Manoj Naidu,Retail,P011,Bluetooth Speaker,Accessories,1,3515.84,0.2,0.5,UPI
TXN8029DE6ABF,2024-05-18,BR03,Rajahmundry,Andhra Pradesh,CUST01596,Sneha Reddy,Retail,P006,Business Laptop i5,Laptop,1,48059.78,0.0,0.8,Debit Card
TXNBF114E6C45,2024-09-18,BR03,Rajahmundry,Andhra Pradesh,CUST01662,Sandeep Varma,Corporate,P010,Wireless Mouse,Accessories,2,517.75,0.0,0.4,Credit Card
TXN335655B8D5,2023-06-15,BR03,Rajahmundry,Andhra Pradesh,CUST01640,Suresh Naidu,Retail,P002,Mid-range Smartphone 5G,Mobile,1,17367.31,0.0,0.78,Net Banking
TXNF6F3588366,2023-10-16,BR03,Rajahmundry,Andhra Pradesh,CUST00564,Lakshmi Devi,Wholesale,P015,Refrigerator 300L,Home Appliances,1,32557.89,0.2,0.82,Net Banking
TXNA02A9872CB,2024-09-15,BR03,Rajahmundry,Andhra Pradesh,CUST00608,Srinivas Devi,Retail,P018,LED TV 43-inch,Electronics,1,30047.33,0.15,0.8,Credit Card
TXN774402DFE7,2024-12-21,BR03,Rajahmundry,Andhra Pradesh,CUST01604,Anitha Devi,Retail,P009,Laptop Bag,Accessories,1,1638.3,0.0,0.45,Credit Card
TXN98761F31E1,2024-08-28,BR03,Rajahmundry,Andhra Pradesh,CUST01423,Swathi Babu,Retail,P008,Ultrabook Thin & Light,Laptop,1,67404.99,0.05,0.79,Net Banking
TXN6AF295928D,2023-09-25,BR03,Rajahmundry,Andhra Pradesh,CUST00936,Sandeep Chowdary,Retail,P002,Mid-range Smartphone 5G,Mobile,1,25797.41,0.15,0.78,Cash
TXN4A1BFFF803,2024-11-20,BR03,Rajahmundry,Andhra Pradesh,CUST01925,Kavya Varma,Retail,P010,Wireless Mouse,Accessories,1,689.99,0.05,0.4,UPI
TXNB7369928F6,2024-04-17,BR03,Rajahmundry,Andhra Pradesh,CUST00568,Ajay Murthy,Wholesale,P013,Power Bank,Accessories,1,2178.06,0.0,0.48,UPI
TXN7831E9BAD5,2024-02-23,BR03,Rajahmundry,Andhra Pradesh,CUST01051,Ramesh Murthy,Retail,P004,Wireless Earbuds,Mobile,1,3965.37,0.1,0.55,Credit Card
TXNC31773749E,2024-04-20,BR03,Rajahmundry,Andhra Pradesh,CUST01671,Srinivas Kumar,Retail,P006,Business Laptop i5,Laptop,1,59630.45,0.15,0.8,Net Banking
TXND0EE828392,2024-11-13,BR03,Rajahmundry,Andhra Pradesh,CUST01142,Divya Sarma,Retail,P020,Home Theatre System,Electronics,1,13640.98,0.15,0.6,UPI
TXN8A4B23797E,2023-07-27,BR03,Rajahmundry,Andhra Pradesh,CUST00533,Pooja Naidu,Retail,P021,Smart Watch,Electronics,1,4447.51,0.05,0.55,Credit Card
TXND305D9C66A,2024-09-25,BR03,Rajahmundry,Andhra Pradesh,CUST01757,Priya Murthy,Retail,P019,LED TV 55-inch,Electronics,1,55787.83,0.05,0.79,Credit Card
TXN367E2AF28F,2024-12-01,BR03,Rajahmundry,Andhra Pradesh,CUST01722,Ajay Devi,Retail,P020,Home Theatre System,Electronics,3,18077.69,0.05,0.6,UPI
TXNB723E5BDA0,2024-09-19,BR03,Rajahmundry,Andhra Pradesh,CUST01159,Lakshmi Murthy,Retail,P013,Power Bank,Accessories,1,1242.97,0.15,0.48,Credit Card
TXN3064852B86,2024-09-16,BR03,Rajahmundry,Andhra Pradesh,CUST00775,Kiran Reddy,Corporate,P006,Business Laptop i5,Laptop,1,43462.26,0.0,0.8,UPI
TXN3560D2568B,2024-05-14,BR03,Rajahmundry,Andhra Pradesh,CUST01618,Harika Murthy,Retail,P002,Mid-range Smartphone 5G,Mobile,2,19557.44,0.0,0.78,Debit Card
TXND67421E849,2023-11-05,BR03,Rajahmundry,Andhra Pradesh,CUST01455,Lakshmi Prasad,Retail,P010,Wireless Mouse,Accessories,1,381.55,0.05,0.4,Credit Card
TXN20705346B0,2024-08-12,BR03,Rajahmundry,Andhra Pradesh,CUST01904,Harika Reddy,Retail,P004,Wireless Earbuds,Mobile,3,2890.07,0.0,0.55,Net Banking
TXN4BA2F9235B,2024-09-13,BR03,Rajahmundry,Andhra Pradesh,CUST00290,Anitha Devi,Retail,P001,Budget Smartphone 4G,Mobile,4,10623.87,0.0,0.8,UPI
TXN560A4DCF18,2024-07-21,BR03,Rajahmundry,Andhra Pradesh,CUST01537,Swathi Murthy,Corporate,P012,Mobile Charger,Accessories,2,1553.65,0.1,0.42,UPI
TXNC88344BC59,2024-07-24,BR03,Rajahmundry,Andhra Pradesh,CUST00113,Meena Sarma,Retail,P001,Budget Smartphone 4G,Mobile,4,12715.0,0.05,0.8,UPI
TXN61EBAD0970,2023-08-19,BR03,Rajahmundry,Andhra Pradesh,CUST01507,Meena Devi,Retail,P010,Wireless Mouse,Accessories,2,425.42,0.15,0.4,Credit Card
TXNC71BD9DE4F,2024-11-02,BR03,Rajahmundry,Andhra Pradesh,CUST01006,Kavya Rao,Retail,P015,Refrigerator 300L,Home Appliances,1,31820.95,0.15,0.82,Cash
TXN18A87B1813,2023-10-05,BR03,Rajahmundry,Andhra Pradesh,CUST01385,Aishwarya Murthy,Retail,P010,Wireless Mouse,Accessories,1,470.84,0.2,0.4,UPI
TXN358CBEEE21,2023-09-26,BR03,Rajahmundry,Andhra Pradesh,CUST01246,Anitha Kumar,Retail,P012,Mobile Charger,Accessories,3,1063.82,0.05,0.42,Credit Card
TXN45DAE4B772,2024-12-09,BR03,Rajahmundry,Andhra Pradesh,CUST01794,Ravi Devi,Corporate,P014,Split AC 1.5 Ton,Home Appliances,1,41938.6,0.1,0.83,UPI
TXNAA1A444EDB,2024-07-08,BR03,Rajahmundry,Andhra Pradesh,CUST00690,Vikram Murthy,Retail,P014,Split AC 1.5 Ton,Home Appliances,1,36621.51,0.05,0.83,Net Banking
TXN68AE9D35D2,2023-06-21,BR03,Rajahmundry,Andhra Pradesh,CUST00589,Manoj Rao,Wholesale,P008,Ultrabook Thin & Light,Laptop,1,63744.07,0.1,0.79,UPI
TXNFD237A9F18,2024-04-03,BR03,Rajahmundry,Andhra Pradesh,CUST01692,Pooja Murthy,Retail,P003,Flagship Smartphone,Mobile,1,85608.04,0.15,0.75,Net Banking
TXNBEEAB93903,2023-04-29,BR03,Rajahmundry,Andhra Pradesh,CUST00867,Sneha Naidu,Retail,P013,Power Bank,Accessories,3,1376.49,0.15,0.48,UPI
TXNC7D062E2DC,2023-04-08,BR03,Rajahmundry,Andhra Pradesh,CUST01787,Harika Babu,Corporate,P011,Bluetooth Speaker,Accessories,2,1816.5,0.1,0.5,Cash
TXNB6EDA23700,2023-04-23,BR03,Rajahmundry,Andhra Pradesh,CUST01771,Suresh Devi,Retail,P013,Power Bank,Accessories,3,1003.9,0.1,0.48,Debit Card
TXNAA8EA2024F,2024-08-21,BR03,Rajahmundry,Andhra Pradesh,CUST01138,Divya Rao,Retail,P019,LED TV 55-inch,Electronics,1,45224.4,0.0,0.79,Credit Card
