Transaction_ID,Transaction_Date,Branch_ID,Branch,Region,Customer_ID,Customer_Name,Customer_Segment,Product_ID,Product_Name,Category,Quantity,Unit_Price,Discount,Cost_Ratio,Payment_Method
TXN0D7860FB6C,2023-08-28,BR01,Eluru,Andhra Pradesh,CUST00112,Pooja Naidu,Retail,P003,Flagship Smartphone,Mobile,1,79098.02,0.0,0.75,Cash
TXN3B7D2A0E4C,2024-07-13,BR01,Eluru,Andhra Pradesh,CUST01276,Sneha Sharma,Corporate,P014,Split AC 1.5 Ton,Home Appliances,1,40372.25,0.05,0.83,UPI
TXN5686908617,2023-07-25,BR01,Eluru,Andhra Pradesh,CUST01353,Aishwarya Babu,Retail,P016,Washing Machine,Home Appliances,2,18902.45,0.0,0.8,Cash
TXNB34650267A,2024-09-06,BR01,Eluru,Andhra Pradesh,CUST00304,Kavya Prasad,Retail,P001,Budget Smartphone 4G,Mobile,2,9668.68,0.0,0.8,Cash
TXN676DCDC4A9,2023-12-24,BR01,Eluru,Andhra Pradesh,CUST00180,Ravi Rao,Wholesale,P001,Budget Smartphone 4G,Mobile,3,12001.98,0.05,0.8,Credit Card
TXN935100A5D0,2023-10-19,BR01,Eluru,Andhra Pradesh,CUST01152,Arjun Sarma,Wholesale,P021,Smart Watch,Electronics,2,8110.9,0.2,0.55,UPI
TXN9EAA186284,2023-04-11,BR01,Eluru,Andhra Pradesh,CUST00075,Kavya Chowdary,Retail,P018,LED TV 43-inch,Electronics,1,30797.32,0.0,0.8,Debit Card
TXN5F8AB57A26,2024-11-05,BR01,Eluru,Andhra Pradesh,CUST00640,Naveen Sharma,Retail,P019,LED TV 55-inch,Electronics,1,54402.2,0.0,0.79,UPI
TXN374888F566,2023-10-08,BR01,Eluru,Andhra Pradesh,CUST00718,Priya Murthy,Retail,P002,Mid-range Smartphone 5G,Mobile,1,22275.13,0.0,0.78,Debit Card
TXN3DCF9C75E2,2024-08-17,BR01,Eluru,Andhra Pradesh,CUST00928,Ajay Murthy,Retail,P019,LED TV 55-inch,Electronics,1,38004.06,0.0,0.79,UPI
TXN636FAE1FF8,2023-10-16,BR01,Eluru,Andhra Pradesh,CUST00784,Harika Naidu,Wholesale,P019,LED TV 55-inch,Electronics,1,50983.61,0.25,0.79,Credit Card
TXN6D95F97ACA,2024-05-13,BR01,Eluru,Andhra Pradesh,CUST01831,Sandeep Babu,Retail,P012,Mobile Charger,Accessories,1,503.66,0.1,0.42,UPI
TXN0DD6B47C05,2024-06-23,BR01,Eluru,Andhra Pradesh,CUST01250,Sandeep Varma,Wholesale,P021,Smart Watch,Electronics,1,9788.7,0.0,0.55,UPI
TXN8ADA418E0C,2024-04-28,BR01,Eluru,Andhra Pradesh,CUST00640,Naveen Sharma,Retail,P012,Mobile Charger,Accessories,2,1303.08,0.15,0.42,UPI
TXNEFF51343F2,2024-04-29,BR01,Eluru,Andhra Pradesh,CUST00993,Pooja Sarma,Wholesale,P011,Bluetooth Speaker,Accessories,1,3625.28,0.15,0.5,Cash
TXND21D153E6A,2024-06-01,BR01,Eluru,Andhra Pradesh,CUST00030,Priya Varma,Wholesale,P002,Mid-range Smartphone 5G,Mobile,2,18276.66,0.05,0.78,UPI
TXN9BEF20D1BE,2024-04-01,BR01,Eluru,Andhra Pradesh,CUST00189,Meena Prasad,Wholesale,P007,Gaming Laptop i7,Laptop,1,88854.29,0.0,0.78,Cash
TXNAA6600BE86,2024-08-31,BR01,Eluru,Andhra Pradesh,CUST01239,Kavya Devi,Retail,P012,Mobile Charger,Accessories,2,1725.73,0.0,0.42,Cash
TXN4EA5EE17F5,2024-11-03,BR01,Eluru,Andhra Pradesh,CUST01425,Priya Devi,Retail,P015,Refrigerator 300L,Home Appliances,1,38654.4,0.05,0.82,UPI
TXN859ABC03EE,2024-03-17,BR01,Eluru,Andhra Pradesh,CUST00145,Srinivas Chowdary,Retail,P004,Wireless Earbuds,Mobile,2,5606.74,0.0,0.55,Cash
TXN8AFA319DA1,2024-10-09,BR01,Eluru,Andhra Pradesh,CUST00797,Kiran Prasad,Retail,P009,Laptop Bag,Accessories,2,870.33,0.2,0.45,Debit Card
TXNE99475ED14,2024-07-07,BR01,Eluru,Andhra Pradesh,CUST00115,Meena Naidu,Corporate,P012,Mobile Charger,Accessories,3,1747.43,0.0,0.42,Cash
TXNC3D64CFB52,2023-10-08,BR01,Eluru,Andhra Pradesh,CUST00499,Aishwarya Reddy,Retail,P003,Flagship Smartphone,Mobile,1,76333.31,0.2,0.75,Debit Card
TXNC2CC8B3330,2024-06-11,BR01,Eluru,Andhra Pradesh,CUST00859,Praveen Babu,Retail,P002,Mid-range Smartphone 5G,Mobile,1,24378.24,0.15,0.78,UPI
TXN303342729B,2024-04-21,BR01,Eluru,Andhra Pradesh,CUST00605,Deepika Babu,Retail,P001,Budget Smartphone 4G,Mobile,1,10751.47,0.05,0.8,Debit Card
TXND12FDC1D55,2023-01-13,BR01,Eluru,Andhra Pradesh,CUST00186,Meena Murthy,Retail,P013,Power Bank,Accessories,1,1170.61,0.0,0.48,UPI
TXNEE154DF9E5,2024-11-16,BR01,Eluru,Andhra Pradesh,CUST02000,Deepika Sarma,Corporate,P005,Entry Laptop i3,Laptop,1,36579.22,0.25,0.82,UPI
TXN4C53E4B8F1,2024-03-02,BR01,Eluru,Andhra Pradesh,CUST00044,Meena Reddy,Retail,P021,Smart Watch,Electronics,1,3320.27,0.1,0.55,UPI
TXN72C6FEE6B1,2023-06-14,BR01,Eluru,Andhra Pradesh,CUST01419,Anitha Sharma,Retail,P009,Laptop Bag,Accessories,1,1596.54,0.0,0.45,UPI
TXN84122089E6,2024-10-16,BR01,Eluru,Andhra Pradesh,CUST01705,Suresh Varma,Retail,P020,Home Theatre System,Electronics,2,13337.21,0.05,0.6,Debit Card
TXN97624E12B0,2023-06-17,BR01,Eluru,Andhra Pradesh,CUST01868,Ravi Reddy,Retail,P019,LED TV 55-inch,Electronics,1,39163.54,0.05,0.79,Credit Card
TXN2D4D93E06F,2024-04-16,BR01,Eluru,Andhra Pradesh,CUST00285,Divya Murthy,Corporate,P020,Home Theatre System,Electronics,1,18851.15,0.05,0.6,UPI
TXNF3911E738B,2024-11-14,BR01,Eluru,Andhra Pradesh,CUST00720,Naveen Devi,Retail,P001,Budget Smartphone 4G,Mobile,1,13520.59,0.05,0.8,Debit Card
TXN08EC630A2E,2023-05-30,BR01,Eluru,Andhra Pradesh,CUST01752,Naveen Murthy,Retail,P018,LED TV 43-inch,Electronics,1,34334.29,0.05,0.8,Credit Card
TXN98C3FA8EBA,2023-11-30,BR01,Eluru,Andhra Pradesh,CUST01426,Pooja Reddy,Wholesale,P001,Budget Smartphone 4G,Mobile,1,10534.84,0.15,0.8,Debit Card
TXNC9BCDAFA79,2023-08-29,BR01,Eluru,Andhra Pradesh,CUST01659,Praveen Rao,Retail,P009,Laptop Bag,Accessories,2,1448.92,0.15,0.45,UPI
TXN2A71CF08F6,2023-09-17,BR01,Eluru,Andhra Pradesh,CUST01146,Harika Babu,Retail,P010,Wireless Mouse,Accessories,2,1473.03,0.0,0.4,Net Banking
TXN2751B7F368,2023-07-03,BR01,Eluru,Andhra Pradesh,CUST01455,Lakshmi Prasad,Retail,P004,Wireless Earbuds,Mobile,3,5686.47,0.0,0.55,Cash
TXNDD8E823C11,2024-04-16,BR01,Eluru,Andhra Pradesh,CUST00012,Manoj Rao,Retail,P018,LED TV 43-inch,Electronics,1,27902.72,0.05,0.8,UPI
TXN63F1D0AB05,2024-10-21,BR01,Eluru,Andhra Pradesh,CUST00782,Anitha Reddy,Corporate,P005,Entry Laptop i3,Laptop,1,35438.0,0.2,0.82,Net Banking
TXNA833D6C93A,2023-09-19,BR01,Eluru,Andhra Pradesh,CUST00427,Arjun Varma,Corporate,P003,Flagship Smartphone,Mobile,1,83948.2,0.0,0.75,Cash
TXND0495A7D38,2024-05-04,BR01,Eluru,Andhra Pradesh,CUST01072,Kiran Varma,Retail,P005,Entry Laptop i3,Laptop,1,34843.14,0.05,0.82,UPI
TXNE00CD04C35,2024-03-15,BR01,Eluru,Andhra Pradesh,CUST00907,Kavya Babu,Retail,P009,Laptop Bag,Accessories,3,1242.25,0.05,0.45,Net Banking
TXN67B8437DD2,2023-01-11,BR01,Eluru,Andhra Pradesh,CUST00337,,Retail,P013,Power Bank,Accessories,1,918.29,0.1,0.48,Net Banking
TXN8461AABD47,2024-06-12,BR01,Eluru,Andhra Pradesh,CUST00168,Ramesh Prasad,Retail,P011,Bluetooth Speaker,Accessories,1,2445.07,0.1,0.5,UPI
TXN269FD1E64A,2024-03-11,BR01,Eluru,Andhra Pradesh,CUST00825,Arjun Reddy,Retail,P019,LED TV 55-inch,Electronics,1,47815.61,0.05,0.79,UPI
TXNA09FBF6EB6,2023-11-09,BR01,Eluru,Andhra Pradesh,CUST01783,Naveen Babu,Retail,P019,LED TV 55-inch,Electronics,1,38045.89,0.2,0.79,Credit Card
TXN3EE74DB20C,2024-05-07,BR01,Eluru,Andhra Pradesh,CUST01708,Sandeep Kumar,Retail,P011,Bluetooth Speaker,Accessories,2,4601.15,0.1,0.5,UPI
TXNB7C0C9828C,2024-07-26,BR01,Eluru,Andhra Pradesh,CUST01069,Deepika Rao,Retail,P002,Mid-range Smartphone 5G,Mobile,1,22043.85,0.0,0.78,Net Banking
TXN3D9FE4082D,2023-11-28,BR01,Eluru,Andhra Pradesh,CUST01201,Swathi Rao,Retail,P004,Wireless Earbuds,Mobile,1,5547.76,0.05,0.55,UPI
TXN6F568ADBD3,2024-08-04,BR01,Eluru,Andhra Pradesh,CUST01983,Sneha Varma,Retail,P012,Mobile Charger,Accessories,1,910.12,0.15,0.42,Debit Card
TXN0D413EB2CC,2024-07-07,BR01,Eluru,Andhra Pradesh,CUST00003,Harika Rao,Retail,P021,Smart Watch,Electronics,1,7375.36,0.15,0.55,UPI
TXN97CBCB509F,2024-03-18,BR01,Eluru,Andhra Pradesh,CUST00970,Lakshmi Kumar,Retail,P017,Microwave Oven,Home Appliances,1,11636.67,0.05,0.75,Debit Card
TXN040A8D4E13,2023-11-17,BR01,Eluru,Andhra Pradesh,CUST00906,Praveen Babu,Corporate,P019,LED TV 55-inch,Electronics,1,55218.22,0.0,0.79,Net Banking
TXNA87293CBAF,2024-11-24,BR01,Eluru,Andhra Pradesh,CUST01265,Anitha Sarma,Corporate,P012,Mobile Charger,Accessories,1,383.68,0.15,0.42,Credit Card
TXN069FAFA6A3,2024-09-01,BR01,Eluru,Andhra Pradesh,CUST00525,Sandeep Murthy,Retail,P013,Power Bank,Accessories,3,2229.33,0.0,0.48,UPI
TXN55A2CDA0AC,2024-06-04,BR01,Eluru,Andhra Pradesh,CUST00951,Praveen Kumar,Retail,P008,Ultrabook Thin & Light,Laptop,1,85045.45,0.05,0.79,UPI
TXN53953D47D8,2023-07-25,BR01,Eluru,Andhra Pradesh,CUST01238,Arjun Reddy,Wholesale,P006,Business Laptop i5,Laptop,1,46500.43,0.05,0.8,Debit Card
TXNE366B6F8D0,2023-05-23,BR01,Eluru,Andhra Pradesh,CUST01176,Harika Murthy,Retail,P003,Flagship Smartphone,Mobile,1,59861.27,0.15,0.75,Net Banking
TXN7CC65C7DB1,2024-03-04,BR01,Eluru,Andhra Pradesh,CUST01362,Pooja Sarma,Retail,P010,Wireless Mouse,Accessories,1,455.92,0.1,0.4,UPI
TXN5729B0D959,2023-05-20,BR01,Eluru,Andhra Pradesh,CUST01346,Harika Prasad,Corporate,P006,Business Laptop i5,Laptop,1,50725.67,0.0,0.8,Cash
TXNB5F45633AA,2023-10-29,BR01,Eluru,Andhra Pradesh,CUST00315,Lakshmi Kumar,Retail,P002,Mid-range Smartphone 5G,Mobile,2,17189.89,0.0,0.78,UPI
TXN538D0AB9DF,2024-02-29,BR01,Eluru,Andhra Pradesh,CUST01105,Suresh Sarma,Wholesale,P012,Mobile Charger,Accessories,2,643.52,0.05,0.42,Debit Card
TXNF6E71FF059,2024-11-11,BR01,Eluru,Andhra Pradesh,CUST00376,Ramesh Naidu,Retail,P021,Smart Watch,Electronics,1,8962.78,0.15,0.55,UPI
TXNDF1A6045AE,2024-08-29,BR01,Eluru,Andhra Pradesh,CUST00638,Arjun Babu,Corporate,P011,Bluetooth Speaker,Accessories,1,1817.49,0.1,0.5,UPI
TXNFC19C2D3D1,2024-04-25,BR01,Eluru,Andhra Pradesh,CUST00767,Kavya Varma,Retail,P003,Flagship Smartphone,Mobile,1,45188.12,0.15,0.75,UPI
TXN83831339FD,2023-05-08,BR01,Eluru,Andhra Pradesh,CUST01580,Ramesh Sarma,Corporate,P008,Ultrabook Thin & Light,Laptop,1,62769.13,0.1,0.79,Net Banking
TXNAB0AE991FA,2023-12-17,BR01,Eluru,Andhra Pradesh,CUST01378,Divya Sarma,Corporate,P007,Gaming Laptop i7,Laptop,1,76631.67,0.0,0.78,UPI
TXNC7CB582C7E,2023-12-31,BR01,Eluru,Andhra Pradesh,CUST01819,Ravi Kumar,Retail,P019,LED TV 55-inch,Electronics,1,38067.86,0.1,0.79,UPI
TXN66DEB35EC4,2024-06-16,BR01,Eluru,Andhra Pradesh,CUST01632,Meena Rao,Retail,P019,LED TV 55-inch,Electronics,1,53766.64,0.0,0.79,Cash
TXNA9439A79A7,2024-11-20,BR01,Eluru,Andhra Pradesh,CUST01108,Kiran Babu,Corporate,P021,Smart Watch,Electronics,3,6668.03,0.0,0.55,UPI
TXN7A06BDA5DB,2023-12-01,BR01,Eluru,Andhra Pradesh,CUST01949,Suresh Prasad,Wholesale,P019,LED TV 55-inch,Electronics,1,42848.27,0.05,0.79,UPI
TXNE85D1827C3,2023-11-04,BR01,Eluru,Andhra Pradesh,CUST01182,Ravi Sharma,Retail,P001,Budget Smartphone 4G,Mobile,1,13427.72,0.2,0.8,Credit Card
TXN6F64E3954B,2024-09-29,BR01,Eluru,Andhra Pradesh,CUST00171,Divya Devi,Retail,P009,Laptop Bag,Accessories,2,964.94,0.0,0.45,Credit Card
TXN98899A2EC1,2023-11-09,BR01,Eluru,Andhra Pradesh,CUST01936,Vikram Devi,Retail,P008,Ultrabook Thin & Light,Laptop,1,80387.07,0.0,0.79,UPI
TXNDA6666E977,2024-08-12,BR01,Eluru,Andhra Pradesh,CUST00869,Pooja Rao,Retail,P001,Budget Smartphone 4G,Mobile,1,11324.96,0.0,0.8,Net Banking
TXN5AB89AD71F,2023-01-22,BR01,Eluru,Andhra Pradesh,CUST01700,Sandeep Kumar,Retail,P002,Mid-range Smartphone 5G,Mobile,1,24976.0,0.0,0.78,Cash
TXN31ABBEFB90,2024-08-23,BR01,Eluru,Andhra Pradesh,CUST00154,Meena Babu,Retail,P021,Smart Watch,Electronics,1,10174.09,0.1,0.55,Net Banking
TXNE62A23A0FE,2023-07-16,BR01,Eluru,Andhra Pradesh,CUST01833,Deepika Devi,Retail,P009,Laptop Bag,Accessories,2,1848.22,0.15,0.45,Net Banking
TXN1B320F783D,2023-04-29,BR01,Eluru,Andhra Pradesh,CUST00665,Vikram Kumar,Retail,P021,Smart Watch,Electronics,1,2014.0,0.15,0.55,Net Banking
TXN40516C268C,2024-12-23,BR01,Eluru,Andhra Pradesh,CUST00118,Arjun Naidu,Retail,P019,LED TV 55-inch,Electronics,1,46983.54,0.15,0.79,Debit Card
TXN18B3BC9D15,2023-01-13,BR01,Eluru,Andhra Pradesh,CUST01578,Meena Naidu,Retail,P011,Bluetooth Speaker,Accessories,3,1082.86,0.0,0.5,Cash
TXN9C7D4749DD,2023-05-27,BR01,Eluru,Andhra Pradesh,CUST01676,Pooja Varma,Retail,P020,Home Theatre System,Electronics,1,16886.01,0.0,0.6,UPI
TXNE9FB079F60,2023-04-23,BR01,Eluru,Andhra Pradesh,CUST01870,Meena Reddy,Retail,P001,Budget Smartphone 4G,Mobile,1,9768.18,0.15,0.8,Net Banking
TXN52AA5B8056,2023-07-06,BR01,Eluru,Andhra Pradesh,CUST00910,Arjun Devi,Corporate,P009,Laptop Bag,Accessories,1,1577.99,0.1,0.45,UPI
TXN0BEDC1662F,2023-03-21,BR01,Eluru,Andhra Pradesh,CUST01110,Ravi Murthy,Retail,P007,Gaming Laptop i7,Laptop,1,93450.94,0.0,0.78,Debit Card
TXN6859051961,2023-08-05,BR01,Eluru,Andhra Pradesh,CUST00175,Sneha Prasad,Retail,P011,Bluetooth Speaker,Accessories,2,2236.48,0.0,0.5,Debit Card
TXND7A839971B,2023-08-26,BR01,Eluru,Andhra Pradesh,CUST01028,Praveen Sharma,Retail,P019,LED TV 55-inch,Electronics,1,52392.84,0.0,0.79,Net Banking
TXN286383459A,2023-01-24,BR01,Eluru,Andhra Pradesh,CUST00561,Divya Kumar,Corporate,P020,Home Theatre System,Electronics,2,9047.72,0.0,0.6,Cash
TXN06870ED29C,2023-08-12,BR01,Eluru,Andhra Pradesh,CUST00443,Pooja Devi,Retail,P014,Split AC 1.5 Ton,Home Appliances,1,40737.38,0.0,0.83,UPI
TXN95FEA2084C,2023-03-26,BR01,Eluru,Andhra Pradesh,CUST01899,Ramesh Varma,Retail,P020,Home Theatre System,Electronics,2,14575.8,0.0,0.6,Cash
TXNC10FB0188E,2024-06-08,BR01,Eluru,Andhra Pradesh,CUST00284,Naveen Prasad,Corporate,P015,Refrigerator 300L,Home Appliances,1,26951.4,0.0,0.82,Cash
TXN7F77869A39,2023-11-27,BR01,Eluru,Andhra Pradesh,CUST00644,Suresh Varma,Wholesale,P009,Laptop Bag,Accessories,2,701.7,0.1,0.45,Cash
TXNE9432B02C1,2023-11-23,BR01,Eluru,Andhra Pradesh,CUST01151,Kiran Sarma,Wholesale,P013,Power Bank,Accessories,2,1163.41,0.1,0.48,UPI
TXNEEF3A83205,2023-10-18,BR01,Eluru,Andhra Pradesh,CUST01654,Ramesh Prasad,Retail,P011,Bluetooth Speaker,Accessories,1,1411.68,0.2,0.5,Net Banking
TXNBEA1284B1A,2023-11-27,BR01,Eluru,Andhra Pradesh,CUST00349,Naveen Chowdary,Corporate,P018,LED TV 43-inch,Electronics,1,33198.05,0.25,0.8,Credit Card
TXN57D36ADA77,2024-01-13,BR01,Eluru,Andhra Pradesh,CUST01608,Ajay Sarma,Wholesale,P018,LED TV 43-inch,Electronics,1,22064.24,0.0,0.8,Debit Card
TXNCDF452AFDE,2023-12-04,BR01,Eluru,Andhra Pradesh,CUST00349,Naveen Chowdary,Corporate,P020,Home Theatre System,Electronics,2,15318.82,0.1,0.6,Debit Card
TXN53A3B60CB9,2024-06-24,BR01,Eluru,Andhra Pradesh,CUST00541,Praveen Kumar,Retail,P004,Wireless Earbuds,Mobile,1,3705.47,0.1,0.55,Debit Card
TXN59BD2D3539,2024-03-09,BR01,Eluru,Andhra Pradesh,CUST00220,Suresh Babu,Retail,P003,Flagship Smartphone,Mobile,1,74177.23,0.0,0.75,UPI
TXN9037AD5AA6,2024-07-17,BR01,Eluru,Andhra Pradesh,CUST00904,Kiran Reddy,Retail,P002,Mid-range Smartphone 5G,Mobile,1,16958.06,0.15,0.78,Credit Card
TXN1C3622D40B,2024-05-30,BR01,Eluru,Andhra Pradesh,CUST01396,Sandeep Varma,Retail,P020,Home Theatre System,Electronics,3,16086.36,0.0,0.6,Debit Card
TXN44218F2B4B,2023-07-11,BR01,Eluru,Andhra Pradesh,CUST00043,Ramesh Devi,Retail,P006,Business Laptop i5,Laptop,1,59320.37,0.1,0.8,Credit Card
TXN84C7263651,2023-10-25,BR01,Eluru,Andhra Pradesh,CUST01515,Pooja Sarma,Retail,P011,Bluetooth Speaker,Accessories,1,4457.26,0.2,0.5,UPI
TXN5688EC1820,2024-02-19,BR01,Eluru,Andhra Pradesh,CUST01760,Praveen Reddy,Corporate,P010,Wireless Mouse,Accessories,1,1310.06,0.15,0.4,UPI
TXNA92D8CEBB3,2024-04-05,BR01,Eluru,Andhra Pradesh,CUST01006,Kavya Rao,Retail,P007,Gaming Laptop i7,Laptop,1,106557.88,0.0,0.78,Debit Card
TXN639A9FE76B,2024-06-17,BR01,Eluru,Andhra Pradesh,CUST00482,Divya Sharma,Retail,P004,Wireless Earbuds,Mobile,1,2448.46,0.0,0.55,Cash
TXN62BDBA406D,2024-01-03,BR01,Eluru,Andhra Pradesh,CUST01250,Sandeep Varma,Wholesale,P010,Wireless Mouse,Accessories,1,561.41,0.0,0.4,Debit Card
TXN5B91246CA1,2023-03-21,BR01,Eluru,Andhra Pradesh,CUST01104,Kavya Rao,Retail,P021,Smart Watch,Electronics,4,7654.02,0.15,0.55,UPI
TXN4A439758F7,2024-12-14,BR01,Eluru,Andhra Pradesh,CUST01263,Anitha Sarma,Corporate,P011,Bluetooth Speaker,Accessories,3,1476.12,0.05,0.5,UPI
TXN29C8011036,2023-02-16,BR01,Eluru,Andhra Pradesh,CUST01517,Manoj Sharma,Wholesale,P002,Mid-range Smartphone 5G,Mobile,1,27348.95,0.1,0.78,UPI
TXNB6A8BED7E9,2023-10-13,BR01,Eluru,Andhra Pradesh,CUST00670,Ajay Sarma,Retail,P013,Power Bank,Accessories,2,2166.19,0.05,0.48,UPI
TXN0B90C0B765,2023-05-21,BR01,Eluru,Andhra Pradesh,CUST01667,Kiran Prasad,Retail,P011,Bluetooth Speaker,Accessories,1,1880.84,0.1,0.5,Debit Card
TXNCF288E1234,2023-10-17,BR01,Eluru,Andhra Pradesh,CUST01666,Sandeep Sarma,Wholesale,P005,Entry Laptop i3,Laptop,1,30473.09,0.1,0.82,UPI
TXN3FB1E053C2,2024-12-07,BR01,Eluru,Andhra Pradesh,CUST01336,Kiran Kumar,Retail,P003,Flagship Smartphone,Mobile,1,66992.71,0.1,0.75,Credit Card
TXN0FAFEDD809,2024-11-19,BR01,Eluru,Andhra Pradesh,CUST00751,Naveen Sharma,Corporate,P018,LED TV 43-inch,Electronics,1,24199.78,0.2,0.8,UPI
TXNFC4D68C2D5,2024-04-19,BR01,Eluru,Andhra Pradesh,CUST01978,Ravi Sarma,Wholesale,P002,Mid-range Smartphone 5G,Mobile,1,17372.51,0.05,0.78,UPI
TXNE5FB4013B5,2023-06-23,BR01,Eluru,Andhra Pradesh,CUST01395,Harika Reddy,Retail,P016,Washing Machine,Home Appliances,1,25825.93,0.0,0.8,Credit Card
TXN8B2B185925,2023-06-26,BR01,Eluru,Andhra Pradesh,CUST00502,Ravi Prasad,Retail,P005,Entry Laptop i3,Laptop,1,36577.62,0.1,0.82,Cash
TXN0D1785C9AA,2023-11-29,BR01,Eluru,Andhra Pradesh,CUST00812,Deepika Murthy,Wholesale,P005,Entry Laptop i3,Laptop,1,31572.44,0.0,0.82,UPI
TXND917C903BA,2024-10-14,BR01,Eluru,Andhra Pradesh,CUST01338,Sandeep Rao,Wholesale,P014,Split AC 1.5 Ton,Home Appliances,1,32358.14,0.25,0.83,Debit Card
TXN0B802DC817,2023-08-01,BR01,Eluru,Andhra Pradesh,CUST01301,Priya Chowdary,Retail,P001,Budget Smartphone 4G,Mobile,1,8778.6,0.15,0.8,UPI
TXN2D49F416C0,2023-02-01,BR01,Eluru,Andhra Pradesh,CUST00496,Divya Babu,Retail,P003,Flagship Smartphone,Mobile,1,56027.11,0.15,0.75,Credit Card
TXN819ACC549B,2024-10-11,BR01,Eluru,Andhra Pradesh,CUST01111,Ramesh Sharma,Retail,P002,Mid-range Smartphone 5G,Mobile,1,20744.67,0.15,0.78,Debit Card
TXNF2EE85BDE5,2023-06-14,BR01,Eluru,Andhra Pradesh,CUST01939,Lakshmi Rao,Retail,P006,Business Laptop i5,Laptop,1,54982.75,0.1,0.8,Net Banking
TXN46B3EDED11,2024-11-06,BR01,Eluru,Andhra Pradesh,CUST01243,Harika Reddy,Wholesale,P008,Ultrabook Thin & Light,Laptop,1,83259.55,0.05,0.79,Debit Card
TXN95576EF641,2024-07-25,BR01,Eluru,Andhra Pradesh,CUST00960,Swathi Chowdary,Wholesale,P016,Washing Machine,Home Appliances,1,31576.05,0.0,0.8,UPI
TXN4F2731B78E,2024-01-05,BR01,Eluru,Andhra Pradesh,CUST01437,Anitha Chowdary,Retail,P020,Home Theatre System,Electronics,3,11512.23,0.05,0.6,Debit Card
TXND6D0BEC516,2024-10-21,BR01,Eluru,Andhra Pradesh,CUST00663,Praveen Kumar,Wholesale,P017,Microwave Oven,Home Appliances,4,6142.65,0.25,0.75,UPI
TXN93C773B765,2024-06-15,BR01,Eluru,Andhra Pradesh,CUST00126,Ravi Rao,Retail,P003,Flagship Smartphone,Mobile,1,52009.12,0.1,0.75,UPI
TXN1696B2DD5C,2023-05-28,BR01,Eluru,Andhra Pradesh,CUST01562,Harika Devi,Wholesale,P019,LED TV 55-inch,Electronics,1,58098.69,0.0,0.79,UPI
TXNC1EF71B875,2024-05-02,BR01,Eluru,Andhra Pradesh,CUST00002,Arjun Varma,Retail,P009,Laptop Bag,Accessories,1,1857.4,0.15,0.45,UPI
TXN92D79EC4E3,2024-11-06,BR01,Eluru,Andhra Pradesh,CUST00379,Swathi Sarma,Retail,P002,Mid-range Smartphone 5G,Mobile,2,18669.9,0.05,0.78,Debit Card
TXN576AAF64F3,2024-10-05,BR01,Eluru,Andhra Pradesh,CUST00440,Anitha Naidu,Retail,P010,Wireless Mouse,Accessories,4,1343.43,0.15,0.4,UPI
TXN49240410AD,2024-07-10,BR01,Eluru,Andhra Pradesh,CUST00247,Manoj Reddy,Retail,P009,Laptop Bag,Accessories,1,776.72,0.1,0.45,UPI
TXN9E795BEE9F,2024-02-25,BR01,Eluru,Andhra Pradesh,CUST00327,Praveen Murthy,Wholesale,P003,Flagship Smartphone,Mobile,1,52211.38,0.0,0.75,Credit Card
TXNABF667D01A,2024-03-30,BR01,Eluru,Andhra Pradesh,CUST00241,Praveen Naidu,Retail,P020,Home Theatre System,Electronics,1,7136.13,0.05,0.6,Cash
TXN2084AF1024,2023-09-02,BR01,Eluru,Andhra Pradesh,CUST01472,Manoj Sharma,Wholesale,P007,Gaming Laptop i7,Laptop,1,124708.43,0.1,0.78,UPI
TXNEBF583282E,2023-12-27,BR01,Eluru,Andhra Pradesh,CUST01479,Ajay Sarma,Retail,P012,Mobile Charger,Accessories,1,1554.35,0.05,0.42,Cash
TXN4BBADF0380,2024-02-20,BR01,Eluru,Andhra Pradesh,CUST01754,Priya Kumar,Retail,P005,Entry Laptop i3,Laptop,1,29861.92,0.1,0.82,Debit Card
TXNF1D163FA6A,2023-07-14,BR01,Eluru,Andhra Pradesh,CUST00816,Meena Devi,Retail,P011,Bluetooth Speaker,Accessories,2,3800.91,0.15,0.5,UPI
TXN063B953E4D,2024-07-15,BR01,Eluru,Andhra Pradesh,CUST01707,Swathi Murthy,Retail,P009,Laptop Bag,Accessories,4,817.02,0.0,0.45,UPI
TXNB60CC919BC,2024-12-10,BR01,Eluru,Andhra Pradesh,CUST01186,Priya Kumar,Retail,P002,Mid-range Smartphone 5G,Mobile,1,27821.33,0.0,0.78,UPI
TXN49500D3632,2024-06-03,BR01,Eluru,Andhra Pradesh,CUST01470,Lakshmi Reddy,Retail,P013,Power Bank,Accessories,0,978.17,0.0,0.48,UPI
TXN95B7C51B4D,2024-09-04,BR01,Eluru,Andhra Pradesh,CUST00635,Ajay Prasad,Retail,P010,Wireless Mouse,Accessories,4,1431.3,0.0,0.4,UPI
TXN685B54A2A0,2024-07-21,BR01,Eluru,Andhra Pradesh,CUST00086,Meena Reddy,Corporate,P001,Budget Smartphone 4G,Mobile,3,9436.71,0.0,0.8,UPI
TXN9391BB1052,2023-04-17,BR01,Eluru,Andhra Pradesh,CUST01579,Sandeep Naidu,Retail,P006,Business Laptop i5,Laptop,1,48998.56,0.1,0.8,Net Banking
TXN9D490A1A4C,2024-05-15,BR01,Eluru,Andhra Pradesh,CUST00587,Srinivas Sharma,Retail,P001,Budget Smartphone 4G,Mobile,2,9004.2,0.1,0.8,Debit Card
TXN4329096369,2024-03-27,BR01,Eluru,Andhra Pradesh,CUST00117,Lakshmi Sarma,Retail,P001,Budget Smartphone 4G,Mobile,1,9726.84,0.15,0.8,Net Banking
TXNBE77A5F5DF,2023-03-08,BR01,Eluru,Andhra Pradesh,CUST00659,Deepika Sharma,Retail,P008,Ultrabook Thin & Light,Laptop,1,79743.45,0.0,0.79,UPI
TXN152CB3AC50,2024-04-15,BR01,Eluru,Andhra Pradesh,CUST01284,Anitha Chowdary,Retail,P008,Ultrabook Thin & Light,Laptop,1,89067.35,0.1,0.79,Cash
TXNDE51112B55,2023-07-31,BR01,Eluru,Andhra Pradesh,CUST01314,Sandeep Reddy,Retail,P008,Ultrabook Thin & Light,Laptop,1,65932.8,0.15,0.79,UPI
TXN7A1EA167CE,2024-10-01,BR01,Eluru,Andhra Pradesh,CUST00074,Sandeep Murthy,Retail,P001,Budget Smartphone 4G,Mobile,1,9816.26,0.15,0.8,Credit Card
TXN00D5CDF336,2023-03-19,BR01,Eluru,Andhra Pradesh,CUST01302,Kavya Kumar,Retail,P003,Flagship Smartphone,Mobile,1,79032.88,0.0,0.75,Debit Card
TXNB76090BED5,2024-11-30,BR01,Eluru,Andhra Pradesh,CUST00124,Arjun Kumar,Retail,P004,Wireless Earbuds,Mobile,1,1790.94,0.1,0.55,Net Banking
TXN02BBCEA897,2024-08-25,BR01,Eluru,Andhra Pradesh,CUST00135,Anitha Chowdary,Retail,P015,Refrigerator 300L,Home Appliances,1,36867.29,0.15,0.82,UPI
TXNB19C3076C2,2023-11-28,BR01,Eluru,Andhra Pradesh,CUST00853,Sneha Naidu,Wholesale,P013,Power Bank,Accessories,1,1040.51,0.15,0.48,UPI
TXNC52ACB38F3,2023-06-01,BR01,Eluru,Andhra Pradesh,CUST00798,Sneha Reddy,Retail,P012,Mobile Charger,Accessories,3,994.03,0.05,0.42,Cash
TXNEAA1D475D3,2023-01-26,BR01,Eluru,Andhra Pradesh,CUST00783,Naveen Prasad,Retail,P001,Budget Smartphone 4G,Mobile,1,10528.54,0.0,0.8,Credit Card
TXN105A3D5C1F,2023-04-15,BR01,Eluru,Andhra Pradesh,CUST00846,Aishwarya Babu,Retail,P010,Wireless Mouse,Accessories,2,582.02,0.05,0.4,Credit Card
TXN65B4B123DA,2024-05-18,BR01,Eluru,Andhra Pradesh,CUST01043,Pooja Reddy,Retail,P001,Budget Smartphone 4G,Mobile,2,8042.91,0.15,0.8,UPI
TXN8350FCE293,2023-01-12,BR01,Eluru,Andhra Pradesh,CUST00200,Swathi Chowdary,Corporate,P020,Home Theatre System,Electronics,1,9551.7,0.15,0.6,Net Banking
TXNECE2D211F6,2023-08-09,BR01,Eluru,Andhra Pradesh,CUST00046,Arjun Babu,Retail,P012,Mobile Charger,Accessories,1,1412.77,0.05,0.42,Credit Card
TXNE447C4A5C8,2024-10-16,BR01,Eluru,Andhra Pradesh,CUST00303,Naveen Naidu,Retail,P007,Gaming Laptop i7,Laptop,1,95466.05,0.1,0.78,UPI
TXN495F495A86,2023-07-30,BR01,Eluru,Andhra Pradesh,CUST01115,Kiran Rao,Retail,P018,LED TV 43-inch,Electronics,1,32704.76,0.0,0.8,Net Banking
TXND45986B28E,2023-04-17,BR01,Eluru,Andhra Pradesh,CUST01614,Sneha Naidu,Retail,P011,Bluetooth Speaker,Accessories,1,3658.55,0.0,0.5,UPI
TXNEA83565BBD,2023-03-15,BR01,Eluru,Andhra Pradesh,CUST00392,Praveen Babu,Retail,P013,Power Bank,Accessories,1,1314.86,0.0,0.48,Net Banking
TXN784F41E76D,2024-11-27,BR01,Eluru,Andhra Pradesh,CUST00244,Sneha Rao,Retail,P005,Entry Laptop i3,Laptop,1,28713.36,0.1,0.82,UPI
TXN96BC95E6D2,2024-11-22,BR01,Eluru,Andhra Pradesh,CUST00563,Kiran Kumar,Retail,P016,Washing Machine,Home Appliances,1,25555.31,0.2,0.8,Debit Card
TXNF4F546FADC,2024-12-19,BR01,Eluru,Andhra Pradesh,CUST01364,Praveen Rao,Retail,P008,Ultrabook Thin & Light,Laptop,1,75407.84,0.0,0.79,Cash
TXN4ABE9632A6,2023-07-13,BR01,Eluru,Andhra Pradesh,CUST01047,Ramesh Prasad,Retail,P017,Microwave Oven,Home Appliances,4,10092.85,0.15,0.75,UPI
TXN28EB567D79,2024-12-31,BR01,Eluru,Andhra Pradesh,CUST00913,Anitha Rao,Corporate,P017,Microwave Oven,Home Appliances,1,9106.66,0.1,0.75,Credit Card
TXN02CC0F5255,2023-05-26,BR01,Eluru,Andhra Pradesh,CUST00137,Swathi Babu,Wholesale,P018,LED TV 43-inch,Electronics,1,24978.15,0.05,0.8,Debit Card
TXN370257A30B,2023-05-19,BR01,Eluru,Andhra Pradesh,CUST01709,Srinivas Naidu,Retail,P003,Flagship Smartphone,Mobile,1,83094.17,0.0,0.75,UPI
TXN96198C7348,2024-01-22,BR01,Eluru,Andhra Pradesh,CUST01488,Ravi Sarma,Wholesale,P002,Mid-range Smartphone 5G,Mobile,1,25384.89,0.1,0.78,UPI
TXN28DD86FC69,2023-08-30,BR01,Eluru,Andhra Pradesh,CUST01740,Divya Murthy,Retail,P010,Wireless Mouse,Accessories,1,1413.4,0.0,0.4,Credit Card
TXNC150AAC8B9,2023-11-14,BR01,Eluru,Andhra Pradesh,CUST01683,Sandeep Kumar,Retail,P006,Business Laptop i5,Laptop,1,43482.22,0.0,0.8,UPI
TXN10335FB77B,2024-04-04,BR01,Eluru,Andhra Pradesh,CUST01472,Manoj Sharma,Wholesale,P002,Mid-range Smartphone 5G,Mobile,1,18672.18,0.05,0.78,UPI
TXN59DDA68292,2023-09-16,BR01,Eluru,Andhra Pradesh,CUST01767,Arjun Varma,Retail,P008,Ultrabook Thin & Light,Laptop,1,73540.16,0.1,0.79,UPI
TXNAD852130E8,2024-11-27,BR01,Eluru,Andhra Pradesh,CUST00561,Divya Kumar,Corporate,P003,Flagship Smartphone,Mobile,1,74639.95,0.25,0.75,UPI
TXNA6C85A769A,2023-05-13,BR01,Eluru,Andhra Pradesh,CUST01856,Kiran Kumar,Retail,P020,Home Theatre System,Electronics,1,7535.34,0.05,0.6,Credit Card
TXN5CC2046D53,2023-06-09,BR01,Eluru,Andhra Pradesh,CUST01578,Meena Naidu,Retail,P019,LED TV 55-inch,Electronics,1,38073.22,0.0,0.79,Cash
TXNBC2465F7B7,2024-11-11,BR01,Eluru,Andhra Pradesh,CUST00175,Sneha Prasad,Retail,P020,Home Theatre System,Electronics,3,11233.01,0.1,0.6,UPI
TXN98F5E2E8D7,2023-04-09,BR01,Eluru,Andhra Pradesh,CUST01130,Deepika Kumar,Wholesale,P011,Bluetooth Speaker,Accessories,1,1465.98,0.1,0.5,UPI
TXNADBF2C23C3,2023-04-07,BR01,Eluru,Andhra Pradesh,CUST00832,Pooja Chowdary,Retail,P020,Home Theatre System,Electronics,1,6602.43,0.1,0.6,UPI
TXNFFD1E6C6B8,2023-07-08,BR01,Eluru,Andhra Pradesh,CUST00083,Anitha Naidu,Retail,P018,LED TV 43-inch,Electronics,1,34573.27,0.0,0.8,Cash
TXN30B9FBD678,2024-10-25,BR01,Eluru,Andhra Pradesh,CUST01063,Anitha Murthy,Retail,P016,Washing Machine,Home Appliances,1,23526.9,0.15,0.8,Credit Card
TXN1E50A9D93C,2023-08-29,BR01,Eluru,Andhra Pradesh,CUST01478,Praveen Kumar,Retail,P012,Mobile Charger,Accessories,2,1779.74,0.0,0.42,Cash
TXN23243CDB84,2024-12-14,BR01,Eluru,Andhra Pradesh,CUST00200,Swathi Chowdary,Corporate,P007,Gaming Laptop i7,Laptop,1,99879.57,0.0,0.78,Cash
TXNE2A81A18AF,2023-07-29,BR01,Eluru,Andhra Pradesh,CUST00130,Pooja Reddy,Wholesale,P007,Gaming Laptop i7,Laptop,1,116860.09,0.1,0.78,Debit Card
TXN6E5BF2E6FF,2024-06-21,BR01,Eluru,Andhra Pradesh,CUST01742,Deepika Rao,Retail,P010,Wireless Mouse,Accessories,3,958.69,0.0,0.4,Credit Card
TXNAEE9A01D8A,2023-01-28,BR01,Eluru,Andhra Pradesh,CUST00338,Swathi Sharma,Corporate,P015,Refrigerator 300L,Home Appliances,1,39669.06,0.0,0.82,Cash
TXNE164BA4D8E,2024-11-15,BR01,Eluru,Andhra Pradesh,CUST01689,Kiran Prasad,Retail,P011,Bluetooth Speaker,Accessories,3,2964.56,0.0,0.5,Debit Card
TXN4E983998AA,2024-11-08,BR01,Eluru,Andhra Pradesh,CUST01086,Divya Sharma,Retail,P004,Wireless Earbuds,Mobile,1,4365.01,0.25,0.55,UPI
TXNAE145B02BD,2024-01-22,BR01,Eluru,Andhra Pradesh,CUST00101,Sandeep Varma,Retail,P011,Bluetooth Speaker,Accessories,1,4190.8,0.05,0.5,Credit Card
TXN23EFEECDF2,2023-08-20,BR01,Eluru,Andhra Pradesh,CUST00565,Harika Devi,Retail,P013,Power Bank,Accessories,1,1745.35,0.0,0.48,UPI
TXNA8AB97A3E1,2023-10-26,BR01,Eluru,Andhra Pradesh,CUST01078,Harika Naidu,Retail,P004,Wireless Earbuds,Mobile,2,2440.22,0.1,0.55,Debit Card
TXN8D192A6EE2,2023-03-27,BR01,Eluru,Andhra Pradesh,CUST00196,Kiran Varma,Retail,P020,Home Theatre System,Electronics,2,12573.3,0.05,0.6,Net Banking
TXNEB17FEE199,2023-05-11,BR01,Eluru,Andhra Pradesh,CUST01305,Vikram Rao,Retail,P018,LED TV 43-inch,Electronics,1,22170.56,0.1,0.8,Credit Card
TXN3DD2308794,2023-05-07,BR01,Eluru,Andhra Pradesh,CUST00463,Arjun Sharma,Corporate,P019,LED TV 55-inch,Electronics,1,50650.62,0.0,0.79,UPI
TXN8C09579436,2023-02-07,BR01,Eluru,Andhra Pradesh,CUST00088,Kavya Varma,Wholesale,P013,Power Bank,Accessories,1,1299.71,0.1,0.48,Net Banking
TXNF2557CE43D,2024-03-03,BR01,Eluru,Andhra Pradesh,CUST01484,Deepika Sarma,Corporate,P021,Smart Watch,Electronics,1,3739.15,0.15,0.55,Net Banking
TXN3372E87F63,2024-07-28,BR01,Eluru,Andhra Pradesh,CUST01967,Manoj Devi,Corporate,P015,Refrigerator 300L,Home Appliances,1,41675.92,0.0,0.82,UPI
TXNFCF28FB8C7,2024-07-17,BR01,Eluru,Andhra Pradesh,CUST00444,Ramesh Devi,Retail,P008,Ultrabook Thin & Light,Laptop,1,71277.0,0.0,0.79,Net Banking
TXN5F1E6FE1D9,2024-05-08,BR01,Eluru,Andhra Pradesh,CUST00690,Vikram Murthy,Retail,P017,Microwave Oven,Home Appliances,2,13940.58,0.15,0.75,Credit Card
TXN397125392E,2023-11-26,BR01,Eluru,Andhra Pradesh,CUST01945,Aishwarya Sarma,Retail,P001,Budget Smartphone 4G,Mobile,2,9063.14,0.05,0.8,UPI
TXNF9AE57E229,2024-06-20,BR01,Eluru,Andhra Pradesh,CUST01955,Srinivas Rao,Retail,P013,Power Bank,Accessories,1,1137.35,0.0,0.48,Net Banking
TXNE629568A2E,2023-04-26,BR01,Eluru,Andhra Pradesh,CUST01016,Anitha Devi,Retail,P004,Wireless Earbuds,Mobile,4,5213.25,0.05,0.55,Cash
TXN5D85B1D012,2023-06-15,BR01,Eluru,Andhra Pradesh,CUST00397,Meena Sharma,Retail,P012,Mobile Charger,Accessories,2,1641.4,0.0,0.42,Cash
TXNCAB0B18745,2024-09-30,BR01,Eluru,Andhra Pradesh,CUST01182,Ravi Sharma,Retail,P011,Bluetooth Speaker,Accessories,3,2988.9,0.0,0.5,Credit Card
TXNE104650D1B,2023-11-10,BR01,Eluru,Andhra Pradesh,CUST00232,Divya Babu,Retail,P012,Mobile Charger,Accessories,3,1640.8,0.0,0.42,Net Banking
TXN9490BFBCEF,2023-11-30,BR01,Eluru,Andhra Pradesh,CUST00672,Suresh Kumar,Corporate,P003,Flagship Smartphone,Mobile,1,58214.25,0.0,0.75,Credit Card
TXN3D256D3DFD,2024-10-20,BR01,Eluru,Andhra Pradesh,CUST01084,Naveen Varma,Corporate,P017,Microwave Oven,Home Appliances,1,6316.73,0.15,0.75,Credit Card
TXN0C4AA2A1E9,2023-11-11,BR01,Eluru,Andhra Pradesh,CUST01799,Sandeep Kumar,Retail,P019,LED TV 55-inch,Electronics,1,46195.08,0.05,0.79,UPI
TXN47774219BD,2024-01-22,BR01,Eluru,Andhra Pradesh,CUST01470,Lakshmi Reddy,Retail,P013,Power Bank,Accessories,1,1683.3,0.1,0.48,Debit Card
TXN4371EF1375,2023-06-20,BR01,Eluru,Andhra Pradesh,CUST01107,Divya Kumar,Retail,P006,Business Laptop i5,Laptop,1,59354.73,0.15,0.8,UPI
TXN2F1647773C,2024-04-02,BR01,Eluru,Andhra Pradesh,CUST00144,Suresh Naidu,Retail,P011,Bluetooth Speaker,Accessories,1,3329.06,0.15,0.5,Debit Card
TXNFF0A13F8FD,2024-11-22,BR01,Eluru,Andhra Pradesh,CUST01123,Naveen Naidu,Retail,P014,Split AC 1.5 Ton,Home Appliances,1,38354.11,0.25,0.83,UPI
TXNAFA5418F5B,2023-06-16,BR01,Eluru,Andhra Pradesh,CUST00306,Aishwarya Naidu,Retail,P021,Smart Watch,Electronics,4,7705.16,0.0,0.55,Cash
TXNF305FBE85F,2023-10-16,BR01,Eluru,Andhra Pradesh,CUST01075,Sandeep Babu,Retail,P003,Flagship Smartphone,Mobile,1,80542.66,0.25,0.75,Credit Card
TXN98609FB22F,2023-12-12,BR01,Eluru,Andhra Pradesh,CUST00588,Suresh Sharma,Retail,P019,LED TV 55-inch,Electronics,1,45186.06,0.0,0.79,Debit Card
TXNFB22A11F86,2024-09-20,BR01,Eluru,Andhra Pradesh,CUST00126,Ravi Rao,Retail,P003,Flagship Smartphone,Mobile,1,57506.88,0.0,0.75,UPI
TXNE90D8F8421,2024-02-27,BR01,Eluru,Andhra Pradesh,CUST01058,Priya Prasad,Retail,P011,Bluetooth Speaker,Accessories,4,2104.68,0.1,0.5,Debit Card
TXND198CE80D1,2023-01-14,BR01,Eluru,Andhra Pradesh,CUST01779,Sneha Babu,Retail,P010,Wireless Mouse,Accessories,1,1104.23,0.0,0.4,UPI
TXN429EFD4734,2024-11-18,BR01,Eluru,Andhra Pradesh,CUST01685,Suresh Devi,Retail,P011,Bluetooth Speaker,Accessories,2,4214.61,0.2,0.5,Credit Card
TXN2E42FAF0EA,2023-09-04,BR01,Eluru,Andhra Pradesh,CUST00545,Naveen Chowdary,Wholesale,P018,LED TV 43-inch,Electronics,1,28175.04,0.0,0.8,Cash
TXNED857065CF,2024-04-02,BR01,Eluru,Andhra Pradesh,CUST00538,Aishwarya Prasad,Retail,P011,Bluetooth Speaker,Accessories,1,1497.29,0.0,0.5,UPI
TXN664F6F56DF,2023-09-28,BR01,Eluru,Andhra Pradesh,CUST00957,Ravi Rao,Retail,P003,Flagship Smartphone,Mobile,1,89462.03,0.0,0.75,Cash
TXNE03FF134B2,2024-04-16,BR01,Eluru,Andhra Pradesh,CUST01723,Kavya Chowdary,Retail,P018,LED TV 43-inch,Electronics,1,24229.87,0.0,0.8,Credit Card
TXN97DB362F1F,2024-01-14,BR01,Eluru,Andhra Pradesh,CUST00301,Sandeep Naidu,Retail,P013,Power Bank,Accessories,2,1771.66,0.15,0.48,Credit Card
TXN95A346B802,2024-07-07,BR01,Eluru,Andhra Pradesh,CUST00779,Priya Rao,Retail,P001,Budget Smartphone 4G,Mobile,1,10839.65,0.0,0.8,UPI
TXN664F38BA3D,2024-09-11,BR01,Eluru,Andhra Pradesh,CUST01476,Ramesh Naidu,Wholesale,P020,Home Theatre System,Electronics,2,9245.6,0.1,0.6,UPI
TXNF4BE6B496B,2023-05-26,BR01,Eluru,Andhra Pradesh,CUST00833,Naveen Chowdary,Retail,P003,Flagship Smartphone,Mobile,1,71099.88,0.0,0.75,UPI
TXNC2178F5629,2023-09-12,BR01,Eluru,Andhra Pradesh,CUST01789,Sneha Sarma,Retail,P007,Gaming Laptop i7,Laptop,1,107982.95,0.0,0.78,Net Banking
TXN59C91AE55D,2023-09-18,BR01,Eluru,Andhra Pradesh,CUST00738,Aishwarya Prasad,Retail,P006,Business Laptop i5,Laptop,1,49210.95,0.0,0.8,Net Banking
TXN82D627EAF6,2024-07-08,BR01,Eluru,Andhra Pradesh,CUST00557,Deepika Sarma,Wholesale,P021,Smart Watch,Electronics,1,10662.99,0.15,0.55,Cash
TXN2A6A83BF06,2023-10-05,BR01,Eluru,Andhra Pradesh,CUST01883,,Retail,P009,Laptop Bag,Accessories,1,746.42,0.1,0.45,UPI
TXN19A23809E5,2024-08-31,BR01,Eluru,Andhra Pradesh,CUST00097,Srinivas Devi,Retail,P012,Mobile Charger,Accessories,1,1510.49,0.15,0.42,Debit Card
TXN0EF4666B85,2023-06-05,BR01,Eluru,Andhra Pradesh,CUST00980,Naveen Sharma,Retail,P005,Entry Laptop i3,Laptop,1,35981.92,0.1,0.82,Net Banking
TXN13B8110F24,2024-07-03,BR01,Eluru,Andhra Pradesh,CUST00262,Arjun Varma,Retail,P001,Budget Smartphone 4G,Mobile,1,11097.62,0.1,0.8,Net Banking
TXNE3E8F045B8,2023-10-07,BR01,Eluru,Andhra Pradesh,CUST00871,Deepika Murthy,Retail,P009,Laptop Bag,Accessories,1,1171.97,0.05,0.45,UPI
TXN4A73D84352,2023-04-24,BR01,Eluru,Andhra Pradesh,CUST00881,Divya Chowdary,Retail,P020,Home Theatre System,Electronics,2,8768.43,0.1,0.6,Credit Card
TXN6A6B8A952C,2024-07-03,BR01,Eluru,Andhra Pradesh,CUST01164,Anitha Reddy,Retail,P009,Laptop Bag,Accessories,3,1525.5,0.1,0.45,UPI
TXNAAA1E371AA,2023-04-02,BR01,Eluru,Andhra Pradesh,CUST00359,Manoj Babu,Wholesale,P019,LED TV 55-inch,Electronics,1,49889.83,0.1,0.79,UPI
TXNFDDB5EB89D,2024-09-21,BR01,Eluru,Andhra Pradesh,CUST01135,Swathi Chowdary,Retail,P001,Budget Smartphone 4G,Mobile,1,12561.25,0.15,0.8,Debit Card
TXN43E49F30B3,2024-07-01,BR01,Eluru,Andhra Pradesh,CUST01082,Ramesh Babu,Retail,P013,Power Bank,Accessories,1,1488.94,0.1,0.48,UPI
TXN47EEA7C26B,2024-03-21,BR01,Eluru,Andhra Pradesh,CUST00001,Praveen Rao,Retail,P016,Washing Machine,Home Appliances,1,20406.11,0.05,0.8,UPI
TXN3C8BD604ED,2023-06-25,BR01,Eluru,Andhra Pradesh,CUST01818,Harika Kumar,Retail,P004,Wireless Earbuds,Mobile,1,5963.46,0.15,0.55,UPI
TXN28D256DE2E,2024-03-27,BR01,Eluru,Andhra Pradesh,CUST00090,Naveen Naidu,Corporate,P014,Split AC 1.5 Ton,Home Appliances,1,32851.84,0.15,0.83,Cash
TXN40A7EEE067,2023-03-14,BR01,Eluru,Andhra Pradesh,CUST01435,Deepika Kumar,Retail,P017,Microwave Oven,Home Appliances,1,12124.37,0.1,0.75,Debit Card
TXN4B94975F5A,2023-02-02,BR01,Eluru,Andhra Pradesh,CUST01112,Praveen Sarma,Retail,P019,LED TV 55-inch,Electronics,1,49142.61,0.05,0.79,Cash
TXN2F1861BEFC,2023-07-11,BR01,Eluru,Andhra Pradesh,CUST01754,Priya Kumar,Retail,P012,Mobile Charger,Accessories,1,1468.65,0.0,0.42,Credit Card
TXNE244A9D48B,2023-01-16,BR01,Eluru,Andhra Pradesh,CUST00012,Manoj Rao,Retail,P013,Power Bank,Accessories,3,1893.36,0.0,0.48,Credit Card
TXN047C90FB86,2024-06-21,BR01,Eluru,Andhra Pradesh,CUST01159,Lakshmi Murthy,Retail,P016,Washing Machine,Home Appliances,1,33467.63,0.0,0.8,UPI
TXNA6553B8744,2023-04-19,BR01,Eluru,Andhra Pradesh,CUST01128,Kiran Chowdary,Wholesale,P015,Refrigerator 300L,Home Appliances,1,28594.41,0.05,0.82,Credit Card
TXN6DACCE2D2F,2024-08-25,BR01,Eluru,Andhra Pradesh,CUST01415,Vikram Sharma,Retail,P019,LED TV 55-inch,Electronics,1,48202.5,0.1,0.79,Debit Card
TXNC7EF424167,2024-07-23,BR01,Eluru,Andhra Pradesh,CUST01568,Priya Reddy,Retail,P010,Wireless Mouse,Accessories,2,1200.49,0.0,0.4,UPI
TXN6528C308EB,2024-10-04,BR01,Eluru,Andhra Pradesh,CUST00449,Lakshmi Prasad,Retail,P013,Power Bank,Accessories,1,1153.36,0.25,0.48,UPI
TXN58018D99F2,2024-11-30,BR01,Eluru,Andhra Pradesh,CUST01772,Lakshmi Devi,Corporate,P019,LED TV 55-inch,Electronics,1,54330.52,0.15,0.79,Debit Card
TXNFD285DDEDA,2024-06-27,BR01,Eluru,Andhra Pradesh,CUST01495,Praveen Chowdary,Retail,P018,LED TV 43-inch,Electronics,1,23847.15,0.0,0.8,Cash
TXNED589AED02,2023-07-11,BR01,Eluru,Andhra Pradesh,CUST01700,Sandeep Kumar,Retail,P008,Ultrabook Thin & Light,Laptop,1,93384.36,0.15,0.79,UPI
TXN81CB55FC16,2024-08-02,BR01,Eluru,Andhra Pradesh,CUST01912,Sandeep Sarma,Retail,P015,Refrigerator 300L,Home Appliances,1,30609.12,0.05,0.82,Cash
TXN96A1E5BDBB,2023-09-08,BR01,Eluru,Andhra Pradesh,CUST00791,Ajay Kumar,Retail,P007,Gaming Laptop i7,Laptop,1,100864.29,0.0,0.78,UPI
TXNDDAB97C1F2,2024-06-25,BR01,Eluru,Andhra Pradesh,CUST00161,Divya Devi,Retail,P003,Flagship Smartphone,Mobile,1,54286.65,0.05,0.75,Debit Card
TXN485C1CF778,2024-08-03,BR01,Eluru,Andhra Pradesh,CUST01252,Kavya Reddy,Retail,P001,Budget Smartphone 4G,Mobile,1,10597.02,0.0,0.8,Cash
TXN6B16C70532,2023-09-23,BR01,Eluru,Andhra Pradesh,CUST00174,Vikram Kumar,Retail,P007,Gaming Laptop i7,Laptop,1,113266.96,0.1,0.78,Credit Card
TXN6DAB695E26,2023-07-29,BR01,Eluru,Andhra Pradesh,CUST01374,Swathi Devi,Retail,P011,Bluetooth Speaker,Accessories,1,2186.49,0.1,0.5,Debit Card
TXN97B32B74E9,2023-11-05,BR01,Eluru,Andhra Pradesh,CUST01348,Divya Naidu,Retail,P004,Wireless Earbuds,Mobile,1,4107.51,0.25,0.55,UPI
TXNFDF499FABA,2023-07-29,BR01,Eluru,Andhra Pradesh,CUST00837,Harika Varma,Wholesale,P011,Bluetooth Speaker,Accessories,1,4511.26,0.0,0.5,Debit Card
TXNDCB0E9264F,2023-11-19,BR01,Eluru,Andhra Pradesh,CUST00759,Ajay Sarma,Retail,P012,Mobile Charger,Accessories,2,673.69,0.05,0.42,Debit Card
TXN707C39813C,2024-04-13,BR01,Eluru,Andhra Pradesh,CUST01522,Lakshmi Naidu,Retail,P021,Smart Watch,Electronics,2,5466.56,0.1,0.55,UPI
TXNBAB840BC5C,2024-11-10,BR01,Eluru,Andhra Pradesh,CUST01483,Naveen Sharma,Retail,P004,Wireless Earbuds,Mobile,2,4408.38,0.0,0.55,Debit Card
TXN3CF219D95B,2024-11-01,BR01,Eluru,Andhra Pradesh,CUST00322,Srinivas Sharma,Retail,P010,Wireless Mouse,Accessories,2,352.33,0.05,0.4,UPI
TXNBE79AE03BC,2024-10-19,BR01,Eluru,Andhra Pradesh,CUST00607,Meena Devi,Wholesale,P002,Mid-range Smartphone 5G,Mobile,3,16226.7,0.0,0.78,Credit Card
TXNBAC69D232D,2023-10-31,BR01,Eluru,Andhra Pradesh,CUST00396,Anitha Varma,Retail,P012,Mobile Charger,Accessories,1,1372.29,0.05,0.42,Debit Card
TXN9847CB68C6,2024-06-05,BR01,Eluru,Andhra Pradesh,CUST00947,Deepika Murthy,Retail,P003,Flagship Smartphone,Mobile,1,67683.08,0.05,0.75,Cash
TXNCC51C37BEF,2023-12-20,BR01,Eluru,Andhra Pradesh,CUST00417,Pooja Babu,Corporate,P013,Power Bank,Accessories,2,1485.61,0.15,0.48,Credit Card
TXN312561EDE9,2024-01-02,BR01,Eluru,Andhra Pradesh,CUST01109,Kiran Rao,Retail,P008,Ultrabook Thin & Light,Laptop,1,85690.16,0.0,0.79,UPI
TXNA7D005A4F4,2024-04-28,BR01,Eluru,Andhra Pradesh,CUST01537,Swathi Murthy,Corporate,P003,Flagship Smartphone,Mobile,1,81164.06,0.0,0.75,Cash
TXN7449CC76EA,2023-03-10,BR01,Eluru,Andhra Pradesh,CUST00190,Harika Prasad,Retail,P001,Budget Smartphone 4G,Mobile,2,11174.56,0.05,0.8,Credit Card
TXN9FEFF5FDCD,2024-08-12,BR01,Eluru,Andhra Pradesh,CUST01175,Divya Murthy,Wholesale,P004,Wireless Earbuds,Mobile,4,1546.96,0.15,0.55,Cash
TXN5FDB68F3C5,2023-05-19,BR01,Eluru,Andhra Pradesh,CUST01911,Sneha Reddy,Corporate,P005,Entry Laptop i3,Laptop,1,30065.84,0.0,0.82,Net Banking
TXNAD0584EC5E,2023-05-18,BR01,Eluru,Andhra Pradesh,CUST01752,Naveen Murthy,Retail,P018,LED TV 43-inch,Electronics,1,28129.98,0.0,0.8,UPI
TXND74DC8C838,2023-09-19,BR01,Eluru,Andhra Pradesh,CUST01427,Srinivas Varma,Retail,P004,Wireless Earbuds,Mobile,1,4573.31,0.0,0.55,UPI
TXN3DBB9D50B9,2024-11-16,BR01,Eluru,Andhra Pradesh,CUST00017,Praveen Murthy,Wholesale,P021,Smart Watch,Electronics,1,7602.17,0.15,0.55,Net Banking
TXN7A6E652760,2023-03-12,BR01,Eluru,Andhra Pradesh,CUST00628,Kavya Sarma,Retail,P002,Mid-range Smartphone 5G,Mobile,1,21161.49,0.0,0.78,UPI
TXNCBE6DC9A21,2024-02-11,BR01,Eluru,Andhra Pradesh,CUST01501,Sneha Devi,Retail,P001,Budget Smartphone 4G,Mobile,1,13468.22,0.0,0.8,Cash
TXNBBB23E28A7,2023-07-22,BR01,Eluru,Andhra Pradesh,CUST00554,Kiran Murthy,Retail,P016,Washing Machine,Home Appliances,1,22736.24,0.05,0.8,UPI
TXN6349E314B0,2023-01-15,BR01,Eluru,Andhra Pradesh,CUST00038,Naveen Sharma,Retail,P007,Gaming Laptop i7,Laptop,1,116874.94,0.0,0.78,Cash
TXNA6F2638F41,2024-08-04,BR01,Eluru,Andhra Pradesh,CUST00413,Swathi Rao,Retail,P014,Split AC 1.5 Ton,Home Appliances,1,45126.4,0.0,0.83,UPI
TXN90B2161F01,2024-07-27,BR01,Eluru,Andhra Pradesh,CUST00220,Suresh Babu,Retail,P003,Flagship Smartphone,Mobile,1,87768.8,0.15,0.75,UPI
TXN4683088D71,2024-11-01,BR01,Eluru,Andhra Pradesh,CUST00880,Sneha Devi,Retail,P019,LED TV 55-inch,Electronics,1,53737.26,0.0,0.79,UPI
TXNE1AF1C2B58,2023-11-09,BR01,Eluru,Andhra Pradesh,CUST00615,Manoj Babu,Retail,P012,Mobile Charger,Accessories,1,1767.7,0.05,0.42,UPI
TXN0AB3FF0072,2023-03-20,BR01,Eluru,Andhra Pradesh,CUST01754,Priya Kumar,Retail,P021,Smart Watch,Electronics,4,6419.3,0.15,0.55,Credit Card
TXNA6AA8B4A81,2023-02-14,BR01,Eluru,Andhra Pradesh,CUST01488,Ravi Sarma,Wholesale,P003,Flagship Smartphone,Mobile,1,58995.09,0.05,0.75,Cash
TXN8488781E83,2023-04-02,BR01,Eluru,Andhra Pradesh,CUST00493,Kavya Murthy,Retail,P017,Microwave Oven,Home Appliances,3,7888.71,0.1,0.75,UPI
TXNB63C96F635,2024-12-07,BR01,Eluru,Andhra Pradesh,CUST00215,Ramesh Sharma,Retail,P010,Wireless Mouse,Accessories,2,1214.31,0.0,0.4,UPI
TXN3A958DBA3D,2024-09-22,BR01,Eluru,Andhra Pradesh,CUST01205,Ajay Murthy,Retail,P009,Laptop Bag,Accessories,1,781.69,0.15,0.45,UPI
TXNA7767C039B,2024-03-29,BR01,Eluru,Andhra Pradesh,CUST01873,Ravi Devi,Retail,P013,Power Bank,Accessories,2,1542.78,0.0,0.48,UPI
TXN28003421C3,2024-10-26,BR01,Eluru,Andhra Pradesh,CUST01270,Harika Reddy,Corporate,P010,Wireless Mouse,Accessories,1,638.48,0.25,0.4,UPI
TXNA75FE71CC2,2024-05-02,BR01,Eluru,Andhra Pradesh,CUST01627,Praveen Kumar,Retail,P013,Power Bank,Accessories,4,2014.32,0.05,0.48,Credit Card
TXN30DA81AB3E,2023-01-18,BR01,Eluru,Andhra Pradesh,CUST01575,Deepika Rao,Retail,P018,LED TV 43-inch,Electronics,1,25589.78,0.1,0.8,Credit Card
TXNAFBD452B8B,2023-12-09,BR01,Eluru,Andhra Pradesh,CUST01408,Divya Prasad,Wholesale,P016,Washing Machine,Home Appliances,1,22415.04,0.05,0.8,UPI
TXN589F1CE280,2023-06-18,BR01,Eluru,Andhra Pradesh,CUST01132,Ravi Naidu,Retail,P001,Budget Smartphone 4G,Mobile,1,13298.25,0.05,0.8,Debit Card
TXNAE347C5B9E,2023-09-30,BR01,Eluru,Andhra Pradesh,CUST01119,Aishwarya Murthy,Retail,P003,Flagship Smartphone,Mobile,1,67295.5,0.0,0.75,Cash
TXNB2CC6C9366,2023-03-15,BR01,Eluru,Andhra Pradesh,CUST00398,Arjun Kumar,Retail,P009,Laptop Bag,Accessories,4,1663.26,0.0,0.45,Credit Card
TXN60065D0F47,2024-02-01,BR01,Eluru,Andhra Pradesh,CUST01701,Arjun Kumar,Retail,P004,Wireless Earbuds,Mobile,2,2843.09,0.1,0.55,Cash
TXNA4213E20D2,2023-06-21,BR01,Eluru,Andhra Pradesh,CUST01994,Lakshmi Varma,Retail,P004,Wireless Earbuds,Mobile,3,5143.14,0.05,0.55,Credit Card
TXN893E3225D0,2024-09-25,BR01,Eluru,Andhra Pradesh,CUST00830,Anitha Kumar,Wholesale,P019,LED TV 55-inch,Electronics,1,44240.96,0.0,0.79,Debit Card
TXNBF1C8CBE40,2024-12-08,BR01,Eluru,Andhra Pradesh,CUST01311,Naveen Sharma,Retail,P004,Wireless Earbuds,Mobile,1,2930.08,0.0,0.55,Cash
TXN21B6AFF3EF,2023-09-01,BR01,Eluru,Andhra Pradesh,CUST01240,Sandeep Varma,Corporate,P012,Mobile Charger,Accessories,2,1027.67,0.0,0.42,Debit Card
TXNDDC5CA6FF1,2024-07-17,BR01,Eluru,Andhra Pradesh,CUST00354,Ramesh Reddy,Retail,P009,Laptop Bag,Accessories,1,1770.25,0.15,0.45,UPI
TXN72FF7F26A0,2024-05-15,BR01,Eluru,Andhra Pradesh,CUST01035,Lakshmi Kumar,Retail,P018,LED TV 43-inch,Electronics,1,31581.51,0.05,0.8,Debit Card
TXN7E4CE74962,2024-12-23,BR01,Eluru,Andhra Pradesh,CUST01321,Kavya Naidu,Retail,P004,Wireless Earbuds,Mobile,1,4164.63,0.0,0.55,Credit Card
TXN383B8A57A4,2024-06-08,BR01,Eluru,Andhra Pradesh,CUST01656,Anitha Babu,Retail,P009,Laptop Bag,Accessories,1,1203.27,0.05,0.45,UPI
TXN2EA4CCC99B,2024-12-13,BR01,Eluru,Andhra Pradesh,CUST00487,Ramesh Sharma,Retail,P011,Bluetooth Speaker,Accessories,4,3659.47,0.0,0.5,UPI
TXN5D99FB6872,2024-04-27,BR01,Eluru,Andhra Pradesh,CUST01389,Praveen Naidu,Retail,P010,Wireless Mouse,Accessories,1,763.64,0.05,0.4,UPI
TXNB42D5388E8,2024-10-22,BR01,Eluru,Andhra Pradesh,CUST01743,Ramesh Sarma,Corporate,P010,Wireless Mouse,Accessories,4,1210.35,0.0,0.4,Credit Card
TXN9713156B0B,2024-07-06,BR01,Eluru,Andhra Pradesh,CUST00352,Sandeep Sharma,Wholesale,P001,Budget Smartphone 4G,Mobile,2,12112.54,0.1,0.8,UPI
TXNC128BB2967,2023-05-05,BR01,Eluru,Andhra Pradesh,CUST01666,Sandeep Sarma,Wholesale,P004,Wireless Earbuds,Mobile,4,1719.85,0.05,0.55,UPI
TXN7BF3E58E54,2024-09-23,BR01,Eluru,Andhra Pradesh,CUST01784,Manoj Rao,Retail,P013,Power Bank,Accessories,1,2426.19,0.0,0.48,UPI
TXN9B687D26FA,2024-01-14,BR01,Eluru,Andhra Pradesh,CUST01916,Praveen Reddy,Retail,P008,Ultrabook Thin & Light,Laptop,1,58407.0,0.05,0.79,Debit Card
TXNE0651FF57B,2024-06-22,BR01,Eluru,Andhra Pradesh,CUST00314,Swathi Sharma,Retail,P008,Ultrabook Thin & Light,Laptop,1,72224.54,0.05,0.79,Net Banking
TXN0BA1B25C7B,2023-12-29,BR01,Eluru,Andhra Pradesh,CUST01711,Aishwarya Murthy,Retail,P010,Wireless Mouse,Accessories,2,1190.39,0.0,0.4,Credit Card
TXNB54C820B70,2023-10-19,BR01,Eluru,Andhra Pradesh,CUST01641,Arjun Rao,Retail,P018,LED TV 43-inch,Electronics,1,22147.0,0.05,0.8,UPI
TXNBB997BCDF4,2024-07-06,BR01,Eluru,Andhra Pradesh,CUST00510,Lakshmi Chowdary,Retail,P006,Business Laptop i5,Laptop,1,46973.25,0.0,0.8,Net Banking
TXN38FEAA0571,2024-06-03,BR01,Eluru,Andhra Pradesh,CUST01475,Anitha Rao,Retail,P019,LED TV 55-inch,Electronics,1,56489.5,0.1,0.79,Cash
TXN9B9D75577D,2024-12-10,BR01,Eluru,Andhra Pradesh,CUST01865,Pooja Prasad,Retail,P012,Mobile Charger,Accessories,1,1598.48,0.0,0.42,UPI
TXN326097F62B,2024-07-04,BR01,Eluru,Andhra Pradesh,CUST00703,Lakshmi Reddy,Retail,P008,Ultrabook Thin & Light,Laptop,1,66027.08,0.05,0.79,UPI
TXNB41EA76E89,2024-07-01,BR01,Eluru,Andhra Pradesh,CUST01858,Pooja Sharma,Wholesale,P005,Entry Laptop i3,Laptop,1,36129.55,0.1,0.82,Cash
TXN0E38C461FD,2023-08-31,BR01,Eluru,Andhra Pradesh,CUST01572,Sandeep Devi,Retail,P012,Mobile Charger,Accessories,1,334.96,0.0,0.42,UPI
TXN805E0C055E,2024-05-20,BR01,Eluru,Andhra Pradesh,CUST00861,Swathi Kumar,Retail,P012,Mobile Charger,Accessories,1,911.1,0.1,0.42,Cash
TXN7FDACA652A,2023-07-23,BR01,Eluru,Andhra Pradesh,CUST01657,Arjun Kumar,Wholesale,P013,Power Bank,Accessories,2,1954.96,0.0,0.48,Credit Card
TXNEF187F9E8E,2024-03-09,BR01,Eluru,Andhra Pradesh,CUST00154,Meena Babu,Retail,P001,Budget Smartphone 4G,Mobile,1,11432.49,0.0,0.8,Debit Card
TXNAA9D685B96,2024-08-02,BR01,Eluru,Andhra Pradesh,CUST00660,Ajay Rao,Retail,P021,Smart Watch,Electronics,1,4590.76,0.15,0.55,Net Banking
TXN17DA146EFF,2023-10-03,BR01,Eluru,Andhra Pradesh,CUST01413,Naveen Devi,Retail,P013,Power Bank,Accessories,4,897.88,0.1,0.48,Credit Card
TXN27CDB3188A,2024-09-21,BR01,Eluru,Andhra Pradesh,CUST00174,Vikram Kumar,Retail,P006,Business Laptop i5,Laptop,1,56330.68,0.0,0.8,UPI
TXNFDB71767D5,2024-08-10,BR01,Eluru,Andhra Pradesh,CUST01203,Arjun Rao,Retail,P009,Laptop Bag,Accessories,1,1503.96,0.15,0.45,Net Banking
TXN89C898AB08,2023-08-16,BR01,Eluru,Andhra Pradesh,CUST01914,Suresh Varma,Retail,P021,Smart Watch,Electronics,1,3014.29,0.15,0.55,UPI
TXNA5449C25F4,2023-03-27,BR01,Eluru,Andhra Pradesh,CUST01501,Sneha Devi,Retail,P008,Ultrabook Thin & Light,Laptop,1,71747.79,0.05,0.79,Net Banking
TXN5E480AFBE3,2024-11-30,BR01,Eluru,Andhra Pradesh,CUST00526,Sandeep Babu,Retail,P001,Budget Smartphone 4G,Mobile,1,10117.4,0.05,0.8,Debit Card
TXN6F3F99A25D,2024-06-27,BR01,Eluru,Andhra Pradesh,CUST01730,Srinivas Reddy,Retail,P011,Bluetooth Speaker,Accessories,1,2328.49,0.0,0.5,UPI
TXNC9C4BC458F,2023-06-09,BR01,Eluru,Andhra Pradesh,CUST00223,Kiran Prasad,Retail,P021,Smart Watch,Electronics,1,5985.94,0.15,0.55,Credit Card
TXN721DFE2DB2,2023-06-24,BR01,Eluru,Andhra Pradesh,CUST00697,Vikram Sharma,Retail,P018,LED TV 43-inch,Electronics,1,33438.08,0.0,0.8,Credit Card
TXN7F0DD47D95,2024-10-16,BR01,Eluru,Andhra Pradesh,CUST01994,Lakshmi Varma,Retail,P009,Laptop Bag,Accessories,1,1465.07,0.05,0.45,Debit Card
TXNED5C202139,2023-08-26,BR01,Eluru,Andhra Pradesh,CUST00136,Harika Sharma,Wholesale,P018,LED TV 43-inch,Electronics,1,33130.92,0.05,0.8,UPI
TXNB1CAF462A9,2024-02-07,BR01,Eluru,Andhra Pradesh,CUST00679,Ajay Varma,Retail,P021,Smart Watch,Electronics,1,4083.77,0.15,0.55,UPI
TXNF01316E706,2024-10-09,BR01,Eluru,Andhra Pradesh,CUST01909,Swathi Sharma,Retail,P011,Bluetooth Speaker,Accessories,4,3601.21,0.15,0.5,Debit Card
TXND59225FDBE,2024-08-01,BR01,Eluru,Andhra Pradesh,CUST01564,Sneha Devi,Wholesale,P011,Bluetooth Speaker,Accessories,3,4771.17,0.0,0.5,Debit Card
TXN8920D3F1EA,2024-10-23,BR01,Eluru,Andhra Pradesh,CUST00927,Priya Varma,Retail,P011,Bluetooth Speaker,Accessories,2,1748.66,0.05,0.5,Credit Card
TXNC7C3FA83FE,2023-11-08,BR01,Eluru,Andhra Pradesh,CUST01592,Aishwarya Devi,Retail,P004,Wireless Earbuds,Mobile,1,2734.57,0.05,0.55,Debit Card
TXND177C7DCD7,2023-04-06,BR01,Eluru,Andhra Pradesh,CUST01208,Priya Babu,Retail,P002,Mid-range Smartphone 5G,Mobile,1,22648.68,0.15,0.78,UPI
TXN7BBD07F714,2024-12-14,BR01,Eluru,Andhra Pradesh,CUST01922,Harika Kumar,Retail,P010,Wireless Mouse,Accessories,1,402.93,0.0,0.4,Credit Card
TXN73965684A5,2023-08-23,BR01,Eluru,Andhra Pradesh,CUST01124,Sneha Prasad,Retail,P009,Laptop Bag,Accessories,1,839.16,0.0,0.45,UPI
TXNB59BB78CCD,2024-04-12,BR01,Eluru,Andhra Pradesh,CUST00617,Kavya Babu,Retail,P002,Mid-range Smartphone 5G,Mobile,1,20270.06,0.15,0.78,Credit Card
TXN385A180307,2024-04-10,BR01,Eluru,Andhra Pradesh,CUST00877,Harika Rao,Retail,P018,LED TV 43-inch,Electronics,1,29122.91,0.0,0.8,Cash
TXNF8F1D3BC07,2023-10-24,BR01,Eluru,Andhra Pradesh,CUST00525,Sandeep Murthy,Retail,P016,Washing Machine,Home Appliances,1,26166.79,0.0,0.8,Credit Card
TXN2E5386EB9A,2024-11-10,BR01,Eluru,Andhra Pradesh,CUST00234,Pooja Devi,Retail,P002,Mid-range Smartphone 5G,Mobile,1,24609.08,0.0,0.78,UPI
TXN57CDA5C27C,2023-11-08,BR01,Eluru,Andhra Pradesh,CUST00877,Harika Rao,Retail,P003,Flagship Smartphone,Mobile,1,79763.18,0.1,0.75,UPI
TXN20900387A5,2024-12-05,BR01,Eluru,Andhra Pradesh,CUST01153,Ravi Sharma,Wholesale,P003,Flagship Smartphone,Mobile,1,88191.72,0.05,0.75,UPI
TXN74F566110D,2024-03-02,BR01,Eluru,Andhra Pradesh,CUST01192,Suresh Murthy,Retail,P009,Laptop Bag,Accessories,1,1695.86,0.0,0.45,Credit Card
TXN202408E7E7,2023-05-14,BR01,Eluru,Andhra Pradesh,CUST01584,Divya Prasad,Wholesale,P010,Wireless Mouse,Accessories,1,755.45,0.0,0.4,UPI
TXN0055D95919,2023-04-08,BR01,Eluru,Andhra Pradesh,CUST00287,Aishwarya Sarma,Retail,P004,Wireless Earbuds,Mobile,4,5165.33,0.0,0.55,UPI
TXN5C8D386587,2024-08-22,BR01,Eluru,Andhra Pradesh,CUST01681,Srinivas Babu,Wholesale,P019,LED TV 55-inch,Electronics,1,57784.12,0.0,0.79,Debit Card
TXN56AB89D419,2024-09-08,BR01,Eluru,Andhra Pradesh,CUST01545,Aishwarya Sarma,Retail,P016,Washing Machine,Home Appliances,1,22625.85,0.15,0.8,Cash
TXN14B921B4B8,2023-08-20,BR01,Eluru,Andhra Pradesh,CUST01346,Harika Prasad,Corporate,P004,Wireless Earbuds,Mobile,3,2469.5,0.1,0.55,UPI
TXNC8B9CDAAF6,2023-03-05,BR01,Eluru,Andhra Pradesh,CUST01862,Aishwarya Prasad,Retail,P021,Smart Watch,Electronics,1,6936.24,0.0,0.55,Net Banking
TXN866BD80F26,2024-06-30,BR01,Eluru,Andhra Pradesh,CUST01245,Naveen Sharma,Corporate,P009,Laptop Bag,Accessories,3,1043.96,0.0,0.45,UPI
TXND5C21D4D2F,2023-05-23,BR01,Eluru,Andhra Pradesh,CUST01257,Manoj Reddy,Retail,P012,Mobile Charger,Accessories,1,1701.36,0.15,0.42,UPI
TXN4FDB8CD8EB,2024-01-23,BR01,Eluru,Andhra Pradesh,CUST01049,Sneha Naidu,Retail,P010,Wireless Mouse,Accessories,1,805.18,0.0,0.4,UPI
TXND5BD4DC29F,2023-10-06,BR01,Eluru,Andhra Pradesh,CUST00835,Pooja Rao,Retail,P021,Smart Watch,Electronics,1,3002.91,0.05,0.55,Cash
TXNC42AD07B91,2023-02-07,BR01,Eluru,Andhra Pradesh,CUST00790,Harika Prasad,Retail,P003,Flagship Smartphone,Mobile,1,75336.06,0.15,0.75,Debit Card
TXNA1459758D4,2023-08-17,BR01,Eluru,Andhra Pradesh,CUST00451,Manoj Murthy,Retail,P009,Laptop Bag,Accessories,3,1018.38,0.0,0.45,Cash
TXN731B4FD756,2023-10-16,BR01,Eluru,Andhra Pradesh,CUST01571,Ajay Sarma,Retail,P013,Power Bank,Accessories,1,2331.62,0.1,0.48,UPI
TXN32F6B4907F,2023-03-23,BR01,Eluru,Andhra Pradesh,CUST00671,Swathi Chowdary,Wholesale,P009,Laptop Bag,Accessories,1,1608.2,0.1,0.45,UPI
TXN43B2E7C1A4,2023-11-06,BR01,Eluru,Andhra Pradesh,CUST00736,Lakshmi Chowdary,Retail,P002,Mid-range Smartphone 5G,Mobile,1,27058.95,0.05,0.78,Net Banking
TXN7C964B1E48,2023-08-15,BR01,Eluru,Andhra Pradesh,CUST01201,Swathi Rao,Retail,P021,Smart Watch,Electronics,4,9515.24,0.0,0.55,UPI
TXNCD0BA3A714,2023-12-15,BR01,Eluru,Andhra Pradesh,CUST01516,Lakshmi Babu,Retail,P007,Gaming Laptop i7,Laptop,1,90442.51,0.1,0.78,Cash
TXN33A66AA177,2023-07-01,BR01,Eluru,Andhra Pradesh,CUST00328,Ajay Kumar,Retail,P012,Mobile Charger,Accessories,1,1439.5,0.0,0.42,UPI
TXNA20D6961CB,2023-04-11,BR01,Eluru,Andhra Pradesh,CUST00877,Harika Rao,Retail,P016,Washing Machine,Home Appliances,1,18515.68,0.05,0.8,Debit Card
TXNE511B42F51,2023-05-22,BR01,Eluru,Andhra Pradesh,CUST01475,Anitha Rao,Retail,P019,LED TV 55-inch,Electronics,1,38595.47,0.0,0.79,UPI
TXNAE2218D52C,2023-03-04,BR01,Eluru,Andhra Pradesh,CUST01708,Sandeep Kumar,Retail,P004,Wireless Earbuds,Mobile,1,3232.33,0.0,0.55,UPI
TXNED11319C9C,2024-02-17,BR01,Eluru,Andhra Pradesh,CUST00998,Praveen Babu,Retail,P012,Mobile Charger,Accessories,1,1074.48,0.05,0.42,Credit Card
TXN55F36A44D7,2024-07-03,BR01,Eluru,Andhra Pradesh,CUST00865,Meena Chowdary,Corporate,P003,Flagship Smartphone,Mobile,1,73963.07,0.0,0.75,UPI
TXN6D73A7E667,2024-09-09,BR01,Eluru,Andhra Pradesh,CUST00571,Sneha Prasad,Retail,P001,Budget Smartphone 4G,Mobile,1,8497.67,0.0,0.8,UPI
TXN6D06EF250D,2023-10-30,BR01,Eluru,Andhra Pradesh,CUST00991,Meena Devi,Corporate,P013,Power Bank,Accessories,4,2310.36,0.1,0.48,UPI
TXND1A48BC385,2023-10-16,BR01,Eluru,Andhra Pradesh,CUST00747,Srinivas Murthy,Corporate,P013,Power Bank,Accessories,4,2406.46,0.15,0.48,UPI
TXN7E91E7E98B,2024-05-19,BR01,Eluru,Andhra Pradesh,CUST00197,Kiran Sarma,Retail,P016,Washing Machine,Home Appliances,4,19404.47,0.0,0.8,UPI
TXN82FB37CC31,2024-02-11,BR01,Eluru,Andhra Pradesh,CUST00715,Lakshmi Chowdary,Retail,P013,Power Bank,Accessories,1,1512.4,0.0,0.48,Cash
TXNB419D53D70,2024-11-13,BR01,Eluru,Andhra Pradesh,CUST01569,Vikram Murthy,Wholesale,P014,Split AC 1.5 Ton,Home Appliances,1,37114.07,0.2,0.83,Cash
TXNF3BE3F896E,2024-10-12,BR01,Eluru,Andhra Pradesh,CUST01772,Lakshmi Devi,Corporate,P003,Flagship Smartphone,Mobile,1,64309.02,0.0,0.75,Credit Card
TXNB249710DB5,2024-02-09,BR01,Eluru,Andhra Pradesh,CUST00002,Arjun Varma,Retail,P021,Smart Watch,Electronics,2,7502.97,0.15,0.55,Net Banking
TXNED7B3F198A,2024-02-01,BR01,Eluru,Andhra Pradesh,CUST00285,Divya Murthy,Corporate,P006,Business Laptop i5,Laptop,1,45392.48,0.0,0.8,Net Banking
TXN273D54CD25,2023-11-12,BR01,Eluru,Andhra Pradesh,CUST00537,Sandeep Babu,Retail,P010,Wireless Mouse,Accessories,1,733.27,0.25,0.4,UPI
TXND350F33CD3,2023-12-18,BR01,Eluru,Andhra Pradesh,CUST00286,Divya Murthy,Retail,P001,Budget Smartphone 4G,Mobile,1,8565.28,0.0,0.8,UPI
TXNCF05ADC4D5,2024-11-12,BR01,Eluru,Andhra Pradesh,CUST00930,Arjun Devi,Retail,P019,LED TV 55-inch,Electronics,1,44878.62,0.25,0.79,Debit Card
TXN89CF39BE80,2024-05-20,BR01,Eluru,Andhra Pradesh,CUST01880,Divya Babu,Retail,P020,Home Theatre System,Electronics,2,15684.15,0.15,0.6,UPI
TXN9510298486,2024-11-26,BR01,Eluru,Andhra Pradesh,CUST00741,Anitha Devi,Retail,P003,Flagship Smartphone,Mobile,1,49818.01,0.1,0.75,Cash
TXN46FE00CF0E,2023-11-26,BR01,Eluru,Andhra Pradesh,CUST01157,Priya Prasad,Wholesale,P009,Laptop Bag,Accessories,1,1209.21,0.0,0.45,Credit Card
TXN1428246730,2024-08-31,BR01,Eluru,Andhra Pradesh,CUST01596,Sneha Reddy,Retail,P006,Business Laptop i5,Laptop,1,55702.18,0.0,0.8,Debit Card
TXN5BEF12582A,2023-01-09,BR01,Eluru,Andhra Pradesh,CUST00610,Pooja Naidu,Retail,P011,Bluetooth Speaker,Accessories,1,1822.86,0.1,0.5,UPI
TXND00D5A212B,2023-12-29,BR01,Eluru,Andhra Pradesh,CUST00936,Sandeep Chowdary,Retail,P002,Mid-range Smartphone 5G,Mobile,1,25147.06,0.1,0.78,Net Banking
TXNDB010FE591,2023-09-05,BR01,Eluru,Andhra Pradesh,CUST00657,Suresh Prasad,Retail,P004,Wireless Earbuds,Mobile,2,5074.25,0.15,0.55,UPI
TXNDA03B05117,2023-08-10,BR01,Eluru,Andhra Pradesh,CUST01275,Kiran Sharma,Retail,P009,Laptop Bag,Accessories,1,713.3,0.15,0.45,UPI
TXNBF657B0F35,2023-06-15,BR01,Eluru,Andhra Pradesh,CUST00856,Sandeep Sarma,Corporate,P020,Home Theatre System,Electronics,1,6863.58,0.1,0.6,UPI
TXN9A54425F11,2023-11-26,BR01,Eluru,Andhra Pradesh,CUST01435,Deepika Kumar,Retail,P016,Washing Machine,Home Appliances,3,19799.3,0.0,0.8,UPI
TXN841F40E214,2024-07-09,BR01,Eluru,Andhra Pradesh,CUST00426,Praveen Sharma,Retail,P008,Ultrabook Thin & Light,Laptop,1,65444.81,0.05,0.79,Cash
TXN114051EDC9,2023-07-31,BR01,Eluru,Andhra Pradesh,CUST00279,Praveen Babu,Retail,P004,Wireless Earbuds,Mobile,1,2364.49,0.0,0.55,UPI
TXNF091DE4395,2024-11-03,BR01,Eluru,Andhra Pradesh,CUST01324,Aishwarya Kumar,Retail,P004,Wireless Earbuds,Mobile,1,4678.56,0.05,0.55,UPI
TXNB33B292FE0,2024-11-20,BR01,Eluru,Andhra Pradesh,CUST01115,Kiran Rao,Retail,P020,Home Theatre System,Electronics,1,11508.19,0.0,0.6,Cash
TXN96E0CBCB6D,2024-07-20,BR01,Eluru,Andhra Pradesh,CUST01369,Arjun Sarma,Wholesale,P005,Entry Laptop i3,Laptop,1,36726.15,0.05,0.82,Debit Card
TXN9E1F92912E,2024-12-10,BR01,Eluru,Andhra Pradesh,CUST00843,Deepika Chowdary,Retail,P004,Wireless Earbuds,Mobile,1,4892.72,0.15,0.55,Credit Card
TXNF57779CD43,2023-07-03,BR01,Eluru,Andhra Pradesh,CUST00655,Aishwarya Naidu,Retail,P008,Ultrabook Thin & Light,Laptop,1,56086.45,0.0,0.79,Credit Card
TXN33DCC245C9,2023-07-02,BR01,Eluru,Andhra Pradesh,CUST01703,Praveen Reddy,Wholesale,P014,Split AC 1.5 Ton,Home Appliances,1,44726.48,0.1,0.83,Cash
TXNB1851B60A4,2024-11-29,BR01,Eluru,Andhra Pradesh,CUST00354,Ramesh Reddy,Retail,P018,LED TV 43-inch,Electronics,1,33326.81,0.15,0.8,Credit Card
TXN2E0C329119,2023-11-08,BR01,Eluru,Andhra Pradesh,CUST00529,Suresh Prasad,Retail,P014,Split AC 1.5 Ton,Home Appliances,1,42880.05,0.05,0.83,UPI
TXNAF5137A6BB,2023-04-01,BR01,Eluru,Andhra Pradesh,CUST00426,Praveen Sharma,Retail,P009,Laptop Bag,Accessories,2,706.44,0.0,0.45,UPI
TXN1668BCA993,2024-08-25,BR01,Eluru,Andhra Pradesh,CUST00764,Kiran Naidu,Retail,P001,Budget Smartphone 4G,Mobile,1,11425.85,0.0,0.8,UPI
TXNC55F4F3685,2024-10-20,BR01,Eluru,Andhra Pradesh,CUST00946,Meena Chowdary,Retail,P015,Refrigerator 300L,Home Appliances,1,33276.63,0.0,0.82,Debit Card
TXNCE7BCB220B,2024-11-19,BR01,Eluru,Andhra Pradesh,CUST01717,Meena Devi,Wholesale,P003,Flagship Smartphone,Mobile,1,80239.1,0.15,0.75,UPI
TXNA590546C1C,2023-12-30,BR01,Eluru,Andhra Pradesh,CUST01948,Vikram Babu,Retail,P010,Wireless Mouse,Accessories,1,1226.94,0.0,0.4,Credit Card
TXN74DCF36BDA,2024-10-18,BR01,Eluru,Andhra Pradesh,CUST00389,Aishwarya Naidu,Retail,P007,Gaming Laptop i7,Laptop,1,127374.84,0.1,0.78,Debit Card
TXN48891AC59C,2023-11-11,BR01,Eluru,Andhra Pradesh,CUST01831,Sandeep Babu,Retail,P005,Entry Laptop i3,Laptop,1,33328.24,0.25,0.82,UPI
TXN10378D8F22,2024-02-22,BR01,Eluru,Andhra Pradesh,CUST00834,Deepika Devi,Retail,P007,Gaming Laptop i7,Laptop,1,111500.41,0.05,0.78,Credit Card
TXNDAF0AD561C,2023-11-11,BR01,Eluru,Andhra Pradesh,CUST00215,Ramesh Sharma,Retail,P013,Power Bank,Accessories,3,2359.51,0.0,0.48,Credit Card
TXNE5754B9DE5,2024-08-05,BR01,Eluru,Andhra Pradesh,CUST01557,Anitha Naidu,Retail,P004,Wireless Earbuds,Mobile,4,4353.65,0.05,0.55,UPI
TXN0EA2B887B0,2024-10-04,BR01,Eluru,Andhra Pradesh,CUST01870,Meena Reddy,Retail,P009,Laptop Bag,Accessories,1,821.06,0.25,0.45,UPI
TXN57B5B42C3C,2024-09-16,BR01,Eluru,Andhra Pradesh,CUST01049,Sneha Naidu,Retail,P007,Gaming Laptop i7,Laptop,1,124553.22,0.0,0.78,Credit Card
TXN6A8FA96030,2024-07-19,BR01,Eluru,Andhra Pradesh,CUST01736,Deepika Chowdary,Wholesale,P001,Budget Smartphone 4G,Mobile,1,12990.52,0.1,0.8,UPI
TXN07F3CCF15E,2023-03-27,BR01,Eluru,Andhra Pradesh,CUST00532,Ramesh Prasad,Retail,P012,Mobile Charger,Accessories,1,1176.64,0.1,0.42,Net Banking
TXNBEE8F2E20F,2024-10-24,BR01,Eluru,Andhra Pradesh,CUST00181,Sneha Kumar,Wholesale,P012,Mobile Charger,Accessories,4,491.97,0.2,0.42,Cash
TXN553F72C5B0,2023-06-20,BR01,Eluru,Andhra Pradesh,CUST00326,Ajay Prasad,Retail,P007,Gaming Laptop i7,Laptop,1,111433.53,0.0,0.78,UPI
TXN4E8859C2C0,2024-09-23,BR01,Eluru,Andhra Pradesh,CUST00652,Anitha Prasad,Retail,P012,Mobile Charger,Accessories,1,801.97,0.1,0.42,Credit Card
TXN2D1F12C929,2024-01-02,BR01,Eluru,Andhra Pradesh,CUST01085,Vikram Prasad,Retail,P016,Washing Machine,Home Appliances,1,33074.25,0.15,0.8,Credit Card
TXNB6D2657C7C,2023-03-26,BR01,Eluru,Andhra Pradesh,CUST00615,Manoj Babu,Retail,P017,Microwave Oven,Home Appliances,1,14737.45,0.0,0.75,Debit Card
TXN235EF3DD34,2024-05-24,BR01,Eluru,Andhra Pradesh,CUST00854,Deepika Devi,Retail,P009,Laptop Bag,Accessories,1,1368.63,0.0,0.45,Credit Card
TXN29BC9A8F23,2023-10-10,BR01,Eluru,Andhra Pradesh,CUST01169,Srinivas Babu,Corporate,P012,Mobile Charger,Accessories,1,1439.93,0.25,0.42,Credit Card
TXND24840CD2F,2023-12-17,BR01,Eluru,Andhra Pradesh,CUST01794,Ravi Devi,Corporate,P004,Wireless Earbuds,Mobile,1,4352.46,0.1,0.55,UPI
TXN02622A9DA5,2023-05-12,BR01,Eluru,Andhra Pradesh,CUST00708,Ramesh Prasad,Wholesale,P002,Mid-range Smartphone 5G,Mobile,1,18511.18,0.0,0.78,Debit Card
TXNE82817EE0D,2024-06-02,BR01,Eluru,Andhra Pradesh,CUST01660,Ravi Devi,Retail,P019,LED TV 55-inch,Electronics,1,47441.61,0.15,0.79,Cash
TXN837FA09877,2023-05-12,BR01,Eluru,Andhra Pradesh,CUST00326,Ajay Prasad,Retail,P021,Smart Watch,Electronics,1,3662.47,0.0,0.55,Credit Card
TXN075E46B2FD,2024-03-07,BR01,Eluru,Andhra Pradesh,CUST01517,Manoj Sharma,Wholesale,P012,Mobile Charger,Accessories,1,462.61,0.1,0.42,Credit Card
TXN887EDB3D6B,2024-02-04,BR01,Eluru,Andhra Pradesh,CUST00610,Pooja Naidu,Retail,P018,LED TV 43-inch,Electronics,1,33518.63,0.0,0.8,Credit Card
TXN8E254C9D93,2024-08-01,BR01,Eluru,Andhra Pradesh,CUST01356,Srinivas Sharma,Wholesale,P013,Power Bank,Accessories,1,1896.79,0.0,0.48,Credit Card
TXNE92CF2CDE6,2024-05-12,BR01,Eluru,Andhra Pradesh,CUST00622,Meena Prasad,Retail,P013,Power Bank,Accessories,1,1498.37,0.0,0.48,UPI
TXNF14ED18494,2023-09-17,BR01,Eluru,Andhra Pradesh,CUST01658,Vikram Naidu,Retail,P020,Home Theatre System,Electronics,1,5072.19,0.1,0.6,Debit Card
TXN573ADA3137,2024-06-30,BR01,Eluru,Andhra Pradesh,CUST01789,Sneha Sarma,Retail,P005,Entry Laptop i3,Laptop,1,36587.85,0.15,0.82,Credit Card
TXN996D4B676A,2024-03-29,BR01,Eluru,Andhra Pradesh,CUST01551,Sandeep Babu,Retail,P019,LED TV 55-inch,Electronics,1,47658.72,0.05,0.79,UPI
TXN9638119EFB,2024-09-03,BR01,Eluru,Andhra Pradesh,CUST00336,Aishwarya Devi,Retail,P009,Laptop Bag,Accessories,4,1169.61,0.0,0.45,Debit Card
TXN9173ED9528,2024-02-15,BR01,Eluru,Andhra Pradesh,CUST01996,Praveen Chowdary,Retail,P018,LED TV 43-inch,Electronics,1,32848.74,0.1,0.8,UPI
TXNA69AF77410,2023-03-18,BR01,Eluru,Andhra Pradesh,CUST01976,Kiran Naidu,Retail,P020,Home Theatre System,Electronics,2,14321.48,0.05,0.6,UPI
TXN56A568F9EA,2023-01-09,BR01,Eluru,Andhra Pradesh,CUST00664,Srinivas Varma,Retail,P004,Wireless Earbuds,Mobile,1,3938.56,0.1,0.55,Cash
TXND049065767,2023-02-12,BR01,Eluru,Andhra Pradesh,CUST00044,Meena Reddy,Retail,P003,Flagship Smartphone,Mobile,1,60231.39,0.0,0.75,Debit Card
TXND0AC30613B,2023-06-13,BR01,Eluru,Andhra Pradesh,CUST00751,Naveen Sharma,Corporate,P013,Power Bank,Accessories,2,806.16,0.1,0.48,Credit Card
TXN1CEB2DB98C,2024-07-01,BR01,Eluru,Andhra Pradesh,CUST01982,Arjun Sharma,Wholesale,P020,Home Theatre System,Electronics,3,18980.07,0.0,0.6,Cash
TXNB1DBCA14AD,2024-03-15,BR01,Eluru,Andhra Pradesh,CUST00338,Swathi Sharma,Corporate,P018,LED TV 43-inch,Electronics,1,30397.02,0.0,0.8,Debit Card
TXN32B8A31D5F,2024-09-07,BR01,Eluru,Andhra Pradesh,CUST01951,Swathi Sharma,Wholesale,P002,Mid-range Smartphone 5G,Mobile,1,18090.55,0.05,0.78,UPI
TXNF756C9F4C7,2023-10-31,BR01,Eluru,Andhra Pradesh,CUST01477,Ajay Prasad,Wholesale,P002,Mid-range Smartphone 5G,Mobile,1,26233.87,0.0,0.78,UPI
TXNA4D3BEF4EC,2023-10-21,BR01,Eluru,Andhra Pradesh,CUST01801,Priya Devi,Retail,P001,Budget Smartphone 4G,Mobile,1,10126.02,0.15,0.8,Cash
TXN824720AA5B,2024-09-01,BR01,Eluru,Andhra Pradesh,CUST01290,Arjun Rao,Retail,P016,Washing Machine,Home Appliances,1,30928.07,0.05,0.8,Net Banking
TXNE89542A723,2023-09-30,BR01,Eluru,Andhra Pradesh,CUST01510,Meena Varma,Retail,P002,Mid-range Smartphone 5G,Mobile,4,17896.06,0.15,0.78,UPI
TXN2AC794857B,2023-06-22,BR01,Eluru,Andhra Pradesh,CUST01597,Manoj Chowdary,Corporate,P003,Flagship Smartphone,Mobile,1,52358.66,0.05,0.75,UPI
TXN917589FAC5,2024-06-11,BR01,Eluru,Andhra Pradesh,CUST00036,Meena Devi,Retail,P009,Laptop Bag,Accessories,1,1484.53,0.05,0.45,Credit Card
TXN8907DB8934,2023-10-24,BR01,Eluru,Andhra Pradesh,CUST01026,Vikram Prasad,Retail,P020,Home Theatre System,Electronics,1,7307.64,0.2,0.6,UPI
TXN68AB89438A,2023-06-09,BR01,Eluru,Andhra Pradesh,CUST01933,Aishwarya Sharma,Wholesale,P013,Power Bank,Accessories,4,2030.8,0.0,0.48,UPI
TXND6BDAF37E2,2024-06-25,BR01,Eluru,Andhra Pradesh,CUST00962,Sneha Murthy,Retail,P018,LED TV 43-inch,Electronics,1,31859.48,0.0,0.8,Debit Card
TXNE9229A4F41,2023-12-17,BR01,Eluru,Andhra Pradesh,CUST01201,Swathi Rao,Retail,P005,Entry Laptop i3,Laptop,1,33072.81,0.0,0.82,UPI
TXN12E638C890,2024-01-27,BR01,Eluru,Andhra Pradesh,CUST00162,Swathi Babu,Corporate,P014,Split AC 1.5 Ton,Home Appliances,1,45568.11,0.0,0.83,Debit Card
TXNCC4865C0FA,2023-09-28,BR01,Eluru,Andhra Pradesh,CUST01669,Ravi Babu,Retail,P009,Laptop Bag,Accessories,1,729.52,0.0,0.45,UPI
TXN67DFA2BAEA,2023-12-17,BR01,Eluru,Andhra Pradesh,CUST01203,Arjun Rao,Retail,P020,Home Theatre System,Electronics,1,8471.84,0.0,0.6,Credit Card
TXN221CCBF708,2024-01-31,BR01,Eluru,Andhra Pradesh,CUST00538,Aishwarya Prasad,Retail,P009,Laptop Bag,Accessories,1,1242.28,0.0,0.45,Debit Card
TXN0E8C9F0D56,2024-10-23,BR01,Eluru,Andhra Pradesh,CUST01094,Arjun Rao,Retail,P011,Bluetooth Speaker,Accessories,2,1965.74,0.0,0.5,Cash
TXN1BBEE7A7D5,2023-04-20,BR01,Eluru,Andhra Pradesh,CUST00349,Naveen Chowdary,Corporate,P011,Bluetooth Speaker,Accessories,4,4328.59,0.05,0.5,UPI
TXN4892AC3228,2023-12-01,BR01,Eluru,Andhra Pradesh,CUST00517,Manoj Kumar,Retail,P009,Laptop Bag,Accessories,1,1784.52,0.15,0.45,Debit Card
TXNCF934E29A5,2023-09-28,BR01,Eluru,Andhra Pradesh,CUST00502,Ravi Prasad,Retail,P012,Mobile Charger,Accessories,3,1040.69,0.1,0.42,Net Banking
TXN0638B418DF,2023-03-15,BR01,Eluru,Andhra Pradesh,CUST00437,Anitha Rao,Retail,P015,Refrigerator 300L,Home Appliances,1,27315.62,0.0,0.82,Cash
TXN6971372EAE,2024-06-30,BR01,Eluru,Andhra Pradesh,CUST00359,Manoj Babu,Wholesale,P003,Flagship Smartphone,Mobile,1,81226.86,0.1,0.75,Net Banking
TXN828F0FA54F,2023-11-28,BR01,Eluru,Andhra Pradesh,CUST01163,Pooja Chowdary,Corporate,P010,Wireless Mouse,Accessories,1,510.25,0.25,0.4,UPI
TXN7EE5220B17,2023-10-30,BR01,Eluru,Andhra Pradesh,CUST01397,Ajay Varma,Retail,P009,Laptop Bag,Accessories,1,792.82,0.25,0.45,Cash
TXN915B43D567,2023-12-04,BR01,Eluru,Andhra Pradesh,CUST00949,Sneha Sarma,Retail,P016,Washing Machine,Home Appliances,1,23428.8,0.1,0.8,UPI
TXNA6814AC266,2024-08-06,BR01,Eluru,Andhra Pradesh,CUST00224,Sandeep Varma,Retail,P021,Smart Watch,Electronics,2,11679.8,0.0,0.55,UPI
TXND81C09072B,2023-04-30,BR01,Eluru,Andhra Pradesh,CUST01762,Pooja Babu,Retail,P014,Split AC 1.5 Ton,Home Appliances,1,41155.92,0.1,0.83,UPI
TXN69BD389CF3,2024-11-04,BR01,Eluru,Andhra Pradesh,CUST00447,Praveen Reddy,Retail,P012,Mobile Charger,Accessories,2,338.31,0.15,0.42,UPI
TXN342AB68AC9,2023-10-02,BR01,Eluru,Andhra Pradesh,CUST01455,Lakshmi Prasad,Retail,P010,Wireless Mouse,Accessories,1,1250.65,0.0,0.4,UPI
TXN2EE2963B53,2023-09-15,BR01,Eluru,Andhra Pradesh,CUST01638,Deepika Murthy,Wholesale,P002,Mid-range Smartphone 5G,Mobile,4,19019.19,0.05,0.78,UPI
TXNBE0350598A,2024-11-24,BR01,Eluru,Andhra Pradesh,CUST00212,Ravi Rao,Retail,P013,Power Bank,Accessories,1,2232.66,0.15,0.48,UPI
TXN2B01AC615D,2024-01-31,BR01,Eluru,Andhra Pradesh,CUST01919,Manoj Devi,Wholesale,P005,Entry Laptop i3,Laptop,1,34949.75,0.0,0.82,UPI
TXN7326654E98,2023-06-28,BR01,Eluru,Andhra Pradesh,CUST00765,Ajay Rao,Retail,P015,Refrigerator 300L,Home Appliances,1,27270.11,0.05,0.82,Debit Card
TXN6F63132D7D,2024-08-07,BR01,Eluru,Andhra Pradesh,CUST00058,Suresh Sarma,Retail,P020,Home Theatre System,Electronics,1,5764.94,0.15,0.6,UPI
TXN5211078067,2024-11-23,BR01,Eluru,Andhra Pradesh,CUST01017,Meena Chowdary,Corporate,P019,LED TV 55-inch,Electronics,1,38105.57,0.2,0.79,Credit Card
TXNA008C83396,2024-12-09,BR01,Eluru,Andhra Pradesh,CUST00513,Pooja Rao,Retail,P021,Smart Watch,Electronics,3,7180.78,0.0,0.55,Net Banking
TXN7CB208BC83,2024-08-18,BR01,Eluru,Andhra Pradesh,CUST01878,Praveen Varma,Retail,P020,Home Theatre System,Electronics,4,19866.87,0.1,0.6,Net Banking
TXNDB2713419C,2023-12-03,BR01,Eluru,Andhra Pradesh,CUST01191,Kiran Babu,Wholesale,P021,Smart Watch,Electronics,1,8953.79,0.0,0.55,Net Banking
TXN6A7F24347B,2024-10-05,BR01,Eluru,Andhra Pradesh,CUST00351,Priya Kumar,Retail,P018,LED TV 43-inch,Electronics,1,24288.27,0.05,0.8,Cash
TXNCD90A24F3B,2023-02-18,BR01,Eluru,Andhra Pradesh,CUST01937,Meena Kumar,Retail,P004,Wireless Earbuds,Mobile,1,4091.64,0.0,0.55,Debit Card
TXNE83C0750CB,2024-10-13,BR01,Eluru,Andhra Pradesh,CUST00750,Manoj Babu,Retail,P012,Mobile Charger,Accessories,1,1067.24,0.1,0.42,Net Banking
TXNA29608FB63,2024-12-20,BR01,Eluru,Andhra Pradesh,CUST00185,Ramesh Babu,Retail,P003,Flagship Smartphone,Mobile,1,55509.82,0.0,0.75,UPI
TXN7DC49D4685,2023-08-08,BR01,Eluru,Andhra Pradesh,CUST00852,Aishwarya Babu,Wholesale,P011,Bluetooth Speaker,Accessories,1,2729.62,0.1,0.5,Credit Card
TXNA8A1A12D9C,2024-05-20,BR01,Eluru,Andhra Pradesh,CUST01269,Ajay Naidu,Retail,P004,Wireless Earbuds,Mobile,1,2021.89,0.0,0.55,UPI
TXN632088AA3E,2024-12-13,BR01,Eluru,Andhra Pradesh,CUST00626,Naveen Sarma,Retail,P013,Power Bank,Accessories,1,2489.68,0.05,0.48,UPI
TXNBEA8B89A23,2024-11-30,BR01,Eluru,Andhra Pradesh,CUST00830,Anitha Kumar,Wholesale,P021,Smart Watch,Electronics,1,9121.03,0.25,0.55,Credit Card
TXN03CAB7316A,2023-11-30,BR01,Eluru,Andhra Pradesh,CUST01696,Sandeep Kumar,Retail,P001,Budget Smartphone 4G,Mobile,2,10270.14,0.25,0.8,UPI
TXN870AF16BED,2024-06-14,BR01,Eluru,Andhra Pradesh,CUST01967,Manoj Devi,Corporate,P011,Bluetooth Speaker,Accessories,1,3915.79,0.15,0.5,UPI
TXN3637FB3C16,2024-03-02,BR01,Eluru,Andhra Pradesh,CUST01194,Sneha Naidu,Retail,P002,Mid-range Smartphone 5G,Mobile,1,18351.34,0.0,0.78,Net Banking
TXN2E6311E2C6,2024-04-28,BR01,Eluru,Andhra Pradesh,CUST00044,Meena Reddy,Retail,P018,LED TV 43-inch,Electronics,1,22125.14,0.15,0.8,UPI
TXN43061C0F48,2024-08-23,BR01,Eluru,Andhra Pradesh,CUST00684,Srinivas Babu,Retail,P004,Wireless Earbuds,Mobile,3,3075.11,0.0,0.55,Debit Card
TXN062DFB7738,2024-01-02,BR01,Eluru,Andhra Pradesh,CUST00428,Ramesh Rao,Retail,P018,LED TV 43-inch,Electronics,1,27192.73,0.1,0.8,UPI
TXN2292E35E5C,2023-08-27,BR01,Eluru,Andhra Pradesh,CUST01420,Ravi Prasad,Retail,P017,Microwave Oven,Home Appliances,2,13420.97,0.0,0.75,Cash
TXN6A7E74E7F9,2023-10-20,BR01,Eluru,Andhra Pradesh,CUST00407,Naveen Babu,Corporate,P011,Bluetooth Speaker,Accessories,1,2659.03,0.25,0.5,UPI
TXN5195B2B476,2023-03-01,BR01,Eluru,Andhra Pradesh,CUST01508,Suresh Murthy,Corporate,P010,Wireless Mouse,Accessories,3,479.54,0.0,0.4,UPI
TXN6D1A7AA326,2023-06-11,BR01,Eluru,Andhra Pradesh,CUST01698,Kiran Murthy,Retail,P014,Split AC 1.5 Ton,Home Appliances,1,32721.26,0.15,0.83,UPI
TXN4EF6DD4E7F,2023-12-05,BR01,Eluru,Andhra Pradesh,CUST00614,Kiran Reddy,Retail,P019,LED TV 55-inch,Electronics,1,44396.22,0.1,0.79,Cash
TXN4F2AF53F4B,2024-07-10,BR01,Eluru,Andhra Pradesh,CUST00647,Deepika Prasad,Corporate,P009,Laptop Bag,Accessories,1,1161.53,0.0,0.45,UPI
TXN4E643B7D5E,2024-08-30,BR01,Eluru,Andhra Pradesh,CUST01353,Aishwarya Babu,Retail,P004,Wireless Earbuds,Mobile,1,3353.03,0.15,0.55,Credit Card
TXN5E66887A2A,2024-04-27,BR01,Eluru,Andhra Pradesh,CUST00015,Harika Prasad,Retail,P010,Wireless Mouse,Accessories,1,718.51,0.1,0.4,Debit Card
TXNF787E4DB39,2023-02-03,BR01,Eluru,Andhra Pradesh,CUST00880,Sneha Devi,Retail,P012,Mobile Charger,Accessories,2,1792.02,0.05,0.42,Net Banking
TXNEE39FC5C3D,2023-10-19,BR01,Eluru,Andhra Pradesh,CUST01137,Aishwarya Kumar,Retail,P016,Washing Machine,Home Appliances,1,31871.9,0.1,0.8,UPI
TXND852E401DD,2023-10-23,BR01,Eluru,Andhra Pradesh,CUST00134,Sneha Kumar,Corporate,P019,LED TV 55-inch,Electronics,1,45904.82,0.1,0.79,Debit Card
TXNB10D091DEC,2023-02-20,BR01,Eluru,Andhra Pradesh,CUST00562,Manoj Prasad,Retail,P018,LED TV 43-inch,Electronics,1,22076.51,0.0,0.8,Credit Card
TXN5D0D481009,2023-06-01,BR01,Eluru,Andhra Pradesh,CUST00002,Arjun Varma,Retail,P004,Wireless Earbuds,Mobile,1,3030.91,0.1,0.55,UPI
TXN7B869DE634,2024-02-01,BR01,Eluru,Andhra Pradesh,CUST00627,Naveen Sharma,Corporate,P002,Mid-range Smartphone 5G,Mobile,2,19621.14,0.15,0.78,Credit Card
TXN6C2284B003,2023-11-13,BR01,Eluru,Andhra Pradesh,CUST01122,Aishwarya Devi,Retail,P002,Mid-range Smartphone 5G,Mobile,1,15948.66,0.2,0.78,Cash
TXN0EE457A8E8,2023-01-29,BR01,Eluru,Andhra Pradesh,CUST01249,Pooja Murthy,Retail,P018,LED TV 43-inch,Electronics,1,22431.05,0.0,0.8,Cash
TXNA0BB4553DC,2023-11-12,BR01,Eluru,Andhra Pradesh,CUST00321,Ramesh Chowdary,Retail,P010,Wireless Mouse,Accessories,1,520.11,0.1,0.4,UPI
TXNCE74B2B6E7,2024-06-20,BR01,Eluru,Andhra Pradesh,CUST01983,Sneha Varma,Retail,P006,Business Laptop i5,Laptop,1,45608.4,0.05,0.8,UPI
TXN90EF71FA7B,2023-04-01,BR01,Eluru,Andhra Pradesh,CUST01790,Arjun Varma,Retail,P001,Budget Smartphone 4G,Mobile,1,10617.26,0.15,0.8,Cash
TXNC872C90F3E,2023-12-19,BR01,Eluru,Andhra Pradesh,CUST00060,Kiran Babu,Retail,P012,Mobile Charger,Accessories,1,1329.39,0.0,0.42,UPI
TXN567DA6BB80,2023-07-12,BR01,Eluru,Andhra Pradesh,CUST00210,Kiran Murthy,Retail,P010,Wireless Mouse,Accessories,1,1073.53,0.05,0.4,Net Banking
TXNBCFCA92D6F,2023-10-27,BR01,Eluru,Andhra Pradesh,CUST01912,Sandeep Sarma,Retail,P002,Mid-range Smartphone 5G,Mobile,1,16820.41,0.25,0.78,UPI
TXN550D3A28A0,2023-10-09,BR01,Eluru,Andhra Pradesh,CUST00379,Swathi Sarma,Retail,P018,LED TV 43-inch,Electronics,1,33284.95,0.0,0.8,UPI
TXN598A02F21A,2023-10-23,BR01,Eluru,Andhra Pradesh,CUST00963,Deepika Chowdary,Retail,P010,Wireless Mouse,Accessories,3,1183.99,0.05,0.4,UPI
TXN5D6260FC6D,2024-08-12,BR01,Eluru,Andhra Pradesh,CUST00069,Sneha Reddy,Retail,P021,Smart Watch,Electronics,1,11833.24,0.0,0.55,Net Banking
TXNDFD4BD00C2,2024-12-17,BR01,eluru  ,Andhra Pradesh,CUST00985,Divya Sarma,Retail,P011,Bluetooth Speaker,Accessories,1,1370.82,0.1,0.5,Credit Card
TXN6266BF4B37,2023-12-01,BR01,Eluru,Andhra Pradesh,CUST00572,Harika Prasad,Retail,P006,Business Laptop i5,Laptop,1,47597.14,0.0,0.8,Debit Card
TXN64719A0330,2023-06-06,BR01,Eluru,Andhra Pradesh,CUST01650,Manoj Varma,Wholesale,P012,Mobile Charger,Accessories,1,1175.0,0.15,0.42,Net Banking
TXN2391996840,2024-07-04,BR01,Eluru,Andhra Pradesh,CUST01148,Ajay Reddy,Retail,P003,Flagship Smartphone,Mobile,1,55934.7,0.0,0.75,Debit Card
TXN4F72A3DF46,2023-02-11,BR01,Eluru,Andhra Pradesh,CUST00745,Ramesh Sharma,Retail,P020,Home Theatre System,Electronics,4,12581.1,0.1,0.6,Cash
TXND09AEDF60B,2023-04-26,BR01,Eluru,Andhra Pradesh,CUST00982,Meena Kumar,Retail,P017,Microwave Oven,Home Appliances,1,13394.68,0.0,0.75,UPI
TXN574C19B5BD,2023-02-25,BR01,Eluru,Andhra Pradesh,CUST00644,Suresh Varma,Wholesale,P013,Power Bank,Accessories,2,2315.8,0.0,0.48,UPI
TXNA13BCF57C7,2023-01-08,BR01,Eluru,Andhra Pradesh,CUST00086,Meena Reddy,Corporate,P019,LED TV 55-inch,Electronics,1,54463.18,0.1,0.79,UPI
TXN701C6B53B6,2024-01-28,BR01,Eluru,Andhra Pradesh,CUST01630,Kiran Rao,Retail,P009,Laptop Bag,Accessories,1,883.65,0.0,0.45,Credit Card
TXN0999C9AD38,2023-02-05,BR01,Eluru,Andhra Pradesh,CUST00625,Lakshmi Sharma,Retail,P005,Entry Laptop i3,Laptop,1,34524.46,0.0,0.82,Credit Card
TXN13B6EF10F9,2024-01-23,BR01,Eluru,Andhra Pradesh,CUST01586,,Retail,P011,Bluetooth Speaker,Accessories,1,2418.42,0.0,0.5,Net Banking
TXN15EBDD8A1F,2024-01-23,BR01,Eluru,Andhra Pradesh,CUST01822,Divya Naidu,Retail,P011,Bluetooth Speaker,Accessories,2,1989.39,0.1,0.5,UPI
TXN233F09C82F,2024-04-23,BR01,Eluru,Andhra Pradesh,CUST01081,Harika Rao,Retail,P001,Budget Smartphone 4G,Mobile,1,13967.98,0.1,0.8,UPI
TXNC851C19E1D,2024-11-15,BR01,Eluru,Andhra Pradesh,CUST00174,Vikram Kumar,Retail,P012,Mobile Charger,Accessories,1,997.41,0.15,0.42,UPI
TXN3DBBB6DB56,2024-01-01,BR01,Eluru,Andhra Pradesh,CUST00969,Aishwarya Murthy,Retail,P002,Mid-range Smartphone 5G,Mobile,3,18453.89,0.15,0.78,Credit Card
TXN6886A28DE8,2023-11-05,BR01,Eluru,Andhra Pradesh,CUST01413,Naveen Devi,Retail,P004,Wireless Earbuds,Mobile,1,2428.78,0.25,0.55,Cash
TXN036977B3FD,2023-07-12,BR01,Eluru,Andhra Pradesh,CUST00382,Sandeep Sharma,Retail,P008,Ultrabook Thin & Light,Laptop,1,69926.39,0.05,0.79,Net Banking
TXN0857C08383,2023-09-13,BR01,Eluru,Andhra Pradesh,CUST00733,Srinivas Devi,Retail,P020,Home Theatre System,Electronics,1,19779.24,0.15,0.6,Net Banking
TXN3D9834321E,2023-07-14,BR01,Eluru,Andhra Pradesh,CUST00001,Praveen Rao,Retail,P006,Business Laptop i5,Laptop,1,55725.81,0.0,0.8,UPI
TXN77A168E6F9,2024-10-16,BR01,Eluru,Andhra Pradesh,CUST00307,Sneha Babu,Wholesale,P005,Entry Laptop i3,Laptop,1,33767.14,0.1,0.82,Debit Card
TXN93051F6312,2024-02-17,BR01,Eluru,Andhra Pradesh,CUST01113,Swathi Murthy,Retail,P018,LED TV 43-inch,Electronics,1,24220.73,0.0,0.8,Debit Card
TXNB213D7A9AF,2023-10-27,BR01,Eluru,Andhra Pradesh,CUST01432,Suresh Reddy,Retail,P012,Mobile Charger,Accessories,1,1564.26,0.05,0.42,UPI
TXN0D82640EA1,2024-11-20,BR01,Eluru,Andhra Pradesh,CUST01010,Srinivas Prasad,Retail,P018,LED TV 43-inch,Electronics,1,32586.88,0.2,0.8,UPI
TXN9E43A5CFDD,2024-09-20,BR01,Eluru,Andhra Pradesh,CUST01215,Praveen Rao,Retail,P011,Bluetooth Speaker,Accessories,1,1283.11,0.1,0.5,UPI
TXNCBC17A7AC7,2023-09-21,BR01,Eluru,Andhra Pradesh,CUST00690,Vikram Murthy,Retail,P011,Bluetooth Speaker,Accessories,1,2111.62,0.05,0.5,UPI
TXN9F74FEB629,2023-07-13,BR01,Eluru,Andhra Pradesh,CUST00427,Arjun Varma,Corporate,P013,Power Bank,Accessories,1,1840.97,0.0,0.48,UPI
TXN91AFB5B9AA,2024-12-19,BR01,Eluru,Andhra Pradesh,CUST00407,Naveen Babu,Corporate,P010,Wireless Mouse,Accessories,3,1271.81,0.0,0.4,Net Banking
TXNA273CC374D,2024-06-22,BR01,Eluru,Andhra Pradesh,CUST01763,Sandeep Varma,Retail,P018,LED TV 43-inch,Electronics,1,29412.64,0.0,0.8,Credit Card
TXNBCF8F9A917,2023-06-15,BR01,Eluru,Andhra Pradesh,CUST00446,Deepika Devi,Retail,P009,Laptop Bag,Accessories,2,1192.36,0.1,0.45,UPI
TXN7E89A56E4F,2023-11-10,BR01,Eluru,Andhra Pradesh,CUST01032,Ajay Naidu,Corporate,P011,Bluetooth Speaker,Accessories,4,1954.42,0.0,0.5,Net Banking
TXN75282351FF,2023-10-27,BR01,Eluru,Andhra Pradesh,CUST01967,Manoj Devi,Corporate,P001,Budget Smartphone 4G,Mobile,1,8663.15,0.1,0.8,Credit Card
TXN5A4F4FF43A,2024-01-06,BR01,Eluru,Andhra Pradesh,CUST00918,Ramesh Murthy,Retail,P019,LED TV 55-inch,Electronics,1,51220.91,0.0,0.79,UPI
TXNAF1FFEC930,2024-07-31,BR01,Eluru,Andhra Pradesh,CUST01836,Praveen Kumar,Wholesale,P006,Business Laptop i5,Laptop,1,46102.27,0.05,0.8,UPI
TXNE24D9AE6DC,2023-09-08,BR01,Eluru,Andhra Pradesh,CUST01257,Manoj Reddy,Retail,P002,Mid-range Smartphone 5G,Mobile,1,23572.29,0.15,0.78,UPI
TXN03A4CB312D,2024-04-19,BR01,Eluru,Andhra Pradesh,CUST01851,Naveen Devi,Wholesale,P007,Gaming Laptop i7,Laptop,1,78127.82,0.0,0.78,Debit Card
TXN92F9F8C50B,2024-03-10,BR01,Eluru,Andhra Pradesh,CUST01252,Kavya Reddy,Retail,P002,Mid-range Smartphone 5G,Mobile,2,16412.68,0.15,0.78,UPI
TXN9E3E4F912E,2023-01-23,BR01,Eluru,Andhra Pradesh,CUST00726,Naveen Devi,Retail,P019,LED TV 55-inch,Electronics,1,41457.52,0.05,0.79,Debit Card
TXN300F1FB579,2023-05-06,BR01,Eluru,Andhra Pradesh,CUST01236,Anitha Reddy,Retail,P021,Smart Watch,Electronics,2,11377.23,0.0,0.55,UPI
TXNC0ED9ACF43,2024-03-27,BR01,Eluru,Andhra Pradesh,CUST00706,Harika Sharma,Retail,P010,Wireless Mouse,Accessories,2,1223.68,0.0,0.4,UPI
TXN469EC57F46,2023-01-13,BR01,Eluru,Andhra Pradesh,CUST01831,Sandeep Babu,Retail,P002,Mid-range Smartphone 5G,Mobile,1,24835.67,0.0,0.78,Debit Card
TXNCAFB6D1DB7,2023-05-08,BR01,eluru  ,Andhra Pradesh,CUST00554,Kiran Murthy,Retail,P005,Entry Laptop i3,Laptop,1,28393.6,0.0,0.82,UPI
TXNACB5AD168B,2024-02-03,BR01,Eluru,Andhra Pradesh,CUST00010,Ravi Kumar,Retail,P019,LED TV 55-inch,Electronics,1,59758.16,0.0,0.79,UPI
TXNED5F15AE42,2023-12-16,BR01,Eluru,Andhra Pradesh,CUST00291,Ravi Chowdary,Retail,P009,Laptop Bag,Accessories,2,1406.55,0.0,0.45,Credit Card
TXN865A8509AE,2023-10-03,BR01,Eluru,Andhra Pradesh,CUST00257,Naveen Sarma,Retail,P002,Mid-range Smartphone 5G,Mobile,2,18196.57,0.1,0.78,UPI
TXN7F75122712,2024-08-09,BR01,Eluru,Andhra Pradesh,CUST00295,Sneha Naidu,Wholesale,P012,Mobile Charger,Accessories,2,1093.83,0.15,0.42,UPI
TXND691C687FD,2024-10-31,BR01,Eluru,Andhra Pradesh,CUST01536,Manoj Devi,Wholesale,P010,Wireless Mouse,Accessories,1,764.49,0.0,0.4,UPI
TXN9182EF1CBE,2024-06-21,BR01,Eluru,Andhra Pradesh,CUST00890,Sandeep Sarma,Retail,P019,LED TV 55-inch,Electronics,1,48675.42,0.15,0.79,UPI
TXN5335A2E1E8,2024-12-14,BR01,Eluru,Andhra Pradesh,CUST01885,,Retail,P007,Gaming Laptop i7,Laptop,1,118313.18,0.05,0.78,UPI
TXN45508C6811,2023-10-22,BR01,Eluru,Andhra Pradesh,CUST01897,Arjun Chowdary,Wholesale,P017,Microwave Oven,Home Appliances,2,9792.8,0.05,0.75,Cash
TXN62F77AB4A5,2024-12-07,BR01,Eluru,Andhra Pradesh,CUST00308,Sandeep Murthy,Corporate,P015,Refrigerator 300L,Home Appliances,1,25126.74,0.0,0.82,UPI
TXN63C063CFAA,2023-06-19,BR01,Eluru,Andhra Pradesh,CUST01307,Suresh Prasad,Wholesale,P011,Bluetooth Speaker,Accessories,1,3616.89,0.05,0.5,UPI
TXN7A17ED545E,2024-07-31,BR01,Eluru,Andhra Pradesh,CUST00694,Deepika Chowdary,Retail,P003,Flagship Smartphone,Mobile,1,50754.69,0.0,0.75,UPI
TXNB1BBC3EE1A,2023-03-13,BR01,Eluru,Andhra Pradesh,CUST01734,Arjun Devi,Retail,P005,Entry Laptop i3,Laptop,1,31068.85,0.0,0.82,Debit Card
TXNF0E69B86C8,2024-11-20,BR01,Eluru,Andhra Pradesh,CUST00944,Manoj Reddy,Retail,P012,Mobile Charger,Accessories,3,1151.65,0.2,0.42,Debit Card
TXN7C599B62C9,2024-11-20,BR01,Eluru,Andhra Pradesh,CUST01566,Priya Chowdary,Retail,P019,LED TV 55-inch,Electronics,1,39689.14,0.05,0.79,Cash
TXNC8A6588D5D,2024-05-11,BR01,Eluru,Andhra Pradesh,CUST00231,Praveen Varma,Retail,P001,Budget Smartphone 4G,Mobile,1,11568.83,0.0,0.8,Cash
TXN9259DA4692,2023-07-13,BR01,Eluru,Andhra Pradesh,CUST00350,Praveen Kumar,Retail,P010,Wireless Mouse,Accessories,1,1204.81,0.0,0.4,UPI
TXNB9E660039C,2023-11-27,BR01,Eluru,Andhra Pradesh,CUST01003,Pooja Chowdary,Retail,P017,Microwave Oven,Home Appliances,1,10516.21,0.1,0.75,Credit Card
TXNA19BB834A2,2024-11-01,BR01,Eluru,Andhra Pradesh,CUST00083,Anitha Naidu,Retail,P013,Power Bank,Accessories,1,1905.7,0.25,0.48,Debit Card
TXN82787380E3,2023-02-20,BR01,Eluru,Andhra Pradesh,CUST01045,Srinivas Babu,Retail,P012,Mobile Charger,Accessories,3,1708.74,0.15,0.42,Credit Card
TXNE8D9C45C83,2023-10-08,BR01,Eluru,Andhra Pradesh,CUST00900,Srinivas Reddy,Wholesale,P018,LED TV 43-inch,Electronics,1,28498.02,0.25,0.8,Credit Card
TXN41BB2B4337,2023-06-06,BR01,Eluru,Andhra Pradesh,CUST01034,Manoj Rao,Retail,P012,Mobile Charger,Accessories,4,677.37,0.0,0.42,Credit Card
TXN3FD8171C50,2024-12-17,BR01,Eluru,Andhra Pradesh,CUST00868,Praveen Rao,Corporate,P019,LED TV 55-inch,Electronics,1,43338.93,0.15,0.79,Credit Card
TXN77294D8117,2024-02-22,BR01,Eluru,Andhra Pradesh,CUST01202,Vikram Prasad,Retail,P004,Wireless Earbuds,Mobile,3,4247.03,0.1,0.55,Debit Card
TXNF5992CBA81,2023-11-18,BR01,Eluru,Andhra Pradesh,CUST00428,Ramesh Rao,Retail,P010,Wireless Mouse,Accessories,2,1092.09,0.2,0.4,UPI
TXN8FD17217AA,2023-06-25,BR01,Eluru,Andhra Pradesh,CUST00266,Harika Murthy,Corporate,P006,Business Laptop i5,Laptop,1,43567.31,0.0,0.8,UPI
TXND38BEB6495,2023-05-14,BR01,Eluru,Andhra Pradesh,CUST00815,Sandeep Rao,Retail,P013,Power Bank,Accessories,1,837.0,0.05,0.48,Cash
TXN8A1435C5FB,2023-07-03,BR01,Eluru,Andhra Pradesh,CUST01417,Ajay Kumar,Wholesale,P012,Mobile Charger,Accessories,3,1794.9,0.0,0.42,UPI
TXN6D084BAE2A,2023-02-21,BR01,Eluru,Andhra Pradesh,CUST01685,Suresh Devi,Retail,P002,Mid-range Smartphone 5G,Mobile,1,22464.58,0.05,0.78,Debit Card
TXN1B2148A57D,2024-12-08,BR01,Eluru,Andhra Pradesh,CUST01391,Aishwarya Chowdary,Retail,P013,Power Bank,Accessories,2,1224.13,0.0,0.48,Debit Card
TXN5BA3A510D9,2024-08-25,BR01,Eluru,Andhra Pradesh,CUST00617,Kavya Babu,Retail,P009,Laptop Bag,Accessories,2,1562.49,0.0,0.45,UPI
TXNE858FA8C77,2024-12-02,BR01,Eluru,Andhra Pradesh,CUST00364,Swathi Rao,Wholesale,P014,Split AC 1.5 Ton,Home Appliances,1,36291.11,0.1,0.83,Credit Card
TXND0614AEA43,2024-02-28,BR01,Eluru,Andhra Pradesh,CUST00384,Deepika Chowdary,Retail,P002,Mid-range Smartphone 5G,Mobile,2,17848.09,0.1,0.78,Net Banking
TXN7F8A20F27A,2024-01-16,BR01,Eluru,Andhra Pradesh,CUST00167,Aishwarya Babu,Retail,P020,Home Theatre System,Electronics,2,10597.89,0.0,0.6,UPI
TXN10D8694436,2023-05-04,BR01,Eluru,Andhra Pradesh,CUST00800,Manoj Naidu,Retail,P002,Mid-range Smartphone 5G,Mobile,1,26917.29,0.0,0.78,Cash
TXN82B30F045B,2024-06-11,BR01,Eluru,Andhra Pradesh,CUST01378,Divya Sarma,Corporate,P013,Power Bank,Accessories,1,2219.17,0.1,0.48,UPI
TXNCC51DF7CF5,2023-08-17,BR01,Eluru,Andhra Pradesh,CUST01554,Swathi Reddy,Retail,P020,Home Theatre System,Electronics,1,13258.71,0.0,0.6,Debit Card
TXN2C760991EC,2024-10-17,BR01,Eluru,Andhra Pradesh,CUST00588,Suresh Sharma,Retail,P002,Mid-range Smartphone 5G,Mobile,1,15032.63,0.1,0.78,UPI
TXN1A5F5C2ECC,2023-12-16,BR01,Eluru,Andhra Pradesh,CUST01015,Anitha Sarma,Retail,P013,Power Bank,Accessories,1,1259.93,0.15,0.48,UPI
TXNB5FC6F5E08,2023-03-14,BR01,Eluru,Andhra Pradesh,CUST01038,Swathi Kumar,Retail,P020,Home Theatre System,Electronics,4,19492.64,0.1,0.6,Debit Card
TXNA42344491C,2023-04-20,BR01,Eluru,Andhra Pradesh,CUST00412,Ramesh Sarma,Retail,P011,Bluetooth Speaker,Accessories,1,2511.85,0.0,0.5,Cash
TXNA8BD81E957,2023-11-13,BR01,Eluru,Andhra Pradesh,CUST00963,Deepika Chowdary,Retail,P011,Bluetooth Speaker,Accessories,1,1468.88,0.0,0.5,Cash
TXNDB202C616D,2024-12-22,BR01,Eluru,Andhra Pradesh,CUST00069,Sneha Reddy,Retail,P016,Washing Machine,Home Appliances,1,27497.61,0.15,0.8,Cash
TXN974D218E13,2024-10-20,BR01,Eluru,Andhra Pradesh,CUST00700,Pooja Devi,Retail,P003,Flagship Smartphone,Mobile,1,66246.7,0.05,0.75,Credit Card
TXNE24622F283,2024-11-27,BR01,Eluru,Andhra Pradesh,CUST00741,Anitha Devi,Retail,P010,Wireless Mouse,Accessories,1,945.92,0.2,0.4,Debit Card
TXNDD52D18747,2024-12-07,BR01,Eluru,Andhra Pradesh,CUST01540,Kiran Kumar,Retail,P002,Mid-range Smartphone 5G,Mobile,1,24991.84,0.1,0.78,Debit Card
TXNBB885272AF,2023-09-26,BR01,Eluru,Andhra Pradesh,CUST00275,Ramesh Sharma,Retail,P012,Mobile Charger,Accessories,2,1543.97,0.1,0.42,UPI
TXN1EF55F5DC7,2024-07-07,BR01,Eluru,Andhra Pradesh,CUST01024,Suresh Murthy,Retail,P009,Laptop Bag,Accessories,4,1075.75,0.0,0.45,UPI
TXNF14AC2EAA4,2024-10-26,BR01,Eluru,Andhra Pradesh,CUST01047,Ramesh Prasad,Retail,P001,Budget Smartphone 4G,Mobile,1,9996.2,0.1,0.8,Net Banking
TXNCF88F65485,2024-12-28,BR01,Eluru,Andhra Pradesh,CUST01086,Divya Sharma,Retail,P004,Wireless Earbuds,Mobile,1,4558.21,0.05,0.55,Net Banking
TXN5D1BBDA18B,2024-10-25,BR01,Eluru,Andhra Pradesh,CUST01801,Priya Devi,Retail,P011,Bluetooth Speaker,Accessories,3,2949.94,0.05,0.5,UPI
TXN6C6511FFDC,2024-12-15,BR01,Eluru,Andhra Pradesh,CUST00386,Priya Murthy,Retail,P019,LED TV 55-inch,Electronics,1,49482.21,0.15,0.79,Net Banking
TXN45A6852DDD,2024-12-18,BR01,Eluru,Andhra Pradesh,CUST01463,Kiran Rao,Wholesale,P006,Business Laptop i5,Laptop,1,55407.41,0.0,0.8,Credit Card
TXN37FC9F6363,2023-10-24,BR01,Eluru,Andhra Pradesh,CUST01954,Divya Rao,Corporate,P020,Home Theatre System,Electronics,4,8857.78,0.05,0.6,Credit Card
TXN2EE3F87D64,2024-07-21,BR01,Eluru,Andhra Pradesh,CUST00383,Ajay Naidu,Retail,P019,LED TV 55-inch,Electronics,1,38704.49,0.05,0.79,UPI
TXN566E24EE88,2024-01-23,BR01,Eluru,Andhra Pradesh,CUST00731,Aishwarya Sarma,Wholesale,P016,Washing Machine,Home Appliances,1,27484.68,0.15,0.8,Credit Card
TXN3C95ED920C,2023-06-10,BR01,Eluru,Andhra Pradesh,CUST00260,Harika Devi,Retail,P012,Mobile Charger,Accessories,1,1143.19,0.05,0.42,Debit Card
TXN32E0562528,2024-08-19,BR01,Eluru,Andhra Pradesh,CUST01982,Arjun Sharma,Wholesale,P013,Power Bank,Accessories,1,1709.91,0.15,0.48,UPI
TXN17D5F57DC4,2024-08-11,BR01,Eluru,Andhra Pradesh,CUST00812,Deepika Murthy,Wholesale,P012,Mobile Charger,Accessories,4,754.81,0.15,0.42,UPI
TXN0B6C650460,2023-01-14,BR01,Eluru,Andhra Pradesh,CUST00756,Vikram Varma,Retail,P013,Power Bank,Accessories,1,1140.13,0.0,0.48,UPI
TXNFD5E171A8F,2023-06-28,BR01,Eluru,Andhra Pradesh,CUST00706,Harika Sharma,Retail,P009,Laptop Bag,Accessories,1,771.87,0.15,0.45,UPI
TXN145DABA754,2024-12-15,BR01,Eluru,Andhra Pradesh,CUST01293,Suresh Sharma,Retail,P016,Washing Machine,Home Appliances,1,18238.34,0.0,0.8,UPI
TXN0A92906E58,2023-06-07,BR01,Eluru,Andhra Pradesh,CUST00668,Meena Kumar,Retail,P007,Gaming Laptop i7,Laptop,1,95444.32,0.0,0.78,UPI
TXN84A6A83E12,2024-12-10,BR01,Eluru,Andhra Pradesh,CUST00372,Naveen Murthy,Retail,P009,Laptop Bag,Accessories,2,1302.8,0.0,0.45,Credit Card
TXN359B79D432,2024-05-16,BR01,Eluru,Andhra Pradesh,CUST01437,Anitha Chowdary,Retail,P011,Bluetooth Speaker,Accessories,1,2300.87,0.15,0.5,Cash
TXNA226C3C24F,2024-10-16,BR01,Eluru,Andhra Pradesh,CUST00367,Priya Sharma,Wholesale,P012,Mobile Charger,Accessories,1,1650.3,0.0,0.42,Debit Card
TXND56C2DB413,2024-06-23,BR01,Eluru,Andhra Pradesh,CUST00957,Ravi Rao,Retail,P001,Budget Smartphone 4G,Mobile,1,8098.5,0.05,0.8,Cash
TXNB8C8054EBC,2023-12-18,BR01,Eluru,Andhra Pradesh,CUST00565,Harika Devi,Retail,P012,Mobile Charger,Accessories,1,1753.81,0.05,0.42,Cash
TXN5487DA4C04,2024-08-16,BR01,Eluru,Andhra Pradesh,CUST00237,Kavya Rao,Retail,P010,Wireless Mouse,Accessories,3,388.22,0.15,0.4,UPI
TXNB958EFC889,2024-12-05,BR01,Eluru,Andhra Pradesh,CUST00272,Ajay Kumar,Retail,P007,Gaming Laptop i7,Laptop,1,106660.17,0.05,0.78,Debit Card
TXNF1713FBC9C,2024-04-02,BR01,Eluru,Andhra Pradesh,CUST01626,Naveen Devi,Retail,P020,Home Theatre System,Electronics,3,9371.31,0.05,0.6,Net Banking
TXN39FD81F7AB,2023-11-23,BR01,Eluru,Andhra Pradesh,CUST00825,Arjun Reddy,Retail,P017,Microwave Oven,Home Appliances,1,13983.33,0.0,0.75,Cash
TXNBFA369AC1F,2023-05-20,BR01,Eluru,Andhra Pradesh,CUST00725,Kiran Varma,Retail,P013,Power Bank,Accessories,2,909.3,0.15,0.48,UPI
TXNC956BE2516,2023-01-08,BR01,Eluru,Andhra Pradesh,CUST01829,Swathi Rao,Retail,P012,Mobile Charger,Accessories,1,1703.62,0.15,0.42,UPI
TXN95A1BF3F94,2023-03-27,BR01,Eluru,Andhra Pradesh,CUST00015,Harika Prasad,Retail,P005,Entry Laptop i3,Laptop,1,34771.78,0.0,0.82,Credit Card
TXNB39F43EC27,2023-03-10,BR01,Eluru,Andhra Pradesh,CUST00747,Srinivas Murthy,Corporate,P004,Wireless Earbuds,Mobile,1,2022.04,0.15,0.55,Credit Card
TXN21DEF1E838,2023-04-29,BR01,Eluru,Andhra Pradesh,CUST01511,Ramesh Sharma,Retail,P010,Wireless Mouse,Accessories,2,968.41,0.05,0.4,UPI
TXND98C47333C,2024-11-09,BR01,Eluru,Andhra Pradesh,CUST01782,Arjun Varma,Retail,P006,Business Laptop i5,Laptop,1,53935.6,0.1,0.8,Debit Card
TXN3FC9A026E5,2023-11-25,BR01,Eluru,Andhra Pradesh,CUST00104,Manoj Naidu,Retail,P002,Mid-range Smartphone 5G,Mobile,1,23276.35,0.05,0.78,UPI
TXN080ABABE88,2024-05-01,BR01,Eluru,Andhra Pradesh,CUST00533,Pooja Naidu,Retail,P006,Business Laptop i5,Laptop,1,55768.98,0.0,0.8,Debit Card
TXN09A318037C,2024-04-04,BR01,Eluru,Andhra Pradesh,CUST00405,Lakshmi Prasad,Retail,P018,LED TV 43-inch,Electronics,1,29078.04,0.0,0.8,UPI
TXN1723B6452D,2024-07-01,BR01,Eluru,Andhra Pradesh,CUST01508,Suresh Murthy,Corporate,P004,Wireless Earbuds,Mobile,2,5888.79,0.05,0.55,UPI
TXNBE9C37AFC7,2023-04-17,BR01,Eluru,Andhra Pradesh,CUST00421,Kavya Murthy,Retail,P021,Smart Watch,Electronics,1,5369.59,0.15,0.55,Debit Card
TXNB836A41D00,2023-05-28,BR01,Eluru,Andhra Pradesh,CUST01419,Anitha Sharma,Retail,P010,Wireless Mouse,Accessories,1,1267.74,0.05,0.4,Credit Card
TXN8ED0CF58DF,2024-09-10,BR01,Eluru,Andhra Pradesh,CUST01921,Ravi Sarma,Retail,P014,Split AC 1.5 Ton,Home Appliances,1,45597.34,0.15,0.83,UPI
TXN402C001A06,2024-10-09,BR01,Eluru,Andhra Pradesh,CUST01647,Divya Sarma,Retail,P016,Washing Machine,Home Appliances,1,25358.24,0.1,0.8,UPI
TXNF389493655,2024-06-06,BR01,Eluru,Andhra Pradesh,CUST01555,Ravi Chowdary,Retail,P004,Wireless Earbuds,Mobile,1,4171.71,0.15,0.55,UPI
TXN2B101610D6,2023-04-01,BR01,Eluru,Andhra Pradesh,CUST01528,Ramesh Prasad,Retail,P018,LED TV 43-inch,Electronics,1,33231.31,0.0,0.8,Debit Card
TXND8B923823B,2024-08-01,BR01,Eluru,Andhra Pradesh,CUST01902,Vikram Prasad,Retail,P019,LED TV 55-inch,Electronics,1,55167.63,0.1,0.79,Debit Card
TXN81A945EE3C,2024-01-24,BR01,Eluru,Andhra Pradesh,CUST00358,Naveen Babu,Retail,P012,Mobile Charger,Accessories,2,1661.44,0.0,0.42,UPI
TXN14FE9D80CD,2023-07-03,BR01,Eluru,Andhra Pradesh,CUST01179,Sneha Kumar,Retail,P019,LED TV 55-inch,Electronics,1,41006.12,0.0,0.79,Net Banking
TXNE871023617,2024-01-24,BR01,Eluru,Andhra Pradesh,CUST00781,Priya Kumar,Retail,P013,Power Bank,Accessories,1,1081.17,0.15,0.48,Net Banking
TXNC1D9367B1B,2024-11-11,BR01,Eluru,Andhra Pradesh,CUST00057,Sneha Murthy,Corporate,P013,Power Bank,Accessories,4,956.87,0.1,0.48,Credit Card
TXN695EAE7EAE,2024-10-04,BR01,Eluru,Andhra Pradesh,CUST01230,Vikram Babu,Wholesale,P011,Bluetooth Speaker,Accessories,3,2625.78,0.05,0.5,UPI
TXNE39C5E85DA,2023-05-07,BR01,Eluru,Andhra Pradesh,CUST01579,Sandeep Naidu,Retail,P018,LED TV 43-inch,Electronics,1,24955.3,0.15,0.8,UPI
TXNB5F73F0A94,2024-01-04,BR01,Eluru,Andhra Pradesh,CUST01268,Anitha Chowdary,Retail,P004,Wireless Earbuds,Mobile,1,3810.45,0.0,0.55,UPI
TXNC65FC15A60,2023-12-01,BR01,Eluru,Andhra Pradesh,CUST00550,Deepika Murthy,Wholesale,P019,LED TV 55-inch,Electronics,1,55711.59,0.0,0.79,Credit Card
TXN37CBEE5054,2024-03-25,BR01,Eluru,Andhra Pradesh,CUST00199,Ramesh Chowdary,Retail,P011,Bluetooth Speaker,Accessories,3,4277.52,0.15,0.5,UPI
TXN92FC28447F,2023-10-22,BR01,Eluru,Andhra Pradesh,CUST01547,Ajay Babu,Corporate,P006,Business Laptop i5,Laptop,1,59861.43,0.05,0.8,UPI
TXND4149DC387,2023-05-29,BR01,Eluru,Andhra Pradesh,CUST00530,Divya Naidu,Retail,P006,Business Laptop i5,Laptop,1,54846.73,0.0,0.8,UPI
TXNCECE9394B6,2023-11-14,BR01,Eluru,Andhra Pradesh,CUST00958,Suresh Murthy,Retail,P004,Wireless Earbuds,Mobile,4,5626.08,0.15,0.55,UPI
TXNB6B99F4F44,2024-05-26,BR01,Eluru,Andhra Pradesh,CUST01242,Arjun Devi,Wholesale,P012,Mobile Charger,Accessories,1,1407.33,0.1,0.42,UPI
TXN244654779E,2023-06-17,BR01,Eluru,Andhra Pradesh,CUST01032,Ajay Naidu,Corporate,P010,Wireless Mouse,Accessories,1,743.38,0.05,0.4,Credit Card
TXNC9AA2FC352,2023-03-13,BR01,Eluru,Andhra Pradesh,CUST00656,Kavya Varma,Retail,P012,Mobile Charger,Accessories,2,344.33,0.1,0.42,Debit Card
TXN79DD9A0653,2024-03-28,BR01,Eluru,Andhra Pradesh,CUST01047,Ramesh Prasad,Retail,P009,Laptop Bag,Accessories,1,1140.67,0.15,0.45,UPI
TXN72CC5D1477,2024-03-06,BR01,Eluru,Andhra Pradesh,CUST01059,Suresh Prasad,Wholesale,P009,Laptop Bag,Accessories,1,1532.69,0.05,0.45,Cash
TXN0A4B08A32B,2023-03-21,BR01,Eluru,Andhra Pradesh,CUST00075,Kavya Chowdary,Retail,P003,Flagship Smartphone,Mobile,1,83779.86,0.1,0.75,UPI
TXN10D060170C,2024-02-06,BR01,Eluru,Andhra Pradesh,CUST00637,Pooja Murthy,Corporate,P007,Gaming Laptop i7,Laptop,1,123015.33,0.05,0.78,Credit Card
TXNE3D70B49FB,2023-12-19,BR01,Eluru,Andhra Pradesh,CUST00102,Priya Murthy,Retail,P019,LED TV 55-inch,Electronics,1,54230.62,0.0,0.79,UPI
TXN9E8895F116,2024-10-13,BR01,Eluru,Andhra Pradesh,CUST00963,Deepika Chowdary,Retail,P004,Wireless Earbuds,Mobile,1,2069.91,0.1,0.55,Net Banking
TXNF5B3E776BB,2024-04-28,BR01,Eluru,Andhra Pradesh,CUST00151,Srinivas Rao,Retail,P003,Flagship Smartphone,Mobile,1,82473.62,0.0,0.75,UPI
TXN97B68A99FC,2023-12-27,BR01,Eluru,Andhra Pradesh,CUST00582,Divya Rao,Wholesale,P002,Mid-range Smartphone 5G,Mobile,1,22504.76,0.0,0.78,UPI
TXNFEC092E033,2024-04-20,BR01,Eluru,Andhra Pradesh,CUST01610,Kiran Reddy,Retail,P008,Ultrabook Thin & Light,Laptop,1,60699.92,0.0,0.79,UPI
TXN5B2D4A277A,2024-05-25,BR01,Eluru,Andhra Pradesh,CUST01547,Ajay Babu,Corporate,P010,Wireless Mouse,Accessories,1,1225.33,0.15,0.4,UPI
TXN9498F3CCD0,2024-10-27,BR01,Eluru,Andhra Pradesh,CUST01817,Vikram Kumar,Wholesale,P016,Washing Machine,Home Appliances,1,29903.0,0.1,0.8,Net Banking
TXN89BEEB7251,2023-10-06,BR01,Eluru,Andhra Pradesh,CUST00804,Anitha Chowdary,Retail,P001,Budget Smartphone 4G,Mobile,2,13968.84,0.0,0.8,Net Banking
TXN384C85FD60,2024-01-20,BR01,Eluru,Andhra Pradesh,CUST01590,Sneha Varma,Retail,P020,Home Theatre System,Electronics,3,8295.92,0.0,0.6,Credit Card
TXN66A0C96F8C,2023-04-25,BR01,Eluru,Andhra Pradesh,CUST00888,Sneha Sarma,Retail,P018,LED TV 43-inch,Electronics,1,23582.85,0.15,0.8,Cash
TXN1A89AC3FA9,2023-07-19,BR01,Eluru,Andhra Pradesh,CUST01489,Srinivas Sarma,Retail,P018,LED TV 43-inch,Electronics,1,24809.05,0.1,0.8,UPI
TXN382754404B,2023-10-28,BR01,Eluru,Andhra Pradesh,CUST01248,Sandeep Reddy,Retail,P019,LED TV 55-inch,Electronics,1,54551.45,0.15,0.79,Credit Card
TXN2866541ABC,2023-01-11,BR01,Eluru,Andhra Pradesh,CUST01276,Sneha Sharma,Corporate,P002,Mid-range Smartphone 5G,Mobile,1,20245.7,0.0,0.78,Debit Card
TXN4ACD6797A8,2023-12-27,BR01,Eluru,Andhra Pradesh,CUST01361,Sneha Reddy,Retail,P010,Wireless Mouse,Accessories,1,463.06,0.0,0.4,Net Banking
TXNC417E9142B,2024-02-23,BR01,Eluru,Andhra Pradesh,CUST01303,Ravi Chowdary,Retail,P021,Smart Watch,Electronics,1,2200.87,0.0,0.55,UPI
TXN337E74AC74,2024-03-26,BR01,Eluru,Andhra Pradesh,CUST00378,Pooja Murthy,Retail,P021,Smart Watch,Electronics,1,6725.39,0.05,0.55,Debit Card
TXN697ACF0EAB,2024-11-03,BR01,Eluru,Andhra Pradesh,CUST00270,Ajay Devi,Retail,P003,Flagship Smartphone,Mobile,1,82400.46,0.25,0.75,Debit Card
TXN3A15A04BF1,2023-03-12,BR01,Eluru,Andhra Pradesh,CUST00358,Naveen Babu,Retail,P002,Mid-range Smartphone 5G,Mobile,1,20985.07,0.05,0.78,UPI
TXN41A59633ED,2023-02-03,BR01,Eluru,Andhra Pradesh,CUST01462,Lakshmi Murthy,Retail,P001,Budget Smartphone 4G,Mobile,1,12481.24,0.0,0.8,UPI
TXN5327DC44FD,2024-12-03,BR01,Eluru,Andhra Pradesh,CUST01441,Ajay Babu,Wholesale,P004,Wireless Earbuds,Mobile,1,3875.21,0.0,0.55,Credit Card
TXN39B793219E,2024-08-03,BR01,Eluru,Andhra Pradesh,CUST01691,Vikram Kumar,Retail,P002,Mid-range Smartphone 5G,Mobile,4,17928.21,0.0,0.78,Net Banking
TXN1FC263AD88,2023-11-28,BR01,Eluru,Andhra Pradesh,CUST00400,Manoj Rao,Retail,P012,Mobile Charger,Accessories,1,396.65,0.25,0.42,Debit Card
TXNDF75800F14,2024-07-19,BR01,Eluru,Andhra Pradesh,CUST00190,Harika Prasad,Retail,P005,Entry Laptop i3,Laptop,1,34816.65,0.1,0.82,Credit Card
TXN7E534A2B9A,2024-01-20,BR01,Eluru,Andhra Pradesh,CUST01727,Meena Chowdary,Retail,P021,Smart Watch,Electronics,2,7475.47,0.1,0.55,UPI
TXN02F12F7D56,2024-10-14,BR01,Eluru,Andhra Pradesh,CUST00709,Kavya Reddy,Retail,P020,Home Theatre System,Electronics,1,9256.61,0.2,0.6,UPI
TXNA7DCD9EBED,2024-08-19,BR01,Eluru,Andhra Pradesh,CUST00755,Ajay Naidu,Retail,P020,Home Theatre System,Electronics,1,10056.74,0.05,0.6,Credit Card
TXN9B7A406763,2024-08-12,BR01,Eluru,Andhra Pradesh,CUST00198,Swathi Chowdary,Retail,P007,Gaming Laptop i7,Laptop,1,102048.25,0.05,0.78,UPI
TXN138DBF7838,2023-03-04,BR01,Eluru,Andhra Pradesh,CUST01714,Srinivas Babu,Retail,P016,Washing Machine,Home Appliances,1,22843.16,0.05,0.8,UPI
TXN1B90BBCB54,2024-11-27,BR01,Eluru,Andhra Pradesh,CUST01697,Swathi Reddy,Retail,P020,Home Theatre System,Electronics,3,6166.38,0.1,0.6,Debit Card
TXNA3C107127E,2023-08-28,BR01,Eluru,Andhra Pradesh,CUST01183,Deepika Chowdary,Wholesale,P005,Entry Laptop i3,Laptop,1,31971.76,0.0,0.82,Debit Card
TXN436DF4B8AA,2023-03-29,BR01,Eluru,Andhra Pradesh,CUST01066,Aishwarya Devi,Retail,P003,Flagship Smartphone,Mobile,1,79340.13,0.15,0.75,UPI
TXNADE6A4C677,2023-11-04,BR01,Eluru,Andhra Pradesh,CUST00885,Harika Prasad,Wholesale,P001,Budget Smartphone 4G,Mobile,1,12885.32,0.25,0.8,Cash
TXNEAC47470A6,2024-10-27,BR01,Eluru,Andhra Pradesh,CUST01142,Divya Sarma,Retail,P021,Smart Watch,Electronics,2,8865.84,0.25,0.55,Debit Card
TXN88585C7F6A,2024-11-28,BR01,Eluru,Andhra Pradesh,CUST01159,Lakshmi Murthy,Retail,P020,Home Theatre System,Electronics,1,15467.85,0.1,0.6,UPI
TXNCCAAEB7108,2023-01-04,BR01,Eluru,Andhra Pradesh,CUST00457,Praveen Babu,Wholesale,P021,Smart Watch,Electronics,2,6110.35,0.15,0.55,Debit Card
TXNABB3ECFA20,2024-03-17,BR01,Eluru,Andhra Pradesh,CUST00397,Meena Sharma,Retail,P020,Home Theatre System,Electronics,4,11120.3,0.0,0.6,UPI
TXNB94B7587E0,2024-08-12,BR01,Eluru,Andhra Pradesh,CUST00807,Sneha Varma,Corporate,P012,Mobile Charger,Accessories,2,1557.06,0.0,0.42,Net Banking
TXN1559AD292C,2024-12-02,BR01,Eluru,Andhra Pradesh,CUST00813,Suresh Devi,Retail,P018,LED TV 43-inch,Electronics,1,25941.07,0.15,0.8,Debit Card
TXNAC8834214F,2024-10-04,BR01,Eluru,Andhra Pradesh,CUST01940,Suresh Reddy,Wholesale,P008,Ultrabook Thin & Light,Laptop,1,80787.27,0.0,0.79,Cash
TXN9B014596D5,2023-11-13,BR01,Eluru,Andhra Pradesh,CUST00556,Praveen Sharma,Wholesale,P006,Business Laptop i5,Laptop,1,46102.21,0.2,0.8,UPI
TXN4CCE610C29,2023-12-17,BR01,Eluru,Andhra Pradesh,CUST01564,Sneha Devi,Wholesale,P013,Power Bank,Accessories,1,2243.52,0.05,0.48,UPI
TXN3C290033CA,2024-07-01,BR01,Eluru,Andhra Pradesh,CUST01188,Srinivas Chowdary,Retail,P017,Microwave Oven,Home Appliances,1,9210.13,0.05,0.75,Cash
TXNFF5D5F11BF,2023-11-04,BR01,Eluru,Andhra Pradesh,CUST00576,Divya Chowdary,Retail,P003,Flagship Smartphone,Mobile,1,62189.32,0.25,0.75,Debit Card
TXNF94D407F18,2023-04-08,BR01,Eluru,Andhra Pradesh,CUST01105,Suresh Sarma,Wholesale,P009,Laptop Bag,Accessories,1,1674.35,0.1,0.45,UPI
TXN5B90827FBD,2023-11-20,BR01,Eluru,Andhra Pradesh,CUST00357,Arjun Sharma,Retail,P018,LED TV 43-inch,Electronics,1,22322.46,0.2,0.8,UPI
TXNB540971741,2024-04-19,BR01,Eluru,Andhra Pradesh,CUST00537,Sandeep Babu,Retail,P018,LED TV 43-inch,Electronics,1,27104.44,0.1,0.8,Credit Card
TXN1377233921,2023-05-17,BR01,Eluru,Andhra Pradesh,CUST01976,Kiran Naidu,Retail,P009,Laptop Bag,Accessories,1,1323.15,0.15,0.45,UPI
TXN17F51F5951,2023-06-05,BR01,Eluru,Andhra Pradesh,CUST01567,Deepika Sharma,Corporate,P020,Home Theatre System,Electronics,1,17421.85,0.0,0.6,Cash
TXNE9DD513E49,2024-02-09,BR01,Eluru,Andhra Pradesh,CUST00969,Aishwarya Murthy,Retail,P010,Wireless Mouse,Accessories,1,819.77,0.05,0.4,Cash
TXN1809ED500F,2024-02-21,BR01,Eluru,Andhra Pradesh,CUST00484,Naveen Rao,Retail,P005,Entry Laptop i3,Laptop,1,34402.8,0.0,0.82,Credit Card
TXN132C77207F,2024-10-31,BR01,Eluru,Andhra Pradesh,CUST01353,Aishwarya Babu,Retail,P002,Mid-range Smartphone 5G,Mobile,1,21012.19,0.05,0.78,UPI
TXND1527CBF19,2023-11-26,BR01,Eluru,Andhra Pradesh,CUST01210,Ramesh Devi,Retail,P008,Ultrabook Thin & Light,Laptop,1,68523.97,0.2,0.79,Cash
TXN0C2A6C2C50,2024-04-06,BR01,Eluru,Andhra Pradesh,CUST01078,Harika Naidu,Retail,P005,Entry Laptop i3,Laptop,1,37100.54,0.05,0.82,Cash
TXN308E1E81C3,2023-07-16,BR01,Eluru,Andhra Pradesh,CUST01301,Priya Chowdary,Retail,P001,Budget Smartphone 4G,Mobile,1,13267.7,0.0,0.8,Debit Card
TXNDB547D5834,2024-02-17,BR01,Eluru,Andhra Pradesh,CUST01423,Swathi Babu,Retail,P004,Wireless Earbuds,Mobile,1,4937.3,0.05,0.55,Cash
TXN3DCFF9AFCD,2024-08-16,BR01,Eluru,Andhra Pradesh,CUST00015,Harika Prasad,Retail,P011,Bluetooth Speaker,Accessories,1,1480.5,0.15,0.5,UPI
TXNCA96283F33,2023-03-14,BR01,Eluru,Andhra Pradesh,CUST01925,Kavya Varma,Retail,P001,Budget Smartphone 4G,Mobile,2,8375.13,0.15,0.8,UPI
TXNA21A149699,2024-09-16,BR01,Eluru,Andhra Pradesh,CUST01740,Divya Murthy,Retail,P003,Flagship Smartphone,Mobile,1,55336.55,0.0,0.75,Credit Card
TXN0278C8F86B,2023-12-20,BR01,Eluru,Andhra Pradesh,CUST00632,Manoj Rao,Retail,P002,Mid-range Smartphone 5G,Mobile,1,20110.9,0.1,0.78,Net Banking
TXN9D6E22EDDD,2023-02-25,BR01,Eluru,Andhra Pradesh,CUST00511,Manoj Kumar,Wholesale,P003,Flagship Smartphone,Mobile,1,63234.43,,0.75,Credit Card
TXN2AC9A18287,2023-05-02,BR01,Eluru,Andhra Pradesh,CUST00988,Deepika Kumar,Retail,P013,Power Bank,Accessories,2,1359.2,0.0,0.48,UPI
TXN50F8C2BC6E,2024-09-09,BR01,Eluru,Andhra Pradesh,CUST00248,Manoj Kumar,Retail,P020,Home Theatre System,Electronics,1,17791.25,0.15,0.6,Credit Card
TXND02F6BA057,2024-03-05,BR01,Eluru,Andhra Pradesh,CUST00619,Ramesh Reddy,Retail,P001,Budget Smartphone 4G,Mobile,1,9795.15,0.15,0.8,UPI
TXN29BA9D6613,2024-01-25,BR01,Eluru,Andhra Pradesh,CUST00426,Praveen Sharma,Retail,P001,Budget Smartphone 4G,Mobile,1,10907.57,0.05,0.8,Debit Card
TXN88A4C51AE4,2024-10-06,BR01,Eluru,Andhra Pradesh,CUST01812,Naveen Naidu,Retail,P008,Ultrabook Thin & Light,Laptop,1,66557.62,0.1,0.79,Debit Card
TXNE7036E4A9E,2023-02-20,BR01,Eluru,Andhra Pradesh,CUST00843,Deepika Chowdary,Retail,P021,Smart Watch,Electronics,3,3088.11,0.0,0.55,Debit Card
TXN3110A4699F,2023-04-09,BR01,Eluru,Andhra Pradesh,CUST01377,Ravi Varma,Retail,P003,Flagship Smartphone,Mobile,1,87221.04,0.0,0.75,UPI
TXNEECA2D7D64,2023-11-15,BR01,Eluru,Andhra Pradesh,CUST00795,Srinivas Sharma,Retail,P006,Business Laptop i5,Laptop,1,59772.26,0.1,0.8,UPI
TXN2D9366CBCC,2024-11-07,BR01,Eluru,Andhra Pradesh,CUST00542,Ajay Prasad,Corporate,P001,Budget Smartphone 4G,Mobile,1,12064.92,0.25,0.8,UPI
TXNB8D7765267,2023-07-25,BR01,Eluru,Andhra Pradesh,CUST00320,Ravi Babu,Wholesale,P009,Laptop Bag,Accessories,1,1779.35,0.0,0.45,Net Banking
TXN1F33FA4D44,2023-11-24,BR01,Eluru,Andhra Pradesh,CUST00452,Kiran Naidu,Retail,P004,Wireless Earbuds,Mobile,4,2512.14,0.25,0.55,Cash
TXN64CC1547A0,2024-12-29,BR01,Eluru,Andhra Pradesh,CUST01333,Arjun Devi,Retail,P004,Wireless Earbuds,Mobile,1,1693.55,0.1,0.55,UPI
TXN000991CB73,2023-10-24,BR01,Eluru,Andhra Pradesh,CUST01242,Arjun Devi,Wholesale,P002,Mid-range Smartphone 5G,Mobile,1,21808.25,0.0,0.78,Credit Card
TXNB1CD419A82,2024-03-16,BR01,Eluru,Andhra Pradesh,CUST00708,Ramesh Prasad,Wholesale,P009,Laptop Bag,Accessories,1,1506.48,0.05,0.45,UPI
TXN40E36452F6,2023-06-09,BR01,Eluru,Andhra Pradesh,CUST00163,Deepika Sarma,Corporate,P001,Budget Smartphone 4G,Mobile,1,11239.3,0.05,0.8,Cash
TXN29592F1C66,2024-08-27,BR01,Eluru,Andhra Pradesh,CUST01219,Manoj Rao,Retail,P021,Smart Watch,Electronics,1,9051.8,0.0,0.55,Cash
TXND49C624502,2023-12-09,BR01,Eluru,Andhra Pradesh,CUST00556,Praveen Sharma,Wholesale,P001,Budget Smartphone 4G,Mobile,2,11393.16,0.1,0.8,Cash
TXN8ED86D7F8F,2023-01-04,BR01,Eluru,Andhra Pradesh,CUST01297,Manoj Varma,Corporate,P010,Wireless Mouse,Accessories,1,601.73,0.15,0.4,UPI
TXN8BF0530DFA,2023-09-13,BR01,Eluru,Andhra Pradesh,CUST00199,Ramesh Chowdary,Retail,P012,Mobile Charger,Accessories,1,308.28,0.0,0.42,Debit Card
TXNDC7CCBBBE1,2023-10-03,BR01,Eluru,Andhra Pradesh,CUST00040,Priya Rao,Retail,P016,Washing Machine,Home Appliances,1,34090.58,0.05,0.8,UPI
TXN8A25A1D52E,2023-10-20,BR01,Eluru,Andhra Pradesh,CUST00605,Deepika Babu,Retail,P020,Home Theatre System,Electronics,2,13058.3,0.05,0.6,UPI
TXN852A7841EB,2024-12-29,BR01,Eluru,Andhra Pradesh,CUST00457,Praveen Babu,Wholesale,P008,Ultrabook Thin & Light,Laptop,1,62332.33,0.15,0.79,UPI
TXN3DDCC8C38B,2024-06-04,BR01,Eluru,Andhra Pradesh,CUST01536,Manoj Devi,Wholesale,P009,Laptop Bag,Accessories,1,1066.12,0.05,0.45,Debit Card
TXN5176ADADA6,2024-06-24,BR01,Eluru,Andhra Pradesh,CUST00124,Arjun Kumar,Retail,P003,Flagship Smartphone,Mobile,1,61275.83,0.1,0.75,UPI
TXNDC41BDAD58,2024-10-25,BR01,Eluru,Andhra Pradesh,CUST01975,Divya Murthy,Retail,P016,Washing Machine,Home Appliances,1,24053.32,0.25,0.8,UPI
TXN187A95A0A5,2023-01-21,BR01,Eluru,Andhra Pradesh,CUST00851,Harika Murthy,Retail,P013,Power Bank,Accessories,2,2339.87,0.0,0.48,Credit Card
TXN30ECB460E0,2024-04-12,BR01,Eluru,Andhra Pradesh,CUST00113,Meena Sarma,Retail,P010,Wireless Mouse,Accessories,1,530.74,0.0,0.4,UPI
TXN92BACC1556,2024-11-13,BR01,Eluru,Andhra Pradesh,CUST00873,Sandeep Sarma,Retail,P020,Home Theatre System,Electronics,1,10513.28,0.1,0.6,UPI
TXNE3258804E0,2024-10-05,BR01,Eluru,Andhra Pradesh,CUST01490,Sandeep Varma,Corporate,P021,Smart Watch,Electronics,1,11770.56,0.05,0.55,Cash
TXND9D8AF8141,2023-03-26,BR01,Eluru,Andhra Pradesh,CUST00789,Vikram Rao,Retail,P006,Business Laptop i5,Laptop,1,53909.45,0.1,0.8,Cash
TXN5B51CCCB52,2024-11-25,BR01,Eluru,Andhra Pradesh,CUST00776,Anitha Chowdary,Retail,P021,Smart Watch,Electronics,1,11138.7,0.2,0.55,UPI
TXN29184AE1B9,2023-07-13,BR01,Eluru,Andhra Pradesh,CUST00118,Arjun Naidu,Retail,P004,Wireless Earbuds,Mobile,2,3070.84,0.05,0.55,Cash
TXNCFA8BD268B,2023-10-10,BR01,Eluru,Andhra Pradesh,CUST00394,Harika Kumar,Retail,P010,Wireless Mouse,Accessories,1,1173.79,0.25,0.4,Cash
TXNDB1AAD6602,2023-07-15,BR01,Eluru,Andhra Pradesh,CUST00198,Swathi Chowdary,Retail,P012,Mobile Charger,Accessories,1,1183.22,0.1,0.42,Cash
TXN62A267D3EA,2024-12-20,BR01,Eluru,Andhra Pradesh,CUST01426,Pooja Reddy,Wholesale,P018,LED TV 43-inch,Electronics,1,22835.65,0.0,0.8,Debit Card
TXN122E26D833,2024-03-05,BR01,Eluru,Andhra Pradesh,CUST01855,Harika Naidu,Retail,P009,Laptop Bag,Accessories,1,1072.16,0.1,0.45,UPI
TXNC12E1F22F0,2023-11-16,BR01,Eluru,Andhra Pradesh,CUST01284,Anitha Chowdary,Retail,P011,Bluetooth Speaker,Accessories,1,4160.22,0.15,0.5,Debit Card
TXN0132ECB855,2024-01-16,BR01,Eluru,Andhra Pradesh,CUST01978,Ravi Sarma,Wholesale,P006,Business Laptop i5,Laptop,1,44485.68,0.0,0.8,UPI
TXN467742A99A,2023-10-16,BR01,Eluru,Andhra Pradesh,CUST00483,Anitha Kumar,Retail,P003,Flagship Smartphone,Mobile,1,61620.23,0.2,0.75,UPI
TXNEFC62B1FDA,2023-11-13,BR01,Eluru,Andhra Pradesh,CUST00156,Pooja Chowdary,Retail,P010,Wireless Mouse,Accessories,1,1497.93,0.0,0.4,UPI
TXNBE32AA20A6,2023-11-13,BR01,Eluru,Andhra Pradesh,CUST00402,Sneha Babu,Retail,P012,Mobile Charger,Accessories,1,1753.07,0.0,0.42,Cash
TXNAB76FF3A81,2023-09-26,BR01,Eluru,Andhra Pradesh,CUST01308,Divya Chowdary,Retail,P002,Mid-range Smartphone 5G,Mobile,1,27500.0,0.15,0.78,Debit Card
TXN37452FD710,2023-03-16,BR01,Eluru,Andhra Pradesh,CUST01463,Kiran Rao,Wholesale,P001,Budget Smartphone 4G,Mobile,1,10434.9,0.1,0.8,Credit Card
TXNBCB6E3C89A,2024-12-04,BR01,Eluru,Andhra Pradesh,CUST01947,Ajay Rao,Retail,P002,Mid-range Smartphone 5G,Mobile,1,20451.85,0.15,0.78,Credit Card
TXN02C6A21AFA,2024-06-19,BR01,Eluru,Andhra Pradesh,CUST01015,Anitha Sarma,Retail,P009,Laptop Bag,Accessories,1,1550.24,0.0,0.45,Debit Card
TXN6BAE2BB449,2023-11-01,BR01,Eluru,Andhra Pradesh,CUST01371,Priya Kumar,Wholesale,P012,Mobile Charger,Accessories,2,1218.99,0.0,0.42,Credit Card
TXND96B226FBE,2024-02-19,BR01,Eluru,Andhra Pradesh,CUST01903,Divya Sharma,Retail,P007,Gaming Laptop i7,Laptop,1,83793.23,0.05,0.78,UPI
TXN68211B119B,2023-05-27,BR01,Eluru,Andhra Pradesh,CUST01790,Arjun Varma,Retail,P010,Wireless Mouse,Accessories,2,1039.1,0.0,0.4,Debit Card
TXNC5DBE24794,2023-06-09,BR01,Eluru,Andhra Pradesh,CUST00443,Pooja Devi,Retail,P011,Bluetooth Speaker,Accessories,1,2810.42,0.0,0.5,UPI
TXNFBBA6680EB,2024-11-12,BR01,Eluru,Andhra Pradesh,CUST01120,Divya Sarma,Retail,P008,Ultrabook Thin & Light,Laptop,1,94547.55,0.0,0.79,Credit Card
TXN5F5A057190,2024-08-10,BR01,Eluru,Andhra Pradesh,CUST00819,Vikram Sarma,Retail,P009,Laptop Bag,Accessories,2,766.15,0.15,0.45,Debit Card
TXNE5742F774A,2023-07-08,BR01,Eluru,Andhra Pradesh,CUST01625,Meena Varma,Retail,P002,Mid-range Smartphone 5G,Mobile,1,27784.74,0.15,0.78,UPI
TXNB2D3EAEBD3,2024-06-25,BR01,Eluru,Andhra Pradesh,CUST00924,Anitha Rao,Retail,P018,LED TV 43-inch,Electronics,1,33131.44,0.1,0.8,UPI
TXN5768A14253,2024-08-31,BR01,Eluru,Andhra Pradesh,CUST01256,Manoj Sarma,Retail,P009,Laptop Bag,Accessories,1,1795.67,0.15,0.45,Credit Card
TXND0600CB2E7,2023-05-28,BR01,Eluru,Andhra Pradesh,CUST01717,Meena Devi,Wholesale,P012,Mobile Charger,Accessories,1,979.58,0.0,0.42,Debit Card
TXN0B493B2DA7,2023-10-06,BR01,Eluru,Andhra Pradesh,CUST00258,Deepika Murthy,Retail,P005,Entry Laptop i3,Laptop,1,28488.63,0.2,0.82,UPI
TXN0DE89F7594,2024-08-02,BR01,Eluru,Andhra Pradesh,CUST00948,Suresh Murthy,Retail,P013,Power Bank,Accessories,1,1405.58,0.0,0.48,UPI
TXND7E0792E86,2024-01-13,BR01,Eluru,Andhra Pradesh,CUST00928,Ajay Murthy,Retail,P004,Wireless Earbuds,Mobile,3,3211.62,0.0,0.55,Cash
TXNB80B03B7A4,2023-01-29,BR01,Eluru,Andhra Pradesh,CUST00580,Pooja Devi,Corporate,P008,Ultrabook Thin & Light,Laptop,1,85662.14,0.0,0.79,UPI
TXN0A816193DC,2023-06-23,BR01,Eluru,Andhra Pradesh,CUST01488,Ravi Sarma,Wholesale,P018,LED TV 43-inch,Electronics,1,25646.37,0.1,0.8,Cash
TXN1BB7B5B371,2023-05-02,BR01,Eluru,Andhra Pradesh,CUST00294,Ajay Prasad,Retail,P013,Power Bank,Accessories,2,1672.74,0.0,0.48,Cash
TXN6F69AC494A,2024-11-21,BR01,Eluru,Andhra Pradesh,CUST01172,Ramesh Naidu,Wholesale,P005,Entry Laptop i3,Laptop,1,36289.68,0.15,0.82,Debit Card
TXN50E68F8905,2023-12-22,BR01,Eluru,Andhra Pradesh,CUST01256,Manoj Sarma,Retail,P021,Smart Watch,Electronics,1,6815.84,0.15,0.55,Cash
TXN399DDE40E0,2023-05-22,BR01,Eluru,Andhra Pradesh,CUST01579,Sandeep Naidu,Retail,P005,Entry Laptop i3,Laptop,1,32222.39,0.0,0.82,Credit Card
TXN5A57E0665E,2023-03-19,BR01,Eluru,Andhra Pradesh,CUST00049,Arjun Devi,Wholesale,P009,Laptop Bag,Accessories,1,965.89,0.0,0.45,UPI
TXN2F4950A654,2024-12-08,BR01,Eluru,Andhra Pradesh,CUST01480,Anitha Rao,Retail,P011,Bluetooth Speaker,Accessories,1,1055.69,0.0,0.5,Debit Card
TXN5B3B9E93C1,2023-02-27,BR01,Eluru,Andhra Pradesh,CUST00048,Ravi Sarma,Wholesale,P010,Wireless Mouse,Accessories,4,1224.15,0.0,0.4,Debit Card
TXN7605553493,2023-06-18,BR01,Eluru,Andhra Pradesh,CUST01824,Ajay Kumar,Retail,P010,Wireless Mouse,Accessories,1,418.38,0.05,0.4,Credit Card
TXN47F14B5902,2023-03-23,BR01,Eluru,Andhra Pradesh,CUST01157,Priya Prasad,Wholesale,P005,Entry Laptop i3,Laptop,1,30388.17,0.1,0.82,UPI
TXN1445563C4D,2024-11-22,BR01,Eluru,Andhra Pradesh,CUST00626,Naveen Sarma,Retail,P020,Home Theatre System,Electronics,4,17458.06,0.05,0.6,UPI
TXN1ABACC9008,2023-12-15,BR01,Eluru,Andhra Pradesh,CUST00337,Kiran Rao,Retail,P021,Smart Watch,Electronics,2,2148.6,0.0,0.55,UPI
TXNB25B3162B7,2023-04-10,BR01,Eluru,Andhra Pradesh,CUST01609,Praveen Rao,Retail,P010,Wireless Mouse,Accessories,2,947.01,0.0,0.4,UPI
TXN44744BEA15,2024-05-21,BR01,Eluru,Andhra Pradesh,CUST01514,Aishwarya Prasad,Retail,P010,Wireless Mouse,Accessories,4,341.9,0.0,0.4,UPI
TXN654FBBC8B8,2024-04-07,BR01,Eluru,Andhra Pradesh,CUST00549,Naveen Naidu,Retail,P001,Budget Smartphone 4G,Mobile,1,8261.34,0.0,0.8,UPI
TXN6C101B4027,2024-11-03,BR01,Eluru,Andhra Pradesh,CUST00797,Kiran Prasad,Retail,P007,Gaming Laptop i7,Laptop,1,109987.47,0.25,0.78,UPI
TXN1895DB916B,2023-10-05,BR01,Eluru,Andhra Pradesh,CUST01209,Anitha Reddy,Corporate,P004,Wireless Earbuds,Mobile,2,3937.96,0.2,0.55,Credit Card
TXN5801793FEC,2024-07-30,BR01,Eluru,Andhra Pradesh,CUST00557,Deepika Sarma,Wholesale,P002,Mid-range Smartphone 5G,Mobile,4,18708.92,0.15,0.78,Debit Card
TXN78DE631A91,2024-05-16,BR01,Eluru,Andhra Pradesh,CUST00844,Ravi Varma,Retail,P004,Wireless Earbuds,Mobile,2,5962.34,0.1,0.55,UPI
TXND89BA1ECFA,2024-03-24,BR01,Eluru,Andhra Pradesh,CUST01728,Ravi Sarma,Retail,P008,Ultrabook Thin & Light,Laptop,1,63890.88,0.1,0.79,Cash
TXNC6A09E8B06,2024-06-09,BR01,Eluru,Andhra Pradesh,CUST00147,Lakshmi Naidu,Retail,P004,Wireless Earbuds,Mobile,2,4540.13,0.1,0.55,UPI
TXN4346B92F25,2023-01-22,BR01,Eluru,Andhra Pradesh,CUST00347,Swathi Reddy,Retail,P002,Mid-range Smartphone 5G,Mobile,1,24753.83,0.0,0.78,UPI
TXN8391ECF7A6,2023-04-23,BR01,Eluru,Andhra Pradesh,CUST00368,Divya Sharma,Retail,P005,Entry Laptop i3,Laptop,1,35914.82,0.1,0.82,Debit Card
TXNFF55FBA9E5,2023-11-05,BR01,Eluru,Andhra Pradesh,CUST01991,Naveen Rao,Wholesale,P017,Microwave Oven,Home Appliances,2,13080.24,0.1,0.75,Credit Card
TXN6AA3B262C9,2023-04-19,BR01,Eluru,Andhra Pradesh,CUST01061,Harika Murthy,Retail,P016,Washing Machine,Home Appliances,1,25230.3,0.1,0.8,Debit Card
TXN7FC9F1E5A9,2023-01-06,BR01,Eluru,Andhra Pradesh,CUST00477,Sandeep Varma,Wholesale,P021,Smart Watch,Electronics,2,10412.76,0.0,0.55,Cash
TXN33CBAF7B59,2023-11-15,BR01,Eluru,Andhra Pradesh,CUST00780,Sneha Devi,Retail,P019,LED TV 55-inch,Electronics,1,45834.98,0.2,0.79,Cash
TXN7EAB55F6D5,2023-09-10,BR01,Eluru,Andhra Pradesh,CUST00566,Manoj Murthy,Retail,P002,Mid-range Smartphone 5G,Mobile,2,17972.88,0.1,0.78,Net Banking
TXNE75616FA73,2023-07-10,BR01,Eluru,Andhra Pradesh,CUST01641,Arjun Rao,Retail,P009,Laptop Bag,Accessories,1,787.64,0.1,0.45,UPI
TXN92DCFDFE2E,2024-06-29,BR01,Eluru,Andhra Pradesh,CUST01797,Kavya Kumar,Corporate,P005,Entry Laptop i3,Laptop,1,30461.25,0.15,0.82,Debit Card
TXN97A7A183B0,2024-10-28,BR01,Eluru,Andhra Pradesh,CUST00243,Harika Murthy,Retail,P020,Home Theatre System,Electronics,1,5141.36,0.2,0.6,UPI
TXNDB4BA0D597,2023-10-14,BR01,Eluru,Andhra Pradesh,CUST00710,Naveen Devi,Retail,P009,Laptop Bag,Accessories,2,1120.47,0.25,0.45,Cash
TXN952D683506,2023-09-01,BR01,Eluru,Andhra Pradesh,CUST01295,Swathi Babu,Retail,P012,Mobile Charger,Accessories,1,594.17,0.05,0.42,UPI
TXNCDADBC1FCC,2023-03-12,BR01,Eluru,Andhra Pradesh,CUST00172,Aishwarya Sharma,Retail,P004,Wireless Earbuds,Mobile,1,5478.05,0.15,0.55,UPI
TXN273607F100,2024-09-05,BR01,Eluru,Andhra Pradesh,CUST00314,Swathi Sharma,Retail,P012,Mobile Charger,Accessories,1,931.05,0.1,0.42,UPI
TXNF2AE7052C5,2024-02-01,BR01,Eluru,Andhra Pradesh,CUST01537,Swathi Murthy,Corporate,P014,Split AC 1.5 Ton,Home Appliances,1,32660.61,0.0,0.83,UPI
TXN1585D1B540,2024-11-05,BR01,Eluru,Andhra Pradesh,CUST00127,Ajay Kumar,Retail,P002,Mid-range Smartphone 5G,Mobile,1,20186.7,0.05,0.78,UPI
TXN7BAE792B88,2024-04-12,BR01,Eluru,Andhra Pradesh,CUST00120,Praveen Naidu,Retail,P013,Power Bank,Accessories,1,1659.6,0.0,0.48,UPI
TXN10E953D85D,2024-11-19,BR01,Eluru,Andhra Pradesh,CUST01055,Priya Sarma,Retail,P004,Wireless Earbuds,Mobile,1,5270.25,0.15,0.55,UPI
TXN1917414E30,2024-06-14,BR01,Eluru,Andhra Pradesh,CUST00691,Praveen Reddy,Retail,P012,Mobile Charger,Accessories,4,1660.47,0.1,0.42,UPI
TXN1A3B4DAC27,2023-07-19,BR01,Eluru,Andhra Pradesh,CUST00026,Harika Varma,Retail,P005,Entry Laptop i3,Laptop,1,28234.92,0.0,0.82,Debit Card
TXN5BF06F13CF,2023-11-14,BR01,Eluru,Andhra Pradesh,CUST00662,Ajay Sarma,Corporate,P015,Refrigerator 300L,Home Appliances,1,25916.07,0.25,0.82,UPI
TXN5FF68BABDE,2024-03-07,BR01,Eluru,Andhra Pradesh,CUST00770,Aishwarya Sarma,Retail,P018,LED TV 43-inch,Electronics,1,33271.13,0.15,0.8,Debit Card
TXNFE393EE788,2024-05-12,BR01,Eluru,Andhra Pradesh,CUST01361,Sneha Reddy,Retail,P003,Flagship Smartphone,Mobile,1,51084.43,0.0,0.75,Debit Card
TXN6B78F5C9AE,2024-02-11,BR01,Eluru,Andhra Pradesh,CUST01028,Praveen Sharma,Retail,P008,Ultrabook Thin & Light,Laptop,1,83092.95,0.0,0.79,UPI
TXN1936FE6EF4,2024-09-18,BR01,Eluru,Andhra Pradesh,CUST01170,Anitha Varma,Wholesale,P001,Budget Smartphone 4G,Mobile,4,12250.84,0.0,0.8,UPI
TXN6AE752D15B,2023-01-22,BR01,Eluru,Andhra Pradesh,CUST01799,Sandeep Kumar,Retail,P004,Wireless Earbuds,Mobile,1,5726.94,0.0,0.55,Net Banking
TXNFC2CE438FB,2024-08-04,BR01,Eluru,Andhra Pradesh,CUST01293,Suresh Sharma,Retail,P009,Laptop Bag,Accessories,4,813.27,0.0,0.45,Credit Card
TXN2A41741BEC,2023-02-21,BR01,Eluru,Andhra Pradesh,CUST00061,Meena Kumar,Retail,P001,Budget Smartphone 4G,Mobile,1,11461.87,0.0,0.8,Net Banking
TXN3D0536B9D2,2024-03-05,BR01,Eluru,Andhra Pradesh,CUST00189,Meena Prasad,Wholesale,P013,Power Bank,Accessories,2,1342.28,0.1,0.48,Debit Card
TXNE2953B6084,2024-07-22,BR01,Eluru,Andhra Pradesh,CUST00125,Meena Sarma,Retail,P003,Flagship Smartphone,Mobile,1,67604.16,0.1,0.75,Net Banking
TXN0EB763B990,2023-09-19,BR01,Eluru,Andhra Pradesh,CUST01289,Priya Naidu,Retail,P006,Business Laptop i5,Laptop,1,54888.86,0.1,0.8,Debit Card
TXN1B9DA1B6C2,2023-12-07,BR01,Eluru,Andhra Pradesh,CUST01113,Swathi Murthy,Retail,P001,Budget Smartphone 4G,Mobile,3,11809.88,0.15,0.8,Debit Card
TXN5E3D2A2056,2024-05-30,BR01,Eluru,Andhra Pradesh,CUST00560,Srinivas Sharma,Retail,P014,Split AC 1.5 Ton,Home Appliances,1,37515.85,0.15,0.83,UPI
TXNFD541E431D,2023-01-12,BR01,Eluru,Andhra Pradesh,CUST01649,Manoj Chowdary,Retail,P002,Mid-range Smartphone 5G,Mobile,1,24647.96,0.1,0.78,UPI
TXN418CE58E93,2024-07-18,BR01,Eluru,Andhra Pradesh,CUST01512,Priya Varma,Wholesale,P002,Mid-range Smartphone 5G,Mobile,3,19252.92,0.1,0.78,Cash
TXNDE1FA80535,2024-10-19,BR01,Eluru,Andhra Pradesh,CUST01030,Pooja Sharma,Wholesale,P021,Smart Watch,Electronics,1,3870.94,0.1,0.55,Cash
TXN5E36E03C9D,2024-01-04,BR01,Eluru,Andhra Pradesh,CUST00671,Swathi Chowdary,Wholesale,P020,Home Theatre System,Electronics,3,10245.1,0.0,0.6,UPI
TXN6645D7B646,2024-03-30,BR01,Eluru,Andhra Pradesh,CUST00935,Divya Kumar,Retail,P019,LED TV 55-inch,Electronics,1,44369.65,0.0,0.79,Debit Card
TXNB7376B2F3F,2023-11-10,BR01,Eluru,Andhra Pradesh,CUST00042,Suresh Chowdary,Retail,P006,Business Laptop i5,Laptop,1,50860.58,0.1,0.8,UPI
TXN685DEDF33A,2024-01-04,BR01,Eluru,Andhra Pradesh,CUST01936,Vikram Devi,Retail,P008,Ultrabook Thin & Light,Laptop,1,92631.33,0.0,0.79,Credit Card
TXN88046F221B,2023-01-23,BR01,Eluru,Andhra Pradesh,CUST01259,Lakshmi Devi,Wholesale,P012,Mobile Charger,Accessories,1,303.87,0.0,0.42,UPI
TXN24576EBB46,2023-03-27,BR01,Eluru,Andhra Pradesh,CUST01307,Suresh Prasad,Wholesale,P018,LED TV 43-inch,Electronics,1,24743.04,0.0,0.8,Debit Card
TXN35691F800E,2023-12-19,BR01,Eluru,Andhra Pradesh,CUST01728,Ravi Sarma,Retail,P019,LED TV 55-inch,Electronics,1,50393.34,0.0,0.79,UPI
TXN3DE003512B,2023-07-24,BR01,Eluru,Andhra Pradesh,CUST01893,Priya Sharma,Retail,P009,Laptop Bag,Accessories,4,1604.06,0.0,0.45,UPI
TXN0673AA732C,2023-06-18,BR01,Eluru,Andhra Pradesh,CUST00541,Praveen Kumar,Retail,P008,Ultrabook Thin & Light,Laptop,1,71498.41,0.0,0.79,Cash
TXN238E3417C1,2024-12-13,BR01,Eluru,Andhra Pradesh,CUST00446,Deepika Devi,Retail,P011,Bluetooth Speaker,Accessories,1,3275.93,0.15,0.5,UPI
TXNA5B7DA93F6,2023-05-26,BR01,Eluru,Andhra Pradesh,CUST00812,Deepika Murthy,Wholesale,P005,Entry Laptop i3,Laptop,1,29130.79,0.05,0.82,UPI
TXN03E8061B85,2024-11-08,BR01,Eluru,Andhra Pradesh,CUST01290,Arjun Rao,Retail,P015,Refrigerator 300L,Home Appliances,1,34745.6,0.0,0.82,UPI
TXN7B91A29D11,2023-01-06,BR01,Eluru,Andhra Pradesh,CUST00098,Srinivas Rao,Wholesale,P014,Split AC 1.5 Ton,Home Appliances,1,33719.78,0.0,0.83,UPI
TXNF6FCFD9002,2023-05-23,BR01,Eluru,Andhra Pradesh,CUST01486,Lakshmi Chowdary,Retail,P019,LED TV 55-inch,Electronics,1,56275.88,0.15,0.79,UPI
TXN1A178CC185,2024-04-08,BR01,Eluru,Andhra Pradesh,CUST00789,Vikram Rao,Retail,P001,Budget Smartphone 4G,Mobile,3,10502.2,0.0,0.8,UPI
TXNBC98B7A620,2024-07-07,BR01,Eluru,Andhra Pradesh,CUST00727,Priya Kumar,Retail,P005,Entry Laptop i3,Laptop,1,31518.34,0.05,0.82,UPI
TXN830BB3844D,2023-08-06,BR01,Eluru,Andhra Pradesh,CUST01966,Aishwarya Prasad,Corporate,P001,Budget Smartphone 4G,Mobile,1,8833.84,0.15,0.8,UPI
TXNEDDBDB2B70,2024-08-27,BR01,Eluru,Andhra Pradesh,CUST00448,Kavya Chowdary,Retail,P010,Wireless Mouse,Accessories,1,1211.04,0.0,0.4,Net Banking
TXN8758A91DEA,2024-01-29,BR01,Eluru,Andhra Pradesh,CUST01044,Vikram Chowdary,Corporate,P001,Budget Smartphone 4G,Mobile,1,9499.9,0.15,0.8,Net Banking
TXN7FB7281467,2024-10-06,BR01,Eluru,Andhra Pradesh,CUST00617,Kavya Babu,Retail,P018,LED TV 43-inch,Electronics,1,33517.48,0.0,0.8,UPI
TXNEDB544BFFF,2023-03-27,BR01,Eluru,Andhra Pradesh,CUST00037,Sandeep Chowdary,Wholesale,P018,LED TV 43-inch,Electronics,1,22233.34,0.15,0.8,UPI
TXN15761E947D,2023-12-14,BR01,Eluru,Andhra Pradesh,CUST01378,Divya Sarma,Corporate,P009,Laptop Bag,Accessories,1,807.28,0.15,0.45,UPI
TXN329F4F3FD9,2023-08-20,BR01,Eluru,Andhra Pradesh,CUST01887,Ravi Kumar,Corporate,P019,LED TV 55-inch,Electronics,1,42419.83,0.1,0.79,Cash
TXNAB8EC2602D,2024-02-04,BR01,Eluru,Andhra Pradesh,CUST01722,Ajay Devi,Retail,P003,Flagship Smartphone,Mobile,1,64685.93,0.0,0.75,UPI
TXN81CE52DACA,2023-11-10,BR01,Eluru,Andhra Pradesh,CUST00510,Lakshmi Chowdary,Retail,P006,Business Laptop i5,Laptop,1,53795.45,0.1,0.8,UPI
TXNE2F60F54C8,2023-02-10,BR01,Eluru,Andhra Pradesh,CUST00815,Sandeep Rao,Retail,P004,Wireless Earbuds,Mobile,4,3317.86,0.05,0.55,UPI
TXN8E9EC3801A,2023-02-28,BR01,Eluru,Andhra Pradesh,CUST01553,Meena Naidu,Wholesale,P021,Smart Watch,Electronics,1,7950.83,0.0,0.55,Credit Card
TXNA89142F5E8,2023-07-18,BR01,Eluru,Andhra Pradesh,CUST01363,Pooja Prasad,Retail,P009,Laptop Bag,Accessories,2,1498.9,0.0,0.45,Net Banking
TXNB31E4B7055,2024-02-19,BR01,Eluru,Andhra Pradesh,CUST00601,Ravi Babu,Retail,P018,LED TV 43-inch,Electronics,1,26499.8,0.0,0.8,Cash
TXN53E82EDCB0,2024-10-25,BR01,Eluru,Andhra Pradesh,CUST01250,Sandeep Varma,Wholesale,P003,Flagship Smartphone,Mobile,1,56673.94,0.1,0.75,Credit Card
TXNE01340824A,2023-11-01,BR01,Eluru,Andhra Pradesh,CUST01476,Ramesh Naidu,Wholesale,P009,Laptop Bag,Accessories,1,1742.93,0.15,0.45,Debit Card
TXND7031741D2,2024-02-02,BR01,Eluru,Andhra Pradesh,CUST00926,Sandeep Rao,Wholesale,P012,Mobile Charger,Accessories,1,1032.83,0.15,0.42,UPI
TXN32D16051C8,2023-04-24,BR01,Eluru,Andhra Pradesh,CUST00120,Praveen Naidu,Retail,P002,Mid-range Smartphone 5G,Mobile,1,19288.02,0.1,0.78,UPI
TXN848A14E23C,2023-04-23,BR01,Eluru,Andhra Pradesh,CUST00432,Vikram Rao,Wholesale,P007,Gaming Laptop i7,Laptop,1,129723.6,0.15,0.78,UPI
TXN9DD1958F6A,2023-10-30,BR01,Eluru,Andhra Pradesh,CUST01172,Ramesh Naidu,Wholesale,P002,Mid-range Smartphone 5G,Mobile,2,19124.81,0.15,0.78,UPI
TXNCDBFD2F4C9,2023-05-04,BR01,Eluru,Andhra Pradesh,CUST00083,Anitha Naidu,Retail,P019,LED TV 55-inch,Electronics,1,48374.99,0.0,0.79,Net Banking
TXNC49385FCB0,2024-12-15,BR01,Eluru,Andhra Pradesh,CUST01046,Deepika Prasad,Retail,P002,Mid-range Smartphone 5G,Mobile,1,27522.08,0.05,0.78,Debit Card
TXN468EC097AF,2024-11-09,BR01,Eluru,Andhra Pradesh,CUST00583,Arjun Prasad,Corporate,P009,Laptop Bag,Accessories,2,1287.51,0.0,0.45,Cash
TXNF184D388E2,2023-02-24,BR01,Eluru,Andhra Pradesh,CUST01551,Sandeep Babu,Retail,P021,Smart Watch,Electronics,1,4187.76,0.05,0.55,Credit Card
TXN4FDFF710CD,2023-09-02,BR01,Eluru,Andhra Pradesh,CUST00566,Manoj Murthy,Retail,P019,LED TV 55-inch,Electronics,1,39297.58,0.0,0.79,UPI
TXN3605202DDD,2024-01-22,BR01,Eluru,Andhra Pradesh,CUST01176,Harika Murthy,Retail,P008,Ultrabook Thin & Light,Laptop,1,78210.85,0.1,0.79,UPI
TXNFA180C0907,2023-05-25,BR01,Eluru,Andhra Pradesh,CUST01036,Kiran Devi,Retail,P012,Mobile Charger,Accessories,4,1458.57,0.0,0.42,Debit Card
TXNF5651661C4,2023-12-08,BR01,Eluru,Andhra Pradesh,CUST00161,Divya Devi,Retail,P013,Power Bank,Accessories,2,1817.59,0.0,0.48,UPI
TXN7AECE88E7D,2023-07-07,BR01,Eluru,Andhra Pradesh,CUST01626,Naveen Devi,Retail,P021,Smart Watch,Electronics,1,11336.05,0.15,0.55,Cash
TXND1A3A41A98,2023-01-21,BR01,Eluru,Andhra Pradesh,CUST01655,Divya Prasad,Retail,P004,Wireless Earbuds,Mobile,2,5131.8,0.15,0.55,Credit Card
TXNC532C7DBD2,2024-01-23,BR01,Eluru,Andhra Pradesh,CUST01597,Manoj Chowdary,Corporate,P020,Home Theatre System,Electronics,1,14015.75,0.1,0.6,Credit Card
TXN4DD818B74F,2023-06-12,BR01,Eluru,Andhra Pradesh,CUST00490,Priya Kumar,Retail,P012,Mobile Charger,Accessories,1,1694.73,0.1,0.42,UPI
TXN630B143050,2024-05-20,BR01,Eluru,Andhra Pradesh,CUST01007,Suresh Rao,Wholesale,P011,Bluetooth Speaker,Accessories,2,2599.92,0.15,0.5,Credit Card
TXN777DB59555,2023-06-16,BR01,Eluru,Andhra Pradesh,CUST01784,Manoj Rao,Retail,P004,Wireless Earbuds,Mobile,3,2634.9,0.0,0.55,UPI
TXN08546A7893,2024-08-24,BR01,Eluru,Andhra Pradesh,CUST00652,Anitha Prasad,Retail,P007,Gaming Laptop i7,Laptop,1,116442.09,0.15,0.78,Credit Card
TXNE6EC4D1597,2024-05-07,BR01,Eluru,Andhra Pradesh,CUST01111,Ramesh Sharma,Retail,P015,Refrigerator 300L,Home Appliances,1,38378.51,0.0,0.82,UPI
TXN93F088F4FC,2024-03-28,BR01,Eluru,Andhra Pradesh,CUST01706,Kavya Prasad,Retail,P002,Mid-range Smartphone 5G,Mobile,1,26674.8,0.0,0.78,Credit Card
TXN26F9AE32B5,2023-11-25,BR01,Eluru,Andhra Pradesh,CUST01323,Srinivas Murthy,Retail,P014,Split AC 1.5 Ton,Home Appliances,1,40529.29,0.25,0.83,Net Banking
TXN9A8225DA06,2024-06-10,BR01,Eluru,Andhra Pradesh,CUST00677,Priya Rao,Retail,P012,Mobile Charger,Accessories,2,480.77,0.15,0.42,UPI
TXN5E4ADD83C4,2023-10-18,BR01,Eluru,Andhra Pradesh,CUST00668,Meena Kumar,Retail,P012,Mobile Charger,Accessories,1,1212.44,0.0,0.42,Credit Card
TXN5E583D3E04,2024-04-03,BR01,Eluru,Andhra Pradesh,CUST00037,Sandeep Chowdary,Wholesale,P002,Mid-range Smartphone 5G,Mobile,1,20740.96,0.1,0.78,Credit Card
TXNE828C386AF,2024-11-06,BR01,Eluru,Andhra Pradesh,CUST01754,Priya Kumar,Retail,P013,Power Bank,Accessories,1,2426.63,0.25,0.48,Credit Card
TXN93C6EA06E2,2023-09-24,BR01,Eluru,Andhra Pradesh,CUST01807,Arjun Kumar,Retail,P002,Mid-range Smartphone 5G,Mobile,1,27190.82,0.1,0.78,Net Banking
TXN97A99737E5,2024-11-18,BR01,Eluru,Andhra Pradesh,CUST00272,Ajay Kumar,Retail,P021,Smart Watch,Electronics,1,7508.4,0.25,0.55,UPI
TXNFFBA076A7D,2024-04-09,BR01,Eluru,Andhra Pradesh,CUST00232,Divya Babu,Retail,P002,Mid-range Smartphone 5G,Mobile,1,27858.49,0.05,0.78,Debit Card
TXN2A6BA3A377,2023-06-09,BR01,Eluru,Andhra Pradesh,CUST00539,Priya Prasad,Retail,P019,LED TV 55-inch,Electronics,1,56120.03,0.05,0.79,Credit Card
TXNE938F7C221,2023-05-14,BR01,Eluru,Andhra Pradesh,CUST00789,Vikram Rao,Retail,P003,Flagship Smartphone,Mobile,1,50807.92,0.1,0.75,Cash
TXN75AA0C2251,2024-09-22,BR01,Eluru,Andhra Pradesh,CUST00526,Sandeep Babu,Retail,P020,Home Theatre System,Electronics,1,15881.53,0.1,0.6,Credit Card
TXN94378B70F7,2024-10-11,BR01,Eluru,Andhra Pradesh,CUST01710,Deepika Sharma,Corporate,P020,Home Theatre System,Electronics,2,6749.15,0.15,0.6,Net Banking
TXN585BB91DC9,2024-02-24,BR01,Eluru,Andhra Pradesh,CUST00437,Anitha Rao,Retail,P011,Bluetooth Speaker,Accessories,1,2742.85,0.1,0.5,Credit Card
TXN4A60B333B6,2024-06-05,BR01,Eluru,Andhra Pradesh,CUST00335,Meena Kumar,Retail,P004,Wireless Earbuds,Mobile,4,3948.59,0.15,0.55,Debit Card
TXN7FCFE7AB38,2023-09-26,BR01,Eluru,Andhra Pradesh,CUST00191,Sneha Babu,Retail,P003,Flagship Smartphone,Mobile,1,65856.1,0.15,0.75,UPI
TXN9413D4D6F7,2024-07-11,BR01,Eluru,Andhra Pradesh,CUST01638,Deepika Murthy,Wholesale,P008,Ultrabook Thin & Light,Laptop,1,65464.39,0.05,0.79,Debit Card
TXNF90571361A,2023-05-09,BR01,Eluru,Andhra Pradesh,CUST00206,Kavya Varma,Retail,P012,Mobile Charger,Accessories,2,1761.17,0.15,0.42,Debit Card
TXN1A0C4377C5,2023-04-03,BR01,Eluru,Andhra Pradesh,CUST00407,Naveen Babu,Corporate,P004,Wireless Earbuds,Mobile,1,1733.09,0.0,0.55,Debit Card
TXN54977A995E,2023-04-18,BR01,Eluru,Andhra Pradesh,CUST01761,Suresh Naidu,Wholesale,P015,Refrigerator 300L,Home Appliances,1,26775.72,0.0,0.82,UPI
TXNC37146749F,2023-04-15,BR01,Eluru,Andhra Pradesh,CUST01823,Sandeep Reddy,Retail,P019,LED TV 55-inch,Electronics,1,55828.42,0.0,0.79,UPI
TXN55F0BA4BAC,2023-03-25,BR01,Eluru,Andhra Pradesh,CUST01608,Ajay Sarma,Wholesale,P001,Budget Smartphone 4G,Mobile,2,12823.24,0.0,0.8,UPI
TXN9CE688E8BA,2024-04-09,BR01,Eluru,Andhra Pradesh,CUST01165,Ajay Sarma,Retail,P017,Microwave Oven,Home Appliances,1,12302.42,0.05,0.75,UPI
TXNDEB35DBC3D,2023-09-21,BR01,Eluru,Andhra Pradesh,CUST01043,Pooja Reddy,Retail,P006,Business Laptop i5,Laptop,1,44774.04,0.1,0.8,UPI
TXN14917F14EC,2023-06-07,BR01,Eluru,Andhra Pradesh,CUST00607,Meena Devi,Wholesale,P009,Laptop Bag,Accessories,1,784.63,0.05,0.45,UPI
TXNE5BDC6AEF5,2024-11-25,BR01,Eluru,Andhra Pradesh,CUST00934,Ajay Chowdary,Corporate,P019,LED TV 55-inch,Electronics,1,48071.52,0.0,0.79,Debit Card
TXN6D087363F2,2024-07-06,BR01,Eluru,Andhra Pradesh,CUST01962,Ajay Babu,Retail,P015,Refrigerator 300L,Home Appliances,1,29235.16,0.15,0.82,Cash
TXNA131F4E589,2023-10-02,BR01,Eluru,Andhra Pradesh,CUST00349,Naveen Chowdary,Corporate,P009,Laptop Bag,Accessories,2,883.54,0.05,0.45,Debit Card
TXN523798CB20,2024-06-10,BR01,Eluru,Andhra Pradesh,CUST01678,Pooja Chowdary,Retail,P011,Bluetooth Speaker,Accessories,2,1083.51,0.05,0.5,UPI
TXN2B282080C8,2024-05-29,BR01,Eluru,Andhra Pradesh,CUST01042,Ramesh Murthy,Retail,P020,Home Theatre System,Electronics,2,6791.92,0.1,0.6,Cash
TXNDB929E4AFE,2024-06-30,BR01,Eluru,Andhra Pradesh,CUST01618,Harika Murthy,Retail,P004,Wireless Earbuds,Mobile,4,3659.17,0.05,0.55,UPI
TXN37333BFC50,2023-10-05,BR01,Eluru,Andhra Pradesh,CUST01263,Anitha Sarma,Corporate,P011,Bluetooth Speaker,Accessories,3,4432.63,0.2,0.5,Cash
TXN333E021C3C,2024-02-01,BR01,Eluru,Andhra Pradesh,CUST01330,Arjun Sharma,Corporate,P011,Bluetooth Speaker,Accessories,1,4018.24,0.1,0.5,Cash
TXNFCA5B8EBC5,2024-07-12,BR01,Eluru,Andhra Pradesh,CUST01991,Naveen Rao,Wholesale,P007,Gaming Laptop i7,Laptop,1,89449.78,0.0,0.78,Credit Card
TXN7BC55ABA0A,2023-06-27,BR01,Eluru,Andhra Pradesh,CUST00394,Harika Kumar,Retail,P021,Smart Watch,Electronics,1,3704.7,0.0,0.55,UPI
TXNA067ECECFA,2023-10-06,BR01,Eluru,Andhra Pradesh,CUST01168,Suresh Murthy,Retail,P021,Smart Watch,Electronics,2,5502.75,0.1,0.55,Cash
TXN72A6E983B4,2023-12-14,BR01,Eluru,Andhra Pradesh,CUST00509,Ajay Babu,Retail,P009,Laptop Bag,Accessories,1,1589.58,0.0,0.45,Credit Card
TXN9FE103BA8F,2024-12-29,BR01,Eluru,Andhra Pradesh,CUST01962,Ajay Babu,Retail,P009,Laptop Bag,Accessories,1,1473.44,0.0,0.45,UPI
TXN2DC2E7DBB5,2023-02-10,BR01,Eluru,Andhra Pradesh,CUST00640,Naveen Sharma,Retail,P010,Wireless Mouse,Accessories,1,710.24,0.15,0.4,UPI
TXNC60976A8FE,2023-03-14,BR01,Eluru,Andhra Pradesh,CUST00706,Harika Sharma,Retail,P013,Power Bank,Accessories,1,1055.57,0.0,0.48,Net Banking
TXN592E51DC76,2024-01-12,BR01,Eluru,Andhra Pradesh,CUST00668,Meena Kumar,Retail,P002,Mid-range Smartphone 5G,Mobile,1,22642.52,0.0,0.78,Cash
TXN52AB17A1EF,2024-10-12,BR01,Eluru,Andhra Pradesh,CUST00013,Lakshmi Sharma,Wholesale,P009,Laptop Bag,Accessories,1,1919.42,0.0,0.45,UPI
TXNFCDD9C015F,2024-02-22,BR01,Eluru,Andhra Pradesh,CUST01129,Sandeep Chowdary,Retail,P010,Wireless Mouse,Accessories,1,724.41,0.0,0.4,UPI
TXNE508B168EA,2023-11-03,BR01,Eluru,Andhra Pradesh,CUST01814,Deepika Varma,Wholesale,P017,Microwave Oven,Home Appliances,1,7103.61,0.2,0.75,UPI
TXN6ED5AF01ED,2024-01-17,BR01,Eluru,Andhra Pradesh,CUST00259,Meena Devi,Retail,P011,Bluetooth Speaker,Accessories,1,1256.53,0.15,0.5,Credit Card
TXN305D19533A,2023-11-01,BR01,Eluru,Andhra Pradesh,CUST00216,Naveen Naidu,Wholesale,P013,Power Bank,Accessories,2,1977.15,0.05,0.48,UPI
TXN18150D5EA8,2024-12-14,BR01,Eluru,Andhra Pradesh,CUST00371,Anitha Kumar,Retail,P009,Laptop Bag,Accessories,1,1930.15,0.0,0.45,Cash
TXNF111B11AD6,2024-01-03,BR01,Eluru,Andhra Pradesh,CUST00396,Anitha Varma,Retail,P005,Entry Laptop i3,Laptop,1,37589.6,0.15,0.82,UPI
TXN051CD067BC,2024-03-27,BR01,Eluru,Andhra Pradesh,CUST01061,Harika Murthy,Retail,P015,Refrigerator 300L,Home Appliances,1,37399.99,0.05,0.82,UPI
TXNCDB5AF389C,2023-04-09,BR01,Eluru,Andhra Pradesh,CUST00394,Harika Kumar,Retail,P011,Bluetooth Speaker,Accessories,1,4496.9,0.0,0.5,Credit Card
TXNBC7C497672,2023-06-03,BR01,Eluru,Andhra Pradesh,CUST01389,Praveen Naidu,Retail,P004,Wireless Earbuds,Mobile,4,2097.87,0.0,0.55,Debit Card
TXNB96F4FDB0D,2024-06-06,BR01,Eluru,Andhra Pradesh,CUST01388,Arjun Naidu,Retail,P003,Flagship Smartphone,Mobile,1,65897.27,0.0,0.75,UPI
TXN8509EC9F8D,2023-10-07,BR01,Eluru,Andhra Pradesh,CUST00640,Naveen Sharma,Retail,P011,Bluetooth Speaker,Accessories,2,1873.95,0.1,0.5,Debit Card
TXN8A40079F73,2024-02-05,BR01,Eluru,Andhra Pradesh,CUST00918,Ramesh Murthy,Retail,P013,Power Bank,Accessories,1,1561.06,0.05,0.48,UPI
TXN4CE2536A68,2023-04-10,BR01,Eluru,Andhra Pradesh,CUST01235,Srinivas Sharma,Retail,P008,Ultrabook Thin & Light,Laptop,1,81526.57,0.0,0.79,Credit Card
TXN42B087FAA5,2024-01-02,BR01,Eluru,Andhra Pradesh,CUST01734,Arjun Devi,Retail,P002,Mid-range Smartphone 5G,Mobile,1,21810.1,0.05,0.78,UPI
TXN7BCC40710D,2023-12-09,BR01,Eluru,Andhra Pradesh,CUST01385,Aishwarya Murthy,Retail,P001,Budget Smartphone 4G,Mobile,1,10608.9,0.0,0.8,Debit Card
TXNCC2075FE5C,2024-02-01,BR01,Eluru,Andhra Pradesh,CUST01026,Vikram Prasad,Retail,P004,Wireless Earbuds,Mobile,1,3877.08,0.05,0.55,UPI
TXN0FAC266A4F,2024-07-08,BR01,Eluru,Andhra Pradesh,CUST01801,Priya Devi,Retail,P020,Home Theatre System,Electronics,1,10956.16,0.05,0.6,UPI
TXN52CFCC2699,2023-10-19,BR01,Eluru,Andhra Pradesh,CUST00669,Suresh Rao,Retail,P021,Smart Watch,Electronics,1,8902.71,0.15,0.55,Credit Card
TXN154D9DAFB4,2023-03-05,BR01,Eluru,Andhra Pradesh,CUST01821,Harika Sharma,Wholesale,P005,Entry Laptop i3,Laptop,1,28765.45,0.05,0.82,UPI
TXNDB6A746643,2024-12-17,BR01,Eluru,Andhra Pradesh,CUST01907,Pooja Reddy,Wholesale,P021,Smart Watch,Electronics,1,8614.62,0.15,0.55,Debit Card
TXN4D057DEAD4,2023-01-08,BR01,Eluru,Andhra Pradesh,CUST01517,Manoj Sharma,Wholesale,P010,Wireless Mouse,Accessories,3,1084.68,0.1,0.4,Debit Card
TXN7BB14EC369,2023-12-19,BR01,Eluru,Andhra Pradesh,CUST00656,Kavya Varma,Retail,P002,Mid-range Smartphone 5G,Mobile,1,22248.02,0.05,0.78,UPI
TXN7052B8B435,2023-05-26,BR01,Eluru,Andhra Pradesh,CUST00960,Swathi Chowdary,Wholesale,P004,Wireless Earbuds,Mobile,1,2127.28,0.0,0.55,Credit Card
TXNA5A381C752,2023-08-19,BR01,Eluru,Andhra Pradesh,CUST01327,Kiran Reddy,Retail,P006,Business Laptop i5,Laptop,1,47479.49,0.0,0.8,UPI
TXN33EEFCCE0A,2023-07-14,BR01,Eluru,Andhra Pradesh,CUST00314,Swathi Sharma,Retail,P011,Bluetooth Speaker,Accessories,2,4814.53,0.15,0.5,UPI
TXN003CB2C78B,2023-09-29,BR01,Eluru,Andhra Pradesh,CUST00922,Naveen Chowdary,Retail,P001,Budget Smartphone 4G,Mobile,4,13427.5,0.05,0.8,Cash
TXN0BF58448EF,2023-08-22,BR01,Eluru,Andhra Pradesh,CUST01529,Srinivas Kumar,Corporate,P006,Business Laptop i5,Laptop,1,45330.75,0.15,0.8,UPI
TXN6C7A6D7C35,2023-08-27,BR01,Eluru,Andhra Pradesh,CUST00994,Meena Murthy,Retail,P020,Home Theatre System,Electronics,1,18129.92,0.15,0.6,Net Banking
TXN162B9FA037,2024-02-08,BR01,Eluru,Andhra Pradesh,CUST01402,Kiran Sarma,Retail,P002,Mid-range Smartphone 5G,Mobile,1,23488.26,0.15,0.78,UPI
TXN11094EB0BC,2024-09-16,BR01,Eluru,Andhra Pradesh,CUST00778,Divya Sharma,Retail,P004,Wireless Earbuds,Mobile,4,2132.73,0.05,0.55,Cash
TXN853434536F,2024-02-08,BR01,Eluru,Andhra Pradesh,CUST01651,Ajay Sarma,Retail,P004,Wireless Earbuds,Mobile,1,4419.88,0.05,0.55,UPI
TXN49A0FDB5F7,2023-06-25,BR01,Eluru,Andhra Pradesh,CUST00491,Aishwarya Reddy,Retail,P015,Refrigerator 300L,Home Appliances,1,40696.1,0.1,0.82,Debit Card
TXN8BF0F4704C,2023-07-01,BR01,Eluru,Andhra Pradesh,CUST00542,Ajay Prasad,Corporate,P008,Ultrabook Thin & Light,Laptop,1,92701.98,0.1,0.79,Debit Card
TXN0CA8683208,2023-10-14,BR01,Eluru,Andhra Pradesh,CUST00794,Praveen Chowdary,Wholesale,P006,Business Laptop i5,Laptop,1,59536.86,0.15,0.8,UPI
TXN8DAD866691,2024-04-08,BR01,Eluru,Andhra Pradesh,CUST00401,Suresh Kumar,Wholesale,P007,Gaming Laptop i7,Laptop,1,110812.31,0.05,0.78,Cash
TXNEFCF0EC139,2024-10-19,BR01,Eluru,Andhra Pradesh,CUST01488,Ravi Sarma,Wholesale,P009,Laptop Bag,Accessories,2,1276.71,0.2,0.45,UPI
TXNC1DC05C235,2023-08-12,BR01,Eluru,Andhra Pradesh,CUST01380,Naveen Sharma,Retail,P011,Bluetooth Speaker,Accessories,2,1788.51,0.0,0.5,Net Banking
TXN0418774C2C,2023-03-23,BR01,Eluru,Andhra Pradesh,CUST00328,Ajay Kumar,Retail,P020,Home Theatre System,Electronics,1,12048.04,0.0,0.6,Cash
TXN943DF4CB25,2024-10-25,BR01,Eluru,Andhra Pradesh,CUST00280,Kiran Murthy,Corporate,P020,Home Theatre System,Electronics,2,11451.37,0.05,0.6,UPI
TXNE32ADBCD53,2023-07-13,BR01,Eluru,Andhra Pradesh,CUST01591,Manoj Sharma,Retail,P011,Bluetooth Speaker,Accessories,1,2043.94,0.05,0.5,Cash
TXN6E689B6FEF,2023-04-14,BR01,Eluru,Andhra Pradesh,CUST01183,Deepika Chowdary,Wholesale,P005,Entry Laptop i3,Laptop,1,33101.99,0.05,0.82,Net Banking
TXN877755F391,2024-08-05,BR01,Eluru,Andhra Pradesh,CUST01932,Harika Kumar,Wholesale,P014,Split AC 1.5 Ton,Home Appliances,1,44186.06,0.1,0.83,Debit Card
TXN734BEFC8DA,2023-07-30,BR01,Eluru,Andhra Pradesh,CUST00747,Srinivas Murthy,Corporate,P018,LED TV 43-inch,Electronics,1,22436.25,0.15,0.8,Net Banking
TXN854E5C74F9,2023-08-20,BR01,Eluru,Andhra Pradesh,CUST01957,Vikram Devi,Retail,P019,LED TV 55-inch,Electronics,1,41291.98,0.15,0.79,UPI
TXN9870B3F29C,2023-06-05,BR01,Eluru,Andhra Pradesh,CUST01368,Pooja Kumar,Wholesale,P003,Flagship Smartphone,Mobile,1,54309.51,0.1,0.75,Cash
TXNBA7BDF8196,2023-05-14,BR01,Eluru,Andhra Pradesh,CUST01744,Lakshmi Varma,Retail,P012,Mobile Charger,Accessories,1,1327.01,0.0,0.42,Debit Card
TXN11337EDA42,2023-11-07,BR01,Eluru,Andhra Pradesh,CUST00631,Aishwarya Kumar,Retail,P012,Mobile Charger,Accessories,1,315.61,0.15,0.42,Debit Card
TXNDD71A90BE9,2024-10-12,BR01,Eluru,Andhra Pradesh,CUST00042,Suresh Chowdary,Retail,P003,Flagship Smartphone,Mobile,1,58425.98,0.1,0.75,Credit Card
TXN97A04C111F,2023-03-19,BR01,Eluru,Andhra Pradesh,CUST01550,Pooja Devi,Retail,P009,Laptop Bag,Accessories,4,1947.98,0.0,0.45,Net Banking
TXN03B189EF40,2024-02-10,BR01,Eluru,Andhra Pradesh,CUST00751,Naveen Sharma,Corporate,P011,Bluetooth Speaker,Accessories,1,4645.81,0.05,0.5,Cash
TXN47D1272393,2023-08-12,BR01,Eluru,Andhra Pradesh,CUST01625,Meena Varma,Retail,P012,Mobile Charger,Accessories,1,1093.39,0.1,0.42,Credit Card
TXN713752381F,2023-01-11,BR01,Eluru,Andhra Pradesh,CUST01621,Lakshmi Naidu,Wholesale,P005,Entry Laptop i3,Laptop,1,32722.02,0.0,0.82,Cash
TXN36CE4AEE20,2023-06-04,BR01,Eluru,Andhra Pradesh,CUST01380,Naveen Sharma,Retail,P012,Mobile Charger,Accessories,1,1037.37,0.05,0.42,UPI
TXN2355B4C751,2023-02-10,BR01,Eluru,Andhra Pradesh,CUST01317,Swathi Murthy,Retail,P001,Budget Smartphone 4G,Mobile,2,12733.58,0.0,0.8,UPI
TXN31B58CFD24,2024-07-05,BR01,Eluru,Andhra Pradesh,CUST01037,Aishwarya Kumar,Retail,P012,Mobile Charger,Accessories,3,572.92,0.0,0.42,Debit Card
TXN4BBCB4FB7C,2024-03-18,BR01,Eluru,Andhra Pradesh,CUST01292,Suresh Devi,Corporate,P002,Mid-range Smartphone 5G,Mobile,1,26763.47,0.15,0.78,Credit Card
TXN12FC7B16CF,2024-03-15,BR01,Eluru,Andhra Pradesh,CUST01002,Ajay Murthy,Retail,P009,Laptop Bag,Accessories,1,1498.83,0.15,0.45,Cash
TXN8B6BF420DD,2023-01-29,BR01,Eluru,Andhra Pradesh,CUST01170,Anitha Varma,Wholesale,P002,Mid-range Smartphone 5G,Mobile,1,24218.3,0.05,0.78,Cash
TXND9197A8BEE,2024-08-28,BR01,Eluru,Andhra Pradesh,CUST00386,Priya Murthy,Retail,P010,Wireless Mouse,Accessories,3,1110.32,0.1,0.4,Cash
TXN2E7B162C20,2024-06-12,BR01,Eluru,Andhra Pradesh,CUST01163,Pooja Chowdary,Corporate,P011,Bluetooth Speaker,Accessories,1,4288.17,0.15,0.5,UPI
TXN06018C8642,2023-12-13,BR01,Eluru,Andhra Pradesh,CUST01121,Deepika Naidu,Retail,P004,Wireless Earbuds,Mobile,1,5879.82,0.15,0.55,UPI
TXNCCA3D69DF6,2024-04-05,BR01,Eluru,Andhra Pradesh,CUST01074,Deepika Chowdary,Retail,P016,Washing Machine,Home Appliances,1,24265.79,0.0,0.8,Debit Card
TXN4C709C5DA2,2023-04-25,BR01,Eluru,Andhra Pradesh,CUST01245,Naveen Sharma,Corporate,P001,Budget Smartphone 4G,Mobile,2,13615.36,0.0,0.8,Cash
TXN4A7BF916D1,2023-02-18,BR01,Eluru,Andhra Pradesh,CUST01180,Swathi Reddy,Retail,P012,Mobile Charger,Accessories,2,811.79,0.1,0.42,Debit Card
TXN665040458F,2024-02-23,BR01,Eluru,Andhra Pradesh,CUST00565,,Retail,P014,Split AC 1.5 Ton,Home Appliances,1,36294.47,0.0,0.83,Debit Card
TXN26F06F63F2,2024-02-07,BR01,Eluru,Andhra Pradesh,CUST00387,Divya Varma,Retail,P010,Wireless Mouse,Accessories,1,1173.19,0.0,0.4,Debit Card
TXN4CC6008681,2023-02-18,BR01,Eluru,Andhra Pradesh,CUST01574,Divya Prasad,Retail,P002,Mid-range Smartphone 5G,Mobile,1,15908.26,0.0,0.78,Net Banking
TXNDAAF5BBE33,2024-12-18,BR01,Eluru,Andhra Pradesh,CUST01313,Arjun Varma,Wholesale,P006,Business Laptop i5,Laptop,1,43545.8,0.0,0.8,Credit Card
TXND90630FB5C,2024-01-15,BR01,Eluru,Andhra Pradesh,CUST01645,Suresh Varma,Retail,P012,Mobile Charger,Accessories,1,385.08,0.15,0.42,Net Banking
TXNF0831B0634,2023-10-28,BR01,Eluru,Andhra Pradesh,CUST00350,Praveen Kumar,Retail,P001,Budget Smartphone 4G,Mobile,1,10896.35,0.25,0.8,UPI
TXNCA3DDDD3F7,2023-06-01,BR01,Eluru,Andhra Pradesh,CUST00456,Lakshmi Sarma,Retail,P014,Split AC 1.5 Ton,Home Appliances,1,44432.29,0.0,0.83,UPI
TXNC04EBDEA50,2023-10-04,BR01,Eluru,Andhra Pradesh,CUST01010,Srinivas Prasad,Retail,P002,Mid-range Smartphone 5G,Mobile,1,27084.46,0.1,0.78,Debit Card
TXN207F2A4700,2023-10-21,BR01,Eluru,Andhra Pradesh,CUST00873,Sandeep Sarma,Retail,P004,Wireless Earbuds,Mobile,2,3806.99,0.15,0.55,UPI
TXN455E272F25,2024-11-24,BR01,Eluru,Andhra Pradesh,CUST00100,Sneha Chowdary,Retail,P008,Ultrabook Thin & Light,Laptop,1,68278.32,0.15,0.79,UPI
TXND3E2F9A983,2023-12-31,BR01,Eluru,Andhra Pradesh,CUST00591,Kiran Reddy,Retail,P021,Smart Watch,Electronics,1,2009.99,0.15,0.55,Credit Card
TXNE9D432FD0F,2023-10-03,BR01,Eluru,Andhra Pradesh,CUST01068,Arjun Devi,Corporate,P001,Budget Smartphone 4G,Mobile,1,9381.26,0.2,0.8,UPI
TXNA607F2F3EA,2024-05-15,BR01,Eluru,Andhra Pradesh,CUST00734,Sandeep Naidu,Retail,P014,Split AC 1.5 Ton,Home Appliances,1,32106.93,0.0,0.83,Credit Card
TXN15B468BE7A,2023-03-03,BR01,Eluru,Andhra Pradesh,CUST00046,Arjun Babu,Retail,P001,Budget Smartphone 4G,Mobile,4,12517.6,0.0,0.8,Debit Card
TXNF7CAF98417,2024-05-30,BR01,Eluru,Andhra Pradesh,CUST00996,Deepika Babu,Retail,P005,Entry Laptop i3,Laptop,1,32840.65,0.0,0.82,Net Banking
TXN3F62B83BC8,2024-03-03,BR01,Eluru,Andhra Pradesh,CUST00155,Harika Sarma,Retail,P010,Wireless Mouse,Accessories,1,1102.02,0.15,0.4,UPI
TXNFE7F58A011,2024-11-03,BR01,Eluru,Andhra Pradesh,CUST01200,Anitha Prasad,Retail,P011,Bluetooth Speaker,Accessories,1,1948.68,0.0,0.5,Debit Card
TXN732FFFA6B2,2024-02-21,BR01,Eluru,Andhra Pradesh,CUST00919,Ajay Varma,Retail,P006,Business Laptop i5,Laptop,1,57138.41,0.1,0.8,Credit Card
TXNFD44E7B0ED,2023-04-27,BR01,Eluru,Andhra Pradesh,CUST00258,Deepika Murthy,Retail,P010,Wireless Mouse,Accessories,1,1393.41,0.0,0.4,UPI
TXN31DBC791B0,2024-04-03,BR01,Eluru,Andhra Pradesh,CUST01805,Deepika Varma,Retail,P020,Home Theatre System,Electronics,1,18958.59,0.1,0.6,Cash
TXN953D9BDB5F,2024-10-02,BR01,Eluru,Andhra Pradesh,CUST00357,Arjun Sharma,Retail,P021,Smart Watch,Electronics,2,3458.52,0.25,0.55,Net Banking
TXNA311810064,2023-05-27,BR01,Eluru,Andhra Pradesh,CUST01748,Suresh Kumar,Retail,P012,Mobile Charger,Accessories,3,441.96,0.1,0.42,UPI
TXNE32022E311,2024-11-15,BR01,Eluru,Andhra Pradesh,CUST00216,Naveen Naidu,Wholesale,P001,Budget Smartphone 4G,Mobile,3,9622.91,0.0,0.8,UPI
TXNAB01D0C283,2024-02-24,BR01,Eluru,Andhra Pradesh,CUST01870,Meena Reddy,Retail,P001,Budget Smartphone 4G,Mobile,1,12440.9,0.1,0.8,UPI
TXN0602AD9787,2023-10-01,BR01,Eluru,Andhra Pradesh,CUST00974,Kiran Naidu,Retail,P008,Ultrabook Thin & Light,Laptop,1,66266.16,0.1,0.79,UPI
TXN7A086550B7,2024-10-01,BR01,Eluru,Andhra Pradesh,CUST01747,Naveen Babu,Retail,P002,Mid-range Smartphone 5G,Mobile,1,21199.46,0.1,0.78,UPI
TXNF5F6803C39,2023-08-01,BR01,Eluru,Andhra Pradesh,CUST01269,Ajay Naidu,Retail,P004,Wireless Earbuds,Mobile,2,3723.39,0.15,0.55,UPI
TXNE57B3D99E5,2024-08-21,BR01,Eluru,Andhra Pradesh,CUST00618,Kiran Rao,Retail,P015,Refrigerator 300L,Home Appliances,1,41238.72,0.0,0.82,Debit Card
TXNF86656A253,2023-10-27,BR01,Eluru,Andhra Pradesh,CUST00986,Swathi Babu,Retail,P008,Ultrabook Thin & Light,Laptop,1,81644.3,0.2,0.79,Net Banking
TXN45993F89A5,2024-07-09,BR01,Eluru,Andhra Pradesh,CUST01962,Ajay Babu,Retail,P001,Budget Smartphone 4G,Mobile,2,13811.27,0.0,0.8,UPI
TXN2A6145799A,2024-04-26,BR01,Eluru,Andhra Pradesh,CUST00728,Kavya Devi,Retail,P015,Refrigerator 300L,Home Appliances,1,25751.91,0.0,0.82,Debit Card
TXN8CD0E41CD8,2023-03-18,BR01,Eluru,Andhra Pradesh,CUST00796,Deepika Rao,Retail,P021,Smart Watch,Electronics,1,3846.57,0.1,0.55,Credit Card
TXNFCFC5BC273,2024-09-11,BR01,Eluru,Andhra Pradesh,CUST00465,Suresh Rao,Retail,P002,Mid-range Smartphone 5G,Mobile,1,25470.88,0.0,0.78,Cash
TXN27E0263191,2023-12-18,BR01,Eluru,Andhra Pradesh,CUST01268,Anitha Chowdary,Retail,P013,Power Bank,Accessories,1,1813.14,0.1,0.48,Credit Card
TXN94C047E0E4,2023-03-27,BR01,Eluru,Andhra Pradesh,CUST00466,Harika Sarma,Retail,P005,Entry Laptop i3,Laptop,1,31585.87,0.0,0.82,UPI
TXN7E97A4A078,2023-02-25,BR01,Eluru,Andhra Pradesh,CUST00039,Kiran Devi,Retail,P003,Flagship Smartphone,Mobile,1,57671.82,0.1,0.75,UPI
TXNEFF0851B39,2024-11-09,BR01,eluru  ,Andhra Pradesh,CUST01309,Deepika Naidu,Retail,P010,Wireless Mouse,Accessories,1,1398.17,0.15,0.4,Net Banking
TXN7AA0ACE763,2023-02-02,BR01,Eluru,Andhra Pradesh,CUST00744,Ajay Rao,Retail,P007,Gaming Laptop i7,Laptop,1,100624.53,0.0,0.78,UPI
TXNB9B84C5273,2024-02-28,BR01,Eluru,Andhra Pradesh,CUST01283,Naveen Prasad,Retail,P008,Ultrabook Thin & Light,Laptop,1,75660.58,0.0,0.79,Cash
TXN68D47B48CF,2024-10-03,BR01,Eluru,Andhra Pradesh,CUST01503,Ramesh Murthy,Retail,P011,Bluetooth Speaker,Accessories,1,1729.98,0.25,0.5,UPI
TXN7DD0A619CE,2023-06-10,BR01,Eluru,Andhra Pradesh,CUST01562,Harika Devi,Wholesale,P009,Laptop Bag,Accessories,1,681.13,0.05,0.45,Cash
TXN333239178F,2024-08-25,BR01,Eluru,Andhra Pradesh,CUST00042,Suresh Chowdary,Retail,P004,Wireless Earbuds,Mobile,1,4045.9,0.0,0.55,UPI
TXN43E4360F6D,2024-12-15,BR01,Eluru,Andhra Pradesh,CUST00042,Suresh Chowdary,Retail,P014,Split AC 1.5 Ton,Home Appliances,1,43602.3,0.0,0.83,UPI
TXNDA147F1946,2023-10-25,BR01,Eluru,Andhra Pradesh,CUST00165,Meena Reddy,Retail,P009,Laptop Bag,Accessories,1,1537.37,0.1,0.45,UPI
TXN00F57EDEF8,2023-09-24,BR01,Eluru,Andhra Pradesh,CUST01500,Manoj Naidu,Retail,P002,Mid-range Smartphone 5G,Mobile,1,25707.31,0.0,0.78,Cash
TXNE717AB9274,2023-12-22,BR01,Eluru,Andhra Pradesh,CUST01890,Suresh Kumar,Retail,P012,Mobile Charger,Accessories,1,1161.9,0.0,0.42,UPI
TXN5A6729C529,2024-05-31,BR01,Eluru,Andhra Pradesh,CUST01752,Naveen Murthy,Retail,P003,Flagship Smartphone,Mobile,1,78680.53,0.0,0.75,Credit Card
TXNBFED1A6216,2023-09-29,BR01,Eluru,Andhra Pradesh,CUST01688,Aishwarya Reddy,Retail,P003,Flagship Smartphone,Mobile,1,78223.53,0.05,0.75,Debit Card
TXN15BB11AACC,2024-11-01,BR01,Eluru,Andhra Pradesh,CUST01038,Swathi Kumar,Retail,P012,Mobile Charger,Accessories,1,904.83,0.2,0.42,Credit Card
TXNCB4C06F9DE,2024-11-20,BR01,Eluru,Andhra Pradesh,CUST01704,Harika Babu,Wholesale,P008,Ultrabook Thin & Light,Laptop,1,81969.29,0.2,0.79,Cash
TXNC835B09E59,2023-12-04,BR01,Eluru,Andhra Pradesh,CUST00777,Kavya Prasad,Retail,P004,Wireless Earbuds,Mobile,2,4026.64,0.1,0.55,Cash
TXN749EF1E09A,2023-04-05,BR01,Eluru,Andhra Pradesh,CUST01758,Ajay Varma,Retail,P010,Wireless Mouse,Accessories,2,864.4,0.1,0.4,UPI
TXN1761A8BA68,2024-01-16,BR01,Eluru,Andhra Pradesh,CUST00491,Aishwarya Reddy,Retail,P012,Mobile Charger,Accessories,1,472.61,0.15,0.42,UPI
TXN93F68B722B,2024-07-23,BR01,Eluru,Andhra Pradesh,CUST00578,Aishwarya Kumar,Wholesale,P016,Washing Machine,Home Appliances,1,26493.78,0.1,0.8,Debit Card
TXNE0A38CF8A2,2024-03-14,BR01,Eluru,Andhra Pradesh,CUST01523,Vikram Rao,Corporate,P007,Gaming Laptop i7,Laptop,1,76920.87,0.0,0.78,UPI
TXN90F9D8B85D,2024-05-06,BR01,Eluru,Andhra Pradesh,CUST00416,Meena Kumar,Retail,P011,Bluetooth Speaker,Accessories,3,4842.81,0.05,0.5,UPI
TXN8CCD519D67,2023-08-29,BR01,Eluru,Andhra Pradesh,CUST01422,Kavya Rao,Retail,P012,Mobile Charger,Accessories,2,1498.79,0.15,0.42,UPI
TXN35D8D27EBD,2024-06-12,BR01,Eluru,Andhra Pradesh,CUST00044,Meena Reddy,Retail,P017,Microwave Oven,Home Appliances,2,11672.47,0.1,0.75,UPI
TXNABA6B9EC55,2024-10-21,BR01,Eluru,Andhra Pradesh,CUST01111,Ramesh Sharma,Retail,P003,Flagship Smartphone,Mobile,1,81341.8,0.2,0.75,Credit Card
TXN05C8CC7870,2024-08-20,BR01,Eluru,Andhra Pradesh,CUST01654,Ramesh Prasad,Retail,P003,Flagship Smartphone,Mobile,1,46317.65,0.0,0.75,UPI
TXN4D22696463,2024-04-19,BR01,Eluru,Andhra Pradesh,CUST00390,Harika Babu,Retail,P008,Ultrabook Thin & Light,Laptop,1,86018.8,0.0,0.79,UPI
TXN46BFC7C8A6,2023-04-30,BR01,Eluru,Andhra Pradesh,CUST01693,Lakshmi Babu,Retail,P002,Mid-range Smartphone 5G,Mobile,1,27205.06,0.0,0.78,UPI
TXN1DCA9AE026,2023-02-07,BR01,Eluru,Andhra Pradesh,CUST00097,Srinivas Devi,Retail,P020,Home Theatre System,Electronics,4,12146.45,0.0,0.6,UPI
TXN8DDC957D21,2023-10-05,BR01,Eluru,Andhra Pradesh,CUST00554,Kiran Murthy,Retail,P010,Wireless Mouse,Accessories,1,972.43,0.15,0.4,UPI
TXN4208367E09,2024-08-08,BR01,Eluru,Andhra Pradesh,CUST01173,Divya Sharma,Retail,P008,Ultrabook Thin & Light,Laptop,1,81380.62,0.1,0.79,UPI
TXN634F14883E,2023-07-13,BR01,Eluru,Andhra Pradesh,CUST00685,Sandeep Kumar,Retail,P008,Ultrabook Thin & Light,Laptop,1,75284.01,0.0,0.79,Cash
TXNEDF2D48A2D,2023-05-06,BR01,Eluru,Andhra Pradesh,CUST01097,Praveen Naidu,Retail,P004,Wireless Earbuds,Mobile,1,5397.06,0.05,0.55,UPI
TXN8B2C22C6C7,2023-05-21,BR01,Eluru,Andhra Pradesh,CUST00098,Srinivas Rao,Wholesale,P002,Mid-range Smartphone 5G,Mobile,1,25358.05,0.15,0.78,UPI
TXN4530F9A800,2023-12-23,BR01,Eluru,Andhra Pradesh,CUST00161,Divya Devi,Retail,P004,Wireless Earbuds,Mobile,3,4792.28,0.1,0.55,Net Banking
TXNA4C8147D43,2023-09-26,BR01,Eluru,Andhra Pradesh,CUST00386,Priya Murthy,Retail,P012,Mobile Charger,Accessories,2,518.46,0.0,0.42,UPI
TXN608F00DDAB,2024-12-30,BR01,Eluru,Andhra Pradesh,CUST00089,Priya Kumar,Retail,P003,Flagship Smartphone,Mobile,1,47247.75,0.05,0.75,UPI
TXN94C80DF692,2024-04-08,BR01,Eluru,Andhra Pradesh,CUST00553,Praveen Sarma,Retail,P019,LED TV 55-inch,Electronics,1,44267.65,0.15,0.79,Debit Card
TXND0B0404BC0,2023-07-18,BR01,Eluru,Andhra Pradesh,CUST00437,Anitha Rao,Retail,P001,Budget Smartphone 4G,Mobile,1,13461.25,0.05,0.8,UPI
TXN510338A812,2023-08-09,BR01,Eluru,Andhra Pradesh,CUST00577,Swathi Kumar,Wholesale,P010,Wireless Mouse,Accessories,2,470.74,0.0,0.4,Credit Card
TXN720ECDEE96,2024-12-22,BR01,Eluru,Andhra Pradesh,CUST00688,Ravi Rao,Retail,P004,Wireless Earbuds,Mobile,1,4154.91,0.1,0.55,UPI
TXNEA4B49DE00,2024-11-16,BR01,Eluru,Andhra Pradesh,CUST00647,Deepika Prasad,Corporate,P020,Home Theatre System,Electronics,1,11985.64,0.05,0.6,Cash
TXN35BFD498EE,2024-09-17,BR01,Eluru,Andhra Pradesh,CUST00796,Deepika Rao,Retail,P015,Refrigerator 300L,Home Appliances,1,40701.06,0.0,0.82,UPI
TXNC3167E0C4C,2023-07-24,BR01,Eluru,Andhra Pradesh,CUST01350,Sneha Kumar,Retail,P014,Split AC 1.5 Ton,Home Appliances,1,35009.58,0.0,0.83,Net Banking
TXN83FAD4CA62,2024-05-02,BR01,Eluru,Andhra Pradesh,CUST01694,Manoj Sarma,Retail,P021,Smart Watch,Electronics,1,10171.24,0.05,0.55,UPI
TXNA0DB712B71,2024-05-18,BR01,Eluru,Andhra Pradesh,CUST01318,Priya Chowdary,Wholesale,P004,Wireless Earbuds,Mobile,2,2168.62,0.15,0.55,UPI
TXN349014E459,2024-05-03,BR01,Eluru,Andhra Pradesh,CUST00569,Anitha Sarma,Retail,P001,Budget Smartphone 4G,Mobile,1,12348.8,0.15,0.8,Net Banking
TXN4F3206AA29,2024-01-06,BR01,Eluru,Andhra Pradesh,CUST01270,Harika Reddy,Corporate,P001,Budget Smartphone 4G,Mobile,1,11595.25,0.0,0.8,Net Banking
TXN61700EB334,2024-09-14,BR01,Eluru,Andhra Pradesh,CUST00171,Divya Devi,Retail,P012,Mobile Charger,Accessories,1,782.34,0.05,0.42,UPI
TXN8D69DFAC79,2023-03-19,BR01,Eluru,Andhra Pradesh,CUST01567,Deepika Sharma,Corporate,P013,Power Bank,Accessories,1,993.0,0.15,0.48,UPI
TXNB7787F3655,2023-06-13,BR01,Eluru,Andhra Pradesh,CUST00969,Aishwarya Murthy,Retail,P009,Laptop Bag,Accessories,2,1944.75,0.05,0.45,Net Banking
TXN5261296842,2024-05-27,BR01,Eluru,Andhra Pradesh,CUST01907,Pooja Reddy,Wholesale,P001,Budget Smartphone 4G,Mobile,1,13751.87,0.0,0.8,UPI
TXNBDE2DA41D4,2023-09-06,BR01,Eluru,Andhra Pradesh,CUST00139,Ajay Rao,Retail,P018,LED TV 43-inch,Electronics,1,32192.8,,0.8,UPI
TXN2B2073B7F7,2023-07-06,BR01,Eluru,Andhra Pradesh,CUST01538,Sneha Naidu,Retail,P018,LED TV 43-inch,Electronics,1,31543.73,0.15,0.8,UPI
TXN9846FACCFC,2023-10-02,BR01,Eluru,Andhra Pradesh,CUST00280,Kiran Murthy,Corporate,P018,LED TV 43-inch,Electronics,1,30828.59,0.0,0.8,UPI
TXN9C3CF900F7,2024-11-05,BR01,Eluru,Andhra Pradesh,CUST01652,Arjun Sharma,Retail,P004,Wireless Earbuds,Mobile,1,1987.75,0.25,0.55,UPI
TXNC83E2D7082,2024-12-31,BR01,Eluru,Andhra Pradesh,CUST01872,Swathi Naidu,Retail,P012,Mobile Charger,Accessories,1,497.45,0.0,0.42,Net Banking
TXNDA1BB2B6A1,2024-08-19,BR01,Eluru,Andhra Pradesh,CUST01638,Deepika Murthy,Wholesale,P021,Smart Watch,Electronics,2,4417.41,0.0,0.55,Debit Card
TXN409EB66B2E,2024-07-28,BR01,Eluru,Andhra Pradesh,CUST00971,Naveen Sharma,Wholesale,P001,Budget Smartphone 4G,Mobile,1,9087.61,0.15,0.8,UPI
TXNEF1D5C18F2,2024-10-25,BR01,Eluru,Andhra Pradesh,CUST01816,Meena Chowdary,Wholesale,P015,Refrigerator 300L,Home Appliances,1,29686.21,0.1,0.82,UPI
TXNDF7975C4ED,2024-12-08,BR01,Eluru,Andhra Pradesh,CUST01152,Arjun Sarma,Wholesale,P008,Ultrabook Thin & Light,Laptop,1,55180.36,0.1,0.79,Debit Card
TXND4B31B72FD,2023-04-06,BR01,Eluru,Andhra Pradesh,CUST01501,Sneha Devi,Retail,P003,Flagship Smartphone,Mobile,1,66847.59,0.0,0.75,UPI
TXNCBBDED520E,2024-06-11,BR01,Eluru,Andhra Pradesh,CUST01864,Praveen Babu,Retail,P014,Split AC 1.5 Ton,Home Appliances,1,41188.9,0.0,0.83,Debit Card
TXN03F122A7C6,2023-08-27,BR01,Eluru,Andhra Pradesh,CUST00171,Divya Devi,Retail,P009,Laptop Bag,Accessories,4,794.42,0.0,0.45,Cash
TXN1FBCCBAC10,2023-09-06,BR01,Eluru,Andhra Pradesh,CUST00486,Srinivas Varma,Retail,P013,Power Bank,Accessories,3,2240.77,0.0,0.48,Debit Card
TXNADCAA93452,2024-06-24,BR01,Eluru,Andhra Pradesh,CUST00166,Vikram Chowdary,Wholesale,P010,Wireless Mouse,Accessories,4,667.26,0.0,0.4,Net Banking
TXN4BBD246DD3,2024-10-17,BR01,Eluru,Andhra Pradesh,CUST01992,Manoj Sharma,Wholesale,P002,Mid-range Smartphone 5G,Mobile,1,24841.68,0.0,0.78,Net Banking
TXN2742AF5AB4,2024-09-05,BR01,Eluru,Andhra Pradesh,CUST01311,Naveen Sharma,Retail,P010,Wireless Mouse,Accessories,2,976.04,0.05,0.4,Net Banking
TXNCE06820484,2024-07-08,BR01,Eluru,Andhra Pradesh,CUST01810,Kavya Chowdary,Retail,P005,Entry Laptop i3,Laptop,1,33365.37,0.15,0.82,Net Banking
TXN65D0CDB672,2023-06-03,BR01,Eluru,Andhra Pradesh,CUST01522,Lakshmi Naidu,Retail,P018,LED TV 43-inch,Electronics,1,33242.07,0.15,0.8,UPI
TXN6617192342,2023-09-28,BR01,Eluru,Andhra Pradesh,CUST00466,Harika Sarma,Retail,P003,Flagship Smartphone,Mobile,1,87682.86,0.1,0.75,UPI
TXN84E1F7F2AA,2024-05-12,BR01,Eluru,Andhra Pradesh,CUST00267,Srinivas Murthy,Retail,P004,Wireless Earbuds,Mobile,3,3586.35,0.0,0.55,UPI
TXNCCABC2B205,2023-07-18,BR01,Eluru,Andhra Pradesh,CUST01337,Sandeep Rao,Corporate,P019,LED TV 55-inch,Electronics,1,58808.98,0.0,0.79,Net Banking
TXNB196EAC379,2024-07-26,BR01,Eluru,Andhra Pradesh,CUST00665,Vikram Kumar,Retail,P009,Laptop Bag,Accessories,1,1834.26,0.0,0.45,Cash
TXN56F25294F4,2024-01-27,BR01,Eluru,Andhra Pradesh,CUST01887,Ravi Kumar,Corporate,P020,Home Theatre System,Electronics,1,17230.83,0.0,0.6,UPI
TXNF96714D0E0,2024-06-08,BR01,Eluru,Andhra Pradesh,CUST01208,Priya Babu,Retail,P001,Budget Smartphone 4G,Mobile,4,11743.28,0.0,0.8,Cash
TXNDED517F23F,2023-06-03,BR01,Eluru,Andhra Pradesh,CUST00912,Deepika Chowdary,Wholesale,P009,Laptop Bag,Accessories,1,715.65,0.0,0.45,UPI
TXN37008722D7,2024-10-01,BR01,Eluru,Andhra Pradesh,CUST01071,Praveen Kumar,Retail,P021,Smart Watch,Electronics,1,10614.82,0.25,0.55,UPI
TXN79EE5ADB55,2023-02-14,BR01,Eluru,Andhra Pradesh,CUST00635,Ajay Prasad,Retail,P020,Home Theatre System,Electronics,4,17992.28,0.15,0.6,UPI
TXND9726E6E67,2024-11-18,BR01,Eluru,Andhra Pradesh,CUST01796,Kavya Murthy,Wholesale,P004,Wireless Earbuds,Mobile,2,4483.1,0.2,0.55,Cash
TXN14AFC971EF,2023-10-30,BR01,Eluru,Andhra Pradesh,CUST01466,Divya Naidu,Retail,P020,Home Theatre System,Electronics,3,13493.84,0.0,0.6,Cash
TXN852C6577C7,2024-02-29,BR01,Eluru,Andhra Pradesh,CUST00949,Sneha Sarma,Retail,P011,Bluetooth Speaker,Accessories,2,4178.72,0.15,0.5,UPI
TXN506DD7D406,2024-10-25,BR01,Eluru,Andhra Pradesh,CUST00991,Meena Devi,Corporate,P018,LED TV 43-inch,Electronics,1,29617.02,0.25,0.8,Net Banking
TXN4155F9A2C0,2023-05-22,BR01,Eluru,Andhra Pradesh,CUST01272,Sandeep Reddy,Retail,P009,Laptop Bag,Accessories,1,1890.99,0.05,0.45,Cash
TXND22E3EEC5A,2023-01-24,BR01,Eluru,Andhra Pradesh,CUST00035,Arjun Kumar,Retail,P012,Mobile Charger,Accessories,1,709.82,0.05,0.42,Net Banking
TXN6F9432EACE,2024-07-29,BR01,Eluru,Andhra Pradesh,CUST01542,Ajay Devi,Wholesale,P019,LED TV 55-inch,Electronics,1,55207.65,0.0,0.79,UPI
TXN311DE79DE1,2024-10-12,BR01,Eluru,Andhra Pradesh,CUST01635,Praveen Devi,Retail,P003,Flagship Smartphone,Mobile,1,83283.74,0.25,0.75,Cash
TXN2597CC3E88,2024-07-25,BR01,Eluru,Andhra Pradesh,CUST00508,Sandeep Chowdary,Retail,P003,Flagship Smartphone,Mobile,1,79311.74,0.0,0.75,Net Banking
TXND1E9AB7991,2024-11-29,BR01,Eluru,Andhra Pradesh,CUST00971,,Wholesale,P017,Microwave Oven,Home Appliances,3,7396.15,0.0,0.75,Cash
TXNDE9016AF23,2023-12-27,BR01,Eluru,Andhra Pradesh,CUST01938,Manoj Chowdary,Retail,P013,Power Bank,Accessories,1,1634.16,0.1,0.48,UPI
TXN04516E2311,2023-09-18,BR01,Eluru,Andhra Pradesh,CUST01845,Anitha Reddy,Retail,P009,Laptop Bag,Accessories,1,1117.71,0.0,0.45,UPI
TXN0E9AA38457,2024-12-05,BR01,Eluru,Andhra Pradesh,CUST01861,Ajay Devi,Retail,P019,LED TV 55-inch,Electronics,1,38602.49,0.15,0.79,UPI
TXNE1FC58FC18,2023-09-17,BR01,Eluru,Andhra Pradesh,CUST01692,Pooja Murthy,Retail,P013,Power Bank,Accessories,2,2456.47,0.0,0.48,Debit Card
TXNFE93BAAA82,2023-05-17,BR01,Eluru,Andhra Pradesh,CUST01127,Ravi Sharma,Corporate,P006,Business Laptop i5,Laptop,1,43248.51,0.0,0.8,Cash
TXNA509809098,2024-06-22,BR01,Eluru,Andhra Pradesh,CUST01262,Manoj Naidu,Retail,P003,Flagship Smartphone,Mobile,1,51553.78,0.0,0.75,Debit Card
TXN93B6A43E20,2024-10-21,BR01,Eluru,Andhra Pradesh,CUST00082,Meena Prasad,Retail,P006,Business Laptop i5,Laptop,1,55915.99,0.25,0.8,Credit Card
TXNFC47637454,2024-07-15,BR01,Eluru,Andhra Pradesh,CUST00082,Meena Prasad,Retail,P013,Power Bank,Accessories,1,2044.9,0.1,0.48,Net Banking
TXNF57F9835C8,2024-01-07,BR01,Eluru,Andhra Pradesh,CUST01022,Naveen Reddy,Retail,P009,Laptop Bag,Accessories,1,1863.84,0.0,0.45,Cash
TXNA0C5CB5982,2023-04-15,BR01,Eluru,Andhra Pradesh,CUST01932,Harika Kumar,Wholesale,P008,Ultrabook Thin & Light,Laptop,1,75911.26,0.0,0.79,Credit Card
TXN26550DE0C8,2024-08-27,BR01,Eluru,Andhra Pradesh,CUST01593,Meena Babu,Retail,P012,Mobile Charger,Accessories,1,937.67,0.0,0.42,UPI
TXN1FAE2D6DE5,2023-12-04,BR01,Eluru,Andhra Pradesh,CUST01287,Sandeep Babu,Wholesale,P013,Power Bank,Accessories,3,2370.6,0.0,0.48,Net Banking
TXN28828511EF,2024-11-23,BR01,Eluru,Andhra Pradesh,CUST00694,Deepika Chowdary,Retail,P007,Gaming Laptop i7,Laptop,1,93288.8,0.25,0.78,Credit Card
TXND70BDFE357,2024-07-16,BR01,Eluru,Andhra Pradesh,CUST00696,Ramesh Chowdary,Retail,P003,Flagship Smartphone,Mobile,1,81397.85,0.15,0.75,UPI
TXN28283B320C,2023-09-18,BR01,Eluru,Andhra Pradesh,CUST00881,Divya Chowdary,Retail,P016,Washing Machine,Home Appliances,3,19929.0,0.0,0.8,Net Banking
TXN182FD816CF,2023-02-21,BR01,Eluru,Andhra Pradesh,CUST00733,Srinivas Devi,Retail,P009,Laptop Bag,Accessories,3,1862.6,0.05,0.45,Credit Card
TXN5B1802664C,2023-08-18,BR01,Eluru,Andhra Pradesh,CUST01748,Suresh Kumar,Retail,P011,Bluetooth Speaker,Accessories,1,4856.74,0.1,0.5,UPI
TXN1B44994CCC,2023-04-30,BR01,Eluru,Andhra Pradesh,CUST01623,Ramesh Chowdary,Retail,P020,Home Theatre System,Electronics,2,18212.8,0.05,0.6,UPI
TXND2B7CFD01A,2023-12-23,BR01,Eluru,Andhra Pradesh,CUST01649,Manoj Chowdary,Retail,P010,Wireless Mouse,Accessories,2,338.86,0.1,0.4,UPI
TXN3969A98116,2024-11-25,BR01,Eluru,Andhra Pradesh,CUST00471,Harika Reddy,Corporate,P002,Mid-range Smartphone 5G,Mobile,1,24680.42,0.25,0.78,Cash
TXNA78106A044,2024-04-27,BR01,Eluru,Andhra Pradesh,CUST01218,Ramesh Kumar,Retail,P019,LED TV 55-inch,Electronics,1,52342.84,0.0,0.79,Net Banking
TXNA9B946CC88,2023-08-19,BR01,Eluru,Andhra Pradesh,CUST01547,Ajay Babu,Corporate,P012,Mobile Charger,Accessories,2,1614.07,0.1,0.42,Credit Card
TXNE1142A55F4,2023-07-26,BR01,Eluru,Andhra Pradesh,CUST00027,Naveen Naidu,Corporate,P002,Mid-range Smartphone 5G,Mobile,1,23851.57,0.0,0.78,Cash
TXN627D706D44,2024-08-18,BR01,Eluru,Andhra Pradesh,CUST00472,Aishwarya Naidu,Retail,P018,LED TV 43-inch,Electronics,1,22317.31,0.1,0.8,Net Banking
TXN40ABD024FD,2024-06-26,BR01,Eluru,Andhra Pradesh,CUST00920,Suresh Babu,Corporate,P003,Flagship Smartphone,Mobile,1,60440.67,0.0,0.75,UPI
TXNA787E1CE17,2023-11-30,BR01,Eluru,Andhra Pradesh,CUST00371,Anitha Kumar,Retail,P020,Home Theatre System,Electronics,2,16806.95,0.2,0.6,Debit Card
TXN4EB5C0374B,2024-07-30,BR01,Eluru,Andhra Pradesh,CUST01500,Manoj Naidu,Retail,P021,Smart Watch,Electronics,1,3193.22,0.0,0.55,Cash
TXNFE044A320F,2024-04-20,BR01,Eluru,Andhra Pradesh,CUST01387,Manoj Naidu,Retail,P003,Flagship Smartphone,Mobile,1,87953.04,0.1,0.75,Debit Card
TXNF0FAD533BC,2024-03-15,BR01,Eluru,Andhra Pradesh,CUST01991,Naveen Rao,Wholesale,P002,Mid-range Smartphone 5G,Mobile,1,27874.73,0.1,0.78,Net Banking
TXNFAF29AF5E5,2024-11-23,BR01,Eluru,Andhra Pradesh,CUST01666,Sandeep Sarma,Wholesale,P018,LED TV 43-inch,Electronics,1,29286.56,0.05,0.8,UPI
TXN5826B09596,2023-04-25,BR01,Eluru,Andhra Pradesh,CUST00434,Sneha Sharma,Wholesale,P012,Mobile Charger,Accessories,1,766.58,0.1,0.42,UPI
TXN3969E9B58A,2023-04-15,BR01,Eluru,Andhra Pradesh,CUST01889,Ramesh Sarma,Retail,P009,Laptop Bag,Accessories,3,1720.47,0.05,0.45,UPI
TXN5077E30250,2024-08-22,BR01,Eluru,Andhra Pradesh,CUST00145,Srinivas Chowdary,Retail,P021,Smart Watch,Electronics,1,7043.44,0.0,0.55,UPI
TXN35A584C48A,2024-09-20,BR01,Eluru,Andhra Pradesh,CUST00577,Swathi Kumar,Wholesale,P019,LED TV 55-inch,Electronics,1,55992.63,0.0,0.79,Net Banking
TXN5BA10F7636,2023-05-26,BR01,Eluru,Andhra Pradesh,CUST01225,Ramesh Kumar,Retail,P020,Home Theatre System,Electronics,3,9884.02,0.05,0.6,Cash
TXN958ECE70E3,2024-04-10,BR01,Eluru,Andhra Pradesh,CUST00892,Naveen Murthy,Wholesale,P003,Flagship Smartphone,Mobile,1,57555.88,0.0,0.75,Cash
TXNC927EEA963,2024-02-16,BR01,Eluru,Andhra Pradesh,CUST01250,Sandeep Varma,Wholesale,P012,Mobile Charger,Accessories,2,1516.8,0.0,0.42,UPI
TXN6F4A2902D8,2024-08-08,BR01,Eluru,Andhra Pradesh,CUST01297,Manoj Varma,Corporate,P012,Mobile Charger,Accessories,1,1627.17,0.05,0.42,UPI
TXN3688A64B8C,2023-07-11,BR01,Eluru,Andhra Pradesh,CUST00440,Anitha Naidu,Retail,P003,Flagship Smartphone,Mobile,1,69544.98,0.15,0.75,Debit Card
TXNF852C715BA,2023-11-01,BR01,Eluru,Andhra Pradesh,CUST01271,Sandeep Chowdary,Wholesale,P014,Split AC 1.5 Ton,Home Appliances,1,39593.39,0.05,0.83,Cash
TXNA531498F14,2023-07-10,BR01,Eluru,Andhra Pradesh,CUST00558,Harika Babu,Corporate,P004,Wireless Earbuds,Mobile,1,4861.64,0.0,0.55,UPI
TXN5F03698ACA,2023-07-27,BR01,Eluru,Andhra Pradesh,CUST01729,Ravi Murthy,Retail,P013,Power Bank,Accessories,1,2169.12,0.05,0.48,Cash
TXNBDF7BFD419,2024-06-15,BR01,Eluru,Andhra Pradesh,CUST01811,Ajay Sharma,Retail,P019,LED TV 55-inch,Electronics,1,40721.29,0.1,0.79,Cash
TXN573EEF59D0,2023-11-01,BR01,Eluru,Andhra Pradesh,CUST01103,Lakshmi Chowdary,Retail,P010,Wireless Mouse,Accessories,2,350.81,0.15,0.4,Net Banking
TXN6FD286087A,2023-08-26,BR01,Eluru,Andhra Pradesh,CUST00029,Deepika Sharma,Wholesale,P020,Home Theatre System,Electronics,3,15111.63,0.05,0.6,UPI
TXN28FB26ED0E,2023-12-06,BR01,Eluru,Andhra Pradesh,CUST01876,Praveen Chowdary,Wholesale,P011,Bluetooth Speaker,Accessories,2,4949.85,0.05,0.5,UPI
TXN55114EF500,2024-03-03,BR01,Eluru,Andhra Pradesh,CUST00817,Meena Kumar,Retail,P001,Budget Smartphone 4G,Mobile,1,8513.9,0.15,0.8,Net Banking
TXN9250E69A07,2024-07-04,BR01,Eluru,Andhra Pradesh,CUST00871,Deepika Murthy,Retail,P017,Microwave Oven,Home Appliances,1,13710.08,0.0,0.75,Net Banking
TXN180C1BF543,2023-01-07,BR01,Eluru,Andhra Pradesh,CUST00188,Srinivas Chowdary,Wholesale,P017,Microwave Oven,Home Appliances,2,12193.1,0.0,0.75,Credit Card
TXN5530BB9CF3,2024-09-19,BR01,Eluru,Andhra Pradesh,CUST01843,Ramesh Sharma,Retail,P003,Flagship Smartphone,Mobile,1,84437.4,0.1,0.75,Net Banking
TXN0191464094,2024-06-11,BR01,Eluru,Andhra Pradesh,CUST00490,Priya Kumar,Retail,P012,Mobile Charger,Accessories,1,669.22,0.1,0.42,UPI
TXND176515323,2024-05-18,BR01,Eluru,Andhra Pradesh,CUST01380,Naveen Sharma,Retail,P019,LED TV 55-inch,Electronics,1,38322.64,0.05,0.79,UPI
TXN86EBCA25A2,2023-02-01,BR01,Eluru,Andhra Pradesh,CUST01492,Ajay Sarma,Retail,P018,LED TV 43-inch,Electronics,1,30322.71,0.15,0.8,Cash
TXN5CD23CC937,2023-03-17,BR01,Eluru,Andhra Pradesh,CUST00420,Swathi Babu,Retail,P010,Wireless Mouse,Accessories,1,355.08,,0.4,UPI
TXNA965952301,2024-12-24,BR01,Eluru,Andhra Pradesh,CUST00983,Meena Reddy,Corporate,P003,Flagship Smartphone,Mobile,1,80463.89,0.05,0.75,Debit Card
TXND2F467CE94,2023-11-13,BR01,Eluru,Andhra Pradesh,CUST01432,Suresh Reddy,Retail,P004,Wireless Earbuds,Mobile,1,1630.59,0.2,0.55,UPI
TXNCCED25A5E5,2023-10-21,BR01,Eluru,Andhra Pradesh,CUST00191,Sneha Babu,Retail,P012,Mobile Charger,Accessories,3,1699.98,0.25,0.42,Credit Card
TXN844773D8B0,2024-12-13,BR01,Eluru,Andhra Pradesh,CUST00933,Sandeep Kumar,Wholesale,P010,Wireless Mouse,Accessories,1,1120.33,0.0,0.4,UPI
TXN44CF8FD917,2024-06-18,BR01,Eluru,Andhra Pradesh,CUST00909,Ravi Reddy,Retail,P012,Mobile Charger,Accessories,2,496.41,0.0,0.42,UPI
TXN6B2F9BD7E5,2024-03-19,BR01,Eluru,Andhra Pradesh,CUST00911,Ravi Devi,Wholesale,P003,Flagship Smartphone,Mobile,1,69176.88,0.1,0.75,Debit Card
TXN3786C2BF54,2023-09-19,BR01,Eluru,Andhra Pradesh,CUST01912,Sandeep Sarma,Retail,P021,Smart Watch,Electronics,1,10033.77,0.05,0.55,Debit Card
TXN8EE32E0759,2023-03-04,BR01,Eluru,Andhra Pradesh,CUST00074,Sandeep Murthy,Retail,P001,Budget Smartphone 4G,Mobile,2,10293.58,0.15,0.8,Cash
TXN0DD89A27AB,2024-10-20,BR01,Eluru,Andhra Pradesh,CUST00942,Manoj Murthy,Wholesale,P001,Budget Smartphone 4G,Mobile,1,8790.14,0.05,0.8,Debit Card
TXN2ADB923039,2024-08-11,BR01,Eluru,Andhra Pradesh,CUST01266,Ajay Murthy,Wholesale,P004,Wireless Earbuds,Mobile,1,3081.09,0.15,0.55,UPI
TXN605A39548E,2024-12-12,BR01,Eluru,Andhra Pradesh,CUST00586,Ravi Chowdary,Retail,P003,Flagship Smartphone,Mobile,1,78546.9,0.1,0.75,UPI
TXN8C4446E892,2023-11-19,BR01,Eluru,Andhra Pradesh,CUST00255,Ajay Prasad,Retail,P020,Home Theatre System,Electronics,1,17222.18,0.15,0.6,UPI
TXN1E5D2FFF4D,2023-10-13,BR01,Eluru,Andhra Pradesh,CUST00047,Divya Chowdary,Retail,P011,Bluetooth Speaker,Accessories,2,1551.55,0.2,0.5,Credit Card
TXNFD9C5651D0,2024-11-21,BR01,Eluru,Andhra Pradesh,CUST01557,Anitha Naidu,Retail,P013,Power Bank,Accessories,2,1808.47,0.15,0.48,Cash
TXNB794D7BDE9,2024-12-29,BR01,Eluru,Andhra Pradesh,CUST00101,Sandeep Varma,Retail,P004,Wireless Earbuds,Mobile,2,5534.6,0.0,0.55,Cash
TXN0E7B55BD2F,2023-01-24,BR01,Eluru,Andhra Pradesh,CUST00313,Kavya Rao,Retail,P001,Budget Smartphone 4G,Mobile,1,10052.48,0.15,0.8,UPI
TXND8A18CDAE5,2023-11-30,BR01,Eluru,Andhra Pradesh,CUST01098,Sneha Chowdary,Retail,P011,Bluetooth Speaker,Accessories,3,1556.91,0.2,0.5,UPI
TXN24AA4690B2,2023-10-03,BR01,Eluru,Andhra Pradesh,CUST00081,Lakshmi Varma,Retail,P012,Mobile Charger,Accessories,1,1210.81,0.15,0.42,Cash
TXND08E460E5E,2023-04-13,BR01,Eluru,Andhra Pradesh,CUST00991,Meena Devi,Corporate,P010,Wireless Mouse,Accessories,1,693.63,0.0,0.4,Cash
TXN74B8E1D7DC,2024-06-06,BR01,Eluru,Andhra Pradesh,CUST00226,Aishwarya Sarma,Retail,P005,Entry Laptop i3,Laptop,1,34066.4,0.0,0.82,UPI
TXN188326302E,2023-12-31,BR01,Eluru,Andhra Pradesh,CUST01377,Ravi Varma,Retail,P013,Power Bank,Accessories,1,1955.45,0.0,0.48,Credit Card
TXNDE59EE7796,2024-08-12,BR01,Eluru,Andhra Pradesh,CUST01615,Ramesh Babu,Retail,P018,LED TV 43-inch,Electronics,1,32885.03,0.1,0.8,UPI
TXN3C61E09812,2024-08-27,BR01,Eluru,Andhra Pradesh,CUST00813,Suresh Devi,Retail,P006,Business Laptop i5,Laptop,1,47931.51,0.15,0.8,Credit Card
TXND916D6F843,2024-06-24,BR01,Eluru,Andhra Pradesh,CUST00380,Divya Varma,Corporate,P018,LED TV 43-inch,Electronics,1,23289.44,0.15,0.8,Debit Card
TXN9D1FEA2CB8,2024-11-30,BR01,Eluru,Andhra Pradesh,CUST00320,Ravi Babu,Wholesale,P011,Bluetooth Speaker,Accessories,2,4282.89,0.05,0.5,UPI
TXN54B3CC0F22,2024-07-20,BR01,Eluru,Andhra Pradesh,CUST01894,Kiran Reddy,Retail,P019,LED TV 55-inch,Electronics,1,48539.7,0.05,0.79,Debit Card
TXN061052BBD9,2023-05-05,BR01,Eluru,Andhra Pradesh,CUST00615,Manoj Babu,Retail,P001,Budget Smartphone 4G,Mobile,1,8649.74,0.0,0.8,UPI
TXNA21E522CD5,2024-12-29,BR01,Eluru,Andhra Pradesh,CUST00613,Sandeep Sarma,Wholesale,P019,LED TV 55-inch,Electronics,1,52477.49,0.1,0.79,Debit Card
TXNAFE82FEC14,2023-09-30,BR01,Eluru,Andhra Pradesh,CUST00588,Suresh Sharma,Retail,P011,Bluetooth Speaker,Accessories,3,4918.46,0.15,0.5,UPI
TXN2EDC20141A,2024-01-24,BR01,Eluru,Andhra Pradesh,CUST00801,Sandeep Reddy,Retail,P020,Home Theatre System,Electronics,1,13291.93,0.0,0.6,UPI
TXNBE19189D6C,2023-10-23,BR01,Eluru,Andhra Pradesh,CUST00376,Ramesh Naidu,Retail,P007,Gaming Laptop i7,Laptop,1,102767.41,0.25,0.78,UPI
TXN58B902CB68,2024-04-30,BR01,Eluru,Andhra Pradesh,CUST00745,Ramesh Sharma,Retail,P004,Wireless Earbuds,Mobile,2,3016.9,0.0,0.55,Debit Card
TXN8048B06599,2023-06-22,BR01,Eluru,Andhra Pradesh,CUST01925,Kavya Varma,Retail,P015,Refrigerator 300L,Home Appliances,1,35272.52,0.05,0.82,UPI
TXN3ECEFA38CC,2023-01-16,BR01,Eluru,Andhra Pradesh,CUST01020,Naveen Reddy,Retail,P012,Mobile Charger,Accessories,1,711.68,0.0,0.42,UPI
TXNF494404CD2,2024-04-17,BR01,Eluru,Andhra Pradesh,CUST00979,Manoj Chowdary,Retail,P006,Business Laptop i5,Laptop,1,53038.1,0.1,0.8,UPI
TXN8B37662282,2023-12-24,BR01,Eluru,Andhra Pradesh,CUST01240,Sandeep Varma,Corporate,P016,Washing Machine,Home Appliances,1,28776.43,0.1,0.8,UPI
TXNF9DA91824A,2023-03-26,BR01,Eluru,Andhra Pradesh,CUST00632,Manoj Rao,Retail,P004,Wireless Earbuds,Mobile,2,2936.3,0.05,0.55,UPI
TXN2CC582B910,2023-09-23,BR01,Eluru,Andhra Pradesh,CUST00466,Harika Sarma,Retail,P020,Home Theatre System,Electronics,3,6335.52,0.15,0.6,UPI
TXN6275D5D568,2024-02-12,BR01,Eluru,Andhra Pradesh,CUST00512,Aishwarya Prasad,Wholesale,P003,Flagship Smartphone,Mobile,1,86323.24,0.0,0.75,UPI
TXN43E881EBCF,2023-10-22,BR01,Eluru,Andhra Pradesh,CUST01852,Suresh Rao,Retail,P017,Microwave Oven,Home Appliances,1,6573.52,0.0,0.75,Cash
TXNFC7C7871F2,2024-12-05,BR01,Eluru,Andhra Pradesh,CUST01453,Lakshmi Devi,Retail,P003,Flagship Smartphone,Mobile,1,82046.84,0.05,0.75,Cash
TXN2E36102E23,2024-11-09,BR01,Eluru,Andhra Pradesh,CUST00416,Meena Kumar,Retail,P011,Bluetooth Speaker,Accessories,1,4929.98,0.05,0.5,UPI
TXN33DDDDE1BC,2024-12-29,BR01,Eluru,Andhra Pradesh,CUST00008,Ajay Devi,Retail,P010,Wireless Mouse,Accessories,1,628.59,0.0,0.4,Cash
TXN4A09B5C440,2024-06-23,BR01,Eluru,Andhra Pradesh,CUST00119,Ajay Sharma,Retail,P013,Power Bank,Accessories,2,2155.32,0.0,0.48,Credit Card
TXN529F8F6B7F,2023-09-06,BR01,Eluru,Andhra Pradesh,CUST00806,Praveen Naidu,Retail,P013,Power Bank,Accessories,1,862.84,0.05,0.48,Debit Card
TXN32DBFBF37C,2023-10-07,BR01,Eluru,Andhra Pradesh,CUST00078,Harika Reddy,Retail,P003,Flagship Smartphone,Mobile,1,74434.18,0.25,0.75,UPI
TXN4743DA4320,2024-06-27,BR01,Eluru,Andhra Pradesh,CUST01761,Suresh Naidu,Wholesale,P018,LED TV 43-inch,Electronics,1,32750.25,0.05,0.8,Debit Card
TXNAB236E95B2,2024-09-23,BR01,Eluru,Andhra Pradesh,CUST01310,Meena Chowdary,Retail,P003,Flagship Smartphone,Mobile,1,55691.8,0.0,0.75,UPI
TXN0A97D84ABD,2024-03-20,BR01,Eluru,Andhra Pradesh,CUST00469,Lakshmi Chowdary,Retail,P012,Mobile Charger,Accessories,1,942.08,0.0,0.42,UPI
TXN4CA2BA535E,2023-12-31,BR01,Eluru,Andhra Pradesh,CUST01362,Pooja Sarma,Retail,P018,LED TV 43-inch,Electronics,1,25575.72,0.0,0.8,Debit Card
TXNB28080ADC7,2024-11-25,BR01,Eluru,Andhra Pradesh,CUST01362,Pooja Sarma,Retail,P003,Flagship Smartphone,Mobile,1,49356.8,0.15,0.75,Credit Card
TXN382BA3045D,2024-10-25,BR01,Eluru,Andhra Pradesh,CUST01855,Harika Naidu,Retail,P017,Microwave Oven,Home Appliances,1,9120.16,0.2,0.75,UPI
TXND3DF73D84A,2024-02-21,BR01,Eluru,Andhra Pradesh,CUST00371,Anitha Kumar,Retail,P019,LED TV 55-inch,Electronics,1,57999.47,0.0,0.79,Debit Card
TXN279EE61D31,2024-04-30,BR01,Eluru,Andhra Pradesh,CUST00959,Manoj Chowdary,Retail,P004,Wireless Earbuds,Mobile,1,3963.95,0.15,0.55,Debit Card
TXNCA4E549BC1,2023-10-12,BR01,Eluru,Andhra Pradesh,CUST01245,Naveen Sharma,Corporate,P003,Flagship Smartphone,Mobile,1,63812.8,0.1,0.75,Credit Card
TXN5102CB3277,2024-10-13,BR01,Eluru,Andhra Pradesh,CUST00631,Aishwarya Kumar,Retail,P001,Budget Smartphone 4G,Mobile,1,11462.7,0.25,0.8,Credit Card
TXNCA06C90D86,2024-01-15,BR01,Eluru,Andhra Pradesh,CUST00618,Kiran Rao,Retail,P001,Budget Smartphone 4G,Mobile,1,10300.77,0.0,0.8,Credit Card
TXN4881C12850,2023-12-01,BR01,Eluru,Andhra Pradesh,CUST01172,Ramesh Naidu,Wholesale,P010,Wireless Mouse,Accessories,1,1335.44,0.0,0.4,UPI
TXN041F040F09,2024-07-23,BR01,Eluru,Andhra Pradesh,CUST01559,Divya Varma,Wholesale,P001,Budget Smartphone 4G,Mobile,1,10182.33,0.05,0.8,UPI
TXN33C3501508,2023-02-18,BR01,Eluru,Andhra Pradesh,CUST00051,Divya Babu,Retail,P009,Laptop Bag,Accessories,4,646.78,0.1,0.45,UPI
TXN8036F5B5EA,2023-06-08,BR01,Eluru,Andhra Pradesh,CUST00504,Ajay Varma,Retail,P010,Wireless Mouse,Accessories,1,484.61,0.0,0.4,UPI
TXN42703CDF76,2023-06-15,BR01,Eluru,Andhra Pradesh,CUST01051,Ramesh Murthy,Retail,P021,Smart Watch,Electronics,1,10737.29,0.05,0.55,UPI
TXNBFA9DC5830,2024-06-28,BR01,Eluru,Andhra Pradesh,CUST01343,Aishwarya Murthy,Retail,P009,Laptop Bag,Accessories,1,1057.81,0.15,0.45,Cash
TXN3511223507,2023-08-23,BR01,Eluru,Andhra Pradesh,CUST00697,Vikram Sharma,Retail,P011,Bluetooth Speaker,Accessories,1,1487.63,0.0,0.5,Credit Card
TXNE408326818,2023-09-04,BR01,Eluru,Andhra Pradesh,CUST01546,Pooja Babu,Retail,P012,Mobile Charger,Accessories,1,1117.97,0.0,0.42,UPI
TXNC98418DFEE,2023-10-26,BR01,Eluru,Andhra Pradesh,CUST01119,Aishwarya Murthy,Retail,P017,Microwave Oven,Home Appliances,2,6842.12,0.05,0.75,Cash
TXNC67ED827FF,2024-05-11,BR01,Eluru,Andhra Pradesh,CUST00388,Pooja Varma,Retail,P021,Smart Watch,Electronics,3,2896.09,0.0,0.55,Cash
TXN813139A5C2,2024-07-30,BR01,Eluru,Andhra Pradesh,CUST01549,Praveen Sharma,Retail,P013,Power Bank,Accessories,1,2374.09,0.05,0.48,Debit Card
TXNB6A8ABE05E,2024-09-10,BR01,Eluru,Andhra Pradesh,CUST01727,Meena Chowdary,Retail,P011,Bluetooth Speaker,Accessories,3,2551.57,0.15,0.5,UPI
TXND3C1DF5245,2024-04-20,BR01,Eluru,Andhra Pradesh,CUST01602,Divya Babu,Retail,P004,Wireless Earbuds,Mobile,1,4427.54,0.0,0.55,Credit Card
TXN61DDA7FF0A,2024-12-16,BR01,Eluru,Andhra Pradesh,CUST01771,Suresh Devi,Retail,P012,Mobile Charger,Accessories,1,919.66,0.0,0.42,UPI
TXNF36DE207AB,2024-09-12,BR01,Eluru,Andhra Pradesh,CUST00894,Deepika Sharma,Retail,P007,Gaming Laptop i7,Laptop,1,109377.81,0.1,0.78,Cash
TXN4D3450017C,2023-10-19,BR01,Eluru,Andhra Pradesh,CUST00873,Sandeep Sarma,Retail,P002,Mid-range Smartphone 5G,Mobile,4,17254.66,0.2,0.78,UPI
TXNED2CEA086C,2023-09-10,BR01,Eluru,Andhra Pradesh,CUST01362,Pooja Sarma,Retail,P012,Mobile Charger,Accessories,1,1670.92,0.1,0.42,Debit Card
TXN599075EA7B,2024-05-01,BR01,Eluru,Andhra Pradesh,CUST01568,Priya Reddy,Retail,P001,Budget Smartphone 4G,Mobile,3,8172.64,0.0,0.8,UPI
TXNB8F8B5D692,2023-11-12,BR01,Eluru,Andhra Pradesh,CUST01732,Swathi Sharma,Retail,P001,Budget Smartphone 4G,Mobile,1,8979.41,0.15,0.8,UPI
TXN9038EC5DC7,2023-08-22,BR01,Eluru,Andhra Pradesh,CUST01950,Priya Sharma,Retail,P012,Mobile Charger,Accessories,1,1474.82,0.1,0.42,Net Banking
TXN88B0AD31DD,2023-09-22,BR01,Eluru,Andhra Pradesh,CUST00687,Manoj Murthy,Retail,P012,Mobile Charger,Accessories,1,792.61,0.0,0.42,UPI
TXN02BCE1E992,2024-09-16,BR01,Eluru,Andhra Pradesh,CUST00512,Aishwarya Prasad,Wholesale,P012,Mobile Charger,Accessories,2,855.11,0.0,0.42,Credit Card
TXNBDC41CE48C,2024-10-12,BR01,Eluru,Andhra Pradesh,CUST01722,Ajay Devi,Retail,P003,Flagship Smartphone,Mobile,1,50799.09,0.2,0.75,Credit Card
TXNEAA6530D28,2024-02-18,BR01,Eluru,Andhra Pradesh,CUST01138,Divya Rao,Retail,P012,Mobile Charger,Accessories,1,1746.88,0.1,0.42,Cash
TXN888EF99F51,2023-10-21,BR01,Eluru,Andhra Pradesh,CUST01748,Suresh Kumar,Retail,P001,Budget Smartphone 4G,Mobile,1,8031.04,0.25,0.8,Debit Card
TXN7240393668,2023-06-14,BR01,Eluru,Andhra Pradesh,CUST01716,Kavya Murthy,Retail,P003,Flagship Smartphone,Mobile,1,75909.23,0.0,0.75,Net Banking
TXN38FCB0FF6F,2023-10-11,BR01,Eluru,Andhra Pradesh,CUST00129,Swathi Kumar,Retail,P010,Wireless Mouse,Accessories,4,1098.57,0.1,0.4,UPI
TXN7B5D6A5862,2023-11-10,BR01,Eluru,Andhra Pradesh,CUST01836,Praveen Kumar,Wholesale,P016,Washing Machine,Home Appliances,1,25655.81,0.1,0.8,UPI
TXN8401523DBC,2023-10-31,BR01,Eluru,Andhra Pradesh,CUST01340,Arjun Chowdary,Retail,P009,Laptop Bag,Accessories,1,1119.31,0.05,0.45,Credit Card
TXNB4D2AAACD0,2024-05-11,BR01,Eluru,Andhra Pradesh,CUST00165,Meena Reddy,Retail,P015,Refrigerator 300L,Home Appliances,1,36834.56,0.1,0.82,Cash
TXN44FC73496A,2023-10-20,BR01,Eluru,Andhra Pradesh,CUST00542,Ajay Prasad,Corporate,P004,Wireless Earbuds,Mobile,1,3709.97,0.15,0.55,Debit Card
TXNDA53A1978A,2024-05-08,BR01,Eluru,Andhra Pradesh,CUST00980,Naveen Sharma,Retail,P004,Wireless Earbuds,Mobile,2,4490.87,0.1,0.55,Cash
TXN21FD0DE617,2024-11-23,BR01,Eluru,Andhra Pradesh,CUST00713,Aishwarya Babu,Retail,P001,Budget Smartphone 4G,Mobile,1,12537.77,0.05,0.8,Credit Card
TXN95393C205E,2024-10-11,BR01,Eluru,Andhra Pradesh,CUST01001,Harika Devi,Retail,P010,Wireless Mouse,Accessories,4,1175.08,0.1,0.4,UPI
TXNEB9AF3BA0E,2024-08-14,BR01,Eluru,Andhra Pradesh,CUST01721,Swathi Sharma,Wholesale,P003,Flagship Smartphone,Mobile,1,59492.4,0.15,0.75,UPI
TXN13031CB762,2023-10-29,BR01,Eluru,Andhra Pradesh,CUST01406,Divya Chowdary,Wholesale,P010,Wireless Mouse,Accessories,1,376.28,0.05,0.4,UPI
TXN67D265E32E,2024-04-30,BR01,Eluru,Andhra Pradesh,CUST00991,Meena Devi,Corporate,P013,Power Bank,Accessories,2,2168.82,0.0,0.48,Debit Card
TXNDBB79D5C11,2024-07-30,BR01,Eluru,Andhra Pradesh,CUST00305,Priya Chowdary,Retail,P002,Mid-range Smartphone 5G,Mobile,1,23218.3,0.15,0.78,Net Banking
TXN15F6FF1E63,2023-07-10,BR01,Eluru,Andhra Pradesh,CUST00600,Lakshmi Prasad,Retail,P008,Ultrabook Thin & Light,Laptop,1,56443.6,0.15,0.79,Credit Card
TXN7E91C39E97,2024-11-17,BR01,Eluru,Andhra Pradesh,CUST01162,Ravi Varma,Retail,P001,Budget Smartphone 4G,Mobile,1,13048.84,0.2,0.8,Cash
TXN3E054D572C,2023-12-30,BR01,Eluru,Andhra Pradesh,CUST00980,Naveen Sharma,Retail,P020,Home Theatre System,Electronics,1,10524.49,0.1,0.6,Cash
TXNB9EEFE5322,2024-12-23,BR01,Eluru,Andhra Pradesh,CUST00154,Meena Babu,Retail,P017,Microwave Oven,Home Appliances,1,13565.73,0.05,0.75,UPI
TXNE35D1C1E1E,2023-02-01,BR01,Eluru,Andhra Pradesh,CUST01585,Meena Sharma,Retail,P002,Mid-range Smartphone 5G,Mobile,1,16354.8,0.1,0.78,Debit Card
TXN4DB27CDACC,2023-11-13,BR01,Eluru,Andhra Pradesh,CUST01199,Sandeep Rao,Retail,P002,Mid-range Smartphone 5G,Mobile,1,24103.15,0.2,0.78,Debit Card
TXN4B642A64A1,2024-09-04,BR01,Eluru,Andhra Pradesh,CUST00573,Sneha Naidu,Corporate,P021,Smart Watch,Electronics,3,10275.09,0.0,0.55,UPI
TXN06BF8D2E6C,2024-10-11,BR01,Eluru,Andhra Pradesh,CUST00921,Praveen Reddy,Retail,P012,Mobile Charger,Accessories,2,1021.46,0.15,0.42,UPI
TXN5495EE1D74,2023-07-17,BR01,Eluru,Andhra Pradesh,CUST01231,Srinivas Varma,Retail,P009,Laptop Bag,Accessories,2,1989.7,0.05,0.45,Credit Card
TXN114F9ADDBE,2024-06-09,BR01,Eluru,Andhra Pradesh,CUST00635,Ajay Prasad,Retail,P005,Entry Laptop i3,Laptop,1,29075.49,0.0,0.82,UPI
TXN9243C7885C,2023-11-12,BR01,Eluru,Andhra Pradesh,CUST00362,Suresh Varma,Retail,P018,LED TV 43-inch,Electronics,1,31301.53,0.05,0.8,Cash
TXNF896751AA5,2023-11-24,BR01,Eluru,Andhra Pradesh,CUST01151,Kiran Sarma,Wholesale,P009,Laptop Bag,Accessories,2,850.87,0.05,0.45,Credit Card
TXN0E66BD41DF,2023-09-11,BR01,Eluru,Andhra Pradesh,CUST00004,Meena Rao,Retail,P020,Home Theatre System,Electronics,1,17655.06,0.0,0.6,UPI
TXN2B193EF4AD,2024-05-16,BR01,Eluru,Andhra Pradesh,CUST01979,Meena Devi,Retail,P010,Wireless Mouse,Accessories,1,1393.65,0.0,0.4,Cash
TXNFD23B241AA,2023-12-06,BR01,Eluru,Andhra Pradesh,CUST00836,Meena Chowdary,Retail,P007,Gaming Laptop i7,Laptop,1,80776.14,0.15,0.78,UPI
TXNEA9AA26BEA,2024-06-12,BR01,Eluru,Andhra Pradesh,CUST01572,Sandeep Devi,Retail,P012,Mobile Charger,Accessories,1,1578.73,0.0,0.42,UPI
TXN9769A818AD,2023-08-15,BR01,Eluru,Andhra Pradesh,CUST01678,Pooja Chowdary,Retail,P001,Budget Smartphone 4G,Mobile,1,10225.91,0.15,0.8,UPI
TXN608BA801ED,2024-11-20,BR01,Eluru,Andhra Pradesh,CUST00504,Ajay Varma,Retail,P004,Wireless Earbuds,Mobile,3,5507.2,0.25,0.55,Credit Card
TXNE27AE97195,2023-10-23,BR01,Eluru,Andhra Pradesh,CUST00695,Suresh Sarma,Retail,P002,Mid-range Smartphone 5G,Mobile,1,21510.27,0.0,0.78,Cash
TXN3855F07D06,2024-04-18,BR01,Eluru,Andhra Pradesh,CUST01631,Sandeep Murthy,Retail,P015,Refrigerator 300L,Home Appliances,1,38643.19,0.05,0.82,UPI
TXN88134109A4,2023-06-18,BR01,Eluru,Andhra Pradesh,CUST01549,Praveen Sharma,Retail,P012,Mobile Charger,Accessories,1,1416.18,0.0,0.42,UPI
TXN731E9B1E64,2024-07-06,BR01,Eluru,Andhra Pradesh,CUST00944,Manoj Reddy,Retail,P021,Smart Watch,Electronics,1,9861.27,0.0,0.55,Debit Card
TXN43D79990F1,2023-09-30,BR01,Eluru,Andhra Pradesh,CUST00245,Ramesh Varma,Wholesale,P008,Ultrabook Thin & Light,Laptop,1,76452.7,0.15,0.79,Debit Card
TXN019C5B0681,2024-11-20,BR01,Eluru,Andhra Pradesh,CUST01662,Sandeep Varma,Corporate,P005,Entry Laptop i3,Laptop,1,35439.73,0.15,0.82,UPI
TXN86CEC9D9B1,2024-03-01,BR01,Eluru,Andhra Pradesh,CUST00645,Pooja Sharma,Retail,P020,Home Theatre System,Electronics,2,9588.33,0.05,0.6,UPI
TXN1CDA40E246,2024-09-17,BR01,Eluru,Andhra Pradesh,CUST01587,Anitha Devi,Retail,P012,Mobile Charger,Accessories,3,613.15,0.0,0.42,Debit Card
TXN7866580E52,2023-11-09,BR01,Eluru,Andhra Pradesh,CUST01182,Ravi Sharma,Retail,P004,Wireless Earbuds,Mobile,4,4919.79,0.15,0.55,Debit Card
TXN758CFD1762,2024-04-15,BR01,Eluru,Andhra Pradesh,CUST00134,Sneha Kumar,Corporate,P001,Budget Smartphone 4G,Mobile,2,9707.17,0.1,0.8,Cash
TXN24CA259DEF,2023-12-19,BR01,Eluru,Andhra Pradesh,CUST01634,Pooja Varma,Retail,P013,Power Bank,Accessories,1,1293.59,0.15,0.48,UPI
TXNF9B219802A,2024-12-23,BR01,Eluru,Andhra Pradesh,CUST00310,Anitha Prasad,Retail,P012,Mobile Charger,Accessories,1,1681.14,0.0,0.42,Net Banking
TXN0CD8434397,2024-01-30,BR01,Eluru,Andhra Pradesh,CUST00558,Harika Babu,Corporate,P009,Laptop Bag,Accessories,1,1987.87,0.1,0.45,Cash
TXNE9C1F77360,2023-12-03,BR01,Eluru,Andhra Pradesh,CUST01044,Vikram Chowdary,Corporate,P018,LED TV 43-inch,Electronics,1,32870.2,0.0,0.8,Credit Card
TXN244FFB3254,2024-03-25,BR01,Eluru,Andhra Pradesh,CUST01260,Suresh Sharma,Retail,P018,LED TV 43-inch,Electronics,1,30210.3,0.0,0.8,UPI
TXN22D53252F8,2024-12-27,BR01,Eluru,Andhra Pradesh,CUST00075,Kavya Chowdary,Retail,P004,Wireless Earbuds,Mobile,1,1626.77,0.0,0.55,Cash
TXN4F854C68ED,2024-10-19,BR01,Eluru,Andhra Pradesh,CUST01690,Suresh Devi,Retail,P006,Business Laptop i5,Laptop,1,59221.26,0.1,0.8,Net Banking
TXN30D299C302,2023-11-28,BR01,Eluru,Andhra Pradesh,CUST00812,Deepika Murthy,Wholesale,P012,Mobile Charger,Accessories,3,331.43,0.0,0.42,UPI
TXN1372699BC0,2023-05-20,BR01,Eluru,Andhra Pradesh,CUST00875,Manoj Naidu,Corporate,P021,Smart Watch,Electronics,4,5342.43,0.05,0.55,UPI
TXNE4A89456AD,2023-04-03,BR01,Eluru,Andhra Pradesh,CUST01791,Sneha Murthy,Retail,P002,Mid-range Smartphone 5G,Mobile,1,24358.13,0.05,0.78,UPI
TXN8C44A444CB,2024-04-09,BR01,Eluru,Andhra Pradesh,CUST00389,Aishwarya Naidu,Retail,P020,Home Theatre System,Electronics,3,15198.86,0.05,0.6,Net Banking
TXN06EFC3CF80,2023-10-07,BR01,Eluru,Andhra Pradesh,CUST01024,Suresh Murthy,Retail,P007,Gaming Laptop i7,Laptop,1,96627.08,0.05,0.78,UPI
TXNDEA7D1B860,2023-11-17,BR01,Eluru,Andhra Pradesh,CUST00836,Meena Chowdary,Retail,P012,Mobile Charger,Accessories,3,419.26,0.25,0.42,Cash
TXNF87D069495,2023-05-25,BR01,Eluru,Andhra Pradesh,CUST01573,Vikram Sarma,Corporate,P009,Laptop Bag,Accessories,1,1330.44,0.1,0.45,UPI
TXNBD0159E67D,2024-06-08,BR01,Eluru,Andhra Pradesh,CUST01222,Naveen Prasad,Retail,P009,Laptop Bag,Accessories,1,1077.41,0.0,0.45,Debit Card
TXNB26341360A,2024-01-25,BR01,Eluru,Andhra Pradesh,CUST01220,Ramesh Reddy,Retail,P013,Power Bank,Accessories,2,2209.79,0.15,0.48,Cash
TXN0A821A3453,2024-06-20,BR01,Eluru,Andhra Pradesh,CUST01930,Arjun Devi,Retail,P009,Laptop Bag,Accessories,1,764.48,0.05,0.45,UPI
TXN8AF49537F1,2023-11-06,BR01,Eluru,Andhra Pradesh,CUST01360,Vikram Varma,Wholesale,P013,Power Bank,Accessories,2,1523.92,0.2,0.48,Cash
TXN17636C92EE,2024-12-31,BR01,Eluru,Andhra Pradesh,CUST01174,Ramesh Reddy,Retail,P003,Flagship Smartphone,Mobile,1,77779.69,0.0,0.75,Debit Card
TXN2B57C187C4,2024-09-08,BR01,Eluru,Andhra Pradesh,CUST01234,Kavya Sharma,Corporate,P016,Washing Machine,Home Appliances,1,31215.88,0.1,0.8,Debit Card
TXN4117E112B9,2023-05-23,BR01,Eluru,Andhra Pradesh,CUST01229,Arjun Chowdary,Retail,P018,LED TV 43-inch,Electronics,1,31731.11,0.1,0.8,Credit Card
TXNF265D7C089,2023-03-31,BR01,Eluru,Andhra Pradesh,CUST00231,Praveen Varma,Retail,P009,Laptop Bag,Accessories,3,1608.42,0.0,0.45,Debit Card
TXN73BCA9ACD2,2024-04-15,BR01,Eluru,Andhra Pradesh,CUST01909,Swathi Sharma,Retail,P012,Mobile Charger,Accessories,1,319.9,0.0,0.42,UPI
TXND5B01AB379,2023-05-09,BR01,Eluru,Andhra Pradesh,CUST01811,Ajay Sharma,Retail,P012,Mobile Charger,Accessories,2,942.82,0.0,0.42,UPI
TXNA918A1AB7D,2023-03-14,BR01,Eluru,Andhra Pradesh,CUST01619,Harika Murthy,Retail,P006,Business Laptop i5,Laptop,1,45349.17,0.0,0.8,Net Banking
TXN31F44B5AB3,2023-02-05,BR01,Eluru,Andhra Pradesh,CUST01162,Ravi Varma,Retail,P007,Gaming Laptop i7,Laptop,1,77310.32,0.1,0.78,Net Banking
TXN7E04E21CD1,2024-06-29,BR01,Eluru,Andhra Pradesh,CUST01041,Divya Kumar,Retail,P004,Wireless Earbuds,Mobile,1,1685.56,0.0,0.55,Cash
TXN7CACCE07B9,2023-06-27,BR01,Eluru,Andhra Pradesh,CUST01886,Kiran Reddy,Corporate,P012,Mobile Charger,Accessories,2,765.89,0.05,0.42,Cash
TXN16B42129CD,2024-03-06,BR01,Eluru,Andhra Pradesh,CUST00633,Deepika Naidu,Retail,P011,Bluetooth Speaker,Accessories,3,2115.69,0.0,0.5,UPI
TXN578F094A18,2023-05-30,BR01,Eluru,Andhra Pradesh,CUST00857,Praveen Babu,Retail,P002,Mid-range Smartphone 5G,Mobile,1,20975.55,0.05,0.78,UPI
TXN9797EE6CFF,2023-10-17,BR01,Eluru,Andhra Pradesh,CUST00153,Ajay Chowdary,Retail,P007,Gaming Laptop i7,Laptop,1,107552.43,0.25,0.78,Cash
TXN4FBF562AED,2024-03-27,BR01,Eluru,Andhra Pradesh,CUST01727,Meena Chowdary,Retail,P020,Home Theatre System,Electronics,1,9218.06,0.0,0.6,UPI
TXND6E79F9CDB,2023-11-04,BR01,Eluru,Andhra Pradesh,CUST01955,Srinivas Rao,Retail,P010,Wireless Mouse,Accessories,1,696.46,0.1,0.4,UPI
TXN1AD0920033,2024-03-18,BR01,Eluru,Andhra Pradesh,CUST01612,Priya Kumar,Wholesale,P011,Bluetooth Speaker,Accessories,2,3436.61,0.0,0.5,UPI
TXNF60764B405,2024-04-16,BR01,Eluru,Andhra Pradesh,CUST00547,Praveen Babu,Retail,P002,Mid-range Smartphone 5G,Mobile,1,25845.71,0.0,0.78,Credit Card
TXN12DC20CD82,2024-09-22,BR01,Eluru,Andhra Pradesh,CUST00720,Naveen Devi,Retail,P013,Power Bank,Accessories,1,2184.23,0.15,0.48,UPI
TXNACF1884ACB,2024-04-09,BR01,Eluru,Andhra Pradesh,CUST00288,Vikram Babu,Retail,P004,Wireless Earbuds,Mobile,3,3119.17,0.1,0.55,UPI
TXN1824FB9324,2023-10-25,BR01,Eluru,Andhra Pradesh,CUST01660,Ravi Devi,Retail,P011,Bluetooth Speaker,Accessories,1,3658.75,0.05,0.5,Net Banking
TXN59B2324B43,2023-09-11,BR01,Eluru,Andhra Pradesh,CUST01696,Sandeep Kumar,Retail,P021,Smart Watch,Electronics,2,4315.1,0.0,0.55,Cash
TXNDC74BB34D2,2024-09-28,BR01,Eluru,Andhra Pradesh,CUST01667,Kiran Prasad,Retail,P012,Mobile Charger,Accessories,1,327.0,0.1,0.42,UPI
TXN2A39398D82,2023-11-10,BR01,Eluru,Andhra Pradesh,CUST00445,Aishwarya Reddy,Retail,P002,Mid-range Smartphone 5G,Mobile,1,24046.46,0.05,0.78,Cash
TXNBDE4B228A2,2023-02-12,BR01,Eluru,Andhra Pradesh,CUST00431,Sneha Kumar,Wholesale,P001,Budget Smartphone 4G,Mobile,1,10625.46,0.1,0.8,UPI
TXN0FED6AC273,2023-06-04,BR01,Eluru,Andhra Pradesh,CUST00279,Praveen Babu,Retail,P021,Smart Watch,Electronics,1,6175.05,0.1,0.55,Debit Card
TXN34ED984C47,2023-08-12,BR01,Eluru,Andhra Pradesh,CUST00391,Kiran Babu,Retail,P003,Flagship Smartphone,Mobile,1,49162.97,0.1,0.75,Net Banking
TXN117477B02E,2023-07-02,BR01,Eluru,Andhra Pradesh,CUST00583,Arjun Prasad,Corporate,P002,Mid-range Smartphone 5G,Mobile,1,23872.85,0.0,0.78,Credit Card
TXNC54E95D69C,2024-10-10,BR01,Eluru,Andhra Pradesh,CUST00964,Arjun Naidu,Retail,P002,Mid-range Smartphone 5G,Mobile,1,18386.06,0.1,0.78,UPI
TXNEA77FBD3A0,2023-04-23,BR01,Eluru,Andhra Pradesh,CUST01620,Suresh Sharma,Corporate,P018,LED TV 43-inch,Electronics,1,33463.67,0.0,0.8,Net Banking
TXNF1A5F54AF4,2024-11-09,BR01,Eluru,Andhra Pradesh,CUST01241,Lakshmi Varma,Retail,P004,Wireless Earbuds,Mobile,2,4703.14,0.0,0.55,UPI
TXN8D076BE737,2023-05-21,BR01,Eluru,Andhra Pradesh,CUST00311,Ramesh Naidu,Retail,P021,Smart Watch,Electronics,4,8133.87,0.1,0.55,Credit Card
TXN423C60FB44,2024-08-31,BR01,Eluru,Andhra Pradesh,CUST00525,Sandeep Murthy,Retail,P010,Wireless Mouse,Accessories,1,926.67,0.1,0.4,Cash
TXND3179E6A1F,2023-05-26,BR01,Eluru,Andhra Pradesh,CUST00248,Manoj Kumar,Retail,P003,Flagship Smartphone,Mobile,1,72992.64,0.0,0.75,Net Banking
TXNBA27D5E5DE,2024-04-18,BR01,Eluru,Andhra Pradesh,CUST00905,Ramesh Sharma,Retail,P012,Mobile Charger,Accessories,2,1723.1,0.15,0.42,Credit Card
TXNFE13FAA7BF,2024-03-02,BR01,Eluru,Andhra Pradesh,CUST00707,Anitha Prasad,Corporate,P001,Budget Smartphone 4G,Mobile,3,12882.91,0.0,0.8,Credit Card
TXN0744CA1785,2024-09-06,BR01,Eluru,Andhra Pradesh,CUST00775,Kiran Reddy,Corporate,P002,Mid-range Smartphone 5G,Mobile,1,19889.0,0.1,0.78,UPI
TXNA460A271F3,2023-12-21,BR01,Eluru,Andhra Pradesh,CUST00584,Kiran Chowdary,Retail,P019,LED TV 55-inch,Electronics,1,53859.65,0.1,0.79,Credit Card
TXNB7F76032C5,2023-07-03,BR01,Eluru,Andhra Pradesh,CUST00428,Ramesh Rao,Retail,P002,Mid-range Smartphone 5G,Mobile,1,16754.38,0.05,0.78,Credit Card
TXN543380F4B0,2024-11-08,BR01,Eluru,Andhra Pradesh,CUST01976,Kiran Naidu,Retail,P014,Split AC 1.5 Ton,Home Appliances,1,35593.56,0.1,0.83,Net Banking
TXNB308AD79E4,2024-04-10,BR01,Eluru,Andhra Pradesh,CUST01919,Manoj Devi,Wholesale,P013,Power Bank,Accessories,1,1605.5,0.05,0.48,Cash
TXN30EB057A21,2024-10-14,BR01,Eluru,Andhra Pradesh,CUST01949,Suresh Prasad,Wholesale,P001,Budget Smartphone 4G,Mobile,2,11705.98,0.05,0.8,Cash
TXN86E1E9F901,2023-10-13,BR01,Eluru,Andhra Pradesh,CUST00632,Manoj Rao,Retail,P006,Business Laptop i5,Laptop,1,44437.76,0.1,0.8,UPI
TXN66A6F0D966,2023-01-28,BR01,Eluru,Andhra Pradesh,CUST01667,Kiran Prasad,Retail,P012,Mobile Charger,Accessories,1,1615.97,0.0,0.42,Credit Card
TXN7A4D98B7C6,2023-05-26,BR01,Eluru,Andhra Pradesh,CUST01030,Pooja Sharma,Wholesale,P017,Microwave Oven,Home Appliances,1,6261.36,0.15,0.75,Debit Card
TXND1EB4CCD01,2023-04-19,BR01,Eluru,Andhra Pradesh,CUST00389,Aishwarya Naidu,Retail,P009,Laptop Bag,Accessories,4,652.01,0.05,0.45,UPI
TXNE7EDCEFE92,2024-02-05,BR01,Eluru,Andhra Pradesh,CUST01997,Srinivas Reddy,Retail,P008,Ultrabook Thin & Light,Laptop,1,80774.5,0.0,0.79,Debit Card
TXNDB70B2FB8A,2023-04-02,BR01,Eluru,Andhra Pradesh,CUST00295,Sneha Naidu,Wholesale,P013,Power Bank,Accessories,1,1889.21,0.0,0.48,UPI
TXN20D3A6C0C5,2023-09-15,BR01,Eluru,Andhra Pradesh,CUST00216,Naveen Naidu,Wholesale,P004,Wireless Earbuds,Mobile,1,4185.28,0.0,0.55,Debit Card
TXN74FDEBE389,2024-06-03,BR01,Eluru,Andhra Pradesh,CUST00340,Divya Sarma,Retail,P013,Power Bank,Accessories,4,1929.74,0.0,0.48,UPI
TXND40E949035,2024-11-26,BR01,Eluru,Andhra Pradesh,CUST00145,Srinivas Chowdary,Retail,P001,Budget Smartphone 4G,Mobile,2,9708.26,0.0,0.8,UPI
TXNB23C4A889F,2024-08-31,BR01,Eluru,Andhra Pradesh,CUST01665,Kiran Sharma,Retail,P013,Power Bank,Accessories,2,1908.08,0.15,0.48,Net Banking
TXNF5B26B5F84,2023-04-07,BR01,Eluru,Andhra Pradesh,CUST01374,Swathi Devi,Retail,P001,Budget Smartphone 4G,Mobile,1,12717.74,0.0,0.8,Cash
TXN6E884E597C,2024-08-06,BR01,Eluru,Andhra Pradesh,CUST00173,Sneha Babu,Retail,P001,Budget Smartphone 4G,Mobile,1,9813.48,0.15,0.8,Credit Card
TXNC7EACB00E4,2023-02-28,BR01,Eluru,Andhra Pradesh,CUST00881,Divya Chowdary,Retail,P018,LED TV 43-inch,Electronics,1,34979.21,0.1,0.8,UPI
TXNABB0E66C1D,2023-12-07,BR01,Eluru,Andhra Pradesh,CUST01867,Swathi Naidu,Retail,P010,Wireless Mouse,Accessories,1,793.06,0.05,0.4,UPI
TXN0B2FC3288B,2024-11-21,BR01,Eluru,Andhra Pradesh,CUST00235,Pooja Rao,Retail,P018,LED TV 43-inch,Electronics,1,30372.36,0.05,0.8,Cash
TXN924FA2EABC,2024-10-04,BR01,Eluru,Andhra Pradesh,CUST00411,Sneha Babu,Retail,P001,Budget Smartphone 4G,Mobile,1,12111.59,0.15,0.8,UPI
TXN81E97C95D3,2024-12-15,BR01,Eluru,Andhra Pradesh,CUST01031,Aishwarya Kumar,Wholesale,P009,Laptop Bag,Accessories,3,1783.33,0.15,0.45,UPI
TXN538C5EF8C2,2023-11-22,BR01,Eluru,Andhra Pradesh,CUST00405,Lakshmi Prasad,Retail,P019,LED TV 55-inch,Electronics,1,39798.95,0.2,0.79,UPI
TXN302C4F8748,2024-10-06,BR01,Eluru,Andhra Pradesh,CUST01254,Srinivas Prasad,Retail,P020,Home Theatre System,Electronics,3,5716.88,0.0,0.6,Cash
TXN2124A54C7F,2023-01-26,BR01,Eluru,Andhra Pradesh,CUST01383,Lakshmi Reddy,Retail,P005,Entry Laptop i3,Laptop,1,36491.35,0.1,0.82,UPI
TXN5BA65EF5C2,2024-05-30,BR01,Eluru,Andhra Pradesh,CUST00720,Naveen Devi,Retail,P013,Power Bank,Accessories,1,1006.77,0.1,0.48,Debit Card
TXND3B4CF731A,2023-05-08,BR01,Eluru,Andhra Pradesh,CUST00409,Ravi Murthy,Wholesale,P011,Bluetooth Speaker,Accessories,1,2811.02,0.1,0.5,UPI
TXNF39A2F1778,2024-05-11,BR01,Eluru,Andhra Pradesh,CUST01699,Kiran Babu,Retail,P012,Mobile Charger,Accessories,3,419.24,0.0,0.42,UPI
TXNF31071AC99,2023-11-30,BR01,Eluru,Andhra Pradesh,CUST00176,Suresh Prasad,Retail,P013,Power Bank,Accessories,4,1160.08,0.25,0.48,Debit Card
TXN6F49B4BB01,2024-11-10,BR01,Eluru,Andhra Pradesh,CUST01685,Suresh Devi,Retail,P012,Mobile Charger,Accessories,4,1322.43,0.15,0.42,Debit Card
TXN04A991786D,2023-06-16,BR01,Eluru,Andhra Pradesh,CUST01946,Priya Sharma,Retail,P013,Power Bank,Accessories,1,2398.85,0.0,0.48,Credit Card
TXN2EDA8F375B,2024-11-09,BR01,Eluru,Andhra Pradesh,CUST01994,Lakshmi Varma,Retail,P009,Laptop Bag,Accessories,1,1763.64,0.2,0.45,UPI
TXN35F4D73059,2023-12-23,BR01,Eluru,Andhra Pradesh,CUST01926,Meena Sharma,Retail,P007,Gaming Laptop i7,Laptop,1,76442.42,0.0,0.78,UPI
TXN49D56683E0,2023-02-26,BR01,Eluru,Andhra Pradesh,CUST01777,Sandeep Reddy,Retail,P001,Budget Smartphone 4G,Mobile,1,13601.4,0.0,0.8,UPI
TXN350DAF9316,2023-05-21,BR01,Eluru,Andhra Pradesh,CUST00202,Sandeep Chowdary,Retail,P011,Bluetooth Speaker,Accessories,3,1216.11,0.05,0.5,Net Banking
TXN5592C90073,2024-05-26,BR01,Eluru,Andhra Pradesh,CUST00002,Arjun Varma,Retail,P008,Ultrabook Thin & Light,Laptop,1,78461.14,0.0,0.79,UPI
TXNBF43C0F8DB,2023-09-17,BR01,Eluru,Andhra Pradesh,CUST00783,Naveen Prasad,Retail,P010,Wireless Mouse,Accessories,1,893.85,0.0,0.4,UPI
TXN8717910D42,2024-08-27,BR01,Eluru,Andhra Pradesh,CUST00451,Manoj Murthy,Retail,P009,Laptop Bag,Accessories,3,1687.17,0.15,0.45,Debit Card
TXNE6D11ED4DF,2023-10-30,BR01,Eluru,Andhra Pradesh,CUST01440,Srinivas Kumar,Retail,P010,Wireless Mouse,Accessories,2,1200.88,0.05,0.4,Debit Card
TXNE1F212A2FD,2024-12-31,BR01,Eluru,Andhra Pradesh,CUST01672,Anitha Murthy,Corporate,P011,Bluetooth Speaker,Accessories,2,2785.12,0.0,0.5,UPI
TXNB2320185A1,2023-03-19,BR01,Eluru,Andhra Pradesh,CUST00286,Divya Murthy,Retail,P010,Wireless Mouse,Accessories,1,1020.16,0.0,0.4,UPI
TXN99E80BC579,2023-05-17,BR01,Eluru,Andhra Pradesh,CUST00353,Ramesh Rao,Retail,P011,Bluetooth Speaker,Accessories,1,2360.53,0.15,0.5,UPI
TXNB5540410FA,2023-10-19,BR01,Eluru,Andhra Pradesh,CUST00699,Pooja Chowdary,Retail,P002,Mid-range Smartphone 5G,Mobile,1,16912.5,0.05,0.78,Credit Card
TXNFDD9FA8659,2023-07-09,BR01,Eluru,Andhra Pradesh,CUST00624,Priya Babu,Retail,P009,Laptop Bag,Accessories,2,786.61,0.0,0.45,UPI
TXN7CB6D2D856,2023-08-25,BR01,Eluru,Andhra Pradesh,CUST00653,Meena Rao,Retail,P018,LED TV 43-inch,Electronics,1,30463.13,0.0,0.8,UPI
TXN6A65128DF9,2023-07-23,BR01,Eluru,Andhra Pradesh,CUST00217,Swathi Naidu,Wholesale,P003,Flagship Smartphone,Mobile,1,79653.64,0.0,0.75,Net Banking
TXN67FF929B5F,2024-06-19,BR01,Eluru,Andhra Pradesh,CUST01803,Lakshmi Sarma,Retail,P002,Mid-range Smartphone 5G,Mobile,1,17435.66,0.05,0.78,UPI
TXNE7E4E4B90C,2023-07-05,BR01,Eluru,Andhra Pradesh,CUST00722,Aishwarya Babu,Retail,P004,Wireless Earbuds,Mobile,1,5336.15,0.0,0.55,Net Banking
TXNBEC0620009,2023-07-18,BR01,Eluru,Andhra Pradesh,CUST01744,Lakshmi Varma,Retail,P003,Flagship Smartphone,Mobile,1,59987.04,0.05,0.75,Debit Card
TXN782CBF4B99,2023-07-20,BR01,Eluru,Andhra Pradesh,CUST01482,Deepika Prasad,Retail,P012,Mobile Charger,Accessories,1,608.04,0.15,0.42,Cash
TXN811D5DE060,2023-09-06,BR01,Eluru,Andhra Pradesh,CUST01841,Divya Sarma,Retail,P014,Split AC 1.5 Ton,Home Appliances,1,37367.13,0.05,0.83,Cash
TXN72ABE6E107,2023-08-12,BR01,Eluru,Andhra Pradesh,CUST01224,Vikram Kumar,Retail,P003,Flagship Smartphone,Mobile,1,49953.86,0.05,0.75,UPI
TXN42F139882E,2023-05-28,BR01,Eluru,Andhra Pradesh,CUST01345,Manoj Sarma,Retail,P013,Power Bank,Accessories,1,1569.27,0.0,0.48,UPI
TXN5EE1A74DA5,2023-03-17,BR01,Eluru,Andhra Pradesh,CUST00509,Ajay Babu,Retail,P021,Smart Watch,Electronics,1,8298.9,0.0,0.55,Credit Card
TXNF844E245E8,2023-02-05,BR01,Eluru,Andhra Pradesh,CUST01440,Srinivas Kumar,Retail,P003,Flagship Smartphone,Mobile,1,62697.82,0.0,0.75,Net Banking
TXN1C031EB198,2023-02-18,BR01,Eluru,Andhra Pradesh,CUST01758,Ajay Varma,Retail,P021,Smart Watch,Electronics,3,5112.17,0.05,0.55,Debit Card
TXNC5687EE683,2023-12-17,BR01,Eluru,Andhra Pradesh,CUST00772,Srinivas Varma,Retail,P012,Mobile Charger,Accessories,3,1122.23,0.1,0.42,Credit Card
TXNB5968E1BF9,2024-03-31,BR01,Eluru,Andhra Pradesh,CUST01344,Naveen Reddy,Retail,P003,Flagship Smartphone,Mobile,1,83651.44,0.1,0.75,Cash
TXNB2AD1D0203,2024-01-03,BR01,Eluru,Andhra Pradesh,CUST00431,Sneha Kumar,Wholesale,P003,Flagship Smartphone,Mobile,1,71506.19,0.0,0.75,Debit Card
TXNA681078AB4,2024-06-04,BR01,Eluru,Andhra Pradesh,CUST01935,Deepika Devi,Wholesale,P020,Home Theatre System,Electronics,0,14549.22,0.05,0.6,UPI
TXN2DEB11B639,2024-07-02,BR01,Eluru,Andhra Pradesh,CUST01440,Srinivas Kumar,Retail,P002,Mid-range Smartphone 5G,Mobile,1,18534.85,0.1,0.78,UPI
TXN54CC1DFB05,2023-02-25,BR01,Eluru,Andhra Pradesh,CUST00386,Priya Murthy,Retail,P015,Refrigerator 300L,Home Appliances,1,33386.83,0.15,0.82,UPI
TXN4982166E51,2024-01-11,BR01,Eluru,Andhra Pradesh,CUST00166,Vikram Chowdary,Wholesale,P011,Bluetooth Speaker,Accessories,1,3139.19,0.05,0.5,Net Banking
TXN9AEA94E6BB,2023-07-16,BR01,Eluru,Andhra Pradesh,CUST01529,Srinivas Kumar,Corporate,P015,Refrigerator 300L,Home Appliances,1,38046.94,0.0,0.82,UPI
TXN158E97E692,2023-10-14,BR01,Eluru,Andhra Pradesh,CUST00620,Priya Varma,Wholesale,P020,Home Theatre System,Electronics,4,17790.11,0.05,0.6,UPI
TXN4AA803EE57,2023-02-05,BR01,Eluru,Andhra Pradesh,CUST00266,Harika Murthy,Corporate,P013,Power Bank,Accessories,2,1667.34,0.1,0.48,UPI
TXN2C5D6274B4,2023-02-11,BR01,Eluru,Andhra Pradesh,CUST01567,Deepika Sharma,Corporate,P012,Mobile Charger,Accessories,1,975.56,0.0,0.42,Credit Card
TXN26A737D457,2024-05-11,BR01,Eluru,Andhra Pradesh,CUST00130,Pooja Reddy,Wholesale,P014,Split AC 1.5 Ton,Home Appliances,1,35646.62,0.05,0.83,UPI
TXNB5D890F251,2024-12-10,BR01,Eluru,Andhra Pradesh,CUST00961,Harika Devi,Corporate,P011,Bluetooth Speaker,Accessories,1,4444.94,0.0,0.5,Net Banking
TXN734E87B13A,2023-02-27,BR01,Eluru,Andhra Pradesh,CUST00872,Suresh Varma,Wholesale,P020,Home Theatre System,Electronics,4,13336.39,0.1,0.6,UPI
TXNA4376591B0,2024-11-04,BR01,Eluru,Andhra Pradesh,CUST01793,Deepika Babu,Retail,P017,Microwave Oven,Home Appliances,1,13604.74,0.15,0.75,Cash
TXN37EB3EB184,2023-04-18,BR01,Eluru,Andhra Pradesh,CUST01927,Ramesh Naidu,Wholesale,P015,Refrigerator 300L,Home Appliances,1,31013.79,0.0,0.82,Credit Card
TXNE90F865E0C,2024-11-22,BR01,Eluru,Andhra Pradesh,CUST01020,Naveen Reddy,Retail,P021,Smart Watch,Electronics,1,4806.59,0.2,0.55,UPI
TXN4C15E60826,2024-08-27,BR01,Eluru,Andhra Pradesh,CUST00532,Ramesh Prasad,Retail,P001,Budget Smartphone 4G,Mobile,3,13715.57,0.0,0.8,UPI
TXNCD60561FF2,2024-10-22,BR01,Eluru,Andhra Pradesh,CUST00232,Divya Babu,Retail,P019,LED TV 55-inch,Electronics,1,58089.65,0.15,0.79,Debit Card
TXN01735D8B2E,2023-02-27,BR01,Eluru,Andhra Pradesh,CUST01565,Ajay Naidu,Retail,P012,Mobile Charger,Accessories,3,1555.05,0.1,0.42,Net Banking
TXNCEAE19ECC2,2023-03-23,BR01,Eluru,Andhra Pradesh,CUST00439,Sneha Murthy,Retail,P005,Entry Laptop i3,Laptop,1,35715.38,0.15,0.82,UPI
TXNC6074BE4ED,2024-12-12,BR01,Eluru,Andhra Pradesh,CUST01109,Kiran Rao,Retail,P006,Business Laptop i5,Laptop,1,58450.51,0.15,0.8,Net Banking
TXNC08D218EC0,2023-11-21,BR01,Eluru,Andhra Pradesh,CUST00508,Sandeep Chowdary,Retail,P002,Mid-range Smartphone 5G,Mobile,1,25957.76,0.15,0.78,UPI
TXN70034C88DA,2023-11-02,BR01,Eluru,Andhra Pradesh,CUST01173,Divya Sharma,Retail,P021,Smart Watch,Electronics,2,10638.33,0.05,0.55,Net Banking
TXN6766EC981F,2024-08-11,BR01,Eluru,Andhra Pradesh,CUST01394,Arjun Chowdary,Retail,P003,Flagship Smartphone,Mobile,1,60946.92,0.0,0.75,Credit Card
TXN5A10EDE85E,2023-07-01,BR01,Eluru,Andhra Pradesh,CUST00641,Harika Babu,Retail,P001,Budget Smartphone 4G,Mobile,2,11033.05,0.0,0.8,UPI
TXN733C8EBBE6,2023-10-30,BR01,Eluru,Andhra Pradesh,CUST01516,Lakshmi Babu,Retail,P013,Power Bank,Accessories,1,1048.28,0.15,0.48,Debit Card
TXNFBECB07A92,2024-05-02,BR01,Eluru,Andhra Pradesh,CUST01263,Anitha Sarma,Corporate,P012,Mobile Charger,Accessories,1,913.09,0.15,0.42,Net Banking
TXNAB8C07DF9C,2024-07-05,BR01,Eluru,Andhra Pradesh,CUST00011,Manoj Naidu,Retail,P010,Wireless Mouse,Accessories,1,310.09,0.05,0.4,UPI
TXN228C774545,2024-08-27,BR01,Eluru,Andhra Pradesh,CUST01767,Arjun Varma,Retail,P011,Bluetooth Speaker,Accessories,3,4794.09,0.0,0.5,UPI
TXNC74A1CB704,2024-01-03,BR01,Eluru,Andhra Pradesh,CUST01682,Harika Naidu,Retail,P013,Power Bank,Accessories,1,1202.97,0.05,0.48,Debit Card
TXN38EC8FC586,2023-10-05,BR01,Eluru,Andhra Pradesh,CUST01137,Aishwarya Kumar,Retail,P010,Wireless Mouse,Accessories,1,1372.15,0.0,0.4,UPI
TXNCCBC8A5D47,2024-02-05,BR01,Eluru,Andhra Pradesh,CUST00384,Deepika Chowdary,Retail,P020,Home Theatre System,Electronics,1,19871.63,0.15,0.6,Credit Card
TXNB2C1122D9B,2024-12-05,BR01,Eluru,Andhra Pradesh,CUST01751,Aishwarya Reddy,Retail,P002,Mid-range Smartphone 5G,Mobile,1,27354.09,0.0,0.78,UPI
TXN5CED2677D3,2024-05-14,BR01,Eluru,Andhra Pradesh,CUST00044,Meena Reddy,Retail,P012,Mobile Charger,Accessories,1,1600.21,0.0,0.42,UPI
TXNF84C195328,2023-09-20,BR01,Eluru,Andhra Pradesh,CUST00131,Vikram Babu,Retail,P011,Bluetooth Speaker,Accessories,1,4159.35,0.0,0.5,UPI
TXNC3D3BABED5,2023-05-24,BR01,Eluru,Andhra Pradesh,CUST00554,Kiran Murthy,Retail,P011,Bluetooth Speaker,Accessories,1,4292.86,0.0,0.5,Credit Card
TXN43004B994A,2023-03-14,BR01,Eluru,Andhra Pradesh,CUST00801,Sandeep Reddy,Retail,P015,Refrigerator 300L,Home Appliances,1,27317.0,0.05,0.82,UPI
TXN4E12C67BFD,2024-06-17,BR01,Eluru,Andhra Pradesh,CUST00185,Ramesh Babu,Retail,P001,Budget Smartphone 4G,Mobile,1,13091.27,0.15,0.8,Net Banking
TXN70D1297F67,2024-03-07,BR01,Eluru,Andhra Pradesh,CUST00791,Ajay Kumar,Retail,P001,Budget Smartphone 4G,Mobile,2,8371.54,0.1,0.8,Credit Card
TXN58AE415C3F,2024-06-05,BR01,Eluru,Andhra Pradesh,CUST01721,Swathi Sharma,Wholesale,P004,Wireless Earbuds,Mobile,1,4439.75,0.0,0.55,Credit Card
TXNDB91123316,2024-08-04,BR01,Eluru,Andhra Pradesh,CUST01334,Ravi Sarma,Retail,P013,Power Bank,Accessories,2,2414.27,0.15,0.48,Net Banking
TXNA02AF99EFA,2024-04-30,BR01,Eluru,Andhra Pradesh,CUST00310,Anitha Prasad,Retail,P007,Gaming Laptop i7,Laptop,1,125523.76,0.05,0.78,Net Banking
TXNC5B1D563AD,2023-03-04,BR01,Eluru,Andhra Pradesh,CUST00502,Ravi Prasad,Retail,P003,Flagship Smartphone,Mobile,1,67959.85,0.0,0.75,Net Banking
TXN93D929830F,2023-10-14,BR01,Eluru,Andhra Pradesh,CUST01196,Harika Sharma,Retail,P021,Smart Watch,Electronics,4,4853.57,0.15,0.55,Debit Card
TXN34EC9E9555,2023-01-26,BR01,Eluru,Andhra Pradesh,CUST01086,Divya Sharma,Retail,P005,Entry Laptop i3,Laptop,1,33205.27,0.1,0.82,Credit Card
TXN619129447C,2024-02-08,BR01,Eluru,Andhra Pradesh,CUST00387,Divya Varma,Retail,P006,Business Laptop i5,Laptop,1,43976.83,0.0,0.8,UPI
TXN1B15D3EC59,2023-07-07,BR01,Eluru,Andhra Pradesh,CUST01757,Priya Murthy,Retail,P008,Ultrabook Thin & Light,Laptop,1,94621.4,0.0,0.79,UPI
TXNB4F6E6EB62,2023-09-02,BR01,Eluru,Andhra Pradesh,CUST00759,Ajay Sarma,Retail,P003,Flagship Smartphone,Mobile,1,58666.8,0.0,0.75,UPI
TXN02A1C2D327,2024-05-26,BR01,Eluru,Andhra Pradesh,CUST01513,Manoj Devi,Wholesale,P005,Entry Laptop i3,Laptop,1,30748.61,0.0,0.82,Credit Card
TXN3858892E79,2024-02-23,BR01,Eluru,Andhra Pradesh,CUST00572,Harika Prasad,Retail,P019,LED TV 55-inch,Electronics,1,55890.33,0.0,0.79,UPI
TXND4A94F50A9,2024-10-09,BR01,Eluru,Andhra Pradesh,CUST00076,Lakshmi Babu,Retail,P005,Entry Laptop i3,Laptop,1,32433.16,0.25,0.82,Cash
TXN76A66DE7EE,2023-12-15,BR01,Eluru,Andhra Pradesh,CUST01018,Sneha Chowdary,Retail,P013,Power Bank,Accessories,1,1711.38,0.15,0.48,UPI
TXNC6E8D53BAE,2023-10-04,BR01,Eluru,Andhra Pradesh,CUST01787,Harika Babu,Corporate,P005,Entry Laptop i3,Laptop,1,34502.0,0.05,0.82,UPI
TXN97FA11C439,2024-03-02,BR01,Eluru,Andhra Pradesh,CUST01637,Arjun Varma,Retail,P008,Ultrabook Thin & Light,Laptop,1,78653.48,0.1,0.79,UPI
TXN0DAF4BD1E3,2023-06-08,BR01,Eluru,Andhra Pradesh,CUST00286,Divya Murthy,Retail,P018,LED TV 43-inch,Electronics,1,26372.67,0.05,0.8,UPI
TXN5DD1AC6772,2024-09-23,BR01,Eluru,Andhra Pradesh,CUST00280,Kiran Murthy,Corporate,P009,Laptop Bag,Accessories,2,1095.85,0.1,0.45,Cash
TXN8014E00E40,2024-06-15,BR01,Eluru,Andhra Pradesh,CUST00081,Lakshmi Varma,Retail,P009,Laptop Bag,Accessories,2,1936.53,0.05,0.45,UPI
TXNCE875A49E0,2023-10-26,BR01,Eluru,Andhra Pradesh,CUST01105,Suresh Sarma,Wholesale,P016,Washing Machine,Home Appliances,1,33342.79,0.1,0.8,UPI
TXNFE4BB8620C,2023-06-03,BR01,Eluru,Andhra Pradesh,CUST01951,Swathi Sharma,Wholesale,P013,Power Bank,Accessories,2,2294.8,0.05,0.48,Credit Card
TXN033DA162A9,2023-02-18,BR01,Eluru,Andhra Pradesh,CUST01272,Sandeep Reddy,Retail,P021,Smart Watch,Electronics,2,5394.65,0.15,0.55,UPI
TXN352B4FEEEC,2024-02-07,BR01,Eluru,Andhra Pradesh,CUST01415,Vikram Sharma,Retail,P019,LED TV 55-inch,Electronics,1,38118.35,0.0,0.79,Cash
TXNC71A3403FC,2024-09-25,BR01,Eluru,Andhra Pradesh,CUST00292,Aishwarya Prasad,Retail,P002,Mid-range Smartphone 5G,Mobile,1,21843.4,0.1,0.78,UPI
TXNBCEDF0E7D9,2023-12-10,BR01,Eluru,Andhra Pradesh,CUST00475,Lakshmi Sharma,Wholesale,P021,Smart Watch,Electronics,1,4332.83,0.0,0.55,UPI
TXNB81CF1D82E,2024-11-30,BR01,Eluru,Andhra Pradesh,CUST01219,Manoj Rao,Retail,P012,Mobile Charger,Accessories,3,1046.14,0.25,0.42,Credit Card
TXN29F9F9B6A7,2023-11-22,BR01,Eluru,Andhra Pradesh,CUST01123,Naveen Naidu,Retail,P004,Wireless Earbuds,Mobile,2,4120.31,0.2,0.55,Net Banking
TXN14E8087B6C,2023-10-14,BR01,Eluru,Andhra Pradesh,CUST01689,Kiran Prasad,Retail,P011,Bluetooth Speaker,Accessories,1,1284.22,0.0,0.5,UPI
TXNED04A642D7,2023-01-18,BR01,Eluru,Andhra Pradesh,CUST00918,Ramesh Murthy,Retail,P002,Mid-range Smartphone 5G,Mobile,1,22866.22,0.15,0.78,UPI
TXN5D0AD08F2F,2024-10-06,BR01,Eluru,Andhra Pradesh,CUST01286,Lakshmi Prasad,Wholesale,P005,Entry Laptop i3,Laptop,1,34677.68,0.1,0.82,Net Banking
TXNA139FD5B5A,2024-01-07,BR01,Eluru,Andhra Pradesh,CUST01402,Kiran Sarma,Retail,P007,Gaming Laptop i7,Laptop,1,110260.01,0.05,0.78,UPI
TXND6E3908D8B,2024-10-17,BR01,Eluru,Andhra Pradesh,CUST00478,Meena Murthy,Retail,P020,Home Theatre System,Electronics,1,14949.43,0.25,0.6,UPI
TXND87AA5933F,2023-07-10,BR01,Eluru,Andhra Pradesh,CUST01176,Harika Murthy,Retail,P004,Wireless Earbuds,Mobile,1,2142.46,0.05,0.55,UPI
TXNADD30A2D2C,2024-09-12,BR01,Eluru,Andhra Pradesh,CUST01459,Kavya Varma,Retail,P012,Mobile Charger,Accessories,1,1417.77,0.15,0.42,UPI
TXN4AC72DDCFB,2024-01-27,BR01,Eluru,Andhra Pradesh,CUST01349,Kavya Sarma,Retail,P019,LED TV 55-inch,Electronics,1,53343.08,0.0,0.79,UPI
TXN61ED01930F,2024-11-09,BR01,Eluru,Andhra Pradesh,CUST00561,Divya Kumar,Corporate,P018,LED TV 43-inch,Electronics,1,25142.2,0.1,0.8,UPI
TXN34D5758AD5,2023-06-29,BR01,Eluru,Andhra Pradesh,CUST01593,Meena Babu,Retail,P006,Business Laptop i5,Laptop,1,56089.83,0.1,0.8,UPI
TXN31C68A48CD,2024-10-09,BR01,Eluru,Andhra Pradesh,CUST01734,Arjun Devi,Retail,P004,Wireless Earbuds,Mobile,1,2148.52,0.15,0.55,Cash
TXN48595BF076,2024-10-11,BR01,Eluru,Andhra Pradesh,CUST01166,Sneha Sharma,Retail,P018,LED TV 43-inch,Electronics,1,32591.76,0.25,0.8,Credit Card
TXN2D71BAC133,2023-01-24,BR01,Eluru,Andhra Pradesh,CUST01482,Deepika Prasad,Retail,P007,Gaming Laptop i7,Laptop,1,85879.6,0.05,0.78,Credit Card
TXN3614EF78D2,2023-12-23,BR01,Eluru,Andhra Pradesh,CUST00202,Sandeep Chowdary,Retail,P011,Bluetooth Speaker,Accessories,1,3056.69,0.0,0.5,Cash
TXNB2B2B38740,2024-06-13,BR01,Eluru,Andhra Pradesh,CUST00568,Ajay Murthy,Wholesale,P002,Mid-range Smartphone 5G,Mobile,1,20773.95,0.05,0.78,UPI
TXN9B4CF077E7,2023-11-15,BR01,Eluru,Andhra Pradesh,CUST01217,Suresh Varma,Corporate,P013,Power Bank,Accessories,1,1797.06,0.2,0.48,Debit Card
TXN30F1F23A48,2024-03-13,BR01,Eluru,Andhra Pradesh,CUST01790,Arjun Varma,Retail,P002,Mid-range Smartphone 5G,Mobile,4,16667.92,0.0,0.78,Cash
TXNF43C788972,2024-10-24,BR01,Eluru,Andhra Pradesh,CUST01640,Suresh Naidu,Retail,P013,Power Bank,Accessories,1,1781.56,0.2,0.48,Credit Card
TXN437CC22A43,2024-11-03,BR01,Eluru,Andhra Pradesh,CUST01122,Aishwarya Devi,Retail,P011,Bluetooth Speaker,Accessories,1,4914.25,0.2,0.5,Net Banking
TXN36263E5E08,2023-08-22,BR01,Eluru,Andhra Pradesh,CUST01148,Ajay Reddy,Retail,P018,LED TV 43-inch,Electronics,1,34219.74,0.0,0.8,UPI
TXN3A36EC1F4D,2024-07-28,BR01,Eluru,Andhra Pradesh,CUST01681,Srinivas Babu,Wholesale,P012,Mobile Charger,Accessories,1,1429.84,0.05,0.42,UPI
TXNE400F0DB9E,2024-11-11,BR01,Eluru,Andhra Pradesh,CUST00350,Praveen Kumar,Retail,P010,Wireless Mouse,Accessories,1,1065.1,0.0,0.4,UPI
TXN4A3AA59981,2024-03-16,BR01,Eluru,Andhra Pradesh,CUST00133,Swathi Murthy,Retail,P001,Budget Smartphone 4G,Mobile,1,11620.89,0.0,0.8,Debit Card
TXN4AC6507FB8,2023-12-23,BR01,Eluru,Andhra Pradesh,CUST00788,Kiran Devi,Retail,P008,Ultrabook Thin & Light,Laptop,1,84346.98,0.0,0.79,UPI
TXNC43629CF93,2024-03-17,BR01,Eluru,Andhra Pradesh,CUST00973,Swathi Babu,Corporate,P008,Ultrabook Thin & Light,Laptop,1,64190.61,0.0,0.79,Debit Card
TXNE28A381389,2023-09-13,BR01,Eluru,Andhra Pradesh,CUST00286,Divya Murthy,Retail,P010,Wireless Mouse,Accessories,4,621.74,0.0,0.4,Net Banking
TXN5FE514B26E,2024-02-01,BR01,Eluru,Andhra Pradesh,CUST00947,Deepika Murthy,Retail,P018,LED TV 43-inch,Electronics,1,28004.08,0.1,0.8,Cash
TXN92C3AADF0E,2024-10-04,BR01,Eluru,Andhra Pradesh,CUST01776,Ramesh Babu,Retail,P009,Laptop Bag,Accessories,1,1032.33,0.25,0.45,UPI
TXNED984E58FB,2023-11-13,BR01,Eluru,Andhra Pradesh,CUST01264,Praveen Prasad,Retail,P012,Mobile Charger,Accessories,1,448.7,0.05,0.42,UPI
TXNF14A00FCA1,2024-02-26,BR01,Eluru,Andhra Pradesh,CUST01926,Meena Sharma,Retail,P004,Wireless Earbuds,Mobile,1,2777.34,0.05,0.55,UPI
TXNE12AC69337,2024-10-01,BR01,Eluru,Andhra Pradesh,CUST01747,Naveen Babu,Retail,P008,Ultrabook Thin & Light,Laptop,1,62920.03,0.2,0.79,Debit Card
TXN2B52BFA572,2024-05-28,BR01,Eluru,Andhra Pradesh,CUST01543,Ajay Sarma,Corporate,P001,Budget Smartphone 4G,Mobile,2,9654.95,0.0,0.8,Credit Card
TXN2312B782CA,2023-10-19,BR01,Eluru,Andhra Pradesh,CUST00539,Priya Prasad,Retail,P006,Business Laptop i5,Laptop,1,45240.61,0.2,0.8,Credit Card
TXN0874C17CDE,2023-06-16,BR01,Eluru,Andhra Pradesh,CUST00902,Ravi Chowdary,Retail,P002,Mid-range Smartphone 5G,Mobile,1,20475.53,0.05,0.78,Cash
TXNBF5ED010BB,2024-03-17,BR01,Eluru,Andhra Pradesh,CUST01172,Ramesh Naidu,Wholesale,P021,Smart Watch,Electronics,1,7021.65,0.0,0.55,UPI
TXN4299BE965D,2023-07-22,BR01,Eluru,Andhra Pradesh,CUST00334,Kavya Prasad,Retail,P019,LED TV 55-inch,Electronics,1,56458.91,0.1,0.79,UPI
TXN3B9AD9611B,2024-05-30,BR01,Eluru,Andhra Pradesh,CUST01913,Aishwarya Kumar,Retail,P019,LED TV 55-inch,Electronics,1,38203.78,0.0,0.79,UPI
TXN9876D4B446,2023-11-20,BR01,Eluru,Andhra Pradesh,CUST00599,Praveen Murthy,Retail,P012,Mobile Charger,Accessories,1,1661.15,0.25,0.42,UPI
TXN402FBAB44E,2024-09-07,BR01,Eluru,Andhra Pradesh,CUST00499,Aishwarya Reddy,Retail,P001,Budget Smartphone 4G,Mobile,3,11089.82,0.0,0.8,Debit Card
TXN5FF92F7189,2024-11-13,BR01,Eluru,Andhra Pradesh,CUST00233,Lakshmi Murthy,Wholesale,P020,Home Theatre System,Electronics,1,12619.32,0.2,0.6,Credit Card
TXN260C6D8604,2024-01-06,BR01,Eluru,Andhra Pradesh,CUST00980,Naveen Sharma,Retail,P007,Gaming Laptop i7,Laptop,1,101780.93,0.0,0.78,UPI
TXN64E4114303,2023-07-23,BR01,Eluru,Andhra Pradesh,CUST01533,Anitha Sarma,Retail,P010,Wireless Mouse,Accessories,1,1151.9,0.0,0.4,Net Banking
TXNA78B4A1678,2024-11-17,BR01,Eluru,Andhra Pradesh,CUST00978,Kavya Murthy,Wholesale,P012,Mobile Charger,Accessories,1,652.08,0.25,0.42,UPI
TXN50214C0522,2024-09-15,BR01,Eluru,Andhra Pradesh,CUST01020,Naveen Reddy,Retail,P007,Gaming Laptop i7,Laptop,1,94110.92,0.0,0.78,UPI
TXN9DE6CB1623,2024-11-09,BR01,Eluru,Andhra Pradesh,CUST01986,Harika Sharma,Wholesale,P017,Microwave Oven,Home Appliances,1,9862.99,0.15,0.75,Cash
TXNCA732C8F1D,2024-12-28,BR01,Eluru,Andhra Pradesh,CUST00526,Sandeep Babu,Retail,P005,Entry Laptop i3,Laptop,1,33754.47,0.05,0.82,UPI
TXN338D8F68E5,2024-07-25,BR01,Eluru,Andhra Pradesh,CUST00141,Ramesh Sharma,Retail,P001,Budget Smartphone 4G,Mobile,4,13637.57,0.0,0.8,UPI
TXN7EE38CFE61,2023-09-13,BR01,Eluru,Andhra Pradesh,CUST01038,Swathi Kumar,Retail,P006,Business Laptop i5,Laptop,1,50512.88,0.0,0.8,UPI
TXN12F0E64F8B,2024-01-16,BR01,Eluru,Andhra Pradesh,CUST00537,Sandeep Babu,Retail,P001,Budget Smartphone 4G,Mobile,1,12757.34,0.15,0.8,UPI
TXN70BB2FA5E8,2024-09-15,BR01,Eluru,Andhra Pradesh,CUST01531,Meena Chowdary,Wholesale,P003,Flagship Smartphone,Mobile,1,87745.83,0.15,0.75,Credit Card
TXN889F346B07,2024-08-17,BR01,Eluru,Andhra Pradesh,CUST01932,Harika Kumar,Wholesale,P001,Budget Smartphone 4G,Mobile,3,8743.4,0.0,0.8,Cash
TXNE749521D5E,2023-12-07,BR01,Eluru,Andhra Pradesh,CUST00086,Meena Reddy,Corporate,P002,Mid-range Smartphone 5G,Mobile,1,25685.92,0.15,0.78,UPI
TXN91BAEBCB9B,2023-09-05,BR01,Eluru,Andhra Pradesh,CUST00612,Harika Babu,Retail,P007,Gaming Laptop i7,Laptop,1,107753.33,0.0,0.78,UPI
TXN01BA220349,2023-10-27,BR01,Eluru,Andhra Pradesh,CUST00946,Meena Chowdary,Retail,P013,Power Bank,Accessories,1,2417.95,0.1,0.48,UPI
TXNAE31A6180A,2023-09-03,BR01,Eluru,Andhra Pradesh,CUST01499,Suresh Prasad,Retail,P009,Laptop Bag,Accessories,1,1547.42,0.1,0.45,Cash
TXN8EB0229415,2023-01-25,BR01,Eluru,Andhra Pradesh,CUST01513,Manoj Devi,Wholesale,P014,Split AC 1.5 Ton,Home Appliances,1,39799.66,0.0,0.83,Credit Card
TXN8BD81A7A49,2024-03-17,BR01,Eluru,Andhra Pradesh,CUST01873,Ravi Devi,Retail,P018,LED TV 43-inch,Electronics,1,30822.77,0.0,0.8,UPI
TXN420B3CCE5E,2024-08-01,BR01,Eluru,Andhra Pradesh,CUST00765,Ajay Rao,Retail,P007,Gaming Laptop i7,Laptop,1,119863.42,0.0,0.78,Net Banking
TXN9D4BD40C97,2024-06-29,BR01,Eluru,Andhra Pradesh,CUST01931,Ravi Babu,Retail,P002,Mid-range Smartphone 5G,Mobile,1,23318.21,0.0,0.78,Credit Card
TXNF26FE59BD0,2024-03-14,BR01,Eluru,Andhra Pradesh,CUST00367,Priya Sharma,Wholesale,P020,Home Theatre System,Electronics,4,19438.83,0.15,0.6,UPI
TXNFB62100CE7,2023-01-18,BR01,Eluru,Andhra Pradesh,CUST01801,Priya Devi,Retail,P021,Smart Watch,Electronics,1,2503.79,0.05,0.55,UPI
TXNF576DEC697,2023-04-10,BR01,Eluru,Andhra Pradesh,CUST01688,Aishwarya Reddy,Retail,P011,Bluetooth Speaker,Accessories,2,1593.1,0.15,0.5,Debit Card
TXN53785700DD,2024-09-04,BR01,Eluru,Andhra Pradesh,CUST00613,Sandeep Sarma,Wholesale,P011,Bluetooth Speaker,Accessories,1,2972.25,0.15,0.5,UPI
TXNADA2A0EB70,2023-08-25,BR01,Eluru,Andhra Pradesh,CUST01849,Lakshmi Rao,Corporate,P002,Mid-range Smartphone 5G,Mobile,1,17969.57,0.0,0.78,UPI
TXN6D549166B4,2024-09-08,BR01,Eluru,Andhra Pradesh,CUST00180,Ravi Rao,Wholesale,P004,Wireless Earbuds,Mobile,1,5513.56,0.15,0.55,UPI
TXNF932B3B02A,2024-07-12,BR01,Eluru,Andhra Pradesh,CUST00030,Priya Varma,Wholesale,P001,Budget Smartphone 4G,Mobile,2,9679.88,0.0,0.8,UPI
TXNC5B41D4473,2024-05-12,BR01,Eluru,Andhra Pradesh,CUST00932,Manoj Reddy,Corporate,P012,Mobile Charger,Accessories,1,637.67,0.1,0.42,Cash
TXN8696D386A6,2024-06-30,BR01,Eluru,Andhra Pradesh,CUST01251,Kavya Devi,Retail,P018,LED TV 43-inch,Electronics,1,22051.35,0.05,0.8,Credit Card
TXN359C843A99,2023-07-04,BR01,Eluru,Andhra Pradesh,CUST00175,Sneha Prasad,Retail,P004,Wireless Earbuds,Mobile,1,5180.53,0.1,0.55,Cash
TXN26E21B2A39,2023-08-21,BR01,Eluru,Andhra Pradesh,CUST01745,Manoj Devi,Retail,P018,LED TV 43-inch,Electronics,1,31731.75,0.05,0.8,UPI
TXNF9EBC892B1,2024-06-20,BR01,Eluru,Andhra Pradesh,CUST01988,Ajay Sarma,Retail,P007,Gaming Laptop i7,Laptop,1,92171.18,0.0,0.78,UPI
TXNDE07008F03,2023-10-08,BR01,Eluru,Andhra Pradesh,CUST00353,Ramesh Rao,Retail,P009,Laptop Bag,Accessories,1,1884.8,0.2,0.45,UPI
TXN75007F08D4,2023-02-05,BR01,Eluru,Andhra Pradesh,CUST00905,Ramesh Sharma,Retail,P008,Ultrabook Thin & Light,Laptop,1,70404.58,0.0,0.79,Cash
TXN07D54B10A3,2023-03-16,BR01,Eluru,Andhra Pradesh,CUST00269,Pooja Kumar,Retail,P001,Budget Smartphone 4G,Mobile,3,9517.24,0.0,0.8,UPI
TXN9D30AABDB1,2024-07-21,BR01,Eluru,Andhra Pradesh,CUST00814,Ajay Sharma,Retail,P018,LED TV 43-inch,Electronics,1,32435.19,0.0,0.8,UPI
TXNDAD6EB2B3F,2024-12-08,BR01,Eluru,Andhra Pradesh,CUST00332,Kavya Sarma,Retail,P004,Wireless Earbuds,Mobile,3,4495.12,0.1,0.55,UPI
TXNF37EDAF443,2023-12-07,BR01,Eluru,Andhra Pradesh,CUST00196,Kiran Varma,Retail,P003,Flagship Smartphone,Mobile,1,68622.84,0.0,0.75,UPI
TXNA2F216FF13,2024-06-18,BR01,Eluru,Andhra Pradesh,CUST01888,Divya Naidu,Retail,P002,Mid-range Smartphone 5G,Mobile,1,21078.46,0.0,0.78,Debit Card
TXN03F91D9210,2024-09-02,BR01,Eluru,Andhra Pradesh,CUST01539,Manoj Naidu,Retail,P017,Microwave Oven,Home Appliances,2,7218.22,0.05,0.75,Cash
TXNCA751B4E99,2024-08-12,BR01,Eluru,Andhra Pradesh,CUST01244,Sneha Murthy,Wholesale,P011,Bluetooth Speaker,Accessories,2,2662.53,0.05,0.5,Credit Card
TXN6CCB30E406,2023-01-31,BR01,Eluru,Andhra Pradesh,CUST01675,Kavya Varma,Retail,P010,Wireless Mouse,Accessories,1,1440.74,0.0,0.4,Net Banking
TXN0B33A1A349,2023-11-18,BR01,Eluru,Andhra Pradesh,CUST01129,Sandeep Chowdary,Retail,P018,LED TV 43-inch,Electronics,1,34354.76,0.15,0.8,Cash
TXN50909DC627,2024-06-17,BR01,Eluru,Andhra Pradesh,CUST00736,Lakshmi Chowdary,Retail,P006,Business Laptop i5,Laptop,1,51878.34,0.15,0.8,UPI
TXNFFE2EDEBC1,2023-03-22,BR01,Eluru,Andhra Pradesh,CUST00173,Sneha Babu,Retail,P003,Flagship Smartphone,Mobile,1,52709.17,0.05,0.75,UPI
TXNB6EDFDAF27,2024-10-21,BR01,Eluru,Andhra Pradesh,CUST01315,Ajay Babu,Retail,P021,Smart Watch,Electronics,3,11112.8,0.2,0.55,UPI
TXN845E84AD75,2024-07-05,BR01,Eluru,Andhra Pradesh,CUST01567,Deepika Sharma,Corporate,P004,Wireless Earbuds,Mobile,2,4702.07,0.05,0.55,Net Banking
TXN979A11E9F4,2024-02-24,BR01,Eluru,Andhra Pradesh,CUST00480,Deepika Sarma,Retail,P007,Gaming Laptop i7,Laptop,1,84988.21,0.15,0.78,Debit Card
TXN9C9C6D79EA,2023-08-11,BR01,Eluru,Andhra Pradesh,CUST00837,Harika Varma,Wholesale,P001,Budget Smartphone 4G,Mobile,1,13921.91,0.0,0.8,UPI
TXN44839F3706,2023-10-29,BR01,Eluru,Andhra Pradesh,CUST01383,Lakshmi Reddy,Retail,P021,Smart Watch,Electronics,1,6050.52,0.0,0.55,Debit Card
TXNEB35FBA7E4,2023-11-16,BR01,Eluru,Andhra Pradesh,CUST00834,Deepika Devi,Retail,P018,LED TV 43-inch,Electronics,1,31799.14,0.0,0.8,Debit Card
TXN7FE399F3A7,2023-04-21,BR01,Eluru,Andhra Pradesh,CUST01004,Deepika Murthy,Retail,P001,Budget Smartphone 4G,Mobile,3,12614.98,0.0,0.8,Net Banking
TXNEB5099CB13,2024-05-10,BR01,Eluru,Andhra Pradesh,CUST00393,Ramesh Reddy,Retail,P009,Laptop Bag,Accessories,1,1149.89,0.0,0.45,Debit Card
TXND84A14252C,2023-07-30,BR01,Eluru,Andhra Pradesh,CUST01472,Manoj Sharma,Wholesale,P007,Gaming Laptop i7,Laptop,1,117826.48,0.0,0.78,UPI
TXN35DDEE04F9,2024-07-27,BR01,Eluru,Andhra Pradesh,CUST01935,Deepika Devi,Wholesale,P021,Smart Watch,Electronics,1,10622.95,0.1,0.55,Credit Card
TXN7D342AD93C,2023-06-16,BR01,Eluru,Andhra Pradesh,CUST01795,Kavya Sharma,Retail,P010,Wireless Mouse,Accessories,2,610.92,0.15,0.4,Cash
TXNB40A59F391,2024-03-14,BR01,Eluru,Andhra Pradesh,CUST00418,Ajay Devi,Retail,P019,LED TV 55-inch,Electronics,1,41789.03,0.05,0.79,UPI
TXN85C63A9D1D,2023-10-13,BR01,Eluru,Andhra Pradesh,CUST00118,Arjun Naidu,Retail,P011,Bluetooth Speaker,Accessories,4,2643.44,0.1,0.5,Credit Card
TXN42DA7C3D05,2024-10-07,BR01,Eluru,Andhra Pradesh,CUST00138,Sneha Naidu,Retail,P004,Wireless Earbuds,Mobile,1,4167.52,0.15,0.55,UPI
TXN004AB370CA,2023-09-21,BR01,Eluru,Andhra Pradesh,CUST00894,Deepika Sharma,Retail,P011,Bluetooth Speaker,Accessories,1,1031.64,0.0,0.5,UPI
TXN59DDDFDE74,2023-07-01,BR01,Eluru,Andhra Pradesh,CUST00874,Vikram Prasad,Retail,P012,Mobile Charger,Accessories,1,551.5,0.0,0.42,UPI
TXN423978786F,2023-08-05,BR01,Eluru,Andhra Pradesh,CUST01744,Lakshmi Varma,Retail,P010,Wireless Mouse,Accessories,2,373.89,0.05,0.4,Credit Card
TXNCA4A74D501,2023-12-18,BR01,Eluru,Andhra Pradesh,CUST01149,Pooja Devi,Retail,P019,LED TV 55-inch,Electronics,1,52613.06,0.15,0.79,Cash
TXNA4FC075A65,2023-06-23,BR01,Eluru,Andhra Pradesh,CUST00632,Manoj Rao,Retail,P008,Ultrabook Thin & Light,Laptop,1,56327.52,0.05,0.79,UPI
TXN97C73A272E,2023-10-27,BR01,Eluru,Andhra Pradesh,CUST01716,Kavya Murthy,Retail,P009,Laptop Bag,Accessories,3,724.32,0.0,0.45,UPI
TXNC5764D8397,2023-05-29,BR01,Eluru,Andhra Pradesh,CUST00413,Swathi Rao,Retail,P017,Microwave Oven,Home Appliances,3,7903.37,0.1,0.75,Debit Card
TXNB73A218199,2024-10-23,BR01,Eluru,Andhra Pradesh,CUST00170,Harika Kumar,Retail,P002,Mid-range Smartphone 5G,Mobile,1,15370.57,0.2,0.78,Credit Card
TXN43AEA8C1F1,2023-07-25,BR01,Eluru,Andhra Pradesh,CUST00498,Priya Varma,Retail,P013,Power Bank,Accessories,1,2119.84,0.0,0.48,UPI
TXN819EAF7F37,2024-06-20,BR01,Eluru,Andhra Pradesh,CUST00872,Suresh Varma,Wholesale,P006,Business Laptop i5,Laptop,1,42981.69,0.1,0.8,UPI
TXNC33FD97321,2023-11-26,BR01,Eluru,Andhra Pradesh,CUST01422,Kavya Rao,Retail,P007,Gaming Laptop i7,Laptop,1,94076.86,0.05,0.78,Debit Card
TXN420C9D1D5B,2024-11-06,BR01,Eluru,Andhra Pradesh,CUST01265,Anitha Sarma,Corporate,P013,Power Bank,Accessories,1,1536.58,0.05,0.48,UPI
TXN6A497924C0,2023-06-29,BR01,Eluru,Andhra Pradesh,CUST01215,Praveen Rao,Retail,P013,Power Bank,Accessories,1,1789.1,0.0,0.48,Credit Card
TXN2509934206,2023-12-14,BR01,Eluru,Andhra Pradesh,CUST00982,Meena Kumar,Retail,P009,Laptop Bag,Accessories,3,749.12,0.15,0.45,Debit Card
TXN4D06606547,2023-07-17,BR01,Eluru,Andhra Pradesh,CUST00322,Srinivas Sharma,Retail,P020,Home Theatre System,Electronics,2,19534.77,0.0,0.6,Cash
TXN85EE928E0D,2024-10-02,BR01,Eluru,Andhra Pradesh,CUST00280,Kiran Murthy,Corporate,P002,Mid-range Smartphone 5G,Mobile,1,18005.65,0.2,0.78,UPI
TXN1912D32878,2023-01-09,BR01,Eluru,Andhra Pradesh,CUST00608,Srinivas Devi,Retail,P021,Smart Watch,Electronics,1,7248.7,0.15,0.55,Credit Card
TXN06FF87C831,2023-10-15,BR01,Eluru,Andhra Pradesh,CUST01719,Aishwarya Devi,Wholesale,P012,Mobile Charger,Accessories,3,353.25,0.15,0.42,Cash
TXN0B69F0DD37,2023-11-21,BR01,Eluru,Andhra Pradesh,CUST00295,Sneha Naidu,Wholesale,P011,Bluetooth Speaker,Accessories,2,4294.65,0.0,0.5,Cash
TXN2493BB50A5,2024-02-20,BR01,Eluru,Andhra Pradesh,CUST00774,Ajay Prasad,Retail,P002,Mid-range Smartphone 5G,Mobile,1,21774.54,0.0,0.78,UPI
TXNBB95ADDFAF,2023-09-02,BR01,Eluru,Andhra Pradesh,CUST01757,Priya Murthy,Retail,P005,Entry Laptop i3,Laptop,1,32975.09,0.0,0.82,UPI
TXN7AA3433DCD,2024-05-29,BR01,Eluru,Andhra Pradesh,CUST01656,Anitha Babu,Retail,P011,Bluetooth Speaker,Accessories,1,2751.23,0.05,0.5,UPI
TXN7EBB48186A,2023-08-16,BR01,Eluru,Andhra Pradesh,CUST00170,Harika Kumar,Retail,P011,Bluetooth Speaker,Accessories,3,2099.77,0.0,0.5,Debit Card
TXNB052646405,2023-01-02,BR01,Eluru,Andhra Pradesh,CUST01673,Deepika Kumar,Retail,P011,Bluetooth Speaker,Accessories,1,4769.61,0.0,0.5,Credit Card
TXNB36F85A4B2,2024-01-08,BR01,Eluru,Andhra Pradesh,CUST01342,Anitha Naidu,Retail,P001,Budget Smartphone 4G,Mobile,2,12467.98,0.0,0.8,UPI
TXN7F6545DEE2,2024-05-14,BR01,Eluru,Andhra Pradesh,CUST01712,Naveen Chowdary,Retail,P020,Home Theatre System,Electronics,1,7297.49,0.05,0.6,Credit Card
TXN2E1D551BEE,2023-04-30,BR01,Eluru,Andhra Pradesh,CUST01051,Ramesh Murthy,Retail,P009,Laptop Bag,Accessories,1,668.48,0.15,0.45,Debit Card
TXN165B162140,2023-11-11,BR01,Eluru,Andhra Pradesh,CUST01925,Kavya Varma,Retail,P019,LED TV 55-inch,Electronics,1,41133.48,0.05,0.79,UPI
TXN05752A5EBA,2024-02-26,BR01,Eluru,Andhra Pradesh,CUST00805,Ajay Naidu,Retail,P020,Home Theatre System,Electronics,1,8517.87,0.15,0.6,UPI
TXNE18271753E,2024-11-19,BR01,Eluru,Andhra Pradesh,CUST00335,Meena Kumar,Retail,P004,Wireless Earbuds,Mobile,2,4624.41,0.2,0.55,UPI
TXNB3C452A628,2024-10-03,BR01,Eluru,Andhra Pradesh,CUST01614,Sneha Naidu,Retail,P010,Wireless Mouse,Accessories,1,1188.75,0.25,0.4,Cash
TXN53637F27AB,2023-10-07,BR01,Eluru,Andhra Pradesh,CUST01363,Pooja Prasad,Retail,P010,Wireless Mouse,Accessories,1,646.79,0.25,0.4,UPI
TXND8E0F8299F,2023-06-21,BR01,Eluru,Andhra Pradesh,CUST00824,Divya Sarma,Retail,P019,LED TV 55-inch,Electronics,1,40860.28,0.05,0.79,Net Banking
TXN0E97243ADB,2024-11-07,BR01,Eluru,Andhra Pradesh,CUST01536,Manoj Devi,Wholesale,P003,Flagship Smartphone,Mobile,1,64143.66,0.25,0.75,Credit Card
TXNC01F1509B1,2023-07-11,BR01,Eluru,Andhra Pradesh,CUST00596,Harika Murthy,Retail,P005,Entry Laptop i3,Laptop,1,33008.21,0.15,0.82,Cash
TXNED57CA5E71,2023-10-20,BR01,Eluru,Andhra Pradesh,CUST01248,Sandeep Reddy,Retail,P008,Ultrabook Thin & Light,Laptop,1,56249.84,0.15,0.79,UPI
TXN733A7F0CBC,2024-05-21,BR01,Eluru,Andhra Pradesh,CUST01170,Anitha Varma,Wholesale,P011,Bluetooth Speaker,Accessories,1,1286.03,0.1,0.5,UPI
TXNFF67AD5F91,2023-01-30,BR01,Eluru,Andhra Pradesh,CUST00332,Kavya Sarma,Retail,P012,Mobile Charger,Accessories,4,1464.06,0.0,0.42,Net Banking
TXN6A79B8E357,2024-10-13,BR01,Eluru,Andhra Pradesh,CUST01646,Ramesh Sharma,Retail,P009,Laptop Bag,Accessories,2,1579.51,0.15,0.45,UPI
TXND3DAB11D8D,2023-04-15,BR01,Eluru,Andhra Pradesh,CUST00851,Harika Murthy,Retail,P004,Wireless Earbuds,Mobile,4,3534.34,0.0,0.55,UPI
TXNA0FEF2E9B5,2024-01-14,BR01,Eluru,Andhra Pradesh,CUST01687,Pooja Prasad,Wholesale,P003,Flagship Smartphone,Mobile,1,49596.82,,0.75,UPI
TXN30A3C01ACA,2023-10-10,BR01,Eluru,Andhra Pradesh,CUST01771,Suresh Devi,Retail,P008,Ultrabook Thin & Light,Laptop,1,93944.6,0.25,0.79,Debit Card
TXN0AA55191F4,2023-12-04,BR01,Eluru,Andhra Pradesh,CUST01503,Ramesh Murthy,Retail,P019,LED TV 55-inch,Electronics,1,44593.89,0.1,0.79,UPI
TXNBE8206BB98,2023-07-22,BR01,Eluru,Andhra Pradesh,CUST01326,Anitha Varma,Wholesale,P013,Power Bank,Accessories,2,1914.06,0.0,0.48,UPI
TXN659503382C,2024-03-23,BR01,Eluru,Andhra Pradesh,CUST01552,Deepika Sarma,Wholesale,P005,Entry Laptop i3,Laptop,1,30100.24,0.0,0.82,UPI
TXN2B1792FA6B,2024-03-17,BR01,Eluru,Andhra Pradesh,CUST00449,Lakshmi Prasad,Retail,P004,Wireless Earbuds,Mobile,1,3267.95,0.15,0.55,Debit Card
TXN0867C7C5B8,2024-01-28,BR01,Eluru,Andhra Pradesh,CUST01874,Swathi Devi,Retail,P010,Wireless Mouse,Accessories,2,484.12,0.0,0.4,UPI
TXN700AA828DF,2023-04-27,BR01,Eluru,Andhra Pradesh,CUST01028,Praveen Sharma,Retail,P013,Power Bank,Accessories,1,1979.78,0.1,0.48,UPI
TXN44F7482F62,2023-02-01,BR01,Eluru,Andhra Pradesh,CUST00570,Swathi Sharma,Retail,P001,Budget Smartphone 4G,Mobile,1,9087.5,0.0,0.8,Credit Card
TXNAD8E450C4C,2023-12-06,BR01,Eluru,Andhra Pradesh,CUST00750,Manoj Babu,Retail,P019,LED TV 55-inch,Electronics,1,52174.42,0.15,0.79,Debit Card
TXN761BFB900B,2024-06-09,BR01,Eluru,Andhra Pradesh,CUST00905,Ramesh Sharma,Retail,P004,Wireless Earbuds,Mobile,2,3392.82,0.05,0.55,Credit Card
TXN04AB09AA83,2023-05-02,BR01,Eluru,Andhra Pradesh,CUST00389,Aishwarya Naidu,Retail,P017,Microwave Oven,Home Appliances,1,12256.18,0.1,0.75,UPI
TXNDB7AF26775,2024-11-18,BR01,Eluru,Andhra Pradesh,CUST01918,Lakshmi Kumar,Retail,P003,Flagship Smartphone,Mobile,1,89237.4,0.0,0.75,Debit Card
TXN7150EBFC25,2023-01-12,BR01,Eluru,Andhra Pradesh,CUST01849,Lakshmi Rao,Corporate,P021,Smart Watch,Electronics,1,9095.62,0.05,0.55,UPI
TXNC7AB979D55,2024-08-12,BR01,Eluru,Andhra Pradesh,CUST01374,Swathi Devi,Retail,P015,Refrigerator 300L,Home Appliances,1,36549.01,0.0,0.82,Credit Card
TXN34EBE527B7,2024-11-18,BR01,Eluru,Andhra Pradesh,CUST01532,Kavya Devi,Wholesale,P012,Mobile Charger,Accessories,1,1787.48,0.25,0.42,Credit Card
TXND5BEA794C6,2024-04-22,BR01,Eluru,Andhra Pradesh,CUST01281,Suresh Sharma,Retail,P002,Mid-range Smartphone 5G,Mobile,3,17026.59,0.05,0.78,UPI
TXN4C5D565280,2024-05-29,BR01,Eluru,Andhra Pradesh,CUST00236,Manoj Reddy,Wholesale,P010,Wireless Mouse,Accessories,1,1284.97,0.15,0.4,Cash
TXN991667AB9C,2023-07-31,BR01,Eluru,Andhra Pradesh,CUST01563,Harika Babu,Retail,P004,Wireless Earbuds,Mobile,1,4973.01,0.15,0.55,Cash
TXN075A4455B4,2024-08-10,BR01,Eluru,Andhra Pradesh,CUST00746,Swathi Sarma,Retail,P013,Power Bank,Accessories,2,1744.09,0.1,0.48,Debit Card
TXN42BF13CAE1,2023-07-10,BR01,Eluru,Andhra Pradesh,CUST00753,Pooja Babu,Wholesale,P001,Budget Smartphone 4G,Mobile,4,10575.7,0.0,0.8,Net Banking
TXN2E52AE6624,2024-03-12,BR01,Eluru,Andhra Pradesh,CUST00831,Harika Babu,Corporate,P018,LED TV 43-inch,Electronics,1,24590.28,0.0,0.8,Credit Card
TXN9E3CCC6743,2024-04-30,BR01,Eluru,Andhra Pradesh,CUST00289,Deepika Rao,Retail,P006,Business Laptop i5,Laptop,1,58387.73,0.05,0.8,Debit Card
TXN92AE277DE4,2024-09-03,BR01,Eluru,Andhra Pradesh,CUST01341,Sandeep Murthy,Retail,P018,LED TV 43-inch,Electronics,1,28269.17,0.0,0.8,UPI
TXNA5D750A9B9,2024-07-31,BR01,Eluru,Andhra Pradesh,CUST01177,Pooja Murthy,Corporate,P009,Laptop Bag,Accessories,2,1560.63,0.0,0.45,UPI
TXN419FEF73D8,2023-12-27,BR01,Eluru,Andhra Pradesh,CUST01674,Kavya Sharma,Retail,P012,Mobile Charger,Accessories,1,874.13,0.05,0.42,Debit Card
TXN855933F0CA,2023-02-13,BR01,Eluru,Andhra Pradesh,CUST01696,Sandeep Kumar,Retail,P021,Smart Watch,Electronics,1,2498.47,,0.55,UPI
TXNC5E76FCC60,2023-01-12,BR01,Eluru,Andhra Pradesh,CUST00748,Harika Sarma,Retail,P021,Smart Watch,Electronics,1,8293.16,0.0,0.55,Credit Card
TXN3CB98215BB,2024-10-28,BR01,Eluru,Andhra Pradesh,CUST01349,Kavya Sarma,Retail,P018,LED TV 43-inch,Electronics,1,25712.33,0.2,0.8,Cash
TXN1AC74C152A,2024-10-07,BR01,Eluru,Andhra Pradesh,CUST00886,Manoj Varma,Retail,P004,Wireless Earbuds,Mobile,2,2682.91,0.15,0.55,UPI
TXNC5292E995D,2023-10-05,BR01,Eluru,Andhra Pradesh,CUST00456,Lakshmi Sarma,Retail,P002,Mid-range Smartphone 5G,Mobile,1,21845.82,0.25,0.78,UPI
TXNF2241AC7DD,2023-07-30,BR01,Eluru,Andhra Pradesh,CUST01410,Sandeep Murthy,Corporate,P010,Wireless Mouse,Accessories,2,995.39,0.0,0.4,UPI
TXNA5302B40FC,2023-12-08,BR01,Eluru,Andhra Pradesh,CUST01682,Harika Naidu,Retail,P003,Flagship Smartphone,Mobile,1,60992.52,0.05,0.75,Cash
TXNF993C7F784,2024-06-24,BR01,Eluru,Andhra Pradesh,CUST01807,Arjun Kumar,Retail,P010,Wireless Mouse,Accessories,1,424.08,0.1,0.4,Net Banking
TXNDCD704737E,2024-05-25,BR01,Eluru,Andhra Pradesh,CUST00083,Anitha Naidu,Retail,P007,Gaming Laptop i7,Laptop,1,122055.4,0.0,0.78,Net Banking
TXN785E2ED1C3,2023-11-10,BR01,Eluru,Andhra Pradesh,CUST01064,Vikram Varma,Wholesale,P015,Refrigerator 300L,Home Appliances,1,28726.13,0.1,0.82,UPI
TXNBFB146EC5A,2023-07-05,BR01,Eluru,Andhra Pradesh,CUST01193,Swathi Babu,Corporate,P013,Power Bank,Accessories,1,1462.21,0.1,0.48,Debit Card
TXNDC3A66AC87,2024-12-03,BR01,Eluru,Andhra Pradesh,CUST00302,Ramesh Sarma,Retail,P016,Washing Machine,Home Appliances,1,31879.12,0.0,0.8,Cash
TXN09BF50A67D,2024-03-09,BR01,Eluru,Andhra Pradesh,CUST01622,Divya Murthy,Retail,P020,Home Theatre System,Electronics,1,13803.47,0.0,0.6,UPI
TXNCF9BDFE6BC,2023-12-25,BR01,Eluru,Andhra Pradesh,CUST01472,Manoj Sharma,Wholesale,P013,Power Bank,Accessories,4,1401.35,0.0,0.48,UPI
TXND3B9CFA739,2023-09-10,BR01,Eluru,Andhra Pradesh,CUST01890,Suresh Kumar,Retail,P021,Smart Watch,Electronics,1,2764.1,0.0,0.55,Cash
TXN71F6BAED2D,2023-02-02,BR01,Eluru,Andhra Pradesh,CUST00531,Pooja Devi,Retail,P009,Laptop Bag,Accessories,2,1940.76,0.15,0.45,UPI
TXNF5A18935F9,2024-08-05,BR01,Eluru,Andhra Pradesh,CUST01555,Ravi Chowdary,Retail,P021,Smart Watch,Electronics,2,3847.81,0.1,0.55,UPI
TXNDED183D597,2023-08-30,BR01,Eluru,Andhra Pradesh,CUST00041,Anitha Babu,Retail,P009,Laptop Bag,Accessories,1,834.97,0.15,0.45,Cash
TXNBF3FCE0456,2024-01-17,BR01,Eluru,Andhra Pradesh,CUST01726,Sneha Rao,Retail,P001,Budget Smartphone 4G,Mobile,1,12805.11,0.0,0.8,UPI
TXN48D7C97713,2023-09-11,BR01,Eluru,Andhra Pradesh,CUST00317,Naveen Devi,Retail,P006,Business Laptop i5,Laptop,1,48094.98,0.05,0.8,UPI
TXN148EF97CCA,2023-03-01,BR01,Eluru,Andhra Pradesh,CUST00291,Ravi Chowdary,Retail,P018,LED TV 43-inch,Electronics,1,34755.08,0.05,0.8,Debit Card
TXNEFAC0DD328,2024-03-02,BR01,Eluru,Andhra Pradesh,CUST00123,Manoj Kumar,Retail,P012,Mobile Charger,Accessories,2,336.71,0.0,0.42,UPI
TXN8737592481,2023-06-18,BR01,Eluru,Andhra Pradesh,CUST01170,Anitha Varma,Wholesale,P009,Laptop Bag,Accessories,1,663.5,0.0,0.45,Credit Card
TXNB45F607AE1,2023-11-28,BR01,Eluru,Andhra Pradesh,CUST00550,Deepika Murthy,Wholesale,P019,LED TV 55-inch,Electronics,1,38494.0,0.0,0.79,Cash
TXNFC1EB1B948,2023-05-17,BR01,Eluru,Andhra Pradesh,CUST00658,Ajay Prasad,Corporate,P006,Business Laptop i5,Laptop,1,47548.24,0.05,0.8,UPI
TXN3FFCDAEFCF,2023-08-22,BR01,Eluru,Andhra Pradesh,CUST00823,Meena Prasad,Retail,P004,Wireless Earbuds,Mobile,2,4617.02,0.15,0.55,Debit Card
TXN836616A539,2024-01-13,BR01,Eluru,Andhra Pradesh,CUST00670,Ajay Sarma,Retail,P012,Mobile Charger,Accessories,3,539.98,0.15,0.42,Cash
TXNC123F833D9,2023-07-13,BR01,Eluru,Andhra Pradesh,CUST01483,Naveen Sharma,Retail,P010,Wireless Mouse,Accessories,4,332.19,0.1,0.4,UPI
TXNB9DB616FE2,2023-02-22,BR01,Eluru,Andhra Pradesh,CUST00114,Praveen Devi,Retail,P003,Flagship Smartphone,Mobile,1,53428.83,0.05,0.75,Credit Card
TXNC9E1F9A551,2023-02-19,BR01,Eluru,Andhra Pradesh,CUST00854,Deepika Devi,Retail,P005,Entry Laptop i3,Laptop,1,31066.62,0.15,0.82,UPI
TXN2307BBE91B,2024-12-01,BR01,Eluru,Andhra Pradesh,CUST01164,Anitha Reddy,Retail,P020,Home Theatre System,Electronics,1,15763.67,0.1,0.6,UPI
TXNE5F04D18DE,2024-03-16,BR01,Eluru,Andhra Pradesh,CUST01138,Divya Rao,Retail,P014,Split AC 1.5 Ton,Home Appliances,1,43367.06,0.0,0.83,Debit Card
TXN5A634F6AB6,2024-07-08,BR01,Eluru,Andhra Pradesh,CUST01851,Naveen Devi,Wholesale,P012,Mobile Charger,Accessories,1,1295.63,0.0,0.42,Debit Card
TXNAE09CA583D,2024-10-06,BR01,Eluru,Andhra Pradesh,CUST01402,Kiran Sarma,Retail,P008,Ultrabook Thin & Light,Laptop,1,88584.43,0.25,0.79,UPI
TXN44A9C1FB28,2023-05-02,BR01,Eluru,Andhra Pradesh,CUST01652,Arjun Sharma,Retail,P008,Ultrabook Thin & Light,Laptop,1,86626.66,0.0,0.79,UPI
TXNB7DBDAC8DE,2024-05-04,BR01,Eluru,Andhra Pradesh,CUST01124,Sneha Prasad,Retail,P021,Smart Watch,Electronics,2,4655.18,0.15,0.55,UPI
TXN59D45938E5,2024-09-09,BR01,Eluru,Andhra Pradesh,CUST01338,Sandeep Rao,Wholesale,P003,Flagship Smartphone,Mobile,1,69514.36,0.0,0.75,Cash
TXN2332DCC636,2023-11-08,BR01,Eluru,Andhra Pradesh,CUST00794,Praveen Chowdary,Wholesale,P004,Wireless Earbuds,Mobile,4,5507.82,0.15,0.55,UPI
TXN697905590A,2024-04-15,BR01,Eluru,Andhra Pradesh,CUST00280,Kiran Murthy,Corporate,P003,Flagship Smartphone,Mobile,1,85393.53,0.1,0.75,Cash
TXND9994136EF,2024-05-29,BR01,Eluru,Andhra Pradesh,CUST00208,Deepika Babu,Wholesale,P012,Mobile Charger,Accessories,3,369.19,0.0,0.42,UPI
TXNCFE03B9995,2024-04-21,BR01,Eluru,Andhra Pradesh,CUST01173,Divya Sharma,Retail,P015,Refrigerator 300L,Home Appliances,1,25808.62,0.1,0.82,Net Banking
TXNC2B7B22129,2024-06-02,BR01,Eluru,Andhra Pradesh,CUST01267,Sneha Babu,Retail,P004,Wireless Earbuds,Mobile,2,5182.22,0.05,0.55,Net Banking
TXN867C3AB309,2023-07-11,BR01,Eluru,Andhra Pradesh,CUST00300,Anitha Naidu,Retail,P021,Smart Watch,Electronics,1,4238.54,0.1,0.55,UPI
TXN2879485141,2023-11-03,BR01,Eluru,Andhra Pradesh,CUST01162,Ravi Varma,Retail,P006,Business Laptop i5,Laptop,1,54553.61,0.05,0.8,UPI
TXNEB8EF7E175,2024-07-29,BR01,Eluru,Andhra Pradesh,CUST01190,Suresh Murthy,Retail,P006,Business Laptop i5,Laptop,1,46342.82,0.05,0.8,Cash
TXN444390DE14,2023-09-15,BR01,Eluru,Andhra Pradesh,CUST01310,Meena Chowdary,Retail,P001,Budget Smartphone 4G,Mobile,4,11999.5,0.0,0.8,Credit Card
TXN7461BDC8D9,2024-09-13,BR01,Eluru,Andhra Pradesh,CUST00523,Praveen Rao,Retail,P013,Power Bank,Accessories,3,1764.27,0.15,0.48,UPI
TXN23AA498D35,2024-03-26,BR01,Eluru,Andhra Pradesh,CUST01593,Meena Babu,Retail,P004,Wireless Earbuds,Mobile,4,4026.69,0.05,0.55,Cash
TXN3543E859AB,2023-10-12,BR01,Eluru,Andhra Pradesh,CUST01366,Ramesh Kumar,Corporate,P011,Bluetooth Speaker,Accessories,1,3706.13,0.15,0.5,UPI
TXNDBA29A68A2,2023-11-18,BR01,Eluru,Andhra Pradesh,CUST00807,Sneha Varma,Corporate,P005,Entry Laptop i3,Laptop,1,36082.71,0.1,0.82,UPI
TXN9E3E0FB723,2023-01-22,BR01,Eluru,Andhra Pradesh,CUST01479,Ajay Sarma,Retail,P013,Power Bank,Accessories,1,1188.63,0.0,0.48,Debit Card
TXN076509E34A,2024-08-08,BR01,Eluru,Andhra Pradesh,CUST01161,Ravi Reddy,Wholesale,P001,Budget Smartphone 4G,Mobile,3,13895.51,0.0,0.8,UPI
TXNFD2E93F360,2024-09-01,BR01,Eluru,Andhra Pradesh,CUST00558,Harika Babu,Corporate,P018,LED TV 43-inch,Electronics,1,27365.84,0.15,0.8,Net Banking
TXN3F22671D63,2023-12-05,BR01,Eluru,Andhra Pradesh,CUST01796,Kavya Murthy,Wholesale,P010,Wireless Mouse,Accessories,1,452.23,0.0,0.4,UPI
TXN33BB159798,2024-11-08,BR01,eluru  ,Andhra Pradesh,CUST00537,Sandeep Babu,Retail,P016,Washing Machine,Home Appliances,1,26481.39,0.05,0.8,Credit Card
TXN45A6229420,2024-10-19,BR01,Eluru,Andhra Pradesh,CUST01231,Srinivas Varma,Retail,P005,Entry Laptop i3,Laptop,1,33241.86,0.0,0.82,Cash
TXN3E0608F804,2023-06-03,BR01,Eluru,Andhra Pradesh,CUST01446,Swathi Prasad,Retail,P010,Wireless Mouse,Accessories,2,567.4,0.0,0.4,Net Banking
TXN92B0789191,2024-08-25,BR01,Eluru,Andhra Pradesh,CUST00028,Praveen Sarma,Retail,P013,Power Bank,Accessories,2,1587.32,0.1,0.48,UPI
TXN9C5FB212A6,2024-01-07,BR01,Eluru,Andhra Pradesh,CUST00049,Arjun Devi,Wholesale,P004,Wireless Earbuds,Mobile,1,3315.14,0.05,0.55,Credit Card
TXN61ACAF4E9D,2024-05-13,BR01,Eluru,Andhra Pradesh,CUST01434,Aishwarya Devi,Retail,P013,Power Bank,Accessories,1,1803.92,0.15,0.48,Debit Card
TXN917997BD58,2024-10-08,BR01,Eluru,Andhra Pradesh,CUST00365,Ajay Rao,Retail,P010,Wireless Mouse,Accessories,2,841.63,0.0,0.4,UPI
TXNF139BD69B8,2024-11-30,BR01,Eluru,Andhra Pradesh,CUST01185,Srinivas Varma,Retail,P001,Budget Smartphone 4G,Mobile,2,8960.39,0.1,0.8,UPI
TXN6ED194719F,2024-02-29,BR01,Eluru,Andhra Pradesh,CUST01641,Arjun Rao,Retail,P016,Washing Machine,Home Appliances,1,22090.02,0.0,0.8,UPI
TXNB067CFA065,2023-08-12,BR01,Eluru,Andhra Pradesh,CUST00718,Priya Murthy,Retail,P012,Mobile Charger,Accessories,1,536.77,0.15,0.42,Debit Card
TXNC3358BD6DE,2023-05-06,BR01,Eluru,Andhra Pradesh,CUST00400,Manoj Rao,Retail,P013,Power Bank,Accessories,2,1446.76,0.05,0.48,Debit Card
TXN872DEFA353,2024-06-30,BR01,Eluru,Andhra Pradesh,CUST01833,Deepika Devi,Retail,P018,LED TV 43-inch,Electronics,1,27465.97,0.0,0.8,Credit Card
TXN7AF2F24B10,2023-05-31,BR01,Eluru,Andhra Pradesh,CUST01374,Swathi Devi,Retail,P009,Laptop Bag,Accessories,1,1407.23,0.15,0.45,Cash
TXNB421E38B22,2023-11-09,BR01,Eluru,Andhra Pradesh,CUST01162,Ravi Varma,Retail,P021,Smart Watch,Electronics,1,9480.88,0.25,0.55,UPI
TXN813C7E2584,2024-10-13,BR01,Eluru,Andhra Pradesh,CUST00054,Srinivas Reddy,Retail,P002,Mid-range Smartphone 5G,Mobile,1,17936.98,0.25,0.78,UPI
TXND524F72724,2023-05-27,BR01,Eluru,Andhra Pradesh,CUST01113,Swathi Murthy,Retail,P011,Bluetooth Speaker,Accessories,1,4324.29,0.05,0.5,Credit Card
TXNFADF1150BE,2024-04-20,BR01,Eluru,Andhra Pradesh,CUST00318,Suresh Sharma,Retail,P009,Laptop Bag,Accessories,1,711.23,0.05,0.45,Net Banking
TXNE723645F35,2023-06-04,BR01,Eluru,Andhra Pradesh,CUST01213,Sneha Kumar,Retail,P006,Business Laptop i5,Laptop,1,45512.96,0.0,0.8,UPI
TXN56CBE68336,2023-08-12,BR01,Eluru,Andhra Pradesh,CUST00269,Pooja Kumar,Retail,P009,Laptop Bag,Accessories,2,817.85,0.1,0.45,Debit Card
TXND1D9F8E899,2024-12-14,BR01,Eluru,Andhra Pradesh,CUST00755,Ajay Naidu,Retail,P012,Mobile Charger,Accessories,1,1734.75,0.1,0.42,Credit Card
TXN364A7391AB,2024-07-29,BR01,Eluru,Andhra Pradesh,CUST00626,Naveen Sarma,Retail,P006,Business Laptop i5,Laptop,1,51973.31,0.15,0.8,Cash
TXN1BF6BA52A6,2024-12-28,BR01,Eluru,Andhra Pradesh,CUST01616,Manoj Reddy,Retail,P005,Entry Laptop i3,Laptop,1,37006.61,0.1,0.82,Net Banking
TXN8AB7D19977,2023-03-31,BR01,Eluru,Andhra Pradesh,CUST00778,Divya Sharma,Retail,P011,Bluetooth Speaker,Accessories,4,1538.39,0.1,0.5,Cash
TXN4E42645A74,2023-10-08,BR01,Eluru,Andhra Pradesh,CUST01670,Aishwarya Babu,Retail,P016,Washing Machine,Home Appliances,1,22898.13,0.0,0.8,UPI
TXNA2BE290A84,2024-05-04,BR01,Eluru,Andhra Pradesh,CUST01482,Deepika Prasad,Retail,P011,Bluetooth Speaker,Accessories,3,4028.75,0.05,0.5,UPI
TXN2A43FB8A6C,2024-11-03,BR01,Eluru,Andhra Pradesh,CUST01744,Lakshmi Varma,Retail,P010,Wireless Mouse,Accessories,1,1479.87,0.05,0.4,UPI
TXNE2CBBD7951,2023-02-19,BR01,Eluru,Andhra Pradesh,CUST01519,Ajay Rao,Retail,P020,Home Theatre System,Electronics,1,12676.41,0.05,0.6,Cash
TXN2BC98B444B,2023-07-10,BR01,Eluru,Andhra Pradesh,CUST01815,Harika Naidu,Wholesale,P010,Wireless Mouse,Accessories,1,705.98,0.0,0.4,UPI
TXN01DB428ECD,2023-04-05,BR01,Eluru,Andhra Pradesh,CUST00863,Sneha Naidu,Wholesale,P004,Wireless Earbuds,Mobile,1,3736.82,0.0,0.55,UPI
TXN43055FF43E,2024-02-04,BR01,Eluru,Andhra Pradesh,CUST01116,Naveen Sharma,Corporate,P001,Budget Smartphone 4G,Mobile,1,9082.5,0.15,0.8,Credit Card
TXN0AA609C15C,2024-10-11,BR01,Eluru,Andhra Pradesh,CUST01659,Praveen Rao,Retail,P015,Refrigerator 300L,Home Appliances,1,25859.97,0.25,0.82,Cash
TXNB49C99D5C2,2024-07-16,BR01,Eluru,Andhra Pradesh,CUST01812,Naveen Naidu,Retail,P009,Laptop Bag,Accessories,2,760.49,0.1,0.45,Credit Card
TXN9D5B921C17,2023-08-25,BR01,Eluru,Andhra Pradesh,CUST01387,Manoj Naidu,Retail,P004,Wireless Earbuds,Mobile,1,5021.86,0.15,0.55,Cash
TXN93C63C479B,2024-10-22,BR01,Eluru,Andhra Pradesh,CUST00730,Aishwarya Sharma,Retail,P013,Power Bank,Accessories,1,1424.93,0.25,0.48,Debit Card
TXND82467E2F0,2023-03-16,BR01,Eluru,Andhra Pradesh,CUST01029,Aishwarya Chowdary,Retail,P008,Ultrabook Thin & Light,Laptop,1,88190.0,0.1,0.79,UPI
TXN383AC6FDFA,2024-07-18,BR01,Eluru,Andhra Pradesh,CUST01980,Sandeep Kumar,Retail,P016,Washing Machine,Home Appliances,1,20619.68,0.1,0.8,UPI
TXN8409E4271E,2023-12-09,BR01,Eluru,Andhra Pradesh,CUST00806,Praveen Naidu,Retail,P012,Mobile Charger,Accessories,1,657.4,0.15,0.42,UPI
TXN2E98383A34,2024-11-12,BR01,Eluru,Andhra Pradesh,CUST01574,Divya Prasad,Retail,P004,Wireless Earbuds,Mobile,2,5889.55,0.0,0.55,Debit Card
TXNE97E261F45,2023-01-23,BR01,Eluru,Andhra Pradesh,CUST01410,Sandeep Murthy,Corporate,P010,Wireless Mouse,Accessories,2,435.69,0.05,0.4,UPI
TXNB64DC92737,2023-10-23,BR01,Eluru,Andhra Pradesh,CUST01890,Suresh Kumar,Retail,P018,LED TV 43-inch,Electronics,1,33527.48,0.2,0.8,Cash
TXN5507076B1B,2024-06-06,BR01,Eluru,Andhra Pradesh,CUST00132,Lakshmi Sharma,Wholesale,P008,Ultrabook Thin & Light,Laptop,1,68886.37,0.15,0.79,UPI
TXN76DD86ACBF,2024-01-18,BR01,Eluru,Andhra Pradesh,CUST00578,Aishwarya Kumar,Wholesale,P014,Split AC 1.5 Ton,Home Appliances,1,37696.74,0.15,0.83,Credit Card
TXNB92CB79C8E,2023-06-11,BR01,Eluru,Andhra Pradesh,CUST00734,Sandeep Naidu,Retail,P007,Gaming Laptop i7,Laptop,1,88825.06,0.1,0.78,UPI
TXN97DD90A6B4,2023-09-16,BR01,Eluru,Andhra Pradesh,CUST00400,Manoj Rao,Retail,P018,LED TV 43-inch,Electronics,1,30601.99,0.05,0.8,Credit Card
TXN9E114D4A2E,2024-07-24,BR01,Eluru,Andhra Pradesh,CUST00206,Kavya Varma,Retail,P009,Laptop Bag,Accessories,4,1534.86,0.15,0.45,UPI
TXNB9AA81CB42,2023-01-09,BR01,Eluru,Andhra Pradesh,CUST00209,Harika Kumar,Wholesale,P009,Laptop Bag,Accessories,2,1171.43,0.05,0.45,Credit Card
TXN90A3F0C7CF,2024-04-27,BR01,Eluru,Andhra Pradesh,CUST01158,Anitha Sharma,Retail,P021,Smart Watch,Electronics,2,6713.11,0.05,0.55,Cash
TXNC272B840AA,2024-11-13,BR01,Eluru,Andhra Pradesh,CUST01601,Srinivas Prasad,Retail,P004,Wireless Earbuds,Mobile,1,3938.12,0.1,0.55,UPI
TXNA699171A99,2024-11-27,BR01,Eluru,Andhra Pradesh,CUST00116,Lakshmi Kumar,Retail,P004,Wireless Earbuds,Mobile,1,1912.04,0.05,0.55,UPI
TXNE1BBDEF1A0,2024-06-29,BR01,Eluru,Andhra Pradesh,CUST01349,Kavya Sarma,Retail,P019,LED TV 55-inch,Electronics,1,46027.71,0.0,0.79,UPI
TXN97671890C0,2023-05-13,BR01,Eluru,Andhra Pradesh,CUST01438,Sneha Sarma,Corporate,P010,Wireless Mouse,Accessories,1,572.08,0.15,0.4,UPI
TXNA5CCD7A2C9,2024-11-11,BR01,Eluru,Andhra Pradesh,CUST01952,Priya Murthy,Retail,P003,Flagship Smartphone,Mobile,1,87101.94,,0.75,UPI
TXN44EE218386,2024-12-07,BR01,Eluru,Andhra Pradesh,CUST01574,Divya Prasad,Retail,P021,Smart Watch,Electronics,1,7662.63,0.0,0.55,UPI
TXN59A8D3CF23,2023-06-12,BR01,Eluru,Andhra Pradesh,CUST00792,Manoj Naidu,Retail,P019,LED TV 55-inch,Electronics,1,42671.58,0.0,0.79,Credit Card
TXN0380D16A40,2023-10-27,BR01,Eluru,Andhra Pradesh,CUST00653,Meena Rao,Retail,P004,Wireless Earbuds,Mobile,1,4332.3,0.15,0.55,Credit Card
TXN67FA24FE1C,2024-03-29,BR01,Eluru,Andhra Pradesh,CUST00403,Naveen Devi,Retail,P003,Flagship Smartphone,Mobile,1,88746.36,0.0,0.75,UPI
TXNAC7C734B7B,2024-06-19,BR01,Eluru,Andhra Pradesh,CUST00300,Anitha Naidu,Retail,P016,Washing Machine,Home Appliances,1,33388.74,0.05,0.8,UPI
TXN7616AF8F73,2023-03-18,BR01,Eluru,Andhra Pradesh,CUST00037,Sandeep Chowdary,Wholesale,P003,Flagship Smartphone,Mobile,1,64542.53,0.0,0.75,UPI
TXNC7CCBCDC96,2023-09-18,BR01,Eluru,Andhra Pradesh,CUST01302,Kavya Kumar,Retail,P001,Budget Smartphone 4G,Mobile,1,10940.36,0.0,0.8,Debit Card
TXN606906E693,2023-01-03,BR01,Eluru,Andhra Pradesh,CUST01449,Praveen Reddy,Retail,P011,Bluetooth Speaker,Accessories,2,3363.23,0.0,0.5,Net Banking
TXNAC5C47D5FF,2023-12-14,BR01,Eluru,Andhra Pradesh,CUST00292,Aishwarya Prasad,Retail,P021,Smart Watch,Electronics,2,6831.82,0.05,0.55,UPI
TXNB19E9CF763,2023-07-01,BR01,Eluru,Andhra Pradesh,CUST01115,Kiran Rao,Retail,P014,Split AC 1.5 Ton,Home Appliances,1,44228.57,0.1,0.83,Cash
TXNB9EA469365,2023-04-17,BR01,Eluru,Andhra Pradesh,CUST01206,Manoj Kumar,Retail,P001,Budget Smartphone 4G,Mobile,3,12777.71,0.0,0.8,UPI
TXN95A105AAE8,2023-01-25,BR01,Eluru,Andhra Pradesh,CUST01148,Ajay Reddy,Retail,P021,Smart Watch,Electronics,2,9496.13,0.0,0.55,UPI
TXN707C123066,2023-01-22,BR01,Eluru,Andhra Pradesh,CUST00160,Swathi Sharma,Retail,P017,Microwave Oven,Home Appliances,1,14444.82,0.05,0.75,UPI
TXN7A12869B91,2024-11-08,BR01,Eluru,Andhra Pradesh,CUST00449,Lakshmi Prasad,Retail,P011,Bluetooth Speaker,Accessories,2,2939.36,0.0,0.5,Credit Card
TXN280DE0B6BD,2024-11-12,BR01,Eluru,Andhra Pradesh,CUST01403,Meena Kumar,Corporate,P009,Laptop Bag,Accessories,3,607.74,0.1,0.45,UPI
TXN2B55E4BD93,2023-07-26,BR01,Eluru,Andhra Pradesh,CUST01790,Arjun Varma,Retail,P013,Power Bank,Accessories,2,1899.01,0.15,0.48,Credit Card
TXN8815723BBA,2024-03-17,BR01,Eluru,Andhra Pradesh,CUST00850,Divya Varma,Wholesale,P003,Flagship Smartphone,Mobile,1,55327.63,0.0,0.75,Cash
TXN3E1B81475B,2023-04-25,BR01,Eluru,Andhra Pradesh,CUST01715,Kiran Murthy,Retail,P010,Wireless Mouse,Accessories,1,1104.18,0.0,0.4,UPI
TXNFF10C4CB7A,2024-09-23,BR01,Eluru,Andhra Pradesh,CUST01045,Srinivas Babu,Retail,P014,Split AC 1.5 Ton,Home Appliances,1,38839.87,0.05,0.83,Credit Card
TXN9AE5F5387D,2023-12-28,BR01,Eluru,Andhra Pradesh,CUST01823,Sandeep Reddy,Retail,P012,Mobile Charger,Accessories,1,1553.48,0.0,0.42,UPI
TXNCB8B24BDFA,2024-03-06,BR01,Eluru,Andhra Pradesh,CUST00177,Praveen Murthy,Retail,P012,Mobile Charger,Accessories,1,1704.79,0.0,0.42,UPI
TXN7B2A14A92B,2024-04-29,BR01,Eluru,Andhra Pradesh,CUST01566,Priya Chowdary,Retail,P016,Washing Machine,Home Appliances,1,19348.49,0.0,0.8,Debit Card
TXN2F613D796A,2023-06-05,BR01,Eluru,Andhra Pradesh,CUST00543,Srinivas Devi,Retail,P014,Split AC 1.5 Ton,Home Appliances,1,42987.68,0.15,0.83,Cash
TXND6BED188E6,2023-11-24,BR01,Eluru,Andhra Pradesh,CUST01634,Pooja Varma,Retail,P019,LED TV 55-inch,Electronics,1,59817.77,0.2,0.79,Credit Card
TXN988ED2A931,2023-02-03,BR01,Eluru,Andhra Pradesh,CUST00837,Harika Varma,Wholesale,P006,Business Laptop i5,Laptop,1,48615.37,0.05,0.8,UPI
TXN6D182FCE2E,2023-03-12,BR01,Eluru,Andhra Pradesh,CUST01249,Pooja Murthy,Retail,P002,Mid-range Smartphone 5G,Mobile,1,25506.12,0.15,0.78,UPI
TXN3F611B9270,2024-01-28,BR01,Eluru,Andhra Pradesh,CUST01007,Suresh Rao,Wholesale,P007,Gaming Laptop i7,Laptop,1,87187.25,0.0,0.78,Cash
TXN1C35CB7A84,2023-01-11,BR01,Eluru,Andhra Pradesh,CUST01361,Sneha Reddy,Retail,P010,Wireless Mouse,Accessories,1,861.75,0.0,0.4,Debit Card
TXN0B83DCC411,2024-09-12,BR01,Eluru,Andhra Pradesh,CUST01189,Pooja Prasad,Corporate,P013,Power Bank,Accessories,2,2315.05,0.15,0.48,Cash
TXN78BAA7AB29,2024-10-25,BR01,Eluru,Andhra Pradesh,CUST00939,Ajay Sarma,Retail,P013,Power Bank,Accessories,1,2247.39,0.05,0.48,Credit Card
TXNDE64FBC9A5,2024-09-13,BR01,Eluru,Andhra Pradesh,CUST01590,Sneha Varma,Retail,P011,Bluetooth Speaker,Accessories,2,4004.74,0.0,0.5,UPI
TXN2083DD163E,2023-08-27,BR01,Eluru,Andhra Pradesh,CUST01923,Priya Prasad,Retail,P014,Split AC 1.5 Ton,Home Appliances,1,42079.94,0.15,0.83,Debit Card
TXN7B32D94EBA,2024-01-04,BR01,Eluru,Andhra Pradesh,CUST01681,Srinivas Babu,Wholesale,P003,Flagship Smartphone,Mobile,1,81988.3,0.05,0.75,Credit Card
TXN5C9E08E08D,2024-10-30,BR01,Eluru,Andhra Pradesh,CUST01897,Arjun Chowdary,Wholesale,P001,Budget Smartphone 4G,Mobile,2,12246.21,0.1,0.8,UPI
TXN246C50E05D,2023-04-07,BR01,Eluru,Andhra Pradesh,CUST01978,Ravi Sarma,Wholesale,P021,Smart Watch,Electronics,4,8152.48,0.0,0.55,UPI
TXNBFAF144F31,2023-12-17,BR01,Eluru,Andhra Pradesh,CUST00244,Sneha Rao,Retail,P020,Home Theatre System,Electronics,1,10963.09,0.05,0.6,UPI
TXN5FB6423501,2024-12-02,BR01,Eluru,Andhra Pradesh,CUST00154,Meena Babu,Retail,P009,Laptop Bag,Accessories,1,1594.66,0.0,0.45,UPI
TXN34031DAF4D,2023-02-27,BR01,Eluru,Andhra Pradesh,CUST01667,Kiran Prasad,Retail,P020,Home Theatre System,Electronics,1,9668.85,0.0,0.6,UPI
TXN38C2FAF0B3,2023-09-10,BR01,Eluru,Andhra Pradesh,CUST01413,Naveen Devi,Retail,P007,Gaming Laptop i7,Laptop,1,128534.68,0.15,0.78,Debit Card
TXNA65DE95115,2023-06-27,BR01,Eluru,Andhra Pradesh,CUST01520,Anitha Prasad,Retail,P019,LED TV 55-inch,Electronics,1,57219.27,0.05,0.79,UPI
TXNF92D3CE888,2024-03-13,BR01,Eluru,Andhra Pradesh,CUST01479,Ajay Sarma,Retail,P015,Refrigerator 300L,Home Appliances,1,32791.72,0.0,0.82,Debit Card
TXN4790901109,2023-03-23,BR01,Eluru,Andhra Pradesh,CUST01137,Aishwarya Kumar,Retail,P001,Budget Smartphone 4G,Mobile,2,8879.99,0.05,0.8,Net Banking
TXN0AF7A1F206,2023-08-14,BR01,Eluru,Andhra Pradesh,CUST01726,Sneha Rao,Retail,P019,LED TV 55-inch,Electronics,1,49779.8,0.0,0.79,Net Banking
TXN8FD5147100,2023-05-08,BR01,Eluru,Andhra Pradesh,CUST01042,Ramesh Murthy,Retail,P013,Power Bank,Accessories,3,1075.92,0.1,0.48,UPI
TXN918679F4D0,2024-12-23,BR01,Eluru,Andhra Pradesh,CUST01886,Kiran Reddy,Corporate,P012,Mobile Charger,Accessories,1,765.72,0.0,0.42,Credit Card
TXN17FECEDC05,2024-10-18,BR01,Eluru,Andhra Pradesh,CUST01697,Swathi Reddy,Retail,P011,Bluetooth Speaker,Accessories,2,2527.55,0.15,0.5,Debit Card
TXN03C9039478,2024-10-09,BR01,Eluru,Andhra Pradesh,CUST00469,Lakshmi Chowdary,Retail,P012,Mobile Charger,Accessories,1,1105.33,0.2,0.42,Net Banking
TXN51A91A5223,2024-02-16,BR01,Eluru,Andhra Pradesh,CUST01068,Arjun Devi,Corporate,P009,Laptop Bag,Accessories,1,640.8,0.05,0.45,UPI
TXNC429DFD920,2023-09-11,BR01,Eluru,Andhra Pradesh,CUST01480,Anitha Rao,Retail,P018,LED TV 43-inch,Electronics,1,25247.94,0.0,0.8,Debit Card
TXN037D76DA00,2024-08-20,BR01,Eluru,Andhra Pradesh,CUST00344,Meena Chowdary,Retail,P002,Mid-range Smartphone 5G,Mobile,1,17638.12,0.0,0.78,Net Banking
TXN6B319851F6,2023-03-16,BR01,Eluru,Andhra Pradesh,CUST00482,Divya Sharma,Retail,P014,Split AC 1.5 Ton,Home Appliances,1,32547.05,0.15,0.83,Net Banking
TXN9C8ACA72B5,2023-01-15,BR01,Eluru,Andhra Pradesh,CUST00887,Swathi Reddy,Retail,P007,Gaming Laptop i7,Laptop,1,107362.47,0.0,0.78,UPI
TXNED2917D134,2023-10-11,BR01,Eluru,Andhra Pradesh,CUST01181,Pooja Babu,Wholesale,P010,Wireless Mouse,Accessories,1,589.49,0.05,0.4,UPI
TXN8E4026A5D9,2023-12-14,BR01,Eluru,Andhra Pradesh,CUST00935,Divya Kumar,Retail,P011,Bluetooth Speaker,Accessories,2,2640.96,0.0,0.5,UPI
TXN100FCF9C74,2023-12-04,BR01,Eluru,Andhra Pradesh,CUST00085,Meena Rao,Retail,P013,Power Bank,Accessories,1,1702.18,0.0,0.48,Debit Card
TXN68B96E8E94,2024-09-16,BR01,Eluru,Andhra Pradesh,CUST01554,Swathi Reddy,Retail,P007,Gaming Laptop i7,Laptop,1,90659.21,0.1,0.78,Cash
TXN12B2131549,2023-07-15,BR01,Eluru,Andhra Pradesh,CUST00099,Suresh Murthy,Retail,P001,Budget Smartphone 4G,Mobile,1,10536.74,0.0,0.8,UPI
TXN01DA6DCE6B,2024-06-12,BR01,Eluru,Andhra Pradesh,CUST01587,Anitha Devi,Retail,P005,Entry Laptop i3,Laptop,1,33339.11,0.0,0.82,Credit Card
TXND2AD65C9BA,2023-11-07,BR01,Eluru,Andhra Pradesh,CUST00654,Arjun Sarma,Retail,P002,Mid-range Smartphone 5G,Mobile,1,21330.86,0.0,0.78,UPI
TXN2DFF2D3D2C,2023-12-22,BR01,Eluru,Andhra Pradesh,CUST00831,Harika Babu,Corporate,P004,Wireless Earbuds,Mobile,1,2537.57,0.15,0.55,Credit Card
TXN4A358D114D,2023-10-20,BR01,Eluru,Andhra Pradesh,CUST00943,Aishwarya Chowdary,Corporate,P021,Smart Watch,Electronics,1,6084.66,0.15,0.55,Debit Card
TXNFC74D18F0C,2024-12-30,BR01,Eluru,Andhra Pradesh,CUST01830,Deepika Murthy,Retail,P002,Mid-range Smartphone 5G,Mobile,1,26786.97,0.0,0.78,UPI
TXN5BAEFAC43A,2023-03-27,BR01,Eluru,Andhra Pradesh,CUST00468,Meena Devi,Retail,P008,Ultrabook Thin & Light,Laptop,1,81972.18,0.15,0.79,UPI
TXN2244D26EAD,2024-12-16,BR01,Eluru,Andhra Pradesh,CUST01557,Anitha Naidu,Retail,P003,Flagship Smartphone,Mobile,1,75722.35,0.05,0.75,Cash
TXNBC08A883DA,2024-07-09,BR01,Eluru,Andhra Pradesh,CUST00654,Arjun Sarma,Retail,P012,Mobile Charger,Accessories,3,1221.17,0.0,0.42,UPI
TXN5693EBF6E8,2024-11-29,BR01,Eluru,Andhra Pradesh,CUST01564,Sneha Devi,Wholesale,P020,Home Theatre System,Electronics,3,16935.69,0.15,0.6,Net Banking
TXN3144075C4F,2023-03-09,BR01,Eluru,Andhra Pradesh,CUST01924,Meena Naidu,Retail,P016,Washing Machine,Home Appliances,2,19215.95,0.1,0.8,UPI
TXN711DFF14A6,2024-04-16,BR01,Eluru,Andhra Pradesh,CUST01700,Sandeep Kumar,Retail,P018,LED TV 43-inch,Electronics,1,31545.05,0.0,0.8,Credit Card
TXN614CE9D734,2024-04-25,BR01,Eluru,Andhra Pradesh,CUST01348,Divya Naidu,Retail,P003,Flagship Smartphone,Mobile,1,67569.57,0.05,0.75,UPI
TXN9CA8674310,2024-06-04,BR01,Eluru,Andhra Pradesh,CUST00066,Srinivas Prasad,Retail,P015,Refrigerator 300L,Home Appliances,1,28677.53,0.15,0.82,Cash
TXN05E6C1E060,2024-01-02,BR01,Eluru,Andhra Pradesh,CUST01989,Lakshmi Murthy,Retail,P002,Mid-range Smartphone 5G,Mobile,1,24274.18,0.1,0.78,Credit Card
TXNE715FC44FD,2023-07-26,BR01,Eluru,Andhra Pradesh,CUST01230,Vikram Babu,Wholesale,P003,Flagship Smartphone,Mobile,1,57770.05,0.0,0.75,Cash
TXN793BC6CA9E,2024-01-11,BR01,Eluru,Andhra Pradesh,CUST00539,Priya Prasad,Retail,P005,Entry Laptop i3,Laptop,1,28141.79,0.0,0.82,Net Banking
TXNB4030E17E7,2023-02-25,BR01,Eluru,Andhra Pradesh,CUST00104,Manoj Naidu,Retail,P016,Washing Machine,Home Appliances,3,18035.12,0.0,0.8,UPI
TXNA06715E42D,2024-05-02,BR01,Eluru,Andhra Pradesh,CUST01295,Swathi Babu,Retail,P012,Mobile Charger,Accessories,1,1326.46,0.0,0.42,Debit Card
TXND46472AFB0,2023-12-02,BR01,Eluru,Andhra Pradesh,CUST00050,Srinivas Rao,Wholesale,P003,Flagship Smartphone,Mobile,1,54725.01,0.0,0.75,Cash
TXN3674D8C8E6,2024-06-27,BR01,Eluru,Andhra Pradesh,CUST00199,Ramesh Chowdary,Retail,P003,Flagship Smartphone,Mobile,1,89970.5,0.05,0.75,Credit Card
TXN22DA85FC4A,2023-04-16,BR01,Eluru,Andhra Pradesh,CUST01162,Ravi Varma,Retail,P011,Bluetooth Speaker,Accessories,1,3638.17,0.1,0.5,Credit Card
TXN358A6F726A,2023-12-01,BR01,Eluru,Andhra Pradesh,CUST01190,Suresh Murthy,Retail,P020,Home Theatre System,Electronics,1,19784.71,0.05,0.6,UPI
TXN7B575CF467,2023-01-16,BR01,Eluru,Andhra Pradesh,CUST00596,Harika Murthy,Retail,P003,Flagship Smartphone,Mobile,1,69402.67,0.0,0.75,Debit Card
TXN1A868AF048,2023-02-11,BR01,Eluru,Andhra Pradesh,CUST01693,Lakshmi Babu,Retail,P013,Power Bank,Accessories,1,969.77,0.05,0.48,Net Banking
TXNEDFFD448E2,2024-03-07,BR01,Eluru,Andhra Pradesh,CUST00488,Divya Sarma,Retail,P001,Budget Smartphone 4G,Mobile,1,12093.08,0.1,0.8,UPI
TXN6394C60C15,2024-06-28,BR01,Eluru,Andhra Pradesh,CUST01211,Sneha Rao,Retail,P012,Mobile Charger,Accessories,3,1488.74,0.0,0.42,UPI
TXNB416155E63,2024-02-16,BR01,Eluru,Andhra Pradesh,CUST01766,Meena Murthy,Retail,P018,LED TV 43-inch,Electronics,1,34040.52,0.05,0.8,UPI
TXNA1DC304ED9,2024-11-15,BR01,Eluru,Andhra Pradesh,CUST00094,Vikram Reddy,Retail,P014,Split AC 1.5 Ton,Home Appliances,1,32054.86,0.2,0.83,Cash
TXN52960DC678,2023-09-07,BR01,Eluru,Andhra Pradesh,CUST00667,Sandeep Sharma,Retail,P019,LED TV 55-inch,Electronics,1,48451.69,0.1,0.79,UPI
TXN4C76E940F6,2024-08-04,BR01,Eluru,Andhra Pradesh,CUST00739,Praveen Murthy,Retail,P003,Flagship Smartphone,Mobile,1,78934.02,0.15,0.75,Cash
TXNADF3954A63,2023-03-30,BR01,Eluru,Andhra Pradesh,CUST00700,Pooja Devi,Retail,P018,LED TV 43-inch,Electronics,1,32281.67,0.0,0.8,UPI
TXN83440E276D,2023-12-30,BR01,Eluru,Andhra Pradesh,CUST00949,Sneha Sarma,Retail,P001,Budget Smartphone 4G,Mobile,3,13705.95,0.0,0.8,UPI
TXNCDA5BB7F92,2024-02-21,BR01,Eluru,Andhra Pradesh,CUST00437,Anitha Rao,Retail,P016,Washing Machine,Home Appliances,1,26816.12,0.1,0.8,UPI
TXNCF80E1746D,2023-12-28,BR01,Eluru,Andhra Pradesh,CUST01095,,Retail,P011,Bluetooth Speaker,Accessories,1,2591.14,0.05,0.5,Credit Card
TXND8B27DB4B0,2023-07-13,BR01,Eluru,Andhra Pradesh,CUST00749,Kiran Devi,Retail,P004,Wireless Earbuds,Mobile,1,4515.39,0.1,0.55,UPI
TXN4D42F1ABB4,2023-04-14,BR01,Eluru,Andhra Pradesh,CUST01717,Meena Devi,Wholesale,P018,LED TV 43-inch,Electronics,1,25447.38,0.05,0.8,Cash
TXNA55EC169A7,2023-02-19,BR01,Eluru,Andhra Pradesh,CUST00638,Arjun Babu,Corporate,P003,Flagship Smartphone,Mobile,1,72100.16,0.0,0.75,UPI
TXN600C80618A,2024-02-29,BR01,Eluru,Andhra Pradesh,CUST00456,Lakshmi Sarma,Retail,P009,Laptop Bag,Accessories,1,960.54,0.0,0.45,Cash
TXN1E620B3242,2023-01-10,BR01,Eluru,Andhra Pradesh,CUST00395,Divya Sharma,Retail,P016,Washing Machine,Home Appliances,1,24674.29,0.05,0.8,Debit Card
TXNB86699E8E7,2024-01-07,BR01,Eluru,Andhra Pradesh,CUST00426,Praveen Sharma,Retail,P013,Power Bank,Accessories,2,2384.85,0.15,0.48,Net Banking
TXN1648306FA6,2024-10-04,BR01,Eluru,Andhra Pradesh,CUST00776,Anitha Chowdary,Retail,P012,Mobile Charger,Accessories,1,1285.56,0.25,0.42,UPI
TXN3FAA907307,2023-12-07,BR01,Eluru,Andhra Pradesh,CUST00686,Aishwarya Sarma,Corporate,P012,Mobile Charger,Accessories,4,1651.28,0.0,0.42,UPI
TXNF41874C8F7,2023-03-27,BR01,Eluru,Andhra Pradesh,CUST00575,Sandeep Prasad,Retail,P012,Mobile Charger,Accessories,1,1504.08,0.1,0.42,Net Banking
TXN3C02B3F7F7,2023-02-16,BR01,Eluru,Andhra Pradesh,CUST01195,Manoj Chowdary,Retail,P011,Bluetooth Speaker,Accessories,2,2315.97,0.1,0.5,Credit Card
TXN70103450BF,2024-04-15,BR01,Eluru,Andhra Pradesh,CUST01301,Priya Chowdary,Retail,P004,Wireless Earbuds,Mobile,1,4509.67,0.05,0.55,Debit Card
TXNFF1A0DB034,2024-11-26,BR01,Eluru,Andhra Pradesh,CUST01618,Harika Murthy,Retail,P007,Gaming Laptop i7,Laptop,1,85880.49,0.25,0.78,Credit Card
TXN091EF4F056,2024-01-25,BR01,Eluru,Andhra Pradesh,CUST00698,Manoj Sarma,Retail,P012,Mobile Charger,Accessories,2,908.73,0.05,0.42,Cash
TXN68CCEE2F79,2024-11-16,BR01,Eluru,Andhra Pradesh,CUST00308,Sandeep Murthy,Corporate,P013,Power Bank,Accessories,1,1207.61,0.15,0.48,UPI
TXN7374C736C3,2024-12-08,BR01,Eluru,Andhra Pradesh,CUST00379,Swathi Sarma,Retail,P021,Smart Watch,Electronics,1,9414.02,0.15,0.55,UPI
TXNB453B4B3EC,2023-06-01,BR01,Eluru,Andhra Pradesh,CUST00815,Sandeep Rao,Retail,P004,Wireless Earbuds,Mobile,2,2526.38,0.05,0.55,UPI
TXNCE848D72D5,2024-07-30,BR01,Eluru,Andhra Pradesh,CUST00587,Srinivas Sharma,Retail,P020,Home Theatre System,Electronics,1,6358.55,0.0,0.6,UPI
TXN7F595BA2BE,2023-09-24,BR01,Eluru,Andhra Pradesh,CUST00643,Deepika Prasad,Retail,P001,Budget Smartphone 4G,Mobile,4,11687.5,0.05,0.8,UPI
TXN172088C309,2023-12-17,BR01,Eluru,Andhra Pradesh,CUST01006,Kavya Rao,Retail,P010,Wireless Mouse,Accessories,2,1455.77,0.0,0.4,UPI
TXND37A502D94,2024-05-25,BR01,Eluru,Andhra Pradesh,CUST00860,Srinivas Sharma,Retail,P012,Mobile Charger,Accessories,2,576.35,0.0,0.42,UPI
TXN8F77DC2819,2023-10-26,BR01,Eluru,Andhra Pradesh,CUST00315,Lakshmi Kumar,Retail,P020,Home Theatre System,Electronics,2,14103.53,0.05,0.6,Cash
TXN792FCBD5E7,2023-08-06,BR01,Eluru,Andhra Pradesh,CUST00449,Lakshmi Prasad,Retail,P001,Budget Smartphone 4G,Mobile,2,9164.84,0.15,0.8,UPI
TXN8A6222A091,2023-11-22,BR01,Eluru,Andhra Pradesh,CUST00354,Ramesh Reddy,Retail,P005,Entry Laptop i3,Laptop,1,37669.13,0.0,0.82,UPI
TXNF19A58A863,2024-05-14,BR01,Eluru,Andhra Pradesh,CUST00301,Sandeep Naidu,Retail,P006,Business Laptop i5,Laptop,1,59423.96,0.0,0.8,UPI
TXNF74D52E3A7,2024-09-01,BR01,Eluru,Andhra Pradesh,CUST00372,Naveen Murthy,Retail,P013,Power Bank,Accessories,1,1236.98,0.1,0.48,UPI
TXN9080BC466F,2024-07-05,BR01,Eluru,Andhra Pradesh,CUST00355,Swathi Babu,Corporate,P006,Business Laptop i5,Laptop,1,46408.24,0.0,0.8,Cash
TXN263F684F2A,2024-07-29,BR01,Eluru,Andhra Pradesh,CUST00059,Suresh Devi,Wholesale,P002,Mid-range Smartphone 5G,Mobile,1,24527.84,0.05,0.78,UPI
TXND324BCFA21,2024-05-05,BR01,Eluru,Andhra Pradesh,CUST01182,Ravi Sharma,Retail,P005,Entry Laptop i3,Laptop,1,31910.61,0.15,0.82,UPI
TXN834D10B15F,2024-02-16,BR01,Eluru,Andhra Pradesh,CUST01336,Kiran Kumar,Retail,P011,Bluetooth Speaker,Accessories,1,2362.66,0.05,0.5,UPI
TXN6399FB61F3,2024-11-19,BR01,Eluru,Andhra Pradesh,CUST00989,Naveen Rao,Retail,P017,Microwave Oven,Home Appliances,1,13758.27,0.0,0.75,UPI
TXNAB2B3EAC0B,2023-06-12,BR01,Eluru,Andhra Pradesh,CUST00234,Pooja Devi,Retail,P008,Ultrabook Thin & Light,Laptop,1,79212.09,0.1,0.79,Debit Card
TXN2D6DDA6B19,2023-10-18,BR01,Eluru,Andhra Pradesh,CUST01198,Vikram Kumar,Wholesale,P021,Smart Watch,Electronics,1,4812.71,0.1,0.55,UPI
TXNCB046CE2B3,2024-09-09,BR01,Eluru,Andhra Pradesh,CUST00565,Harika Devi,Retail,P012,Mobile Charger,Accessories,1,1254.49,0.05,0.42,Credit Card
TXN58FB21399A,2023-08-16,BR01,Eluru,Andhra Pradesh,CUST01026,Vikram Prasad,Retail,P001,Budget Smartphone 4G,Mobile,1,12158.2,0.1,0.8,Debit Card
TXN065329B4CE,2023-08-13,BR01,Eluru,Andhra Pradesh,CUST00121,Arjun Reddy,Retail,P010,Wireless Mouse,Accessories,1,1053.02,0.05,0.4,UPI
TXN5396816290,2024-04-21,BR01,Eluru,Andhra Pradesh,CUST00681,Arjun Varma,Retail,P006,Business Laptop i5,Laptop,1,51858.06,0.15,0.8,Cash
TXNE11EE3103E,2023-10-17,BR01,Eluru,Andhra Pradesh,CUST00493,Kavya Murthy,Retail,P006,Business Laptop i5,Laptop,1,43509.92,0.15,0.8,UPI
TXNCB91A70E3B,2023-01-04,BR01,Eluru,Andhra Pradesh,CUST00726,Naveen Devi,Retail,P012,Mobile Charger,Accessories,1,305.5,0.15,0.42,UPI
TXN05B93281C3,2023-01-13,BR01,Eluru,Andhra Pradesh,CUST00816,Meena Devi,Retail,P004,Wireless Earbuds,Mobile,1,5659.53,0.0,0.55,Debit Card
TXNDD63C98A62,2023-10-15,BR01,Eluru,Andhra Pradesh,CUST01114,Vikram Rao,Wholesale,P009,Laptop Bag,Accessories,1,1371.1,0.2,0.45,UPI
TXN1968E193A0,2023-11-05,BR01,Eluru,Andhra Pradesh,CUST00432,Vikram Rao,Wholesale,P009,Laptop Bag,Accessories,1,1424.48,0.05,0.45,UPI
TXNC96564E6E3,2024-03-05,BR01,Eluru,Andhra Pradesh,CUST01882,Suresh Kumar,Retail,P013,Power Bank,Accessories,2,1879.26,0.0,0.48,UPI
TXN2E95B5E4EA,2023-02-16,BR01,Eluru,Andhra Pradesh,CUST00177,Praveen Murthy,Retail,P001,Budget Smartphone 4G,Mobile,3,11762.11,0.0,0.8,Credit Card
TXNACDC2472EF,2023-10-04,BR01,Eluru,Andhra Pradesh,CUST01384,Deepika Sharma,Retail,P002,Mid-range Smartphone 5G,Mobile,2,18919.59,0.1,0.78,Debit Card
TXN469005C436,2024-12-19,BR01,Eluru,Andhra Pradesh,CUST00048,Ravi Sarma,Wholesale,P007,Gaming Laptop i7,Laptop,1,91991.13,0.1,0.78,Credit Card
TXN65C28D45DA,2023-05-24,BR01,Eluru,Andhra Pradesh,CUST01443,Meena Murthy,Retail,P002,Mid-range Smartphone 5G,Mobile,2,17288.8,0.0,0.78,UPI
TXNE2086CD3D6,2024-03-31,BR01,Eluru,Andhra Pradesh,CUST00430,Ravi Reddy,Wholesale,P020,Home Theatre System,Electronics,1,18134.11,0.0,0.6,Net Banking
TXN69662A018E,2024-10-08,BR01,Eluru,Andhra Pradesh,CUST00121,Arjun Reddy,Retail,P009,Laptop Bag,Accessories,2,1716.66,0.05,0.45,Debit Card
TXN4B09AC77B7,2024-12-08,BR01,Eluru,Andhra Pradesh,CUST01188,Srinivas Chowdary,Retail,P018,LED TV 43-inch,Electronics,1,26332.11,0.0,0.8,UPI
TXN5648853E10,2024-03-02,BR01,Eluru,Andhra Pradesh,CUST01735,Pooja Murthy,Retail,P020,Home Theatre System,Electronics,3,13655.58,0.05,0.6,UPI
TXNE7FF76D389,2024-08-07,BR01,Eluru,Andhra Pradesh,CUST00860,Srinivas Sharma,Retail,P012,Mobile Charger,Accessories,1,940.54,0.05,0.42,UPI
TXNC6FC4382FA,2024-06-15,BR01,Eluru,Andhra Pradesh,CUST01258,Sandeep Sarma,Corporate,P021,Smart Watch,Electronics,1,10684.34,0.05,0.55,UPI
TXN6D8BC792AC,2023-04-23,BR01,Eluru,Andhra Pradesh,CUST01652,Arjun Sharma,Retail,P006,Business Laptop i5,Laptop,1,51163.44,0.0,0.8,UPI
TXN6F696C9CF5,2024-07-24,BR01,Eluru,Andhra Pradesh,CUST00851,Harika Murthy,Retail,P011,Bluetooth Speaker,Accessories,1,4091.69,0.0,0.5,Credit Card
TXN85773A75E0,2023-12-21,BR01,Eluru,Andhra Pradesh,CUST00596,Harika Murthy,Retail,P004,Wireless Earbuds,Mobile,1,3086.93,0.05,0.55,Cash
TXNFCCD21B6E0,2024-09-05,BR01,Eluru,Andhra Pradesh,CUST01346,Harika Prasad,Corporate,P010,Wireless Mouse,Accessories,1,757.14,0.05,0.4,Credit Card
TXN0534E53929,2023-02-06,BR01,Eluru,Andhra Pradesh,CUST00397,Meena Sharma,Retail,P011,Bluetooth Speaker,Accessories,1,1831.24,0.0,0.5,Cash
TXN89FC76EB38,2023-06-26,BR01,Eluru,Andhra Pradesh,CUST00309,Deepika Naidu,Retail,P013,Power Bank,Accessories,2,1581.9,0.1,0.48,Net Banking
TXNCC114687C5,2023-08-23,BR01,Eluru,Andhra Pradesh,CUST01415,Vikram Sharma,Retail,P004,Wireless Earbuds,Mobile,3,2277.69,0.15,0.55,Cash
TXNE74542C363,2023-07-11,BR01,Eluru,Andhra Pradesh,CUST00801,Sandeep Reddy,Retail,P003,Flagship Smartphone,Mobile,1,83512.2,0.0,0.75,Credit Card
TXN95B44E9F7F,2024-04-27,BR01,Eluru,Andhra Pradesh,CUST01540,Kiran Kumar,Retail,P008,Ultrabook Thin & Light,Laptop,1,70525.16,0.0,0.79,Debit Card
TXNE4EB63F700,2023-01-14,BR01,Eluru,Andhra Pradesh,CUST01263,Anitha Sarma,Corporate,P004,Wireless Earbuds,Mobile,1,5441.28,0.1,0.55,UPI
TXN0B6CDCE0B3,2023-04-12,BR01,Eluru,Andhra Pradesh,CUST00521,Kiran Naidu,Retail,P012,Mobile Charger,Accessories,2,531.04,0.05,0.42,UPI
TXNEE11458D78,2024-12-31,BR01,Eluru,Andhra Pradesh,CUST01701,Arjun Kumar,Retail,P016,Washing Machine,Home Appliances,1,19717.61,0.05,0.8,Credit Card
TXN381F5AFB9D,2023-07-14,BR01,Eluru,Andhra Pradesh,CUST01009,Manoj Prasad,Wholesale,P008,Ultrabook Thin & Light,Laptop,1,62391.5,0.1,0.79,Credit Card
TXN2E43ED261C,2023-08-20,BR01,Eluru,Andhra Pradesh,CUST01364,Praveen Rao,Retail,P008,Ultrabook Thin & Light,Laptop,1,65274.26,0.1,0.79,Credit Card
TXN5C38FBE243,2024-07-31,BR01,Eluru,Andhra Pradesh,CUST01071,Praveen Kumar,Retail,P002,Mid-range Smartphone 5G,Mobile,1,22406.88,0.0,0.78,UPI
TXND7002BB71F,2023-08-17,BR01,Eluru,Andhra Pradesh,CUST00758,Divya Naidu,Retail,P009,Laptop Bag,Accessories,2,1155.13,0.0,0.45,UPI
TXN59E44F1FA2,2023-11-13,BR01,Eluru,Andhra Pradesh,CUST01755,Ramesh Reddy,Retail,P011,Bluetooth Speaker,Accessories,1,4402.07,0.15,0.5,UPI
TXN56B3816F4E,2023-03-12,BR01,Eluru,Andhra Pradesh,CUST00854,Deepika Devi,Retail,P010,Wireless Mouse,Accessories,1,457.28,0.0,0.4,Cash
TXNE73774A5F2,2024-04-01,BR01,Eluru,Andhra Pradesh,CUST00295,Sneha Naidu,Wholesale,P005,Entry Laptop i3,Laptop,1,29484.61,0.15,0.82,Cash
TXN816619D690,2024-12-14,BR01,Eluru,Andhra Pradesh,CUST00144,Suresh Naidu,Retail,P013,Power Bank,Accessories,3,1150.33,0.05,0.48,UPI
TXN16DAD85BE9,2023-11-25,BR01,Eluru,Andhra Pradesh,CUST00574,Kavya Varma,Retail,P005,Entry Laptop i3,Laptop,1,37430.96,0.1,0.82,UPI
TXN918B8274D7,2023-11-08,BR01,Eluru,Andhra Pradesh,CUST00866,Meena Devi,Retail,P004,Wireless Earbuds,Mobile,1,1542.51,0.1,0.55,UPI
TXN74A0BA6766,2024-10-06,BR01,Eluru,Andhra Pradesh,CUST00317,Naveen Devi,Retail,P020,Home Theatre System,Electronics,2,17447.23,0.15,0.6,Cash
TXNB25A60D874,2023-06-10,BR01,Eluru,Andhra Pradesh,CUST00577,Swathi Kumar,Wholesale,P018,LED TV 43-inch,Electronics,1,33942.37,0.15,0.8,Credit Card
TXN4490FEC26E,2024-02-09,BR01,Eluru,Andhra Pradesh,CUST00456,Lakshmi Sarma,Retail,P007,Gaming Laptop i7,Laptop,1,126938.86,0.0,0.78,Net Banking
TXND6CDABF6AC,2023-09-17,BR01,Eluru,Andhra Pradesh,CUST01193,Swathi Babu,Corporate,P002,Mid-range Smartphone 5G,Mobile,1,26527.58,0.0,0.78,UPI
TXNDC0014F199,2023-02-12,BR01,Eluru,Andhra Pradesh,CUST01510,Meena Varma,Retail,P001,Budget Smartphone 4G,Mobile,1,8849.49,0.05,0.8,Cash
TXN2FC62E967F,2023-07-30,BR01,Eluru,Andhra Pradesh,CUST00179,Sneha Kumar,Retail,P001,Budget Smartphone 4G,Mobile,1,11828.5,0.1,0.8,UPI
TXN131D1E3468,2023-07-04,BR01,Eluru,Andhra Pradesh,CUST00342,Kavya Kumar,Retail,P005,Entry Laptop i3,Laptop,1,29068.41,0.0,0.82,Debit Card
TXNE8E9734459,2023-05-03,BR01,Eluru,Andhra Pradesh,CUST00536,Harika Reddy,Retail,P006,Business Laptop i5,Laptop,1,46339.56,0.05,0.8,UPI
TXN3C68040419,2023-01-13,BR01,Eluru,Andhra Pradesh,CUST01250,Sandeep Varma,Wholesale,P013,Power Bank,Accessories,1,1341.38,0.15,0.48,Cash
TXN624AE5AA6A,2024-01-03,BR01,Eluru,Andhra Pradesh,CUST00368,Divya Sharma,Retail,P005,Entry Laptop i3,Laptop,1,35259.97,0.0,0.82,Cash
TXNCC8704D6CB,2023-08-22,BR01,Eluru,Andhra Pradesh,CUST01060,Lakshmi Varma,Retail,P021,Smart Watch,Electronics,3,9114.85,0.0,0.55,Credit Card
TXN4549252B10,2024-06-27,BR01,Eluru,Andhra Pradesh,CUST01020,Naveen Reddy,Retail,P012,Mobile Charger,Accessories,3,363.84,0.1,0.42,Credit Card
TXNC56BD14309,2024-08-26,BR01,Eluru,Andhra Pradesh,CUST01452,Kiran Chowdary,Wholesale,P001,Budget Smartphone 4G,Mobile,4,12837.18,0.15,0.8,UPI
TXN8C941742CC,2024-11-10,BR01,Eluru,Andhra Pradesh,CUST00778,Divya Sharma,Retail,P003,Flagship Smartphone,Mobile,1,50612.06,0.2,0.75,UPI
TXNBFC3CF6797,2023-04-12,BR01,Eluru,Andhra Pradesh,CUST00282,Swathi Murthy,Retail,P013,Power Bank,Accessories,1,2472.93,0.0,0.48,UPI
TXN031840D9C0,2024-01-27,BR01,Eluru,Andhra Pradesh,CUST01267,Sneha Babu,Retail,P016,Washing Machine,Home Appliances,1,29818.31,0.1,0.8,Credit Card
TXND15DBEA0FA,2023-11-08,BR01,Eluru,Andhra Pradesh,CUST01270,Harika Reddy,Corporate,P004,Wireless Earbuds,Mobile,1,2480.76,0.1,0.55,UPI
TXN6E216D1B48,2023-08-05,BR01,Eluru,Andhra Pradesh,CUST00961,Harika Devi,Corporate,P020,Home Theatre System,Electronics,1,8513.24,0.0,0.6,UPI
TXNE73F2C0849,2024-02-10,BR01,Eluru,Andhra Pradesh,CUST01496,Meena Murthy,Retail,P018,LED TV 43-inch,Electronics,1,27438.2,0.0,0.8,UPI
TXN02D3D18AB5,2023-04-04,BR01,Eluru,Andhra Pradesh,CUST00163,Deepika Sarma,Corporate,P008,Ultrabook Thin & Light,Laptop,1,79806.14,0.0,0.79,Net Banking
TXNC346AE428A,2023-12-31,BR01,Eluru,Andhra Pradesh,CUST01836,Praveen Kumar,Wholesale,P003,Flagship Smartphone,Mobile,1,46691.41,0.1,0.75,UPI
TXN5BA77662E4,2024-02-15,BR01,Eluru,Andhra Pradesh,CUST01357,Srinivas Kumar,Retail,P007,Gaming Laptop i7,Laptop,1,118431.66,0.0,0.78,Credit Card
TXN6970EE5C7D,2024-02-17,BR01,Eluru,Andhra Pradesh,CUST01769,Sandeep Reddy,Retail,P009,Laptop Bag,Accessories,1,1505.98,0.15,0.45,Net Banking
TXN4F663B8DCC,2023-10-16,BR01,Eluru,Andhra Pradesh,CUST01609,Praveen Rao,Retail,P016,Washing Machine,Home Appliances,1,30645.76,0.05,0.8,Debit Card
TXN598375C071,2023-09-15,BR01,Eluru,Andhra Pradesh,CUST01189,Pooja Prasad,Corporate,P017,Microwave Oven,Home Appliances,1,7257.94,0.05,0.75,Credit Card
TXN5C51D61A73,2023-06-04,BR01,Eluru,Andhra Pradesh,CUST00717,Naveen Sharma,Retail,P021,Smart Watch,Electronics,1,6965.84,0.15,0.55,Net Banking
TXNEF98F2DF70,2024-07-30,BR01,Eluru,Andhra Pradesh,CUST01497,Praveen Kumar,Retail,P011,Bluetooth Speaker,Accessories,1,4326.51,0.15,0.5,Credit Card
TXNC359421365,2023-09-02,BR01,Eluru,Andhra Pradesh,CUST00094,Vikram Reddy,Retail,P010,Wireless Mouse,Accessories,1,1490.49,0.0,0.4,Cash
TXN543A815EFE,2024-08-19,BR01,Eluru,Andhra Pradesh,CUST01165,Ajay Sarma,Retail,P001,Budget Smartphone 4G,Mobile,1,11817.57,0.05,0.8,Net Banking
TXNA113FE9FB3,2023-07-31,BR01,Eluru,Andhra Pradesh,CUST01011,Lakshmi Prasad,Retail,P006,Business Laptop i5,Laptop,1,58236.44,0.1,0.8,Debit Card
TXN876589FFB2,2023-11-24,BR01,Eluru,Andhra Pradesh,CUST01075,Sandeep Babu,Retail,P001,Budget Smartphone 4G,Mobile,2,10955.68,0.15,0.8,Cash
TXN5617FEF854,2024-01-09,BR01,Eluru,Andhra Pradesh,CUST01375,Deepika Reddy,Retail,P009,Laptop Bag,Accessories,3,1002.0,0.15,0.45,Cash
TXN0C56CD87DA,2023-03-22,BR01,Eluru,Andhra Pradesh,CUST00215,Ramesh Sharma,Retail,P011,Bluetooth Speaker,Accessories,3,3280.25,0.1,0.5,UPI
TXN577D0F4230,2024-08-20,BR01,Eluru,Andhra Pradesh,CUST00018,Pooja Murthy,Retail,P013,Power Bank,Accessories,3,1937.19,0.05,0.48,Credit Card
TXN2F8B297B78,2024-11-28,BR01,Eluru,Andhra Pradesh,CUST01804,Manoj Sarma,Retail,P002,Mid-range Smartphone 5G,Mobile,1,25734.84,0.2,0.78,Net Banking
TXN2B04F0864B,2024-06-23,BR01,Eluru,Andhra Pradesh,CUST01266,Ajay Murthy,Wholesale,P009,Laptop Bag,Accessories,2,997.77,0.05,0.45,UPI
TXN5212C2FEB7,2023-03-16,BR01,Eluru,Andhra Pradesh,CUST01705,Suresh Varma,Retail,P006,Business Laptop i5,Laptop,1,45177.68,0.1,0.8,Cash
TXN406F5FB8FE,2024-08-27,BR01,Eluru,Andhra Pradesh,CUST01325,Ramesh Kumar,Corporate,P010,Wireless Mouse,Accessories,1,1081.54,0.15,0.4,Credit Card
TXNB9479E952C,2023-08-12,BR01,Eluru,Andhra Pradesh,CUST01770,Swathi Devi,Retail,P011,Bluetooth Speaker,Accessories,1,2253.93,0.0,0.5,UPI
TXN5BBBCD77A2,2023-07-31,BR01,Eluru,Andhra Pradesh,CUST01336,Kiran Kumar,Retail,P012,Mobile Charger,Accessories,1,977.17,0.1,0.42,UPI
TXN6851164BAE,2024-11-10,BR01,Eluru,Andhra Pradesh,CUST00126,Ravi Rao,Retail,P013,Power Bank,Accessories,2,1185.75,0.15,0.48,Cash
TXN9423ABB834,2024-04-09,BR01,Eluru,Andhra Pradesh,CUST01208,Priya Babu,Retail,P009,Laptop Bag,Accessories,2,1564.84,0.1,0.45,UPI
TXNF92F3D4FBA,2024-07-29,BR01,Eluru,Andhra Pradesh,CUST01123,Naveen Naidu,Retail,P002,Mid-range Smartphone 5G,Mobile,1,20537.97,0.05,0.78,Cash
TXN1948945C79,2024-01-18,BR01,Eluru,Andhra Pradesh,CUST01422,Kavya Rao,Retail,P001,Budget Smartphone 4G,Mobile,1,11844.98,0.0,0.8,Cash
TXN790336DC1B,2023-06-28,BR01,Eluru,Andhra Pradesh,CUST00756,Vikram Varma,Retail,P002,Mid-range Smartphone 5G,Mobile,1,23501.91,0.05,0.78,UPI
TXN991FE3E35F,2024-08-24,BR01,Eluru,Andhra Pradesh,CUST00949,Sneha Sarma,Retail,P020,Home Theatre System,Electronics,2,6883.99,0.1,0.6,UPI
TXN58C26F114D,2023-10-22,BR01,Eluru,Andhra Pradesh,CUST01667,Kiran Prasad,Retail,P020,Home Theatre System,Electronics,2,16132.41,0.25,0.6,Debit Card
TXN631D24DA11,2024-09-20,BR01,Eluru,Andhra Pradesh,CUST00844,Ravi Varma,Retail,P019,LED TV 55-inch,Electronics,1,42152.03,0.1,0.79,Credit Card
TXN7D64C07EEA,2023-06-27,BR01,Eluru,Andhra Pradesh,CUST00949,Sneha Sarma,Retail,P021,Smart Watch,Electronics,1,4796.41,0.05,0.55,UPI
TXN6062009F5D,2024-10-23,BR01,Eluru,Andhra Pradesh,CUST00881,Divya Chowdary,Retail,P010,Wireless Mouse,Accessories,2,1014.81,0.2,0.4,Credit Card
TXNF3D047D89C,2023-09-04,BR01,Eluru,Andhra Pradesh,CUST00678,Divya Kumar,Retail,P009,Laptop Bag,Accessories,2,1157.03,0.0,0.45,Debit Card
TXN90DBDFBD62,2024-08-04,BR01,Eluru,Andhra Pradesh,CUST01302,Kavya Kumar,Retail,P018,LED TV 43-inch,Electronics,1,33975.02,0.05,0.8,Credit Card
TXN1DFC1904E4,2023-11-19,BR01,Eluru,Andhra Pradesh,CUST00644,Suresh Varma,Wholesale,P010,Wireless Mouse,Accessories,1,1356.45,0.05,0.4,Debit Card
TXNFE7C7F9C29,2023-11-24,BR01,Eluru,Andhra Pradesh,CUST01028,Praveen Sharma,Retail,P006,Business Laptop i5,Laptop,1,47171.4,0.0,0.8,Net Banking
TXN6F66AD66FF,2024-09-13,BR01,Eluru,Andhra Pradesh,CUST00880,Sneha Devi,Retail,P006,Business Laptop i5,Laptop,1,59341.18,0.1,0.8,Debit Card
TXN05A78354A8,2024-12-22,BR01,Eluru,Andhra Pradesh,CUST00806,Praveen Naidu,Retail,P012,Mobile Charger,Accessories,2,802.76,0.0,0.42,Credit Card
TXN553A38D4B9,2024-08-04,BR01,Eluru,Andhra Pradesh,CUST00933,Sandeep Kumar,Wholesale,P001,Budget Smartphone 4G,Mobile,1,9647.97,0.05,0.8,Debit Card
TXNA543CCA535,2024-10-26,BR01,Eluru,Andhra Pradesh,CUST01138,Divya Rao,Retail,P021,Smart Watch,Electronics,2,11991.18,0.2,0.55,Cash
TXNFDB42927C9,2024-08-19,BR01,Eluru,Andhra Pradesh,CUST00963,Deepika Chowdary,Retail,P006,Business Laptop i5,Laptop,1,44116.09,0.05,0.8,Net Banking
TXN14AE011817,2024-03-23,BR01,Eluru,Andhra Pradesh,CUST00816,Meena Devi,Retail,P001,Budget Smartphone 4G,Mobile,3,11825.84,0.05,0.8,UPI
TXNA0691ABE4E,2024-04-13,BR01,Eluru,Andhra Pradesh,CUST00591,Kiran Reddy,Retail,P018,LED TV 43-inch,Electronics,1,31260.85,0.05,0.8,UPI
TXN69777F595A,2024-02-14,BR01,Eluru,Andhra Pradesh,CUST01384,Deepika Sharma,Retail,P002,Mid-range Smartphone 5G,Mobile,1,20760.2,0.0,0.78,Net Banking
TXNB18EC2B974,2024-11-17,BR01,Eluru,Andhra Pradesh,CUST00194,Divya Varma,Retail,P001,Budget Smartphone 4G,Mobile,1,8434.47,0.2,0.8,Credit Card
TXN23D8983380,2023-05-22,BR01,Eluru,Andhra Pradesh,CUST01960,Harika Rao,Wholesale,P011,Bluetooth Speaker,Accessories,3,4158.39,0.05,0.5,Debit Card
TXN9FD490FECC,2024-01-12,BR01,Eluru,Andhra Pradesh,CUST01841,Divya Sarma,Retail,P015,Refrigerator 300L,Home Appliances,1,31060.84,0.0,0.82,Debit Card
TXN2E1C723748,2024-06-05,BR01,Eluru,Andhra Pradesh,CUST00389,Aishwarya Naidu,Retail,P010,Wireless Mouse,Accessories,1,724.08,0.0,0.4,UPI
TXNB1434C0B2F,2023-10-02,BR01,Eluru,Andhra Pradesh,CUST01776,Ramesh Babu,Retail,P008,Ultrabook Thin & Light,Laptop,1,76753.92,0.15,0.79,Net Banking
TXN1185FF2F2B,2023-03-04,BR01,Eluru,Andhra Pradesh,CUST01328,Deepika Chowdary,Retail,P009,Laptop Bag,Accessories,1,1898.06,0.05,0.45,Credit Card
TXNCD3CBC0266,2023-11-12,BR01,Eluru,Andhra Pradesh,CUST01392,Deepika Kumar,Retail,P018,LED TV 43-inch,Electronics,1,27951.94,0.2,0.8,UPI
TXNFDF7507C4E,2023-08-15,BR01,Eluru,Andhra Pradesh,CUST00327,Praveen Murthy,Wholesale,P004,Wireless Earbuds,Mobile,1,3590.33,0.1,0.55,Cash
TXN3C23DCFF35,2023-06-21,BR01,Eluru,Andhra Pradesh,CUST00829,Kavya Reddy,Retail,P015,Refrigerator 300L,Home Appliances,1,31044.33,0.1,0.82,Credit Card
TXN3A2B2ECBCA,2024-12-31,BR01,Eluru,Andhra Pradesh,CUST00216,Naveen Naidu,Wholesale,P020,Home Theatre System,Electronics,1,14377.96,0.0,0.6,Credit Card
TXNBA36AC940B,2024-11-26,BR01,Eluru,Andhra Pradesh,CUST00698,Manoj Sarma,Retail,P010,Wireless Mouse,Accessories,4,1050.79,0.05,0.4,Cash
TXN8D4C890528,2023-06-30,BR01,Eluru,Andhra Pradesh,CUST01298,Swathi Sarma,Retail,P008,Ultrabook Thin & Light,Laptop,1,63225.43,0.05,0.79,Net Banking
TXN558586D0D9,2023-08-08,BR01,Eluru,Andhra Pradesh,CUST01735,Pooja Murthy,Retail,P002,Mid-range Smartphone 5G,Mobile,2,17997.51,0.15,0.78,Cash
TXNBD25DB4B52,2023-02-19,BR01,Eluru,Andhra Pradesh,CUST00193,Arjun Prasad,Retail,P013,Power Bank,Accessories,1,1860.17,0.0,0.48,Cash
TXN3DE78C4575,2024-10-01,BR01,Eluru,Andhra Pradesh,CUST00353,Ramesh Rao,Retail,P003,Flagship Smartphone,Mobile,1,78456.74,0.05,0.75,Credit Card
TXN97A0DFE42E,2024-11-12,BR01,Eluru,Andhra Pradesh,CUST01066,Aishwarya Devi,Retail,P013,Power Bank,Accessories,4,1129.98,0.25,0.48,Net Banking
TXNE243DED0C4,2024-01-11,BR01,Eluru,Andhra Pradesh,CUST00647,Deepika Prasad,Corporate,P012,Mobile Charger,Accessories,1,803.19,0.1,0.42,UPI
TXN1D4A9A6214,2023-05-14,BR01,Eluru,Andhra Pradesh,CUST00589,Manoj Rao,Wholesale,P013,Power Bank,Accessories,1,1653.47,0.1,0.48,Credit Card
TXN853CFFECF1,2024-10-03,BR01,Eluru,Andhra Pradesh,CUST00380,Divya Varma,Corporate,P003,Flagship Smartphone,Mobile,1,56262.22,0.05,0.75,Cash
TXN5373D0FC0D,2024-11-15,BR01,Eluru,Andhra Pradesh,CUST01248,Sandeep Reddy,Retail,P019,LED TV 55-inch,Electronics,1,38143.28,0.1,0.79,UPI
TXN54E0247797,2024-07-10,BR01,Eluru,Andhra Pradesh,CUST00615,Manoj Babu,Retail,P004,Wireless Earbuds,Mobile,2,5388.15,0.05,0.55,Credit Card
TXNA105A19439,2024-01-16,BR01,Eluru,Andhra Pradesh,CUST00260,Harika Devi,Retail,P008,Ultrabook Thin & Light,Laptop,1,85487.42,0.0,0.79,UPI
TXN863ED5A2D1,2023-01-14,BR01,Eluru,Andhra Pradesh,CUST00554,Kiran Murthy,Retail,P007,Gaming Laptop i7,Laptop,1,127281.4,0.15,0.78,Credit Card
TXN6946442A44,2023-01-24,BR01,Eluru,Andhra Pradesh,CUST00446,Deepika Devi,Retail,P002,Mid-range Smartphone 5G,Mobile,2,18999.26,0.15,0.78,Net Banking
TXNB9CFD6E2E3,2023-12-08,BR01,Eluru,Andhra Pradesh,CUST01947,Ajay Rao,Retail,P007,Gaming Laptop i7,Laptop,1,89101.15,0.1,0.78,Net Banking
TXNCEE73297F9,2024-02-13,BR01,Eluru,Andhra Pradesh,CUST01140,Naveen Murthy,Retail,P012,Mobile Charger,Accessories,1,559.23,0.1,0.42,UPI
TXNB180DECD9C,2024-07-09,BR01,Eluru,Andhra Pradesh,CUST01563,Harika Babu,Retail,P001,Budget Smartphone 4G,Mobile,4,13553.62,0.05,0.8,UPI
TXN5F41036F5A,2023-05-21,BR01,Eluru,Andhra Pradesh,CUST00260,Harika Devi,Retail,P016,Washing Machine,Home Appliances,1,27158.93,0.15,0.8,UPI
TXN00E6C8DC0F,2024-08-31,BR01,Eluru,Andhra Pradesh,CUST01954,Divya Rao,Corporate,P009,Laptop Bag,Accessories,3,718.63,0.15,0.45,UPI
TXNE10DBB2CF8,2023-08-09,BR01,Eluru,Andhra Pradesh,CUST00820,Suresh Devi,Retail,P004,Wireless Earbuds,Mobile,4,5016.46,0.15,0.55,UPI
TXNA6361A5E22,2023-03-20,BR01,Eluru,Andhra Pradesh,CUST00629,Srinivas Naidu,Wholesale,P001,Budget Smartphone 4G,Mobile,3,11515.15,0.05,0.8,Debit Card
TXNB414CDDF9C,2023-06-25,BR01,Eluru,Andhra Pradesh,CUST01256,Manoj Sarma,Retail,P009,Laptop Bag,Accessories,2,1308.73,0.1,0.45,Net Banking
TXNBB820E15A5,2023-07-31,BR01,Eluru,Andhra Pradesh,CUST00109,Sandeep Rao,Retail,P009,Laptop Bag,Accessories,3,1728.91,0.15,0.45,Debit Card
TXNABA12E684D,2024-10-20,BR01,Eluru,Andhra Pradesh,CUST00944,Manoj Reddy,Retail,P019,LED TV 55-inch,Electronics,1,38870.18,0.2,0.79,UPI
TXNBFC2D7FA85,2024-08-17,BR01,Eluru,Andhra Pradesh,CUST00485,Praveen Reddy,Retail,P012,Mobile Charger,Accessories,1,1054.2,0.1,0.42,UPI
TXN5E305D6D6D,2023-06-04,BR01,Eluru,Andhra Pradesh,CUST01907,Pooja Reddy,Wholesale,P002,Mid-range Smartphone 5G,Mobile,1,23451.61,0.1,0.78,Credit Card
TXN0D003C2ED7,2023-02-07,BR01,Eluru,Andhra Pradesh,CUST00914,Srinivas Kumar,Retail,P008,Ultrabook Thin & Light,Laptop,1,62848.84,0.05,0.79,Net Banking
TXN9F21E8359A,2024-01-27,BR01,Eluru,Andhra Pradesh,CUST00792,Manoj Naidu,Retail,P019,LED TV 55-inch,Electronics,1,53250.83,0.0,0.79,UPI
TXN6AEA3D6C77,2023-09-11,BR01,Eluru,Andhra Pradesh,CUST01050,Sneha Devi,Retail,P001,Budget Smartphone 4G,Mobile,4,10603.67,0.1,0.8,UPI
TXNDC23175112,2024-02-13,BR01,Eluru,Andhra Pradesh,CUST00399,Kavya Naidu,Retail,P009,Laptop Bag,Accessories,2,1432.66,0.0,0.45,UPI
TXN080C2825E1,2024-09-22,BR01,Eluru,Andhra Pradesh,CUST01616,Manoj Reddy,Retail,P013,Power Bank,Accessories,2,2277.86,0.15,0.48,UPI
TXND7FCFA8FDF,2023-05-03,BR01,Eluru,Andhra Pradesh,CUST00553,Praveen Sarma,Retail,P001,Budget Smartphone 4G,Mobile,1,12927.93,0.0,0.8,Cash
TXN60E334810F,2023-02-18,BR01,Eluru,Andhra Pradesh,CUST00676,Kiran Chowdary,Retail,P011,Bluetooth Speaker,Accessories,1,3424.62,0.0,0.5,Debit Card
TXN6102C41CA9,2023-08-06,BR01,Eluru,Andhra Pradesh,CUST00147,Lakshmi Naidu,Retail,P004,Wireless Earbuds,Mobile,1,3926.57,0.15,0.55,Debit Card
TXN2B89CF6A58,2023-09-07,BR01,Eluru,Andhra Pradesh,CUST01192,Suresh Murthy,Retail,P015,Refrigerator 300L,Home Appliances,1,39415.44,0.0,0.82,Debit Card
TXNDCF983E19B,2024-12-19,BR01,Eluru,Andhra Pradesh,CUST00141,Ramesh Sharma,Retail,P012,Mobile Charger,Accessories,3,485.27,0.05,0.42,UPI
TXNB02EE32CC9,2024-12-21,BR01,Eluru,Andhra Pradesh,CUST00946,Meena Chowdary,Retail,P017,Microwave Oven,Home Appliances,3,12594.36,0.0,0.75,UPI
TXN259D3BBCD3,2024-04-13,BR01,Eluru,Andhra Pradesh,CUST01429,Sneha Sarma,Wholesale,P010,Wireless Mouse,Accessories,1,1065.42,0.05,0.4,Cash
TXNE4744FA7B9,2023-02-14,BR01,Eluru,Andhra Pradesh,CUST01512,Priya Varma,Wholesale,P010,Wireless Mouse,Accessories,2,1047.43,0.15,0.4,Debit Card
TXN75E1B0CD41,2024-08-24,BR01,Eluru,Andhra Pradesh,CUST01393,Praveen Prasad,Corporate,P021,Smart Watch,Electronics,1,10053.52,0.05,0.55,UPI
TXNA9FBBC9F0E,2024-12-05,BR01,Eluru,Andhra Pradesh,CUST00468,Meena Devi,Retail,P004,Wireless Earbuds,Mobile,2,3593.5,0.05,0.55,Debit Card
TXNAC00B2DF74,2023-09-13,BR01,Eluru,Andhra Pradesh,CUST00740,Harika Reddy,Retail,P008,Ultrabook Thin & Light,Laptop,1,86798.51,0.0,0.79,Cash
TXN9CFF6C21B2,2024-03-31,BR01,Eluru,Andhra Pradesh,CUST01192,Suresh Murthy,Retail,P010,Wireless Mouse,Accessories,2,579.44,0.1,0.4,UPI
TXNBD9E8E0BDD,2023-04-17,BR01,Eluru,Andhra Pradesh,CUST00139,Ajay Rao,Retail,P013,Power Bank,Accessories,2,1427.0,0.05,0.48,Cash
TXN1EF92A3C05,2023-06-25,BR01,Eluru,Andhra Pradesh,CUST01246,Anitha Kumar,Retail,P003,Flagship Smartphone,Mobile,1,88508.42,0.0,0.75,UPI
TXND620FB5248,2023-10-03,BR01,Eluru,Andhra Pradesh,CUST01665,Kiran Sharma,Retail,P020,Home Theatre System,Electronics,3,9355.48,0.1,0.6,UPI
TXN68432D5F78,2024-03-28,BR01,Eluru,Andhra Pradesh,CUST01357,Srinivas Kumar,Retail,P013,Power Bank,Accessories,1,1972.79,0.0,0.48,Net Banking
TXN321CE7917D,2023-03-22,BR01,Eluru,Andhra Pradesh,CUST00260,Harika Devi,Retail,P018,LED TV 43-inch,Electronics,1,29186.6,0.0,0.8,UPI
TXN735D4EDFC4,2023-04-16,BR01,Eluru,Andhra Pradesh,CUST01049,Sneha Naidu,Retail,P005,Entry Laptop i3,Laptop,1,34001.1,0.0,0.82,Credit Card
TXN26E36AED45,2023-07-29,BR01,Eluru,Andhra Pradesh,CUST01905,Meena Devi,Retail,P010,Wireless Mouse,Accessories,3,311.05,0.05,0.4,UPI
TXNDE719EC9D5,2023-12-20,BR01,Eluru,Andhra Pradesh,CUST00210,Kiran Murthy,Retail,P002,Mid-range Smartphone 5G,Mobile,1,27806.96,0.0,0.78,Credit Card
TXND166D1404B,2023-07-26,BR01,Eluru,Andhra Pradesh,CUST01197,Arjun Varma,Retail,P001,Budget Smartphone 4G,Mobile,3,8443.63,0.0,0.8,UPI
TXNAA0F7B722B,2024-05-28,BR01,Eluru,Andhra Pradesh,CUST01734,Arjun Devi,Retail,P005,Entry Laptop i3,Laptop,1,33388.46,0.0,0.82,Credit Card
TXN1713AD9654,2023-06-21,BR01,Eluru,Andhra Pradesh,CUST00203,Pooja Naidu,Wholesale,P008,Ultrabook Thin & Light,Laptop,1,90843.73,0.05,0.79,Net Banking
TXN44E176AC7D,2023-05-14,BR01,Eluru,Andhra Pradesh,CUST00151,Srinivas Rao,Retail,P010,Wireless Mouse,Accessories,2,1428.69,0.15,0.4,UPI
TXNDD23D6D551,2023-07-18,BR01,Eluru,Andhra Pradesh,CUST01747,Naveen Babu,Retail,P004,Wireless Earbuds,Mobile,1,4565.23,0.0,0.55,UPI
TXNEC260AF7D0,2024-02-18,BR01,Eluru,Andhra Pradesh,CUST01140,Naveen Murthy,Retail,P002,Mid-range Smartphone 5G,Mobile,1,27262.21,0.1,0.78,Credit Card
TXNA1226E7466,2023-11-09,BR01,Eluru,Andhra Pradesh,CUST01230,Vikram Babu,Wholesale,P008,Ultrabook Thin & Light,Laptop,1,80779.56,0.25,0.79,Cash
TXNBCB5BF22F4,2023-12-17,BR01,Eluru,Andhra Pradesh,CUST00832,Pooja Chowdary,Retail,P013,Power Bank,Accessories,1,1658.16,0.1,0.48,UPI
TXN8FF3E47168,2024-11-06,BR01,Eluru,Andhra Pradesh,CUST01940,Suresh Reddy,Wholesale,P013,Power Bank,Accessories,1,2262.41,0.1,0.48,UPI
TXN2D97048882,2023-01-02,BR01,Eluru,Andhra Pradesh,CUST00765,Ajay Rao,Retail,P010,Wireless Mouse,Accessories,2,1362.84,0.0,0.4,Debit Card
TXNF73F07EC79,2024-07-26,BR01,Eluru,Andhra Pradesh,CUST00220,Suresh Babu,Retail,P021,Smart Watch,Electronics,2,2149.78,0.1,0.55,Credit Card
TXN8EE97F9AA6,2024-11-05,BR01,Eluru,Andhra Pradesh,CUST01968,Manoj Sharma,Retail,P018,LED TV 43-inch,Electronics,1,30512.42,0.25,0.8,UPI
TXNF8B6E93B25,2024-11-04,BR01,Eluru,Andhra Pradesh,CUST00154,Meena Babu,Retail,P005,Entry Laptop i3,Laptop,1,31709.25,0.0,0.82,Net Banking
TXN439E3153D6,2024-10-08,BR01,Eluru,Andhra Pradesh,CUST00578,Aishwarya Kumar,Wholesale,P018,LED TV 43-inch,Electronics,1,27958.7,0.15,0.8,UPI
TXNE25777C8FF,2024-09-05,BR01,Eluru,Andhra Pradesh,CUST00779,Priya Rao,Retail,P002,Mid-range Smartphone 5G,Mobile,1,19666.24,0.15,0.78,Cash
TXNE0FDAB03AD,2023-12-31,BR01,Eluru,Andhra Pradesh,CUST00228,Ravi Naidu,Retail,P002,Mid-range Smartphone 5G,Mobile,1,24368.92,0.0,0.78,UPI
TXNB8F479EBA0,2023-03-21,BR01,Eluru,Andhra Pradesh,CUST01798,Srinivas Naidu,Retail,P010,Wireless Mouse,Accessories,1,395.87,0.1,0.4,UPI
TXNBBD0434085,2024-10-19,BR01,Eluru,Andhra Pradesh,CUST00684,Srinivas Babu,Retail,P001,Budget Smartphone 4G,Mobile,3,13035.37,0.25,0.8,Cash
TXNC4529ACE88,2024-08-21,BR01,Eluru,Andhra Pradesh,CUST00050,Srinivas Rao,Wholesale,P012,Mobile Charger,Accessories,1,1466.89,0.0,0.42,UPI
TXNDE59B2C0B8,2023-10-07,BR01,Eluru,Andhra Pradesh,CUST00575,Sandeep Prasad,Retail,P003,Flagship Smartphone,Mobile,1,72707.69,0.1,0.75,UPI
TXNA1EFE0036B,2023-08-25,BR01,Eluru,Andhra Pradesh,CUST00717,Naveen Sharma,Retail,P009,Laptop Bag,Accessories,2,916.5,0.1,0.45,Net Banking
TXN01D6222492,2024-07-04,BR01,Eluru,Andhra Pradesh,CUST00321,Ramesh Chowdary,Retail,P011,Bluetooth Speaker,Accessories,1,2134.4,0.05,0.5,UPI
TXN799340A4C4,2024-03-10,BR01,Eluru,Andhra Pradesh,CUST01939,Lakshmi Rao,Retail,P012,Mobile Charger,Accessories,2,510.87,0.0,0.42,Credit Card
TXN67F2BA751B,2023-08-18,BR01,Eluru,Andhra Pradesh,CUST00488,Divya Sarma,Retail,P021,Smart Watch,Electronics,1,9065.86,0.05,0.55,Debit Card
TXN73C226B5DF,2024-11-11,BR01,Eluru,Andhra Pradesh,CUST01785,Anitha Prasad,Retail,P019,LED TV 55-inch,Electronics,1,53218.58,0.05,0.79,Net Banking
TXN3B7C23816B,2024-06-06,BR01,Eluru,Andhra Pradesh,CUST00802,Pooja Sarma,Retail,P008,Ultrabook Thin & Light,Laptop,1,67610.08,0.1,0.79,Net Banking
TXNAD46A2ED43,2023-08-06,BR01,Eluru,Andhra Pradesh,CUST01470,Lakshmi Reddy,Retail,P016,Washing Machine,Home Appliances,1,34759.5,0.0,0.8,Debit Card
TXNF369E4A8B1,2024-03-10,BR01,Eluru,Andhra Pradesh,CUST00386,Priya Murthy,Retail,P019,LED TV 55-inch,Electronics,1,49270.51,0.0,0.79,Cash
TXNB56D606C44,2024-06-08,BR01,Eluru,Andhra Pradesh,CUST00878,Kavya Varma,Retail,P021,Smart Watch,Electronics,1,7474.13,0.0,0.55,Net Banking
TXND9A6DD02C8,2024-11-17,BR01,Eluru,Andhra Pradesh,CUST01848,Vikram Kumar,Retail,P003,Flagship Smartphone,Mobile,1,84276.13,0.0,0.75,Debit Card
TXNCA9517D250,2024-03-24,BR01,Eluru,Andhra Pradesh,CUST01305,Vikram Rao,Retail,P020,Home Theatre System,Electronics,1,9274.19,0.15,0.6,Cash
TXNE62CA0F0E5,2024-05-11,BR01,Eluru,Andhra Pradesh,CUST01501,Sneha Devi,Retail,P020,Home Theatre System,Electronics,2,6877.73,0.0,0.6,UPI
TXNADFAD17295,2023-07-04,BR01,Eluru,Andhra Pradesh,CUST01649,Manoj Chowdary,Retail,P020,Home Theatre System,Electronics,2,12076.28,0.0,0.6,Debit Card
TXNF25A86F968,2023-04-26,BR01,Eluru,Andhra Pradesh,CUST00822,Swathi Prasad,Retail,P017,Microwave Oven,Home Appliances,1,7183.5,0.1,0.75,Credit Card
TXNFD57B032F7,2024-03-15,BR01,Eluru,Andhra Pradesh,CUST00776,Anitha Chowdary,Retail,P009,Laptop Bag,Accessories,2,1871.74,0.1,0.45,UPI
TXN8DFE1D07D2,2023-10-02,BR01,Eluru,Andhra Pradesh,CUST00020,Divya Rao,Wholesale,P005,Entry Laptop i3,Laptop,1,37341.8,0.15,0.82,Net Banking
TXNF61B5790A7,2024-02-25,BR01,Eluru,Andhra Pradesh,CUST01166,Sneha Sharma,Retail,P021,Smart Watch,Electronics,2,5875.67,0.05,0.55,Debit Card
TXNCF16EF89FD,2024-04-16,BR01,Eluru,Andhra Pradesh,CUST00557,Deepika Sarma,Wholesale,P015,Refrigerator 300L,Home Appliances,1,41907.2,0.0,0.82,Cash
TXN0AA541AAD0,2024-09-25,BR01,Eluru,Andhra Pradesh,CUST01644,Sneha Rao,Retail,P020,Home Theatre System,Electronics,2,9099.26,0.1,0.6,Net Banking
TXN8C5AE0E9A5,2024-12-03,BR01,Eluru,Andhra Pradesh,CUST00127,Ajay Kumar,Retail,P011,Bluetooth Speaker,Accessories,4,4990.66,0.15,0.5,UPI
TXN86BCFAD85E,2023-04-02,BR01,Eluru,Andhra Pradesh,CUST00030,Priya Varma,Wholesale,P013,Power Bank,Accessories,1,1950.44,0.05,0.48,Debit Card
TXN8564201DAF,2024-07-09,BR01,Eluru,Andhra Pradesh,CUST00584,Kiran Chowdary,Retail,P011,Bluetooth Speaker,Accessories,2,4955.42,0.0,0.5,UPI
TXNBBBB92E15B,2024-11-22,BR01,Eluru,Andhra Pradesh,CUST01238,Arjun Reddy,Wholesale,P003,Flagship Smartphone,Mobile,1,80078.03,0.15,0.75,Debit Card
TXN1DA1CB3534,2024-12-20,BR01,Eluru,Andhra Pradesh,CUST01292,Suresh Devi,Corporate,P021,Smart Watch,Electronics,1,7623.99,0.0,0.55,UPI
TXNC770DBB95C,2024-07-04,BR01,Eluru,Andhra Pradesh,CUST00353,Ramesh Rao,Retail,P011,Bluetooth Speaker,Accessories,3,3600.87,0.05,0.5,UPI
TXNDED87515FD,2023-03-24,BR01,Eluru,Andhra Pradesh,CUST01511,Ramesh Sharma,Retail,P003,Flagship Smartphone,Mobile,1,57622.34,0.1,0.75,Net Banking
TXN6152100807,2023-06-28,BR01,Eluru,Andhra Pradesh,CUST00490,Priya Kumar,Retail,P008,Ultrabook Thin & Light,Laptop,1,70009.7,0.0,0.79,Net Banking
TXN2CAD2A17A0,2023-07-07,BR01,Eluru,Andhra Pradesh,CUST01401,Anitha Naidu,Retail,P004,Wireless Earbuds,Mobile,1,3038.23,0.0,0.55,UPI
TXN2A31B3B60B,2023-08-12,BR01,Eluru,Andhra Pradesh,CUST00140,Priya Prasad,Retail,P020,Home Theatre System,Electronics,1,11019.78,0.0,0.6,UPI
TXN63DB6F19A1,2023-09-22,BR01,Eluru,Andhra Pradesh,CUST01730,Srinivas Reddy,Retail,P020,Home Theatre System,Electronics,1,12846.04,0.1,0.6,UPI
TXN3A7C29A8EF,2023-10-12,BR01,Eluru,Andhra Pradesh,CUST01661,Sandeep Murthy,Retail,P019,LED TV 55-inch,Electronics,1,53590.65,0.05,0.79,Credit Card
TXN1B7A5A9169,2024-08-31,BR01,Eluru,Andhra Pradesh,CUST01320,Kavya Murthy,Wholesale,P018,LED TV 43-inch,Electronics,1,27959.42,0.0,0.8,UPI
TXN0C87EE0D81,2024-05-05,BR01,Eluru,Andhra Pradesh,CUST01785,Anitha Prasad,Retail,P003,Flagship Smartphone,Mobile,1,81674.88,0.0,0.75,Cash
TXN5EBAAEC01D,2024-08-21,BR01,Eluru,Andhra Pradesh,CUST00086,Meena Reddy,Corporate,P002,Mid-range Smartphone 5G,Mobile,1,22000.67,0.0,0.78,UPI
TXNE7923A526F,2024-12-17,BR01,Eluru,Andhra Pradesh,CUST00712,Priya Reddy,Retail,P004,Wireless Earbuds,Mobile,1,5896.73,0.05,0.55,Credit Card
TXNC6ADD6A2E4,2023-08-03,BR01,Eluru,Andhra Pradesh,CUST01007,Suresh Rao,Wholesale,P021,Smart Watch,Electronics,2,10727.47,0.0,0.55,UPI
TXNAC503B40EE,2024-05-04,BR01,Eluru,Andhra Pradesh,CUST01513,Manoj Devi,Wholesale,P019,LED TV 55-inch,Electronics,1,38442.71,0.0,0.79,Net Banking
TXN6AA38C9AD1,2024-03-26,BR01,Eluru,Andhra Pradesh,CUST00247,Manoj Reddy,Retail,P001,Budget Smartphone 4G,Mobile,3,11532.82,0.0,0.8,Net Banking
TXN3E1B263432,2023-08-04,BR01,Eluru,Andhra Pradesh,CUST00905,Ramesh Sharma,Retail,P013,Power Bank,Accessories,3,2421.62,0.0,0.48,UPI
TXN018EDB647D,2023-02-09,BR01,Eluru,Andhra Pradesh,CUST01102,Ravi Reddy,Retail,P019,LED TV 55-inch,Electronics,1,40299.09,0.05,0.79,Debit Card
TXN892B054B34,2024-11-02,BR01,Eluru,Andhra Pradesh,CUST00615,Manoj Babu,Retail,P002,Mid-range Smartphone 5G,Mobile,1,24403.5,0.0,0.78,UPI
TXN31982F5D0F,2024-10-17,BR01,Eluru,Andhra Pradesh,CUST01108,Kiran Babu,Corporate,P020,Home Theatre System,Electronics,1,11625.22,0.2,0.6,UPI
TXN2A72E00405,2024-01-01,BR01,Eluru,Andhra Pradesh,CUST01783,Naveen Babu,Retail,P021,Smart Watch,Electronics,2,6868.36,0.15,0.55,Cash
TXNB2654A5D5D,2024-01-28,BR01,Eluru,Andhra Pradesh,CUST01103,Lakshmi Chowdary,Retail,P020,Home Theatre System,Electronics,4,9503.63,0.1,0.6,Credit Card
TXN5806BEF0AF,2024-02-10,BR01,Eluru,Andhra Pradesh,CUST00730,Aishwarya Sharma,Retail,P002,Mid-range Smartphone 5G,Mobile,1,16127.41,0.15,0.78,Credit Card
TXND80B4D99CF,2023-04-19,BR01,Eluru,Andhra Pradesh,CUST01560,Priya Sharma,Wholesale,P013,Power Bank,Accessories,2,2260.85,0.0,0.48,Net Banking
TXN8E02796153,2023-10-15,BR01,Eluru,Andhra Pradesh,CUST00527,Aishwarya Sharma,Wholesale,P014,Split AC 1.5 Ton,Home Appliances,1,37557.46,0.2,0.83,UPI
TXN52D4C8767F,2024-02-07,BR01,Eluru,Andhra Pradesh,CUST01378,Divya Sarma,Corporate,P008,Ultrabook Thin & Light,Laptop,1,78783.98,0.15,0.79,Cash
TXNC18476D35F,2023-08-13,BR01,Eluru,Andhra Pradesh,CUST00125,Meena Sarma,Retail,P003,Flagship Smartphone,Mobile,1,83289.85,0.0,0.75,Cash
TXNFDDF3742B8,2024-04-03,BR01,Eluru,Andhra Pradesh,CUST01161,Ravi Reddy,Wholesale,P006,Business Laptop i5,Laptop,1,51472.88,0.0,0.8,Cash
TXNB5C17FC030,2024-08-15,BR01,Eluru,Andhra Pradesh,CUST00026,Harika Varma,Retail,P009,Laptop Bag,Accessories,1,1350.76,0.15,0.45,Debit Card
TXN21387F72DC,2024-03-04,BR01,Eluru,Andhra Pradesh,CUST01065,Sandeep Sharma,Retail,P012,Mobile Charger,Accessories,2,934.2,0.1,0.42,UPI
TXN3221641597,2023-08-06,BR01,Eluru,Andhra Pradesh,CUST01764,Harika Sarma,Retail,P010,Wireless Mouse,Accessories,2,1029.45,0.05,0.4,Debit Card
TXN58346EA0DB,2023-09-16,BR01,Eluru,Andhra Pradesh,CUST01566,Priya Chowdary,Retail,P011,Bluetooth Speaker,Accessories,1,3333.84,0.0,0.5,Debit Card
TXN5F3D514769,2023-11-03,BR01,Eluru,Andhra Pradesh,CUST00858,Kavya Reddy,Corporate,P009,Laptop Bag,Accessories,1,712.64,0.25,0.45,UPI
TXNBB16F6E434,2023-08-08,BR01,Eluru,Andhra Pradesh,CUST00137,Swathi Babu,Wholesale,P006,Business Laptop i5,Laptop,1,51921.62,0.15,0.8,Cash
TXN0BE4968559,2024-06-04,BR01,Eluru,Andhra Pradesh,CUST01427,Srinivas Varma,Retail,P003,Flagship Smartphone,Mobile,1,73652.51,0.0,0.75,UPI
TXN0284B09309,2024-03-16,BR01,Eluru,Andhra Pradesh,CUST01042,Ramesh Murthy,Retail,P004,Wireless Earbuds,Mobile,1,5687.12,0.0,0.55,UPI
TXN2194E9C698,2023-03-21,BR01,Eluru,Andhra Pradesh,CUST01889,Ramesh Sarma,Retail,P003,Flagship Smartphone,Mobile,1,77586.25,0.05,0.75,UPI
TXNE4355D4418,2023-01-23,BR01,Eluru,Andhra Pradesh,CUST00013,Lakshmi Sharma,Wholesale,P004,Wireless Earbuds,Mobile,2,3184.76,0.0,0.55,UPI
TXN8987557486,2024-01-18,BR01,Eluru,Andhra Pradesh,CUST01900,Priya Varma,Retail,P019,LED TV 55-inch,Electronics,1,43733.19,0.05,0.79,Cash
TXN3F165A42DD,2023-11-16,BR01,Eluru,Andhra Pradesh,CUST00275,Ramesh Sharma,Retail,P004,Wireless Earbuds,Mobile,1,2529.38,0.2,0.55,Debit Card
TXNF4628E155A,2023-02-18,BR01,Eluru,Andhra Pradesh,CUST01557,Anitha Naidu,Retail,P001,Budget Smartphone 4G,Mobile,1,10740.41,0.15,0.8,UPI
TXN6375C72F00,2023-06-28,BR01,Eluru,Andhra Pradesh,CUST01883,Lakshmi Babu,Retail,P007,Gaming Laptop i7,Laptop,1,101423.3,0.0,0.78,UPI
TXN9D3A36CECC,2023-02-07,BR01,Eluru,Andhra Pradesh,CUST01753,Divya Sarma,Corporate,P014,Split AC 1.5 Ton,Home Appliances,1,37165.7,0.0,0.83,Cash
TXND74B279739,2024-01-14,BR01,Eluru,Andhra Pradesh,CUST01355,Swathi Sarma,Retail,P018,LED TV 43-inch,Electronics,1,32071.65,0.0,0.8,UPI
TXN3AF6C24F39,2024-04-16,BR01,Eluru,Andhra Pradesh,CUST00441,Harika Chowdary,Retail,P011,Bluetooth Speaker,Accessories,2,3122.95,0.15,0.5,UPI
TXNC220612960,2024-11-14,BR01,Eluru,Andhra Pradesh,CUST01598,Lakshmi Chowdary,Retail,P003,Flagship Smartphone,Mobile,1,69240.27,0.15,0.75,UPI
TXN9DCD60C297,2024-03-21,BR01,Eluru,Andhra Pradesh,CUST00669,Suresh Rao,Retail,P003,Flagship Smartphone,Mobile,1,67133.89,0.1,0.75,Debit Card
TXN61A7245C58,2023-10-07,BR01,Eluru,Andhra Pradesh,CUST01629,Ravi Devi,Wholesale,P017,Microwave Oven,Home Appliances,1,13089.32,0.1,0.75,Credit Card
TXNE2027BE1CE,2024-12-27,BR01,Eluru,Andhra Pradesh,CUST01555,Ravi Chowdary,Retail,P011,Bluetooth Speaker,Accessories,1,3726.91,0.1,0.5,Debit Card
TXN221DA3F2E9,2023-06-28,BR01,Eluru,Andhra Pradesh,CUST00053,Anitha Devi,Corporate,P002,Mid-range Smartphone 5G,Mobile,1,26694.54,0.15,0.78,Credit Card
TXNCB791DBD6A,2024-09-19,BR01,Eluru,Andhra Pradesh,CUST01074,Deepika Chowdary,Retail,P011,Bluetooth Speaker,Accessories,3,2832.49,0.05,0.5,UPI
TXNCB1349572B,2023-10-13,BR01,Eluru,Andhra Pradesh,CUST01656,Anitha Babu,Retail,P001,Budget Smartphone 4G,Mobile,1,9422.39,0.0,0.8,Credit Card
TXN8E1EEBBAE6,2023-10-24,BR01,Eluru,Andhra Pradesh,CUST00895,Kavya Sarma,Retail,P002,Mid-range Smartphone 5G,Mobile,1,20808.11,0.05,0.78,UPI
TXNCE566D00D9,2024-07-03,BR01,Eluru,Andhra Pradesh,CUST01111,Ramesh Sharma,Retail,P019,LED TV 55-inch,Electronics,1,56543.68,0.0,0.79,Debit Card
TXN7D3926D2F3,2024-09-19,BR01,Eluru,Andhra Pradesh,CUST00246,Sandeep Murthy,Retail,P004,Wireless Earbuds,Mobile,3,3774.63,0.05,0.55,Credit Card
TXNE7EEADACB8,2024-05-12,BR01,Eluru,Andhra Pradesh,CUST01552,Deepika Sarma,Wholesale,P001,Budget Smartphone 4G,Mobile,3,10959.35,0.1,0.8,Debit Card
TXN668DCA5F20,2024-10-28,BR01,Eluru,Andhra Pradesh,CUST01851,Naveen Devi,Wholesale,P010,Wireless Mouse,Accessories,2,845.1,0.2,0.4,UPI
TXN9117241A68,2023-06-16,BR01,Eluru,Andhra Pradesh,CUST00637,Pooja Murthy,Corporate,P011,Bluetooth Speaker,Accessories,4,3184.72,0.0,0.5,UPI
TXNC3036289DB,2023-02-16,BR01,Eluru,Andhra Pradesh,CUST01856,Kiran Kumar,Retail,P018,LED TV 43-inch,Electronics,1,22478.82,0.05,0.8,UPI
TXN111EB7B1D3,2024-09-09,BR01,Eluru,Andhra Pradesh,CUST01299,Harika Devi,Retail,P009,Laptop Bag,Accessories,1,1547.51,0.05,0.45,Debit Card
TXNB082928584,2023-09-03,BR01,Eluru,Andhra Pradesh,CUST00447,Praveen Reddy,Retail,P002,Mid-range Smartphone 5G,Mobile,1,27503.54,0.15,0.78,Debit Card
TXN0C0D994D44,2023-01-11,BR01,Eluru,Andhra Pradesh,CUST01977,Sneha Varma,Wholesale,P011,Bluetooth Speaker,Accessories,1,1093.51,0.15,0.5,Credit Card
TXN920157D208,2024-10-04,BR01,Eluru,Andhra Pradesh,CUST01884,Ramesh Naidu,Retail,P001,Budget Smartphone 4G,Mobile,1,13900.11,0.05,0.8,UPI
TXN80B8AF208A,2023-11-22,BR01,Eluru,Andhra Pradesh,CUST00180,Ravi Rao,Wholesale,P010,Wireless Mouse,Accessories,1,488.59,0.1,0.4,UPI
TXNCF5DBD8092,2024-09-21,BR01,Eluru,Andhra Pradesh,CUST00450,Ramesh Rao,Wholesale,P007,Gaming Laptop i7,Laptop,1,95789.0,0.05,0.78,UPI
TXND186DA1886,2024-05-24,BR01,Eluru,Andhra Pradesh,CUST00429,Praveen Babu,Retail,P003,Flagship Smartphone,Mobile,1,51414.54,0.15,0.75,UPI
TXN546952ECC2,2023-01-07,BR01,Eluru,Andhra Pradesh,CUST01805,Deepika Varma,Retail,P017,Microwave Oven,Home Appliances,2,7308.45,0.0,0.75,Cash
TXNC16E1517C0,2023-10-13,BR01,Eluru,Andhra Pradesh,CUST00177,Praveen Murthy,Retail,P012,Mobile Charger,Accessories,1,1787.88,0.25,0.42,Credit Card
TXN869D8918DC,2024-07-27,BR01,Eluru,Andhra Pradesh,CUST01766,Meena Murthy,Retail,P001,Budget Smartphone 4G,Mobile,1,11452.32,0.0,0.8,Credit Card
TXN861541F6D4,2023-08-02,BR01,Eluru,Andhra Pradesh,CUST00777,Kavya Prasad,Retail,P010,Wireless Mouse,Accessories,3,600.73,0.15,0.4,UPI
TXN790FCDE989,2023-12-15,BR01,Eluru,Andhra Pradesh,CUST01571,Ajay Sarma,Retail,P017,Microwave Oven,Home Appliances,1,8564.94,0.0,0.75,Credit Card
TXN9C87347C68,2023-07-25,BR01,Eluru,Andhra Pradesh,CUST00302,Ramesh Sarma,Retail,P003,Flagship Smartphone,Mobile,1,74739.58,0.1,0.75,Credit Card
TXN8526C49D08,2023-11-28,BR01,Eluru,Andhra Pradesh,CUST01067,Ajay Naidu,Retail,P019,LED TV 55-inch,Electronics,1,54501.94,0.1,0.79,UPI
TXN58CB492776,2023-11-01,BR01,Eluru,Andhra Pradesh,CUST00498,Priya Varma,Retail,P004,Wireless Earbuds,Mobile,4,4628.68,0.05,0.55,UPI
TXNFF4832A010,2024-06-01,BR01,Eluru,Andhra Pradesh,CUST00571,Sneha Prasad,Retail,P021,Smart Watch,Electronics,1,4709.25,0.0,0.55,Cash
TXN665EA2C663,2023-11-10,BR01,Eluru,Andhra Pradesh,CUST00670,Ajay Sarma,Retail,P018,LED TV 43-inch,Electronics,1,25390.26,0.25,0.8,Cash
TXNF4FA5BC835,2023-06-07,BR01,Eluru,Andhra Pradesh,CUST00631,Aishwarya Kumar,Retail,P017,Microwave Oven,Home Appliances,2,7794.18,0.05,0.75,Cash
TXN9369051698,2023-06-28,BR01,Eluru,Andhra Pradesh,CUST00451,Manoj Murthy,Retail,P009,Laptop Bag,Accessories,1,1111.12,0.05,0.45,Cash
TXND20B3C32EF,2023-04-09,BR01,Eluru,Andhra Pradesh,CUST00730,Aishwarya Sharma,Retail,P007,Gaming Laptop i7,Laptop,1,85610.87,0.0,0.78,Credit Card
TXNE641DC7E2F,2024-05-11,BR01,Eluru,Andhra Pradesh,CUST00287,Aishwarya Sarma,Retail,P019,LED TV 55-inch,Electronics,1,48792.12,0.0,0.79,Cash
TXN1300BA5E21,2023-07-11,BR01,Eluru,Andhra Pradesh,CUST01373,Deepika Varma,Retail,P019,LED TV 55-inch,Electronics,1,57882.17,0.0,0.79,Credit Card
TXN6A164C9925,2024-05-24,BR01,Eluru,Andhra Pradesh,CUST01084,Naveen Varma,Corporate,P004,Wireless Earbuds,Mobile,3,3709.44,0.05,0.55,UPI
TXN47E629A756,2023-11-28,BR01,Eluru,Andhra Pradesh,CUST01377,Ravi Varma,Retail,P001,Budget Smartphone 4G,Mobile,1,12750.78,0.05,0.8,Cash
TXN9659AE231F,2023-06-25,BR01,Eluru,Andhra Pradesh,CUST00983,Meena Reddy,Corporate,P015,Refrigerator 300L,Home Appliances,1,34768.24,0.05,0.82,Net Banking
TXN08F09254C7,2024-08-18,BR01,Eluru,Andhra Pradesh,CUST01484,,Corporate,P009,Laptop Bag,Accessories,1,934.58,0.0,0.45,Credit Card
TXN72431B8AA5,2024-02-05,BR01,Eluru,Andhra Pradesh,CUST00570,Swathi Sharma,Retail,P019,LED TV 55-inch,Electronics,1,47723.08,0.0,0.79,UPI
TXND8BB5E0B20,2023-11-28,BR01,Eluru,Andhra Pradesh,CUST00722,Aishwarya Babu,Retail,P003,Flagship Smartphone,Mobile,1,47630.35,0.1,0.75,UPI
TXNAABE631F82,2023-08-25,BR01,Eluru,Andhra Pradesh,CUST01026,Vikram Prasad,Retail,P004,Wireless Earbuds,Mobile,1,2477.67,0.0,0.55,Net Banking
TXN2E836BCFB1,2024-06-23,BR01,Eluru,Andhra Pradesh,CUST00510,Lakshmi Chowdary,Retail,P009,Laptop Bag,Accessories,1,1808.56,0.05,0.45,UPI
TXN27250E6F3A,2023-12-12,BR01,Eluru,Andhra Pradesh,CUST00235,Pooja Rao,Retail,P003,Flagship Smartphone,Mobile,1,60108.08,0.05,0.75,UPI
TXN4417FBA0E1,2024-11-05,BR01,Eluru,Andhra Pradesh,CUST01452,Kiran Chowdary,Wholesale,P008,Ultrabook Thin & Light,Laptop,1,85068.45,0.2,0.79,UPI
TXN6A98B53C91,2023-12-26,BR01,Eluru,Andhra Pradesh,CUST00043,Ramesh Devi,Retail,P018,LED TV 43-inch,Electronics,1,27954.9,0.15,0.8,UPI
TXNB8EC4AAA54,2023-02-18,BR01,Eluru,Andhra Pradesh,CUST00066,Srinivas Prasad,Retail,P010,Wireless Mouse,Accessories,1,1262.0,0.0,0.4,UPI
TXN5A58472A19,2024-04-08,BR01,Eluru,Andhra Pradesh,CUST00784,Harika Naidu,Wholesale,P015,Refrigerator 300L,Home Appliances,1,35776.77,0.0,0.82,UPI
TXN65DD5349DA,2023-03-22,BR01,Eluru,Andhra Pradesh,CUST01161,Ravi Reddy,Wholesale,P015,Refrigerator 300L,Home Appliances,1,28035.23,0.1,0.82,Net Banking
TXNCA2AADF2C7,2023-07-29,BR01,Eluru,Andhra Pradesh,CUST01717,Meena Devi,Wholesale,P021,Smart Watch,Electronics,1,8926.46,0.0,0.55,Credit Card
TXN9632ED5B1C,2024-08-26,BR01,Eluru,Andhra Pradesh,CUST01865,Pooja Prasad,Retail,P002,Mid-range Smartphone 5G,Mobile,1,21062.14,0.1,0.78,Debit Card
TXND2F7DF4AED,2024-07-12,BR01,Eluru,Andhra Pradesh,CUST01137,Aishwarya Kumar,Retail,P018,LED TV 43-inch,Electronics,1,28899.86,0.15,0.8,UPI
TXN5B6738C53A,2024-01-24,BR01,Eluru,Andhra Pradesh,CUST00429,Praveen Babu,Retail,P010,Wireless Mouse,Accessories,1,1025.73,0.05,0.4,Cash
TXN3477C41615,2024-12-14,BR01,Eluru,Andhra Pradesh,CUST01092,Swathi Varma,Corporate,P018,LED TV 43-inch,Electronics,1,23093.2,0.1,0.8,Cash
TXNA07A4879C7,2024-11-29,BR01,Eluru,Andhra Pradesh,CUST00547,Praveen Babu,Retail,P005,Entry Laptop i3,Laptop,1,30898.54,0.1,0.82,UPI
TXN7163813431,2023-09-25,BR01,Eluru,Andhra Pradesh,CUST00836,Meena Chowdary,Retail,P008,Ultrabook Thin & Light,Laptop,1,63703.84,0.05,0.79,UPI
TXNDCD73B0E22,2024-06-01,BR01,Eluru,Andhra Pradesh,CUST00095,Meena Reddy,Retail,P020,Home Theatre System,Electronics,1,16222.87,0.15,0.6,Cash
TXNDDA11328AB,2023-12-31,BR01,Eluru,Andhra Pradesh,CUST01945,Aishwarya Sarma,Retail,P002,Mid-range Smartphone 5G,Mobile,1,27688.42,0.0,0.78,UPI
TXN9B1E22DD10,2023-09-25,BR01,Eluru,Andhra Pradesh,CUST00045,Lakshmi Babu,Wholesale,P020,Home Theatre System,Electronics,1,19786.07,0.15,0.6,UPI
TXN530A5EA19C,2023-01-08,BR01,Eluru,Andhra Pradesh,CUST01006,Kavya Rao,Retail,P002,Mid-range Smartphone 5G,Mobile,1,17508.78,0.0,0.78,UPI
TXNC85DA4F62E,2023-08-09,BR01,Eluru,Andhra Pradesh,CUST00620,Priya Varma,Wholesale,P018,LED TV 43-inch,Electronics,1,22860.32,0.1,0.8,Cash
TXN576AC8C6E3,2023-01-29,BR01,Eluru,Andhra Pradesh,CUST01969,Praveen Chowdary,Wholesale,P013,Power Bank,Accessories,4,1476.36,0.15,0.48,UPI
TXNA492137F36,2023-04-27,BR01,Eluru,Andhra Pradesh,CUST00850,Divya Varma,Wholesale,P013,Power Bank,Accessories,1,2333.65,0.15,0.48,Net Banking
TXND8AEA4E7A6,2023-02-16,BR01,Eluru,Andhra Pradesh,CUST00417,Pooja Babu,Corporate,P016,Washing Machine,Home Appliances,1,34362.73,0.15,0.8,Credit Card
TXN6B95901A1D,2023-12-04,BR01,Eluru,Andhra Pradesh,CUST01984,Divya Rao,Retail,P001,Budget Smartphone 4G,Mobile,2,10587.02,0.0,0.8,UPI
TXNA6E6A27802,2024-09-27,BR01,Eluru,Andhra Pradesh,CUST01774,Ramesh Chowdary,Retail,P010,Wireless Mouse,Accessories,1,1349.89,0.15,0.4,UPI
TXN53066AA439,2023-08-23,BR01,Eluru,Andhra Pradesh,CUST00777,Kavya Prasad,Retail,P006,Business Laptop i5,Laptop,1,48730.4,0.05,0.8,Cash
TXN1C561C4F64,2023-02-18,BR01,Eluru,Andhra Pradesh,CUST00163,Deepika Sarma,Corporate,P009,Laptop Bag,Accessories,2,1065.87,0.0,0.45,UPI
TXN9BA380ADFB,2023-06-20,BR01,Eluru,Andhra Pradesh,CUST00291,Ravi Chowdary,Retail,P006,Business Laptop i5,Laptop,1,57254.79,0.15,0.8,Debit Card
TXN035AAEA85F,2024-10-16,BR01,Eluru,Andhra Pradesh,CUST00472,Aishwarya Naidu,Retail,P006,Business Laptop i5,Laptop,1,56956.85,0.0,0.8,Net Banking
TXN125E2ACAC7,2024-08-15,BR01,Eluru,Andhra Pradesh,CUST01439,Vikram Sarma,Retail,P019,LED TV 55-inch,Electronics,1,59503.74,0.05,0.79,Cash
TXN8D032534C2,2024-11-20,BR01,Eluru,Andhra Pradesh,CUST00162,Swathi Babu,Corporate,P016,Washing Machine,Home Appliances,1,23308.54,0.0,0.8,Cash
TXNC979D7A143,2024-12-18,BR01,Eluru,Andhra Pradesh,CUST01331,Suresh Rao,Retail,P020,Home Theatre System,Electronics,1,5434.94,0.1,0.6,Credit Card
TXNFA7D8A60D0,2024-04-28,BR01,Eluru,Andhra Pradesh,CUST01807,Arjun Kumar,Retail,P001,Budget Smartphone 4G,Mobile,2,12242.51,0.0,0.8,Credit Card
TXN4FDB527117,2023-11-10,BR01,Eluru,Andhra Pradesh,CUST00307,Sneha Babu,Wholesale,P010,Wireless Mouse,Accessories,4,646.03,0.2,0.4,Debit Card
TXNACB0F989AE,2023-05-10,BR01,Eluru,Andhra Pradesh,CUST01271,Sandeep Chowdary,Wholesale,P003,Flagship Smartphone,Mobile,1,72741.26,0.05,0.75,Net Banking
TXNB0F02402BD,2023-02-22,BR01,Eluru,Andhra Pradesh,CUST01901,Lakshmi Devi,Retail,P001,Budget Smartphone 4G,Mobile,1,11919.6,0.1,0.8,UPI
TXNCF24F8ACBF,2024-04-24,BR01,Eluru,Andhra Pradesh,CUST01169,Srinivas Babu,Corporate,P004,Wireless Earbuds,Mobile,2,5560.64,0.1,0.55,UPI
TXNA4BFAD45A7,2023-02-22,BR01,Eluru,Andhra Pradesh,CUST01700,Sandeep Kumar,Retail,P016,Washing Machine,Home Appliances,1,32040.67,0.05,0.8,UPI
TXN493005164C,2024-01-03,BR01,Eluru,Andhra Pradesh,CUST00766,Ramesh Babu,Retail,P017,Microwave Oven,Home Appliances,3,7334.4,0.1,0.75,Debit Card
TXN17F0AC58CF,2024-05-23,BR01,Eluru,Andhra Pradesh,CUST01992,Manoj Sharma,Wholesale,P021,Smart Watch,Electronics,1,8003.31,0.0,0.55,Debit Card
TXNC94C9F892F,2024-11-06,BR01,Eluru,Andhra Pradesh,CUST01133,Priya Chowdary,Retail,P014,Split AC 1.5 Ton,Home Appliances,1,43773.02,0.05,0.83,Cash
TXN8FAB2EA8E6,2024-02-02,BR01,Eluru,Andhra Pradesh,CUST01401,Anitha Naidu,Retail,P011,Bluetooth Speaker,Accessories,2,1336.81,0.05,0.5,Net Banking
TXN3E04779A57,2024-07-16,BR01,Eluru,Andhra Pradesh,CUST00377,Anitha Rao,Retail,P012,Mobile Charger,Accessories,1,973.38,0.0,0.42,Net Banking
TXNDED9663F2D,2023-06-18,BR01,Eluru,Andhra Pradesh,CUST01056,Vikram Chowdary,Retail,P011,Bluetooth Speaker,Accessories,2,1044.05,0.15,0.5,UPI
TXNB8DC1DF19B,2024-05-12,BR01,Eluru,Andhra Pradesh,CUST01653,Harika Sharma,Wholesale,P012,Mobile Charger,Accessories,2,957.69,0.15,0.42,UPI
TXN09C1DD3C58,2024-12-29,BR01,Eluru,Andhra Pradesh,CUST01943,Lakshmi Reddy,Retail,P017,Microwave Oven,Home Appliances,1,14880.78,0.1,0.75,UPI
TXNDB27797625,2024-10-12,BR01,Eluru,Andhra Pradesh,CUST01389,Praveen Naidu,Retail,P013,Power Bank,Accessories,1,1354.44,0.25,0.48,Net Banking
TXNB8DBC6E895,2024-10-04,BR01,Eluru,Andhra Pradesh,CUST01943,Lakshmi Reddy,Retail,P001,Budget Smartphone 4G,Mobile,2,12082.68,0.25,0.8,Debit Card
TXN712C87F3E0,2023-11-03,BR01,Eluru,Andhra Pradesh,CUST01927,Ramesh Naidu,Wholesale,P021,Smart Watch,Electronics,2,2513.08,0.2,0.55,UPI
TXN69FC1466E2,2024-12-06,BR01,Eluru,Andhra Pradesh,CUST01585,Meena Sharma,Retail,P009,Laptop Bag,Accessories,1,1499.45,0.05,0.45,UPI
TXNB62B2D53AA,2023-10-13,BR01,Eluru,Andhra Pradesh,CUST01831,Sandeep Babu,Retail,P018,LED TV 43-inch,Electronics,1,28143.04,0.1,0.8,Credit Card
TXNCBBBB7E03D,2023-11-21,BR01,Eluru,Andhra Pradesh,CUST00053,Anitha Devi,Corporate,P001,Budget Smartphone 4G,Mobile,1,12635.64,0.0,0.8,UPI
TXN44AEE97D3A,2024-10-12,BR01,Eluru,Andhra Pradesh,CUST01907,Pooja Reddy,Wholesale,P012,Mobile Charger,Accessories,1,1119.17,0.0,0.42,Net Banking
TXN7D00D96469,2024-04-25,BR01,Eluru,Andhra Pradesh,CUST01580,Ramesh Sarma,Corporate,P006,Business Laptop i5,Laptop,1,45172.21,0.15,0.8,UPI
TXN1E3A9A9666,2024-09-25,BR01,Eluru,Andhra Pradesh,CUST01053,Sandeep Rao,Retail,P002,Mid-range Smartphone 5G,Mobile,2,17524.37,0.15,0.78,Debit Card
TXN92932FD49F,2024-02-08,BR01,Eluru,Andhra Pradesh,CUST01019,Anitha Babu,Retail,P021,Smart Watch,Electronics,1,5592.01,0.15,0.55,UPI
TXND2C491959B,2024-01-19,BR01,Eluru,Andhra Pradesh,CUST01459,Kavya Varma,Retail,P002,Mid-range Smartphone 5G,Mobile,1,26465.39,0.1,0.78,UPI
TXN3C34A76C14,2024-04-10,BR01,Eluru,Andhra Pradesh,CUST00504,Ajay Varma,Retail,P012,Mobile Charger,Accessories,2,697.82,0.0,0.42,Debit Card
TXNB0D81C2B24,2024-05-16,BR01,Eluru,Andhra Pradesh,CUST01015,Anitha Sarma,Retail,P006,Business Laptop i5,Laptop,1,52895.42,0.0,0.8,UPI
TXND399AF0605,2024-09-10,BR01,Eluru,Andhra Pradesh,CUST01666,Sandeep Sarma,Wholesale,P011,Bluetooth Speaker,Accessories,1,2370.02,0.0,0.5,Cash
TXN01C14CFE3D,2024-10-22,BR01,Eluru,Andhra Pradesh,CUST00641,Harika Babu,Retail,P004,Wireless Earbuds,Mobile,1,4663.95,0.25,0.55,UPI
TXN577246B838,2023-03-31,BR01,Eluru,Andhra Pradesh,CUST01202,Vikram Prasad,Retail,P002,Mid-range Smartphone 5G,Mobile,1,25943.2,0.0,0.78,Cash
TXNB96F2388EF,2024-07-09,BR01,Eluru,Andhra Pradesh,CUST00388,Pooja Varma,Retail,P001,Budget Smartphone 4G,Mobile,3,13397.56,0.1,0.8,UPI
TXN142FA2CC9B,2024-02-13,BR01,Eluru,Andhra Pradesh,CUST00527,Aishwarya Sharma,Wholesale,P016,Washing Machine,Home Appliances,1,22998.65,0.05,0.8,Debit Card
TXN69DA84CB3F,2023-04-16,BR01,Eluru,Andhra Pradesh,CUST00900,Srinivas Reddy,Wholesale,P002,Mid-range Smartphone 5G,Mobile,3,16052.59,0.15,0.78,Net Banking
TXNE3C2C5FE71,2023-11-23,BR01,Eluru,Andhra Pradesh,CUST01700,Sandeep Kumar,Retail,P009,Laptop Bag,Accessories,1,1955.05,0.2,0.45,Net Banking
TXN1C187B3F85,2024-10-31,BR01,Eluru,Andhra Pradesh,CUST00946,Meena Chowdary,Retail,P012,Mobile Charger,Accessories,2,1154.41,0.25,0.42,UPI
TXN0C52C6AECA,2024-03-16,BR01,Eluru,Andhra Pradesh,CUST01134,Praveen Sarma,Retail,P012,Mobile Charger,Accessories,2,1467.38,0.0,0.42,UPI
TXN05366077BF,2024-10-09,BR01,Eluru,Andhra Pradesh,CUST00247,Manoj Reddy,Retail,P016,Washing Machine,Home Appliances,1,29521.61,0.1,0.8,Cash
TXN68D797E2EB,2023-12-15,BR01,Eluru,Andhra Pradesh,CUST01398,Praveen Prasad,Corporate,P001,Budget Smartphone 4G,Mobile,3,9085.89,0.0,0.8,Cash
TXN1BC6E5B2BE,2023-01-03,BR01,Eluru,Andhra Pradesh,CUST01823,Sandeep Reddy,Retail,P012,Mobile Charger,Accessories,1,1091.94,0.0,0.42,Credit Card
TXN61880B8FF8,2024-10-18,BR01,Eluru,Andhra Pradesh,CUST00011,Manoj Naidu,Retail,P011,Bluetooth Speaker,Accessories,2,4603.67,0.15,0.5,Debit Card
TXN21FF43C220,2024-11-27,BR01,Eluru,Andhra Pradesh,CUST00307,Sneha Babu,Wholesale,P011,Bluetooth Speaker,Accessories,2,1814.13,0.15,0.5,Credit Card
TXN329DB7B7FC,2024-10-22,BR01,Eluru,Andhra Pradesh,CUST01172,Ramesh Naidu,Wholesale,P002,Mid-range Smartphone 5G,Mobile,1,27947.23,0.2,0.78,Net Banking
TXN62949F7F6C,2023-11-02,BR01,Eluru,Andhra Pradesh,CUST01467,Lakshmi Kumar,Wholesale,P006,Business Laptop i5,Laptop,1,55344.49,0.25,0.8,Net Banking
TXNFC934E9BA4,2023-08-25,BR01,Eluru,Andhra Pradesh,CUST00911,Ravi Devi,Wholesale,P004,Wireless Earbuds,Mobile,1,2253.51,0.15,0.55,Cash
TXNC5FA609B63,2024-05-26,BR01,Eluru,Andhra Pradesh,CUST01556,Deepika Reddy,Retail,P003,Flagship Smartphone,Mobile,1,56176.02,0.1,0.75,Credit Card
TXNB4B6C6D1A6,2023-10-04,BR01,Eluru,Andhra Pradesh,CUST00866,Meena Devi,Retail,P014,Split AC 1.5 Ton,Home Appliances,1,32873.52,0.0,0.83,Cash
TXN6F44FCBB19,2024-09-24,BR01,Eluru,Andhra Pradesh,CUST01338,Sandeep Rao,Wholesale,P013,Power Bank,Accessories,4,2109.5,0.1,0.48,Debit Card
TXN6162049680,2024-11-03,BR01,Eluru,Andhra Pradesh,CUST00103,Deepika Murthy,Retail,P012,Mobile Charger,Accessories,1,720.16,0.15,0.42,UPI
TXN3704E18C38,2024-09-15,BR01,Eluru,Andhra Pradesh,CUST00385,Sandeep Babu,Wholesale,P003,Flagship Smartphone,Mobile,1,51279.75,0.05,0.75,Credit Card
TXN2EA60AB3F8,2024-06-29,BR01,Eluru,Andhra Pradesh,CUST01891,Vikram Sharma,Retail,P007,Gaming Laptop i7,Laptop,1,75178.96,0.05,0.78,UPI
TXN28453881D2,2023-03-31,BR01,Eluru,Andhra Pradesh,CUST01368,Pooja Kumar,Wholesale,P013,Power Bank,Accessories,2,1460.86,0.1,0.48,Cash
TXNEE1D72E925,2023-05-19,BR01,Eluru,Andhra Pradesh,CUST01203,Arjun Rao,Retail,P005,Entry Laptop i3,Laptop,1,31937.03,0.0,0.82,UPI
TXN5FB5483F35,2024-03-01,BR01,Eluru,Andhra Pradesh,CUST00123,Manoj Kumar,Retail,P002,Mid-range Smartphone 5G,Mobile,1,22759.64,0.15,0.78,UPI
TXN1298D111B5,2023-12-16,BR01,Eluru,Andhra Pradesh,CUST01003,Pooja Chowdary,Retail,P020,Home Theatre System,Electronics,1,18189.34,0.05,0.6,UPI
TXN8037D95202,2024-12-12,BR01,Eluru,Andhra Pradesh,CUST01054,Meena Sharma,Retail,P018,LED TV 43-inch,Electronics,1,29018.25,0.15,0.8,Net Banking
TXNFDBD5A896E,2023-06-09,BR01,Eluru,Andhra Pradesh,CUST00017,Praveen Murthy,Wholesale,P002,Mid-range Smartphone 5G,Mobile,1,25388.25,0.0,0.78,Cash
TXN1D864584A5,2023-09-14,BR01,Eluru,Andhra Pradesh,CUST00315,Lakshmi Kumar,Retail,P020,Home Theatre System,Electronics,1,11551.28,0.0,0.6,UPI
TXN0D8D048BF6,2023-05-17,BR01,Eluru,Andhra Pradesh,CUST01409,Kavya Reddy,Wholesale,P004,Wireless Earbuds,Mobile,1,4362.93,0.15,0.55,UPI
TXN3C194A4A1F,2023-10-22,BR01,Eluru,Andhra Pradesh,CUST00104,Manoj Naidu,Retail,P010,Wireless Mouse,Accessories,1,1287.48,0.1,0.4,UPI
TXN44CEBB68A3,2024-08-28,BR01,Eluru,Andhra Pradesh,CUST01566,Priya Chowdary,Retail,P019,LED TV 55-inch,Electronics,1,40103.25,0.1,0.79,Credit Card
TXNF50088F509,2024-11-10,BR01,Eluru,Andhra Pradesh,CUST01764,Harika Sarma,Retail,P004,Wireless Earbuds,Mobile,2,5325.67,0.1,0.55,UPI
TXN8A76F20866,2024-04-27,BR01,Eluru,Andhra Pradesh,CUST01452,Kiran Chowdary,Wholesale,P011,Bluetooth Speaker,Accessories,2,3140.88,0.15,0.5,Cash
TXN0549E9BB95,2024-06-29,BR01,Eluru,Andhra Pradesh,CUST00470,Deepika Chowdary,Wholesale,P013,Power Bank,Accessories,1,2376.78,0.05,0.48,Net Banking
TXN9614747A5D,2023-02-28,BR01,Eluru,Andhra Pradesh,CUST00231,Praveen Varma,Retail,P006,Business Laptop i5,Laptop,1,46988.2,0.05,0.8,Cash
TXN05003D00FB,2024-08-11,BR01,Eluru,Andhra Pradesh,CUST00930,Arjun Devi,Retail,P021,Smart Watch,Electronics,1,8537.82,0.05,0.55,UPI
TXNAC1BF361BE,2023-02-20,BR01,Eluru,Andhra Pradesh,CUST01395,Harika Reddy,Retail,P020,Home Theatre System,Electronics,1,19451.63,0.0,0.6,Credit Card
TXN659212B7B9,2024-01-11,BR01,Eluru,Andhra Pradesh,CUST00619,Ramesh Reddy,Retail,P014,Split AC 1.5 Ton,Home Appliances,1,37750.93,0.0,0.83,UPI
TXN41C6B1D173,2023-12-07,BR01,Eluru,Andhra Pradesh,CUST01827,Arjun Sharma,Retail,P021,Smart Watch,Electronics,1,2525.79,0.1,0.55,Net Banking
TXN228EC9FDBB,2024-10-25,BR01,Eluru,Andhra Pradesh,CUST01119,Aishwarya Murthy,Retail,P009,Laptop Bag,Accessories,1,1785.18,0.0,0.45,Cash
TXN97A848A890,2023-03-23,BR01,Eluru,Andhra Pradesh,CUST01084,Naveen Varma,Corporate,P021,Smart Watch,Electronics,2,3016.72,0.0,0.55,UPI
TXN02D887FF3D,2024-01-07,BR01,Eluru,Andhra Pradesh,CUST01491,Deepika Sharma,Retail,P001,Budget Smartphone 4G,Mobile,1,8190.39,0.05,0.8,UPI
TXNFDED4F98E2,2023-05-13,BR01,Eluru,Andhra Pradesh,CUST01459,Kavya Varma,Retail,P021,Smart Watch,Electronics,1,7204.61,0.15,0.55,UPI
TXN5556CFFF8E,2024-09-29,BR01,Eluru,Andhra Pradesh,CUST00047,Divya Chowdary,Retail,P016,Washing Machine,Home Appliances,1,31996.04,0.0,0.8,Debit Card
TXNAD9BE96EEF,2023-05-12,BR01,Eluru,Andhra Pradesh,CUST01570,Ramesh Varma,Corporate,P021,Smart Watch,Electronics,2,6010.85,0.0,0.55,Net Banking
TXN88C2A7E6B0,2023-08-08,BR01,Eluru,Andhra Pradesh,CUST00209,Harika Kumar,Wholesale,P011,Bluetooth Speaker,Accessories,0,3708.24,0.15,0.5,Credit Card
TXN84E35675F8,2023-10-09,BR01,Eluru,Andhra Pradesh,CUST01166,Sneha Sharma,Retail,P001,Budget Smartphone 4G,Mobile,2,11333.76,0.15,0.8,UPI
TXN7EEAAE744B,2023-08-04,BR01,Eluru,Andhra Pradesh,CUST00090,Naveen Naidu,Corporate,P002,Mid-range Smartphone 5G,Mobile,1,27461.95,0.0,0.78,UPI
TXNB08135A741,2024-02-04,BR01,Eluru,Andhra Pradesh,CUST01410,Sandeep Murthy,Corporate,P001,Budget Smartphone 4G,Mobile,2,11330.58,0.15,0.8,UPI
TXN9D8303DC41,2023-04-01,BR01,Eluru,Andhra Pradesh,CUST00518,Praveen Rao,Retail,P001,Budget Smartphone 4G,Mobile,1,11351.42,0.0,0.8,Credit Card
TXN2CFB48C3B0,2023-10-27,BR01,Eluru,Andhra Pradesh,CUST01117,Manoj Kumar,Retail,P003,Flagship Smartphone,Mobile,1,86964.91,0.2,0.75,UPI
TXNE20C104E6C,2024-10-04,BR01,Eluru,Andhra Pradesh,CUST00512,Aishwarya Prasad,Wholesale,P004,Wireless Earbuds,Mobile,4,1796.72,0.05,0.55,UPI
TXN33A47C0F54,2024-02-25,BR01,Eluru,Andhra Pradesh,CUST00661,Divya Naidu,Wholesale,P009,Laptop Bag,Accessories,1,1997.46,0.0,0.45,UPI
TXNB57B136F7F,2024-08-15,BR01,Eluru,Andhra Pradesh,CUST01004,Deepika Murthy,Retail,P010,Wireless Mouse,Accessories,4,467.22,0.0,0.4,UPI
TXN4B80FFA39C,2024-03-12,BR01,Eluru,Andhra Pradesh,CUST01919,Manoj Devi,Wholesale,P006,Business Laptop i5,Laptop,1,43131.04,0.15,0.8,Credit Card
TXN10A2E01072,2024-09-09,BR01,Eluru,Andhra Pradesh,CUST01880,Divya Babu,Retail,P011,Bluetooth Speaker,Accessories,1,3225.19,0.0,0.5,UPI
TXNC50FCE4B9D,2023-10-27,BR01,Eluru,Andhra Pradesh,CUST00870,Vikram Reddy,Retail,P001,Budget Smartphone 4G,Mobile,2,8130.01,0.2,0.8,UPI
TXN3778FD03F0,2024-11-18,BR01,Eluru,Andhra Pradesh,CUST00724,Manoj Devi,Corporate,P001,Budget Smartphone 4G,Mobile,2,10169.14,0.2,0.8,Credit Card
TXN9ED74E3F77,2023-04-26,BR01,Eluru,Andhra Pradesh,CUST00578,Aishwarya Kumar,Wholesale,P003,Flagship Smartphone,Mobile,1,47419.37,0.0,0.75,Cash
TXN62DEBE431C,2024-08-04,BR01,Eluru,Andhra Pradesh,CUST01152,Arjun Sarma,Wholesale,P009,Laptop Bag,Accessories,1,976.49,0.1,0.45,Net Banking
TXN6F40F609A0,2024-10-03,BR01,Eluru,Andhra Pradesh,CUST01619,Harika Murthy,Retail,P005,Entry Laptop i3,Laptop,1,34961.42,0.15,0.82,Net Banking
TXNEE17D96365,2023-10-12,BR01,Eluru,Andhra Pradesh,CUST00991,Meena Devi,Corporate,P004,Wireless Earbuds,Mobile,2,2656.35,0.25,0.55,UPI
TXN04354233A1,2023-09-02,BR01,Eluru,Andhra Pradesh,CUST01705,Suresh Varma,Retail,P020,Home Theatre System,Electronics,1,8114.03,0.0,0.6,UPI
TXN20165772FF,2024-11-03,BR01,Eluru,Andhra Pradesh,CUST00949,Sneha Sarma,Retail,P018,LED TV 43-inch,Electronics,1,28305.76,0.1,0.8,Net Banking
TXN21E8934881,2024-12-07,BR01,Eluru,Andhra Pradesh,CUST00006,Sneha Devi,Retail,P019,LED TV 55-inch,Electronics,1,50743.52,0.05,0.79,UPI
TXNE8D87646CE,2024-08-06,BR01,Eluru,Andhra Pradesh,CUST00494,Arjun Varma,Wholesale,P004,Wireless Earbuds,Mobile,3,5471.0,0.05,0.55,Net Banking
TXN9E8A39D0E2,2024-07-03,BR01,Eluru,Andhra Pradesh,CUST00367,Priya Sharma,Wholesale,P018,LED TV 43-inch,Electronics,1,33283.67,0.05,0.8,UPI
TXNCD2C8344F2,2024-10-29,BR01,Eluru,Andhra Pradesh,CUST01601,Srinivas Prasad,Retail,P021,Smart Watch,Electronics,1,5150.48,0.2,0.55,Cash
TXN819E5BE4F2,2024-11-28,BR01,Eluru,Andhra Pradesh,CUST01464,Suresh Sarma,Retail,P013,Power Bank,Accessories,2,1309.5,0.2,0.48,Debit Card
TXN20B5A5379A,2024-09-14,BR01,Eluru,Andhra Pradesh,CUST00260,Harika Devi,Retail,P015,Refrigerator 300L,Home Appliances,1,29491.11,0.0,0.82,Debit Card
TXND1DC5768A2,2024-02-05,BR01,Eluru,Andhra Pradesh,CUST01098,Sneha Chowdary,Retail,P009,Laptop Bag,Accessories,2,1699.13,0.0,0.45,Debit Card
TXN391757A519,2024-02-10,BR01,Eluru,Andhra Pradesh,CUST00921,Praveen Reddy,Retail,P004,Wireless Earbuds,Mobile,3,5101.55,0.0,0.55,Net Banking
TXNA8C58ED2F3,2023-01-03,BR01,Eluru,Andhra Pradesh,CUST01092,Swathi Varma,Corporate,P010,Wireless Mouse,Accessories,1,367.35,0.15,0.4,Net Banking
TXN561C0F0267,2024-05-11,BR01,Eluru,Andhra Pradesh,CUST00947,Deepika Murthy,Retail,P011,Bluetooth Speaker,Accessories,1,1166.63,0.0,0.5,Cash
TXNBDEFCD18E4,2024-02-07,BR01,Eluru,Andhra Pradesh,CUST00714,Divya Devi,Retail,P019,LED TV 55-inch,Electronics,1,52160.78,0.0,0.79,Credit Card
TXNB86F063695,2024-09-22,BR01,Eluru,Andhra Pradesh,CUST00424,Sneha Sharma,Retail,P006,Business Laptop i5,Laptop,1,53397.19,0.0,0.8,Cash
TXND6D170C8C0,2023-11-03,BR01,Eluru,Andhra Pradesh,CUST01564,Sneha Devi,Wholesale,P012,Mobile Charger,Accessories,2,639.11,0.1,0.42,UPI
TXN9E0B319ACE,2024-05-07,BR01,Eluru,Andhra Pradesh,CUST01542,Ajay Devi,Wholesale,P010,Wireless Mouse,Accessories,3,1081.96,0.0,0.4,UPI
TXNF45C017920,2023-08-18,BR01,Eluru,Andhra Pradesh,CUST00703,Lakshmi Reddy,Retail,P019,LED TV 55-inch,Electronics,1,49134.31,0.0,0.79,Cash
TXNDF92759EEA,2024-01-25,BR01,Eluru,Andhra Pradesh,CUST01530,Ravi Devi,Retail,P008,Ultrabook Thin & Light,Laptop,1,89328.87,0.05,0.79,Net Banking
TXN259756122D,2023-11-02,BR01,Eluru,Andhra Pradesh,CUST01704,Harika Babu,Wholesale,P006,Business Laptop i5,Laptop,1,53813.48,0.05,0.8,Credit Card
TXNECC60A03DB,2023-08-30,BR01,Eluru,Andhra Pradesh,CUST01226,Aishwarya Murthy,Retail,P002,Mid-range Smartphone 5G,Mobile,1,20868.9,0.1,0.78,Cash
TXN5323157788,2024-09-26,BR01,Eluru,Andhra Pradesh,CUST00138,Sneha Naidu,Retail,P020,Home Theatre System,Electronics,2,6034.28,0.1,0.6,Debit Card
TXNA0242177D4,2023-06-18,BR01,Eluru,Andhra Pradesh,CUST00210,Kiran Murthy,Retail,P021,Smart Watch,Electronics,3,11852.94,0.15,0.55,Cash
TXN1022E2DE02,2024-03-17,BR01,Eluru,Andhra Pradesh,CUST00772,Srinivas Varma,Retail,P010,Wireless Mouse,Accessories,2,680.39,0.05,0.4,Credit Card
TXNEC349CC586,2024-11-21,BR01,Eluru,Andhra Pradesh,CUST00302,Ramesh Sarma,Retail,P009,Laptop Bag,Accessories,2,1291.7,0.2,0.45,Debit Card
TXNFDB31E24DE,2024-12-06,BR01,Eluru,Andhra Pradesh,CUST01181,Pooja Babu,Wholesale,P002,Mid-range Smartphone 5G,Mobile,2,17169.99,0.15,0.78,Net Banking
TXN32F6DE7CAA,2024-11-12,BR01,Eluru,Andhra Pradesh,CUST00013,Lakshmi Sharma,Wholesale,P001,Budget Smartphone 4G,Mobile,2,13416.75,0.0,0.8,Debit Card
TXNB21109B936,2023-07-02,BR01,Eluru,Andhra Pradesh,CUST01440,Srinivas Kumar,Retail,P009,Laptop Bag,Accessories,2,690.7,0.0,0.45,UPI
TXN03C887FE94,2023-12-25,BR01,Eluru,Andhra Pradesh,CUST01651,Ajay Sarma,Retail,P004,Wireless Earbuds,Mobile,2,2522.91,0.15,0.55,Net Banking
TXN5D44CA9B7A,2023-03-10,BR01,Eluru,Andhra Pradesh,CUST01811,Ajay Sharma,Retail,P004,Wireless Earbuds,Mobile,1,1734.9,0.0,0.55,Credit Card
TXN88D31A3ECA,2024-03-07,BR01,Eluru,Andhra Pradesh,CUST00658,Ajay Prasad,Corporate,P013,Power Bank,Accessories,1,1490.82,0.05,0.48,Net Banking
TXN352D811F66,2023-09-28,BR01,Eluru,Andhra Pradesh,CUST01869,Kiran Sharma,Retail,P007,Gaming Laptop i7,Laptop,1,111643.24,0.0,0.78,UPI
TXN47B7055BE3,2023-10-09,BR01,Eluru,Andhra Pradesh,CUST00013,Lakshmi Sharma,Wholesale,P004,Wireless Earbuds,Mobile,1,1624.4,0.1,0.55,UPI
TXNAA04B31C8D,2023-06-29,BR01,Eluru,Andhra Pradesh,CUST00583,Arjun Prasad,Corporate,P006,Business Laptop i5,Laptop,1,57472.59,0.1,0.8,Net Banking
TXN48D8797D9C,2024-09-12,BR01,Eluru,Andhra Pradesh,CUST00991,Meena Devi,Corporate,P003,Flagship Smartphone,Mobile,1,47773.08,0.15,0.75,Debit Card
TXN4D234EEBD2,2024-10-20,BR01,Eluru,Andhra Pradesh,CUST01065,Sandeep Sharma,Retail,P003,Flagship Smartphone,Mobile,1,85951.85,0.15,0.75,UPI
TXNF260D8BF42,2023-12-01,BR01,Eluru,Andhra Pradesh,CUST01149,Pooja Devi,Retail,P010,Wireless Mouse,Accessories,1,545.65,0.0,0.4,Debit Card
TXN0D236B03C6,2024-08-24,BR01,Eluru,Andhra Pradesh,CUST00700,Pooja Devi,Retail,P010,Wireless Mouse,Accessories,1,425.3,0.0,0.4,Debit Card
TXNB8ECDC9F98,2024-11-24,BR01,Eluru,Andhra Pradesh,CUST00392,Praveen Babu,Retail,P001,Budget Smartphone 4G,Mobile,2,11460.13,0.2,0.8,Cash
TXNECF9BDD854,2023-10-11,BR01,Eluru,Andhra Pradesh,CUST00967,Suresh Sharma,Retail,P010,Wireless Mouse,Accessories,2,1036.24,0.05,0.4,Cash
TXNA92081F657,2024-02-24,BR01,Eluru,Andhra Pradesh,CUST01263,Anitha Sarma,Corporate,P019,LED TV 55-inch,Electronics,1,44033.13,0.15,0.79,Debit Card
TXND53D6F14A1,2023-02-21,BR01,Eluru,Andhra Pradesh,CUST00080,Harika Sharma,Wholesale,P018,LED TV 43-inch,Electronics,1,34819.85,0.15,0.8,UPI
TXN53D9653A4E,2024-05-25,BR01,Eluru,Andhra Pradesh,CUST01087,Kiran Murthy,Wholesale,P001,Budget Smartphone 4G,Mobile,1,9894.4,0.0,0.8,UPI
TXNA381CBB5B8,2024-12-12,BR01,Eluru,Andhra Pradesh,CUST00899,Meena Babu,Corporate,P004,Wireless Earbuds,Mobile,1,2149.06,0.15,0.55,UPI
TXNBF35970698,2023-08-19,BR01,Eluru,Andhra Pradesh,CUST00134,Sneha Kumar,Corporate,P004,Wireless Earbuds,Mobile,1,2427.59,0.05,0.55,Credit Card
TXN6E86FB7375,2023-02-27,BR01,Eluru,Andhra Pradesh,CUST01811,Ajay Sharma,Retail,P013,Power Bank,Accessories,3,1727.47,0.0,0.48,Debit Card
TXN6AE753FA04,2023-07-28,BR01,Eluru,Andhra Pradesh,CUST01541,Ajay Sarma,Retail,P011,Bluetooth Speaker,Accessories,1,4018.88,0.0,0.5,Credit Card
TXN102D933A6B,2023-09-19,BR01,Eluru,Andhra Pradesh,CUST00995,Suresh Rao,Wholesale,P011,Bluetooth Speaker,Accessories,1,4373.89,0.05,0.5,Net Banking
TXN36E0683DE0,2024-07-13,BR01,Eluru,Andhra Pradesh,CUST00347,Swathi Reddy,Retail,P003,Flagship Smartphone,Mobile,1,76838.95,0.0,0.75,UPI
TXND4927CC5AC,2023-12-06,BR01,Eluru,Andhra Pradesh,CUST00980,Naveen Sharma,Retail,P001,Budget Smartphone 4G,Mobile,1,9481.83,0.1,0.8,Credit Card
TXNE371B9F7ED,2024-07-02,BR01,Eluru,Andhra Pradesh,CUST01223,Deepika Chowdary,Retail,P015,Refrigerator 300L,Home Appliances,1,26629.19,0.05,0.82,UPI
TXN696E4E77F4,2023-12-29,BR01,Eluru,Andhra Pradesh,CUST00874,Vikram Prasad,Retail,P002,Mid-range Smartphone 5G,Mobile,1,25338.56,0.1,0.78,Credit Card
TXN383A5DAC17,2023-02-15,BR01,Eluru,Andhra Pradesh,CUST01179,Sneha Kumar,Retail,P011,Bluetooth Speaker,Accessories,2,3746.09,0.0,0.5,UPI
TXN0EE38EF9A4,2023-07-30,BR01,Eluru,Andhra Pradesh,CUST00809,Aishwarya Sharma,Retail,P013,Power Bank,Accessories,1,2134.34,0.05,0.48,Cash
TXNF0BAB9E12D,2024-04-18,BR01,Eluru,Andhra Pradesh,CUST01803,Lakshmi Sarma,Retail,P013,Power Bank,Accessories,2,1500.97,0.1,0.48,UPI
TXNE64051CE5F,2023-02-14,BR01,Eluru,Andhra Pradesh,CUST01401,Anitha Naidu,Retail,P004,Wireless Earbuds,Mobile,4,2294.99,0.0,0.55,UPI
TXN79E2825E90,2023-01-30,BR01,Eluru,Andhra Pradesh,CUST01020,Naveen Reddy,Retail,P019,LED TV 55-inch,Electronics,1,49030.94,0.0,0.79,UPI
TXNE8A51BFDDC,2024-11-16,BR01,Eluru,Andhra Pradesh,CUST00061,Meena Kumar,Retail,P002,Mid-range Smartphone 5G,Mobile,1,26586.37,0.25,0.78,UPI
TXNC11D7FA3D1,2024-12-11,BR01,Eluru,Andhra Pradesh,CUST00510,Lakshmi Chowdary,Retail,P004,Wireless Earbuds,Mobile,3,4134.33,0.15,0.55,UPI
TXN377C24278A,2023-10-21,BR01,Eluru,Andhra Pradesh,CUST01559,Divya Varma,Wholesale,P018,LED TV 43-inch,Electronics,1,27044.06,0.1,0.8,Credit Card
TXN4DDC1F7AE8,2024-10-13,BR01,Eluru,Andhra Pradesh,CUST00537,Sandeep Babu,Retail,P004,Wireless Earbuds,Mobile,1,5050.71,0.25,0.55,Cash
TXN1FCE43A4FD,2024-11-02,BR01,Eluru,Andhra Pradesh,CUST00853,Sneha Naidu,Wholesale,P002,Mid-range Smartphone 5G,Mobile,1,20643.28,0.15,0.78,Credit Card
TXN00CF8CDFFB,2024-06-26,BR01,Eluru,Andhra Pradesh,CUST01108,Kiran Babu,Corporate,P001,Budget Smartphone 4G,Mobile,1,10631.52,0.0,0.8,UPI
TXN53052C6623,2024-07-18,BR01,Eluru,Andhra Pradesh,CUST01229,Arjun Chowdary,Retail,P008,Ultrabook Thin & Light,Laptop,1,73165.85,0.0,0.79,Debit Card
TXN0A8EC6B386,2024-01-09,BR01,Eluru,Andhra Pradesh,CUST01496,Meena Murthy,Retail,P013,Power Bank,Accessories,2,1136.61,0.15,0.48,Cash
TXNB3A59CEB7F,2023-04-17,BR01,Eluru,Andhra Pradesh,CUST01428,Ravi Babu,Retail,P010,Wireless Mouse,Accessories,1,435.91,0.0,0.4,UPI
TXN9EA74B4E64,2024-01-16,BR01,Eluru,Andhra Pradesh,CUST00335,Meena Kumar,Retail,P001,Budget Smartphone 4G,Mobile,1,13055.09,0.05,0.8,Credit Card
TXN0FACA4D923,2023-07-05,BR01,Eluru,Andhra Pradesh,CUST00293,Sneha Naidu,Retail,P005,Entry Laptop i3,Laptop,1,35544.25,0.1,0.82,UPI
TXNA98350CE65,2023-10-27,BR01,Eluru,Andhra Pradesh,CUST01874,Swathi Devi,Retail,P012,Mobile Charger,Accessories,1,841.69,0.05,0.42,UPI
TXND58CC8C4A6,2023-04-23,BR01,Eluru,Andhra Pradesh,CUST00508,Sandeep Chowdary,Retail,P001,Budget Smartphone 4G,Mobile,2,13577.07,0.0,0.8,Cash
TXNBC9C30A9E5,2023-07-15,BR01,Eluru,Andhra Pradesh,CUST01386,Deepika Rao,Retail,P008,Ultrabook Thin & Light,Laptop,1,86773.21,0.15,0.79,UPI
TXN41D3E661B5,2024-08-20,BR01,Eluru,Andhra Pradesh,CUST00105,Ajay Sharma,Retail,P013,Power Bank,Accessories,1,1083.76,0.05,0.48,UPI
TXN0D796E3918,2024-07-04,BR01,Eluru,Andhra Pradesh,CUST01299,Harika Devi,Retail,P002,Mid-range Smartphone 5G,Mobile,1,22033.95,0.15,0.78,UPI
TXNEFE78E4F70,2024-08-23,BR01,Eluru,Andhra Pradesh,CUST01507,Meena Devi,Retail,P021,Smart Watch,Electronics,2,3983.59,0.05,0.55,Debit Card
TXNDC96732B38,2024-03-07,BR01,Eluru,Andhra Pradesh,CUST01113,Swathi Murthy,Retail,P020,Home Theatre System,Electronics,3,14323.93,0.05,0.6,Credit Card
TXN9F3422D2EF,2024-06-05,BR01,Eluru,Andhra Pradesh,CUST00026,Harika Varma,Retail,P004,Wireless Earbuds,Mobile,2,3427.48,0.05,0.55,UPI
TXN8790C8F9FF,2024-11-27,BR01,Eluru,Andhra Pradesh,CUST01679,Ramesh Reddy,Retail,P001,Budget Smartphone 4G,Mobile,2,9651.75,0.15,0.8,Net Banking
TXN2100631573,2024-01-05,BR01,Eluru,Andhra Pradesh,CUST01102,Ravi Reddy,Retail,P004,Wireless Earbuds,Mobile,1,2822.56,0.15,0.55,Net Banking
TXN482C5E1C3A,2023-11-05,BR01,Eluru,Andhra Pradesh,CUST01765,Suresh Devi,Retail,P001,Budget Smartphone 4G,Mobile,1,9244.42,0.15,0.8,Credit Card
TXN69D0F13320,2024-11-30,BR01,Eluru,Andhra Pradesh,CUST00759,Ajay Sarma,Retail,P002,Mid-range Smartphone 5G,Mobile,1,25547.87,0.15,0.78,Cash
TXN71F682C0CE,2023-09-20,BR01,Eluru,Andhra Pradesh,CUST00196,Kiran Varma,Retail,P001,Budget Smartphone 4G,Mobile,1,11329.19,0.0,0.8,Credit Card
TXN0F69DCA4B0,2024-09-07,BR01,Eluru,Andhra Pradesh,CUST01554,Swathi Reddy,Retail,P021,Smart Watch,Electronics,2,5873.1,0.1,0.55,Net Banking
TXN278EE60AF1,2023-10-19,BR01,Eluru,Andhra Pradesh,CUST00240,Anitha Sarma,Retail,P001,Budget Smartphone 4G,Mobile,1,8161.13,0.1,0.8,Credit Card
TXN47301D566E,2023-12-02,BR01,Eluru,Andhra Pradesh,CUST00772,Srinivas Varma,Retail,P010,Wireless Mouse,Accessories,2,433.16,0.05,0.4,UPI
TXN7B9A5087D5,2023-07-14,BR01,Eluru,Andhra Pradesh,CUST00219,Priya Sharma,Retail,P011,Bluetooth Speaker,Accessories,2,2070.89,0.1,0.5,UPI
TXN867687CF4C,2024-10-11,BR01,Eluru,Andhra Pradesh,CUST01358,Ajay Devi,Retail,P009,Laptop Bag,Accessories,4,1818.63,0.05,0.45,Debit Card
TXN758CD202DF,2023-01-12,BR01,Eluru,Andhra Pradesh,CUST01891,Vikram Sharma,Retail,P006,Business Laptop i5,Laptop,1,48377.37,0.05,0.8,UPI
TXN1C130DC927,2023-09-17,BR01,Eluru,Andhra Pradesh,CUST00217,Swathi Naidu,Wholesale,P012,Mobile Charger,Accessories,3,614.47,0.0,0.42,Credit Card
TXN05B4F7E3D1,2023-04-01,BR01,Eluru,Andhra Pradesh,CUST01125,Sneha Prasad,Retail,P013,Power Bank,Accessories,3,2104.97,0.0,0.48,Cash
TXN46D82AF99E,2024-05-19,BR01,Eluru,Andhra Pradesh,CUST01503,Ramesh Murthy,Retail,P020,Home Theatre System,Electronics,2,7045.55,0.05,0.6,Net Banking
TXN4BBAD4B9EC,2023-03-24,BR01,Eluru,Andhra Pradesh,CUST00629,Srinivas Naidu,Wholesale,P010,Wireless Mouse,Accessories,1,930.37,0.0,0.4,UPI
TXN54F14E1902,2024-10-04,BR01,Eluru,Andhra Pradesh,CUST01805,Deepika Varma,Retail,P002,Mid-range Smartphone 5G,Mobile,3,15784.84,0.05,0.78,Debit Card
TXN548AEA8F6F,2024-01-11,BR01,Eluru,Andhra Pradesh,CUST00547,Praveen Babu,Retail,P010,Wireless Mouse,Accessories,2,1231.88,0.0,0.4,Credit Card
TXN075DCA8993,2023-10-22,BR01,Eluru,Andhra Pradesh,CUST01183,Deepika Chowdary,Wholesale,P001,Budget Smartphone 4G,Mobile,2,10479.08,0.15,0.8,UPI
TXN5DBCE60DDE,2023-05-10,BR01,Eluru,Andhra Pradesh,CUST00098,Srinivas Rao,Wholesale,P011,Bluetooth Speaker,Accessories,2,3455.61,0.0,0.5,Debit Card
TXN36BFCCBE91,2023-05-24,BR01,Eluru,Andhra Pradesh,CUST01633,Harika Sarma,Corporate,P019,LED TV 55-inch,Electronics,1,45325.91,0.0,0.79,UPI
TXNFC43F30DD5,2024-12-18,BR01,Eluru,Andhra Pradesh,CUST00710,Naveen Devi,Retail,P001,Budget Smartphone 4G,Mobile,1,8614.85,0.1,0.8,UPI
TXN3E3EEC7548,2024-08-03,BR01,Eluru,Andhra Pradesh,CUST01415,Vikram Sharma,Retail,P001,Budget Smartphone 4G,Mobile,2,11918.13,0.1,0.8,UPI
TXN0D5130D43E,2023-10-11,BR01,Eluru,Andhra Pradesh,CUST00224,Sandeep Varma,Retail,P017,Microwave Oven,Home Appliances,1,7027.32,0.25,0.75,UPI
TXN588AAF3EF1,2024-06-17,BR01,Eluru,Andhra Pradesh,CUST01370,Suresh Naidu,Retail,P010,Wireless Mouse,Accessories,1,404.28,0.0,0.4,UPI
TXN58A6120222,2023-06-30,BR01,Eluru,Andhra Pradesh,CUST01972,Meena Sarma,Retail,P001,Budget Smartphone 4G,Mobile,2,11869.73,0.1,0.8,UPI
TXNCC27DE29D4,2023-02-21,BR01,Eluru,Andhra Pradesh,CUST01722,Ajay Devi,Retail,P018,LED TV 43-inch,Electronics,1,29550.14,0.15,0.8,Net Banking
TXN4D849D2AE7,2024-02-09,BR01,Eluru,Andhra Pradesh,CUST01134,Praveen Sarma,Retail,P013,Power Bank,Accessories,1,1997.15,0.15,0.48,UPI
TXNB3F56EE5A2,2023-09-10,BR01,Eluru,Andhra Pradesh,CUST01472,Manoj Sharma,Wholesale,P006,Business Laptop i5,Laptop,1,47866.05,0.05,0.8,UPI
TXNF203E503DB,2023-07-02,BR01,Eluru,Andhra Pradesh,CUST00559,Suresh Babu,Retail,P002,Mid-range Smartphone 5G,Mobile,1,19033.81,0.15,0.78,UPI
TXNC8B0CE66F1,2023-05-07,BR01,Eluru,Andhra Pradesh,CUST00194,Divya Varma,Retail,P012,Mobile Charger,Accessories,1,809.77,0.05,0.42,UPI
TXN9DE06BB0D1,2024-08-02,BR01,Eluru,Andhra Pradesh,CUST01310,Meena Chowdary,Retail,P002,Mid-range Smartphone 5G,Mobile,1,23363.16,0.0,0.78,Credit Card
TXN371C18AD58,2023-04-22,BR01,Eluru,Andhra Pradesh,CUST00374,Ramesh Babu,Retail,P003,Flagship Smartphone,Mobile,1,64900.14,0.1,0.75,UPI
TXN87748B8F8D,2024-07-29,BR01,Eluru,Andhra Pradesh,CUST00978,Kavya Murthy,Wholesale,P005,Entry Laptop i3,Laptop,1,35985.46,0.0,0.82,UPI
TXN50E7467AD0,2024-06-26,BR01,Eluru,Andhra Pradesh,CUST00767,Kavya Varma,Retail,P012,Mobile Charger,Accessories,4,703.03,0.0,0.42,Debit Card
TXNCFB844225D,2024-07-28,BR01,Eluru,Andhra Pradesh,CUST00957,Ravi Rao,Retail,P010,Wireless Mouse,Accessories,1,1095.62,0.15,0.4,Debit Card
TXN56370ED589,2024-08-03,BR01,Eluru,Andhra Pradesh,CUST01053,Sandeep Rao,Retail,P013,Power Bank,Accessories,2,1295.88,0.15,0.48,Cash
TXN9D04602B13,2024-02-08,BR01,Eluru,Andhra Pradesh,CUST01539,Manoj Naidu,Retail,P011,Bluetooth Speaker,Accessories,2,3580.06,0.1,0.5,UPI
TXN1DDBA545B6,2024-08-23,BR01,Eluru,Andhra Pradesh,CUST00762,Sandeep Babu,Retail,P013,Power Bank,Accessories,2,1388.44,0.05,0.48,Cash
TXNC4603B9E61,2024-12-01,BR01,Eluru,Andhra Pradesh,CUST00170,Harika Kumar,Retail,P015,Refrigerator 300L,Home Appliances,1,40496.95,0.0,0.82,UPI
TXN59F52A4873,2024-09-21,BR01,Eluru,Andhra Pradesh,CUST00557,Deepika Sarma,Wholesale,P021,Smart Watch,Electronics,2,3457.42,0.0,0.55,Cash
TXN0206856B7C,2023-11-14,BR01,Eluru,Andhra Pradesh,CUST01729,Ravi Murthy,Retail,P004,Wireless Earbuds,Mobile,1,3063.51,0.2,0.55,Net Banking
TXN07A915CF3D,2024-12-02,BR01,Eluru,Andhra Pradesh,CUST00106,Naveen Kumar,Retail,P004,Wireless Earbuds,Mobile,1,3450.36,0.1,0.55,UPI
TXND11118CC40,2023-12-23,BR01,Eluru,Andhra Pradesh,CUST00490,Priya Kumar,Retail,P009,Laptop Bag,Accessories,1,1784.2,0.1,0.45,Cash
TXN52C09880B4,2024-04-27,BR01,Eluru,Andhra Pradesh,CUST00632,Manoj Rao,Retail,P019,LED TV 55-inch,Electronics,1,50621.21,0.0,0.79,Net Banking
TXNFF3AE5C22B,2023-03-14,BR01,Eluru,Andhra Pradesh,CUST01243,Harika Reddy,Wholesale,P004,Wireless Earbuds,Mobile,1,3950.5,0.05,0.55,Net Banking
TXN3A4AC88F9F,2024-12-20,BR01,Eluru,Andhra Pradesh,CUST00382,Sandeep Sharma,Retail,P004,Wireless Earbuds,Mobile,2,4245.84,0.1,0.55,Credit Card
TXNC1DDB275FC,2023-11-23,BR01,Eluru,Andhra Pradesh,CUST01004,Deepika Murthy,Retail,P011,Bluetooth Speaker,Accessories,2,1399.96,0.0,0.5,UPI
TXN1DB2488E38,2023-05-31,BR01,Eluru,Andhra Pradesh,CUST00785,Ravi Naidu,Retail,P005,Entry Laptop i3,Laptop,1,31768.53,0.0,0.82,UPI
TXNFB05358D04,2023-03-21,BR01,Eluru,Andhra Pradesh,CUST01993,Swathi Chowdary,Corporate,P003,Flagship Smartphone,Mobile,1,54626.17,0.0,0.75,Credit Card
TXN527A04F0BE,2023-11-14,BR01,Eluru,Andhra Pradesh,CUST00774,Ajay Prasad,Retail,P007,Gaming Laptop i7,Laptop,1,100867.57,0.25,0.78,UPI
TXN5C862FE226,2023-10-16,BR01,Eluru,Andhra Pradesh,CUST00265,Vikram Sarma,Retail,P020,Home Theatre System,Electronics,1,18213.99,0.05,0.6,UPI
TXN6AB0DF7BD2,2023-06-20,BR01,Eluru,Andhra Pradesh,CUST01649,Manoj Chowdary,Retail,P001,Budget Smartphone 4G,Mobile,2,9655.17,0.05,0.8,Debit Card
TXN334C711AA3,2024-06-14,BR01,Eluru,Andhra Pradesh,CUST00364,Swathi Rao,Wholesale,P018,LED TV 43-inch,Electronics,1,31401.4,0.1,0.8,UPI
TXN4FA6373859,2023-12-20,BR01,Eluru,Andhra Pradesh,CUST00831,Harika Babu,Corporate,P005,Entry Laptop i3,Laptop,1,36615.1,0.0,0.82,UPI
TXN4CEC00D2B5,2024-12-24,BR01,Eluru,Andhra Pradesh,CUST01076,Swathi Chowdary,Retail,P001,Budget Smartphone 4G,Mobile,2,11764.77,0.0,0.8,Credit Card
TXN3F8577BB73,2024-11-11,BR01,Eluru,Andhra Pradesh,CUST01049,Sneha Naidu,Retail,P005,Entry Laptop i3,Laptop,1,33285.82,0.15,0.82,UPI
TXN45C0044794,2024-04-27,BR01,Eluru,Andhra Pradesh,CUST00535,Naveen Prasad,Retail,P020,Home Theatre System,Electronics,2,16714.82,,0.6,Net Banking
TXNAA0E636FEA,2023-01-10,BR01,Eluru,Andhra Pradesh,CUST01113,Swathi Murthy,Retail,P002,Mid-range Smartphone 5G,Mobile,1,22729.06,0.0,0.78,Net Banking
TXN3C5D997E42,2024-01-07,BR01,Eluru,Andhra Pradesh,CUST00374,Ramesh Babu,Retail,P012,Mobile Charger,Accessories,2,352.66,0.1,0.42,UPI
TXNFD4CE9C2B9,2023-12-07,BR01,Eluru,Andhra Pradesh,CUST00971,Naveen Sharma,Wholesale,P001,Budget Smartphone 4G,Mobile,1,9427.45,0.05,0.8,UPI
TXN91103170F1,2023-05-30,BR01,Eluru,Andhra Pradesh,CUST00025,Aishwarya Babu,Retail,P010,Wireless Mouse,Accessories,1,1289.31,0.05,0.4,Net Banking
TXN7B34CBF6CE,2023-11-18,BR01,Eluru,Andhra Pradesh,CUST00200,Swathi Chowdary,Corporate,P019,LED TV 55-inch,Electronics,1,52551.74,0.0,0.79,Credit Card
TXN17DC49AD04,2024-05-21,BR01,Eluru,Andhra Pradesh,CUST01715,Kiran Murthy,Retail,P009,Laptop Bag,Accessories,1,1635.83,0.0,0.45,UPI
TXN64B4CD7089,2024-03-22,BR01,Eluru,Andhra Pradesh,CUST01642,Sandeep Prasad,Corporate,P012,Mobile Charger,Accessories,1,1706.36,0.0,0.42,Credit Card
TXN6A1C5D2E58,2024-01-12,BR01,Eluru,Andhra Pradesh,CUST01645,Suresh Varma,Retail,P013,Power Bank,Accessories,1,1212.22,0.1,0.48,UPI
TXNFC64E230FA,2023-07-06,BR01,Eluru,Andhra Pradesh,CUST01085,Vikram Prasad,Retail,P012,Mobile Charger,Accessories,1,633.52,0.15,0.42,UPI
TXNBAFBDFD9F1,2023-11-07,BR01,Eluru,Andhra Pradesh,CUST01869,Kiran Sharma,Retail,P004,Wireless Earbuds,Mobile,2,4726.34,0.0,0.55,UPI
TXN4ADDEF1B2B,2023-11-01,BR01,Eluru,Andhra Pradesh,CUST01833,Deepika Devi,Retail,P010,Wireless Mouse,Accessories,1,1072.66,0.0,0.4,Debit Card
TXN3CFFDFA277,2023-01-15,BR01,Eluru,Andhra Pradesh,CUST01486,,Retail,P017,Microwave Oven,Home Appliances,1,12540.53,0.0,0.75,Debit Card
TXN1FBB557100,2023-09-29,BR01,Eluru,Andhra Pradesh,CUST00515,Naveen Devi,Retail,P004,Wireless Earbuds,Mobile,1,4447.19,0.15,0.55,UPI
TXN448B7D8DAE,2023-09-28,BR01,Eluru,Andhra Pradesh,CUST01420,Ravi Prasad,Retail,P018,LED TV 43-inch,Electronics,1,31348.82,0.15,0.8,Cash
TXN9B1F88389A,2023-01-04,BR01,Eluru,Andhra Pradesh,CUST01034,Manoj Rao,Retail,P003,Flagship Smartphone,Mobile,1,69867.7,0.0,0.75,UPI
TXNF1D90E1F1F,2024-11-30,BR01,Eluru,Andhra Pradesh,CUST00518,Praveen Rao,Retail,P014,Split AC 1.5 Ton,Home Appliances,1,32203.53,0.1,0.83,Net Banking
TXN8802ED7789,2023-06-24,BR01,Eluru,Andhra Pradesh,CUST01082,Ramesh Babu,Retail,P001,Budget Smartphone 4G,Mobile,2,8207.52,0.1,0.8,UPI
TXN8A27DD7767,2024-11-03,BR01,Eluru,Andhra Pradesh,CUST01486,Lakshmi Chowdary,Retail,P003,Flagship Smartphone,Mobile,1,83052.29,0.1,0.75,UPI
TXN646F93B06F,2024-08-18,BR01,Eluru,Andhra Pradesh,CUST01414,Priya Kumar,Retail,P004,Wireless Earbuds,Mobile,1,2094.61,0.0,0.55,Cash
TXN87BEBA8EBC,2023-03-25,BR01,Eluru,Andhra Pradesh,CUST00764,Kiran Naidu,Retail,P003,Flagship Smartphone,Mobile,1,66643.96,0.05,0.75,Net Banking
TXN3F727C4A03,2024-12-12,BR01,Eluru,Andhra Pradesh,CUST01635,Praveen Devi,Retail,P014,Split AC 1.5 Ton,Home Appliances,1,33592.04,0.0,0.83,Credit Card
TXN4F42AA0604,2023-03-06,BR01,Eluru,Andhra Pradesh,CUST01040,Anitha Devi,Retail,P011,Bluetooth Speaker,Accessories,1,1064.59,0.15,0.5,UPI
TXNA500FF4A79,2024-08-25,BR01,Eluru,Andhra Pradesh,CUST00005,Priya Reddy,Retail,P010,Wireless Mouse,Accessories,2,1340.28,0.1,0.4,UPI
TXN50FA10759B,2023-10-17,BR01,Eluru,Andhra Pradesh,CUST00382,Sandeep Sharma,Retail,P012,Mobile Charger,Accessories,3,528.34,0.25,0.42,Debit Card
TXNEB9213B8ED,2023-12-30,BR01,Eluru,Andhra Pradesh,CUST00537,Sandeep Babu,Retail,P020,Home Theatre System,Electronics,2,6459.92,0.0,0.6,Cash
TXN1840ACE906,2023-06-07,BR01,Eluru,Andhra Pradesh,CUST00168,Ramesh Prasad,Retail,P017,Microwave Oven,Home Appliances,2,6722.47,0.15,0.75,UPI
TXN8B18A1366F,2024-11-23,BR01,Eluru,Andhra Pradesh,CUST01935,Deepika Devi,Wholesale,P018,LED TV 43-inch,Electronics,1,24671.61,0.25,0.8,Debit Card
TXND782F3E616,2023-09-26,BR01,Eluru,Andhra Pradesh,CUST00505,Deepika Sharma,Retail,P019,LED TV 55-inch,Electronics,1,48884.93,0.15,0.79,Net Banking
TXNA1EE757784,2024-02-03,BR01,Eluru,Andhra Pradesh,CUST00377,Anitha Rao,Retail,P020,Home Theatre System,Electronics,2,6555.04,0.0,0.6,Cash
TXN6FC98F4C09,2024-05-25,BR01,Eluru,Andhra Pradesh,CUST00510,Lakshmi Chowdary,Retail,P010,Wireless Mouse,Accessories,2,696.44,0.1,0.4,UPI
TXNBE1C7CB50E,2024-02-14,BR01,Eluru,Andhra Pradesh,CUST00377,Anitha Rao,Retail,P018,LED TV 43-inch,Electronics,1,32532.9,0.0,0.8,UPI
TXN691EB91514,2023-07-30,BR01,Eluru,Andhra Pradesh,CUST00420,Swathi Babu,Retail,P021,Smart Watch,Electronics,2,4480.03,0.15,0.55,UPI
TXN5E028D04D6,2023-10-22,BR01,Eluru,Andhra Pradesh,CUST01110,Ravi Murthy,Retail,P001,Budget Smartphone 4G,Mobile,1,10835.9,0.25,0.8,Credit Card
TXN2020656518,2023-09-08,BR01,Eluru,Andhra Pradesh,CUST01026,Vikram Prasad,Retail,P021,Smart Watch,Electronics,1,9264.45,0.05,0.55,UPI
TXN049FE0480E,2023-01-16,BR01,Eluru,Andhra Pradesh,CUST00084,Suresh Prasad,Wholesale,P018,LED TV 43-inch,Electronics,1,27344.38,0.15,0.8,Net Banking
TXN8CA8B7F37F,2024-06-03,BR01,Eluru,Andhra Pradesh,CUST01502,Naveen Varma,Retail,P005,Entry Laptop i3,Laptop,1,34276.87,0.0,0.82,Cash
TXN5D151549C8,2024-06-26,BR01,Eluru,Andhra Pradesh,CUST01294,Aishwarya Prasad,Retail,P019,LED TV 55-inch,Electronics,1,45874.84,0.05,0.79,Credit Card
TXN8F21FC7223,2024-04-23,BR01,Eluru,Andhra Pradesh,CUST01673,Deepika Kumar,Retail,P013,Power Bank,Accessories,1,1998.22,0.0,0.48,UPI
TXN52F9AB9333,2024-10-26,BR01,Eluru,Andhra Pradesh,CUST00216,Naveen Naidu,Wholesale,P003,Flagship Smartphone,Mobile,1,45766.33,0.0,0.75,Credit Card
TXNB7F24CDF62,2023-04-04,BR01,Eluru,Andhra Pradesh,CUST01098,Sneha Chowdary,Retail,P007,Gaming Laptop i7,Laptop,1,88751.47,0.15,0.78,UPI
TXN976D12B936,2023-11-02,BR01,Eluru,Andhra Pradesh,CUST00691,Praveen Reddy,Retail,P008,Ultrabook Thin & Light,Laptop,1,57897.66,0.1,0.79,Debit Card
TXN17A38F9B78,2024-11-25,BR01,Eluru,Andhra Pradesh,CUST00243,Harika Murthy,Retail,P001,Budget Smartphone 4G,Mobile,1,12967.7,0.0,0.8,UPI
TXN0E86AE1B45,2023-07-12,BR01,Eluru,Andhra Pradesh,CUST01275,Kiran Sharma,Retail,P011,Bluetooth Speaker,Accessories,1,3765.95,0.0,0.5,Cash
TXNA6FFAEAF6F,2024-11-26,BR01,Eluru,Andhra Pradesh,CUST01903,Divya Sharma,Retail,P003,Flagship Smartphone,Mobile,1,59896.73,0.0,0.75,UPI
TXN795E7438F6,2023-07-19,BR01,Eluru,Andhra Pradesh,CUST01833,Deepika Devi,Retail,P002,Mid-range Smartphone 5G,Mobile,1,21765.19,0.1,0.78,UPI
TXNA5B4642DF8,2023-01-19,BR01,Eluru,Andhra Pradesh,CUST00924,Anitha Rao,Retail,P017,Microwave Oven,Home Appliances,2,9948.0,0.0,0.75,Credit Card
TXND12DE0A8E2,2024-05-11,BR01,Eluru,Andhra Pradesh,CUST01755,Ramesh Reddy,Retail,P021,Smart Watch,Electronics,2,4062.91,0.15,0.55,UPI
TXN99B39C81B1,2023-06-23,BR01,Eluru,Andhra Pradesh,CUST01899,Ramesh Varma,Retail,P006,Business Laptop i5,Laptop,1,59706.0,0.1,0.8,UPI
TXN0763AA3FA1,2023-10-05,BR01,Eluru,Andhra Pradesh,CUST00019,Suresh Reddy,Retail,P006,Business Laptop i5,Laptop,1,47303.1,0.05,0.8,Debit Card
TXN24251A79B6,2024-03-04,BR01,Eluru,Andhra Pradesh,CUST00780,Sneha Devi,Retail,P012,Mobile Charger,Accessories,2,334.67,0.0,0.42,Net Banking
TXNE4BD4D864C,2024-10-24,BR01,Eluru,Andhra Pradesh,CUST00229,Naveen Chowdary,Corporate,P006,Business Laptop i5,Laptop,1,44915.59,0.1,0.8,Credit Card
TXN909975FC60,2023-11-12,BR01,Eluru,Andhra Pradesh,CUST01658,Vikram Naidu,Retail,P003,Flagship Smartphone,Mobile,1,80582.51,0.2,0.75,Debit Card
TXN53A74CCA6C,2024-12-22,BR01,Eluru,Andhra Pradesh,CUST00328,Ajay Kumar,Retail,P001,Budget Smartphone 4G,Mobile,2,11750.24,0.15,0.8,UPI
TXN9B56C2EB55,2023-07-16,BR01,Eluru,Andhra Pradesh,CUST01872,Swathi Naidu,Retail,P013,Power Bank,Accessories,2,1975.64,0.0,0.48,UPI
TXN29B887D84E,2023-08-09,BR01,Eluru,Andhra Pradesh,CUST00008,Ajay Devi,Retail,P004,Wireless Earbuds,Mobile,1,2228.94,0.05,0.55,Cash
TXN0C83FAAA9E,2023-04-15,BR01,Eluru,Andhra Pradesh,CUST00890,Sandeep Sarma,Retail,P009,Laptop Bag,Accessories,1,1943.52,0.1,0.45,Cash
TXN9AFEF56748,2023-03-08,BR01,Eluru,Andhra Pradesh,CUST01253,Sneha Murthy,Retail,P019,LED TV 55-inch,Electronics,1,48770.1,0.15,0.79,UPI
TXN2CDCEADC83,2024-11-01,BR01,Eluru,Andhra Pradesh,CUST00777,Kavya Prasad,Retail,P020,Home Theatre System,Electronics,1,6668.47,0.05,0.6,Net Banking
TXNCD49FF2816,2024-08-30,BR01,Eluru,Andhra Pradesh,CUST01568,Priya Reddy,Retail,P020,Home Theatre System,Electronics,2,16433.65,0.1,0.6,UPI
TXN807298D9B6,2023-10-16,BR01,Eluru,Andhra Pradesh,CUST00303,Naveen Naidu,Retail,P007,Gaming Laptop i7,Laptop,1,95032.88,0.1,0.78,UPI
TXNBE42200CBD,2024-12-19,BR01,Eluru,Andhra Pradesh,CUST00034,Naveen Babu,Retail,P009,Laptop Bag,Accessories,1,992.65,0.0,0.45,Debit Card
TXN18157BD669,2023-10-22,BR01,Eluru,Andhra Pradesh,CUST00712,Priya Reddy,Retail,P002,Mid-range Smartphone 5G,Mobile,1,20945.24,0.2,0.78,UPI
TXNDA7444070F,2024-08-19,BR01,Eluru,Andhra Pradesh,CUST00059,Suresh Devi,Wholesale,P012,Mobile Charger,Accessories,1,1367.9,0.15,0.42,UPI
TXNB0DFC329DE,2024-11-02,BR01,Eluru,Andhra Pradesh,CUST01364,Praveen Rao,Retail,P012,Mobile Charger,Accessories,3,813.64,0.1,0.42,Credit Card
TXNABF2CE574E,2024-06-28,BR01,Eluru,Andhra Pradesh,CUST00116,Lakshmi Kumar,Retail,P019,LED TV 55-inch,Electronics,1,53352.21,0.1,0.79,Net Banking
TXN6941C9322F,2023-11-25,BR01,Eluru,Andhra Pradesh,CUST00315,Lakshmi Kumar,Retail,P017,Microwave Oven,Home Appliances,1,8128.55,0.15,0.75,UPI
TXN207D928ED5,2024-12-12,BR01,Eluru,Andhra Pradesh,CUST01364,Praveen Rao,Retail,P006,Business Laptop i5,Laptop,1,48673.63,0.0,0.8,Debit Card
TXN87A069EADA,2023-09-24,BR01,Eluru,Andhra Pradesh,CUST01865,Pooja Prasad,Retail,P016,Washing Machine,Home Appliances,1,18035.63,0.0,0.8,UPI
TXNE78DA9DEEC,2023-03-07,BR01,Eluru,Andhra Pradesh,CUST00886,Manoj Varma,Retail,P004,Wireless Earbuds,Mobile,2,4958.24,0.15,0.55,UPI
TXN7B4883AD38,2023-11-14,BR01,Eluru,Andhra Pradesh,CUST01984,Divya Rao,Retail,P002,Mid-range Smartphone 5G,Mobile,1,26074.06,0.2,0.78,UPI
TXN6630401E13,2024-02-24,BR01,Eluru,Andhra Pradesh,CUST01068,Arjun Devi,Corporate,P015,Refrigerator 300L,Home Appliances,1,26502.54,0.1,0.82,UPI
TXNE27CC8C7E0,2024-04-06,BR01,Eluru,Andhra Pradesh,CUST01089,Priya Rao,Retail,P010,Wireless Mouse,Accessories,2,1085.58,0.0,0.4,UPI
TXN78C1D1CFD7,2023-06-21,BR01,Eluru,Andhra Pradesh,CUST01968,Manoj Sharma,Retail,P003,Flagship Smartphone,Mobile,1,83596.92,0.0,0.75,UPI
TXN3155535D66,2023-11-16,BR01,Eluru,Andhra Pradesh,CUST00511,Manoj Kumar,Wholesale,P009,Laptop Bag,Accessories,1,1511.57,0.25,0.45,UPI
TXNC659326B16,2024-11-04,BR01,Eluru,Andhra Pradesh,CUST00970,Lakshmi Kumar,Retail,P012,Mobile Charger,Accessories,1,982.76,0.15,0.42,UPI
TXNA6E9E944DB,2023-10-19,BR01,Eluru,Andhra Pradesh,CUST00531,Pooja Devi,Retail,P007,Gaming Laptop i7,Laptop,1,129780.17,0.15,0.78,Credit Card
TXN33410B08D8,2024-07-17,BR01,Eluru,Andhra Pradesh,CUST00602,Sneha Sarma,Retail,P011,Bluetooth Speaker,Accessories,1,3765.17,0.0,0.5,UPI
TXN20CDD05A35,2024-10-20,BR01,Eluru,Andhra Pradesh,CUST00813,Suresh Devi,Retail,P001,Budget Smartphone 4G,Mobile,4,10984.71,0.0,0.8,Cash
TXN03F6DEB5E3,2023-01-15,BR01,Eluru,Andhra Pradesh,CUST00810,Meena Prasad,Wholesale,P021,Smart Watch,Electronics,3,9200.55,0.0,0.55,UPI
TXN64A3455047,2023-02-19,BR01,Eluru,Andhra Pradesh,CUST00634,Aishwarya Sarma,Retail,P014,Split AC 1.5 Ton,Home Appliances,1,42554.36,0.15,0.83,Net Banking
TXN8494F33C3C,2023-07-09,BR01,Eluru,Andhra Pradesh,CUST01415,Vikram Sharma,Retail,P013,Power Bank,Accessories,3,860.01,0.05,0.48,UPI
TXN8F9058DACC,2023-10-16,BR01,Eluru,Andhra Pradesh,CUST01999,Ajay Varma,Retail,P010,Wireless Mouse,Accessories,1,685.05,0.25,0.4,Debit Card
TXNBB524EFB37,2023-06-15,BR01,Eluru,Andhra Pradesh,CUST00814,Ajay Sharma,Retail,P011,Bluetooth Speaker,Accessories,1,3420.96,0.15,0.5,UPI
TXN0CE7085E42,2024-11-12,BR01,Eluru,Andhra Pradesh,CUST00402,Sneha Babu,Retail,P021,Smart Watch,Electronics,1,11820.66,0.2,0.55,UPI
TXN24565FE517,2024-10-22,BR01,Eluru,Andhra Pradesh,CUST00955,Anitha Chowdary,Retail,P001,Budget Smartphone 4G,Mobile,1,11591.52,0.0,0.8,UPI
TXN165E6714FD,2024-05-11,BR01,Eluru,Andhra Pradesh,CUST00956,Meena Devi,Retail,P020,Home Theatre System,Electronics,3,19501.51,0.15,0.6,Net Banking
TXN871015FC36,2024-11-03,BR01,Eluru,Andhra Pradesh,CUST01771,Suresh Devi,Retail,P001,Budget Smartphone 4G,Mobile,2,13469.24,0.15,0.8,UPI
TXN2D61956E45,2023-09-12,BR01,Eluru,Andhra Pradesh,CUST00043,Ramesh Devi,Retail,P011,Bluetooth Speaker,Accessories,2,4638.94,0.0,0.5,UPI
TXNF70FB2DB55,2024-05-28,BR01,Eluru,Andhra Pradesh,CUST01712,Naveen Chowdary,Retail,P001,Budget Smartphone 4G,Mobile,1,12572.97,0.0,0.8,UPI
TXN164E061B21,2023-01-20,BR01,Eluru,Andhra Pradesh,CUST00888,Sneha Sarma,Retail,P006,Business Laptop i5,Laptop,1,49789.19,0.0,0.8,UPI
TXN58DE238EEB,2023-12-01,BR01,Eluru,Andhra Pradesh,CUST01735,Pooja Murthy,Retail,P012,Mobile Charger,Accessories,1,598.96,0.1,0.42,Net Banking
TXN5C616149A6,2023-11-25,BR01,Eluru,Andhra Pradesh,CUST00354,Ramesh Reddy,Retail,P002,Mid-range Smartphone 5G,Mobile,1,17106.36,0.2,0.78,UPI
TXN4455681D74,2024-05-05,BR01,Eluru,Andhra Pradesh,CUST00286,Divya Murthy,Retail,P017,Microwave Oven,Home Appliances,1,6465.45,0.1,0.75,Cash
TXND0804C30E2,2024-03-31,BR01,Eluru,Andhra Pradesh,CUST01812,Naveen Naidu,Retail,P010,Wireless Mouse,Accessories,2,306.33,0.0,0.4,Debit Card
TXN3A2D356FAE,2023-08-10,BR01,Eluru,Andhra Pradesh,CUST01139,Vikram Kumar,Retail,P010,Wireless Mouse,Accessories,3,909.95,0.0,0.4,Net Banking
TXN5D6640CAC0,2024-08-02,BR01,Eluru,Andhra Pradesh,CUST00213,Kiran Prasad,Retail,P008,Ultrabook Thin & Light,Laptop,1,93705.62,0.0,0.79,UPI
TXN039C4C20DD,2023-08-19,BR01,Eluru,Andhra Pradesh,CUST00380,Divya Varma,Corporate,P018,LED TV 43-inch,Electronics,1,34806.63,0.0,0.8,UPI
TXN8769632DE9,2024-10-25,BR01,Eluru,Andhra Pradesh,CUST01481,Sandeep Prasad,Wholesale,P019,LED TV 55-inch,Electronics,1,59784.24,0.0,0.79,Cash
TXNB305064866,2024-04-27,BR01,Eluru,Andhra Pradesh,CUST01066,Aishwarya Devi,Retail,P019,LED TV 55-inch,Electronics,1,53346.22,0.05,0.79,Net Banking
TXNF8411833E1,2024-12-08,BR01,Eluru,Andhra Pradesh,CUST01685,Suresh Devi,Retail,P008,Ultrabook Thin & Light,Laptop,1,63149.26,0.0,0.79,Cash
TXN1822BB3BFE,2023-07-30,BR01,Eluru,Andhra Pradesh,CUST01506,Lakshmi Chowdary,Retail,P001,Budget Smartphone 4G,Mobile,1,8574.58,0.0,0.8,UPI
TXNB4688BDC3C,2023-02-05,BR01,Eluru,Andhra Pradesh,CUST00537,Sandeep Babu,Retail,P019,LED TV 55-inch,Electronics,1,43681.37,0.05,0.79,Debit Card
TXN1C4F6A2B3A,2023-06-05,BR01,Eluru,Andhra Pradesh,CUST01261,Deepika Chowdary,Retail,P012,Mobile Charger,Accessories,4,681.71,0.0,0.42,UPI
TXN089B3F5EA0,2024-10-24,BR01,Eluru,Andhra Pradesh,CUST01722,Ajay Devi,Retail,P008,Ultrabook Thin & Light,Laptop,1,86903.7,0.0,0.79,Credit Card
TXN94B331D899,2023-07-01,BR01,Eluru,Andhra Pradesh,CUST01754,Priya Kumar,Retail,P002,Mid-range Smartphone 5G,Mobile,1,23580.12,0.0,0.78,Cash
TXN4C9B75746A,2023-07-08,BR01,Eluru,Andhra Pradesh,CUST01109,Kiran Rao,Retail,P010,Wireless Mouse,Accessories,1,984.08,0.1,0.4,UPI
TXNE19A170606,2023-05-22,BR01,Eluru,Andhra Pradesh,CUST01148,Ajay Reddy,Retail,P006,Business Laptop i5,Laptop,1,51097.21,0.1,0.8,Cash
TXN328AC0AAC1,2024-01-16,BR01,Eluru,Andhra Pradesh,CUST01240,Sandeep Varma,Corporate,P016,Washing Machine,Home Appliances,1,29785.06,0.0,0.8,Credit Card
TXNAA485BFB53,2024-02-20,BR01,Eluru,Andhra Pradesh,CUST00144,Suresh Naidu,Retail,P019,LED TV 55-inch,Electronics,1,45362.07,0.1,0.79,Net Banking
TXNB69836DC20,2023-12-18,BR01,Eluru,Andhra Pradesh,CUST01953,Priya Sarma,Retail,P007,Gaming Laptop i7,Laptop,1,129386.74,0.05,0.78,UPI
TXND5AA2ECB83,2023-07-25,BR01,Eluru,Andhra Pradesh,CUST00923,Priya Babu,Retail,P011,Bluetooth Speaker,Accessories,1,4863.84,0.05,0.5,Cash
TXN7DCF56E258,2024-11-28,BR01,Eluru,Andhra Pradesh,CUST00044,Meena Reddy,Retail,P019,LED TV 55-inch,Electronics,1,48397.88,0.15,0.79,Cash
TXND66F6991A2,2023-08-06,BR01,Eluru,Andhra Pradesh,CUST00363,Divya Varma,Retail,P015,Refrigerator 300L,Home Appliances,1,37072.12,0.15,0.82,UPI
TXN21223E47EE,2023-04-22,BR01,Eluru,Andhra Pradesh,CUST01297,Manoj Varma,Corporate,P013,Power Bank,Accessories,2,1257.63,0.15,0.48,Credit Card
TXN0CB805A040,2023-12-24,BR01,Eluru,Andhra Pradesh,CUST00759,Ajay Sarma,Retail,P019,LED TV 55-inch,Electronics,1,40136.78,0.05,0.79,UPI
TXN1EB19BE00F,2024-03-08,BR01,Eluru,Andhra Pradesh,CUST00699,Pooja Chowdary,Retail,P013,Power Bank,Accessories,1,2168.83,0.0,0.48,Cash
TXN033CC5759D,2024-11-07,BR01,Eluru,Andhra Pradesh,CUST01067,Ajay Naidu,Retail,P008,Ultrabook Thin & Light,Laptop,1,77588.77,0.2,0.79,Credit Card
TXN10A269EF39,2024-11-26,BR01,Eluru,Andhra Pradesh,CUST00478,Meena Murthy,Retail,P003,Flagship Smartphone,Mobile,1,86881.1,0.0,0.75,UPI
TXN2BE7B3BC3E,2024-03-18,BR01,Eluru,Andhra Pradesh,CUST00954,Arjun Rao,Retail,P009,Laptop Bag,Accessories,1,863.03,0.0,0.45,UPI
TXN7B9CE0ED03,2024-12-07,BR01,Eluru,Andhra Pradesh,CUST00089,Priya Kumar,Retail,P009,Laptop Bag,Accessories,3,1064.41,0.0,0.45,Credit Card
TXN6AA569A35E,2024-07-27,BR01,Eluru,Andhra Pradesh,CUST00026,Harika Varma,Retail,P020,Home Theatre System,Electronics,1,16570.63,0.15,0.6,Credit Card
TXN401A74C0C3,2023-10-15,BR01,Eluru,Andhra Pradesh,CUST01638,Deepika Murthy,Wholesale,P018,LED TV 43-inch,Electronics,1,34696.69,0.15,0.8,UPI
TXN3B1CA0A7FA,2023-12-11,BR01,Eluru,Andhra Pradesh,CUST01119,Aishwarya Murthy,Retail,P002,Mid-range Smartphone 5G,Mobile,1,23550.88,0.15,0.78,UPI
TXN72B2D6ED7C,2024-11-26,BR01,Eluru,Andhra Pradesh,CUST01531,Meena Chowdary,Wholesale,P001,Budget Smartphone 4G,Mobile,2,8603.86,0.05,0.8,UPI
TXNC5861C12D8,2023-10-03,BR01,Eluru,Andhra Pradesh,CUST01830,Deepika Murthy,Retail,P019,LED TV 55-inch,Electronics,1,49193.41,0.25,0.79,Debit Card
TXN6C07C99E63,2023-06-06,BR01,Eluru,Andhra Pradesh,CUST01449,Praveen Reddy,Retail,P017,Microwave Oven,Home Appliances,2,7095.82,0.15,0.75,UPI
TXN811EA44EEC,2023-10-22,BR01,Eluru,Andhra Pradesh,CUST01578,Meena Naidu,Retail,P011,Bluetooth Speaker,Accessories,4,2726.28,0.15,0.5,UPI
TXN0B8087EB7A,2023-10-07,BR01,Eluru,Andhra Pradesh,CUST00647,Deepika Prasad,Corporate,P012,Mobile Charger,Accessories,2,1274.27,0.25,0.42,UPI
TXN10A0A18533,2023-01-02,BR01,Eluru,Andhra Pradesh,CUST01694,Manoj Sarma,Retail,P010,Wireless Mouse,Accessories,1,634.23,0.05,0.4,Net Banking
TXN71B35A297E,2023-11-26,BR01,Eluru,Andhra Pradesh,CUST01248,Sandeep Reddy,Retail,P006,Business Laptop i5,Laptop,1,59400.0,0.1,0.8,Credit Card
TXND693EF58D8,2023-01-31,BR01,Eluru,Andhra Pradesh,CUST00299,Arjun Kumar,Retail,P013,Power Bank,Accessories,3,2131.58,0.1,0.48,UPI
TXNED775BCE24,2024-05-16,BR01,Eluru,Andhra Pradesh,CUST00362,Suresh Varma,Retail,P021,Smart Watch,Electronics,1,5762.5,0.1,0.55,Net Banking
TXND8D1993BD7,2023-02-10,BR01,Eluru,Andhra Pradesh,CUST01510,Meena Varma,Retail,P008,Ultrabook Thin & Light,Laptop,1,75522.85,0.0,0.79,UPI
TXN16F5362AD7,2023-04-25,BR01,Eluru,Andhra Pradesh,CUST01816,Meena Chowdary,Wholesale,P009,Laptop Bag,Accessories,1,1412.81,0.1,0.45,Debit Card
TXN36AD298CE7,2023-08-22,BR01,Eluru,Andhra Pradesh,CUST01615,Ramesh Babu,Retail,P016,Washing Machine,Home Appliances,1,27417.26,0.1,0.8,Net Banking
TXN58C4E6A0EC,2024-06-12,BR01,Eluru,Andhra Pradesh,CUST01805,Deepika Varma,Retail,P006,Business Laptop i5,Laptop,1,55535.04,0.1,0.8,Cash
TXN34367BE2DC,2023-09-21,BR01,Eluru,Andhra Pradesh,CUST00999,Manoj Chowdary,Retail,P021,Smart Watch,Electronics,1,10270.7,0.0,0.55,Credit Card
TXND587F6D298,2023-05-12,BR01,Eluru,Andhra Pradesh,CUST01184,Harika Naidu,Retail,P007,Gaming Laptop i7,Laptop,1,126379.24,0.1,0.78,Debit Card
TXN5940FF8811,2024-04-27,BR01,Eluru,Andhra Pradesh,CUST01411,Suresh Prasad,Wholesale,P020,Home Theatre System,Electronics,1,14795.25,0.0,0.6,Debit Card
TXNB5ABD10443,2024-10-18,BR01,Eluru,Andhra Pradesh,CUST01412,Srinivas Rao,Wholesale,P006,Business Laptop i5,Laptop,1,44323.45,0.0,0.8,UPI
TXNE0C122C2B0,2024-07-01,BR01,Eluru,Andhra Pradesh,CUST00322,Srinivas Sharma,Retail,P012,Mobile Charger,Accessories,1,926.62,0.0,0.42,Net Banking
TXNE252BCACB9,2023-11-22,BR01,Eluru,Andhra Pradesh,CUST01433,Divya Prasad,Retail,P011,Bluetooth Speaker,Accessories,2,2070.1,0.15,0.5,Cash
TXNB9FF0516B0,2023-12-21,BR01,Eluru,Andhra Pradesh,CUST01923,Priya Prasad,Retail,P009,Laptop Bag,Accessories,3,1262.71,0.15,0.45,UPI
TXN0FD915FE71,2023-02-28,BR01,Eluru,Andhra Pradesh,CUST01969,Praveen Chowdary,Wholesale,P020,Home Theatre System,Electronics,3,7489.96,0.0,0.6,UPI
TXN71225B50E8,2024-06-09,BR01,Eluru,Andhra Pradesh,CUST00376,Ramesh Naidu,Retail,P010,Wireless Mouse,Accessories,1,482.65,0.0,0.4,Credit Card
TXNB269B0B93F,2024-08-27,BR01,Eluru,Andhra Pradesh,CUST01831,Sandeep Babu,Retail,P020,Home Theatre System,Electronics,2,19363.04,0.05,0.6,Debit Card
TXNB52A791E45,2023-03-08,BR01,Eluru,Andhra Pradesh,CUST01354,Ramesh Varma,Corporate,P007,Gaming Laptop i7,Laptop,1,116835.68,0.0,0.78,Debit Card
TXN187FD69E06,2024-01-20,BR01,Eluru,Andhra Pradesh,CUST01324,Aishwarya Kumar,Retail,P010,Wireless Mouse,Accessories,2,1432.6,0.15,0.4,Credit Card
TXNA1124831E6,2024-10-02,BR01,Eluru,Andhra Pradesh,CUST00218,Kavya Reddy,Retail,P001,Budget Smartphone 4G,Mobile,2,8295.36,0.15,0.8,Cash
TXN1F42C03BAE,2024-11-11,BR01,Eluru,Andhra Pradesh,CUST00890,Sandeep Sarma,Retail,P001,Budget Smartphone 4G,Mobile,3,8328.34,0.25,0.8,UPI
TXNB0FD517552,2024-05-17,BR01,Eluru,Andhra Pradesh,CUST01828,Meena Naidu,Retail,P001,Budget Smartphone 4G,Mobile,1,9936.47,0.0,0.8,Net Banking
TXNBE8DACE651,2024-04-27,BR01,Eluru,Andhra Pradesh,CUST01381,Vikram Prasad,Retail,P019,LED TV 55-inch,Electronics,1,48118.59,0.1,0.79,UPI
TXN2DDD042903,2023-06-02,BR01,Eluru,Andhra Pradesh,CUST00705,Anitha Sharma,Corporate,P004,Wireless Earbuds,Mobile,4,4406.59,0.0,0.55,UPI
TXN1472317D69,2024-07-22,BR01,Eluru,Andhra Pradesh,CUST00173,Sneha Babu,Retail,P019,LED TV 55-inch,Electronics,1,43908.57,0.0,0.79,Debit Card
TXN3166E4C7DF,2024-03-02,BR01,Eluru,Andhra Pradesh,CUST01494,Kavya Sharma,Retail,P001,Budget Smartphone 4G,Mobile,1,9674.92,0.1,0.8,Debit Card
TXN8F951A3284,2023-10-28,BR01,Eluru,Andhra Pradesh,CUST00773,Priya Rao,Retail,P004,Wireless Earbuds,Mobile,2,3302.79,0.15,0.55,Credit Card
TXN92FE1996B2,2023-11-09,BR01,Eluru,Andhra Pradesh,CUST00196,Kiran Varma,Retail,P018,LED TV 43-inch,Electronics,1,28319.03,0.15,0.8,UPI
TXN1CE64989BD,2023-03-28,BR01,Eluru,Andhra Pradesh,CUST00580,Pooja Devi,Corporate,P005,Entry Laptop i3,Laptop,1,37622.72,0.15,0.82,UPI
TXN3AE86D3974,2024-10-31,BR01,Eluru,Andhra Pradesh,CUST01903,Divya Sharma,Retail,P020,Home Theatre System,Electronics,1,5336.28,0.15,0.6,UPI
TXN05D81B9CA1,2023-08-10,BR01,Eluru,Andhra Pradesh,CUST00466,Harika Sarma,Retail,P012,Mobile Charger,Accessories,1,665.66,0.15,0.42,UPI
TXNA0CA3D5E92,2024-06-12,BR01,Eluru,Andhra Pradesh,CUST00036,Meena Devi,Retail,P020,Home Theatre System,Electronics,3,13451.65,0.15,0.6,UPI
TXNA44DEF0D75,2023-04-19,BR01,Eluru,Andhra Pradesh,CUST01089,Priya Rao,Retail,P011,Bluetooth Speaker,Accessories,1,3659.52,0.0,0.5,Credit Card
TXNDF52C80D70,2023-06-28,BR01,Eluru,Andhra Pradesh,CUST00129,Swathi Kumar,Retail,P012,Mobile Charger,Accessories,4,660.77,0.0,0.42,UPI
TXND4FF8DE9E9,2023-07-15,BR01,Eluru,Andhra Pradesh,CUST01317,Swathi Murthy,Retail,P011,Bluetooth Speaker,Accessories,1,4054.79,0.0,0.5,Net Banking
TXN9952002977,2023-06-24,BR01,Eluru,Andhra Pradesh,CUST01781,Srinivas Devi,Retail,P004,Wireless Earbuds,Mobile,4,4443.85,0.1,0.55,Debit Card
TXN066300342C,2024-04-20,BR01,Eluru,Andhra Pradesh,CUST01989,Lakshmi Murthy,Retail,P008,Ultrabook Thin & Light,Laptop,1,86546.36,0.1,0.79,UPI
TXN1382E21616,2024-04-25,BR01,Eluru,Andhra Pradesh,CUST00475,Lakshmi Sharma,Wholesale,P002,Mid-range Smartphone 5G,Mobile,1,24693.98,0.0,0.78,UPI
TXN5EF41C4566,2023-02-09,BR01,Eluru,Andhra Pradesh,CUST01785,Anitha Prasad,Retail,P018,LED TV 43-inch,Electronics,1,24128.32,0.05,0.8,Net Banking
TXN0A911EA845,2024-02-22,BR01,Eluru,Andhra Pradesh,CUST01227,Divya Prasad,Retail,P010,Wireless Mouse,Accessories,3,1097.62,0.05,0.4,UPI
TXNAA339F2430,2024-12-02,BR01,Eluru,Andhra Pradesh,CUST00370,Sandeep Babu,Wholesale,P004,Wireless Earbuds,Mobile,1,5584.9,0.15,0.55,UPI
TXN313FCB58C5,2023-08-13,BR01,Eluru,Andhra Pradesh,CUST01849,Lakshmi Rao,Corporate,P001,Budget Smartphone 4G,Mobile,2,10063.78,0.0,0.8,Credit Card
TXNEC9995887D,2024-07-06,BR01,Eluru,Andhra Pradesh,CUST01973,Ramesh Prasad,Corporate,P002,Mid-range Smartphone 5G,Mobile,2,16777.47,0.1,0.78,UPI
TXN9A88F79216,2023-04-29,BR01,Eluru,Andhra Pradesh,CUST01022,Naveen Reddy,Retail,P013,Power Bank,Accessories,1,1779.05,0.0,0.48,Net Banking
TXNE914CD588F,2023-02-28,BR01,Eluru,Andhra Pradesh,CUST01715,Kiran Murthy,Retail,P013,Power Bank,Accessories,1,1566.39,0.0,0.48,UPI
TXN329C481B8F,2023-06-25,BR01,Eluru,Andhra Pradesh,CUST00347,Swathi Reddy,Retail,P012,Mobile Charger,Accessories,4,1087.3,0.1,0.42,Net Banking
TXN4830539C13,2024-03-03,BR01,Eluru,Andhra Pradesh,CUST01383,Lakshmi Reddy,Retail,P003,Flagship Smartphone,Mobile,1,57576.63,0.05,0.75,UPI
TXN49DD93D58C,2023-07-23,BR01,Eluru,Andhra Pradesh,CUST01695,Deepika Prasad,Retail,P012,Mobile Charger,Accessories,1,663.27,0.0,0.42,UPI
TXNB04E724F2A,2023-12-26,BR01,Eluru,Andhra Pradesh,CUST01291,Anitha Chowdary,Retail,P013,Power Bank,Accessories,1,2345.3,0.1,0.48,UPI
TXN3BE04B8973,2023-12-09,BR01,Eluru,Andhra Pradesh,CUST01383,Lakshmi Reddy,Retail,P004,Wireless Earbuds,Mobile,3,2565.78,0.0,0.55,Cash
TXN0F52C6982A,2024-05-05,BR01,Eluru,Andhra Pradesh,CUST01009,Manoj Prasad,Wholesale,P010,Wireless Mouse,Accessories,2,1279.78,0.0,0.4,Cash
TXN0F6E4E9218,2024-07-19,BR01,Eluru,Andhra Pradesh,CUST00382,Sandeep Sharma,Retail,P010,Wireless Mouse,Accessories,1,1106.83,0.0,0.4,Credit Card
TXN89AC9D034E,2023-10-12,BR01,Eluru,Andhra Pradesh,CUST01991,Naveen Rao,Wholesale,P001,Budget Smartphone 4G,Mobile,2,9220.62,0.15,0.8,Credit Card
TXNC56275BE4C,2024-05-26,BR01,Eluru,Andhra Pradesh,CUST00890,Sandeep Sarma,Retail,P001,Budget Smartphone 4G,Mobile,3,12852.16,0.0,0.8,Cash
TXN9147FED692,2024-10-19,BR01,Eluru,Andhra Pradesh,CUST01681,Srinivas Babu,Wholesale,P002,Mid-range Smartphone 5G,Mobile,1,16276.22,0.0,0.78,UPI
TXN36E481E236,2024-06-17,BR01,Eluru,Andhra Pradesh,CUST00232,Divya Babu,Retail,P002,Mid-range Smartphone 5G,Mobile,1,20458.5,0.0,0.78,Debit Card
TXN7A855505A3,2023-03-15,BR01,Eluru,Andhra Pradesh,CUST01386,Deepika Rao,Retail,P004,Wireless Earbuds,Mobile,3,5971.74,0.05,0.55,UPI
TXNB60BB039B1,2023-11-16,BR01,Eluru,Andhra Pradesh,CUST01716,Kavya Murthy,Retail,P013,Power Bank,Accessories,1,2256.96,0.25,0.48,UPI
TXN252829CB07,2024-05-25,BR01,Eluru,Andhra Pradesh,CUST00743,Deepika Varma,Retail,P015,Refrigerator 300L,Home Appliances,1,32960.46,0.0,0.82,UPI
TXN9570B333ED,2024-07-27,BR01,Eluru,Andhra Pradesh,CUST01491,Deepika Sharma,Retail,P008,Ultrabook Thin & Light,Laptop,1,94970.48,0.1,0.79,UPI
TXNCBAF06E143,2024-07-21,BR01,Eluru,Andhra Pradesh,CUST00377,Anitha Rao,Retail,P018,LED TV 43-inch,Electronics,1,22065.4,0.0,0.8,Credit Card
TXN0BE2B79166,2023-02-24,BR01,Eluru,Andhra Pradesh,CUST01901,Lakshmi Devi,Retail,P005,Entry Laptop i3,Laptop,1,29511.32,0.0,0.82,UPI
TXN7F00D10E9F,2024-12-24,BR01,Eluru,Andhra Pradesh,CUST01049,Sneha Naidu,Retail,P014,Split AC 1.5 Ton,Home Appliances,1,39487.55,0.15,0.83,Credit Card
TXN5D509026C8,2024-01-25,BR01,Eluru,Andhra Pradesh,CUST01294,Aishwarya Prasad,Retail,P003,Flagship Smartphone,Mobile,1,70263.18,0.15,0.75,UPI
TXN512A1E702D,2024-12-02,BR01,Eluru,Andhra Pradesh,CUST01850,Kavya Devi,Retail,P011,Bluetooth Speaker,Accessories,2,2942.26,0.1,0.5,UPI
TXNA93F9E48C1,2023-07-24,BR01,Eluru,Andhra Pradesh,CUST00007,,Retail,P017,Microwave Oven,Home Appliances,2,12889.12,0.15,0.75,UPI
TXN1F2795F753,2024-03-18,BR01,Eluru,Andhra Pradesh,CUST00792,Manoj Naidu,Retail,P013,Power Bank,Accessories,1,1769.85,0.15,0.48,Net Banking
TXNBB6FA6E694,2024-01-14,BR01,Eluru,Andhra Pradesh,CUST01223,Deepika Chowdary,Retail,P001,Budget Smartphone 4G,Mobile,2,13821.89,0.05,0.8,UPI
TXN4EF3B543C0,2023-10-15,BR01,Eluru,Andhra Pradesh,CUST01100,Kavya Rao,Retail,P012,Mobile Charger,Accessories,1,892.4,0.2,0.42,UPI
TXN4B454D1C58,2024-12-27,BR01,Eluru,Andhra Pradesh,CUST01109,Kiran Rao,Retail,P018,LED TV 43-inch,Electronics,1,25125.93,0.0,0.8,UPI
TXN08A8C72CCF,2024-09-23,BR01,Eluru,Andhra Pradesh,CUST00720,Naveen Devi,Retail,P014,Split AC 1.5 Ton,Home Appliances,1,38357.8,0.05,0.83,Debit Card
TXN393FEC9B47,2023-01-16,BR01,Eluru,Andhra Pradesh,CUST01906,Kavya Babu,Retail,P003,Flagship Smartphone,Mobile,1,46735.92,0.05,0.75,Debit Card
TXN3DFEB251B0,2023-04-25,BR01,Eluru,Andhra Pradesh,CUST01369,Arjun Sarma,Wholesale,P007,Gaming Laptop i7,Laptop,1,129223.49,0.05,0.78,Debit Card
TXN4C8F14CDA2,2024-09-21,BR01,Eluru,Andhra Pradesh,CUST01492,Ajay Sarma,Retail,P013,Power Bank,Accessories,1,1755.46,0.0,0.48,UPI
TXN5F3DECFB97,2023-04-15,BR01,Eluru,Andhra Pradesh,CUST00474,Deepika Prasad,Retail,P004,Wireless Earbuds,Mobile,4,4895.55,0.05,0.55,Net Banking
TXN7D048176E8,2024-10-14,BR01,Eluru,Andhra Pradesh,CUST01860,Meena Prasad,Retail,P012,Mobile Charger,Accessories,4,777.99,0.05,0.42,Net Banking
TXNB378FBF948,2024-06-28,BR01,Eluru,Andhra Pradesh,CUST01174,Ramesh Reddy,Retail,P011,Bluetooth Speaker,Accessories,1,4946.25,0.1,0.5,Debit Card
TXN331B0A20A7,2024-01-29,BR01,Eluru,Andhra Pradesh,CUST00822,Swathi Prasad,Retail,P007,Gaming Laptop i7,Laptop,1,128438.28,0.05,0.78,UPI
TXN4D182753D2,2023-11-08,BR01,Eluru,Andhra Pradesh,CUST00790,Harika Prasad,Retail,P014,Split AC 1.5 Ton,Home Appliances,1,33754.62,0.1,0.83,Cash
TXN75BB6CF570,2023-02-25,BR01,Eluru,Andhra Pradesh,CUST01852,Suresh Rao,Retail,P011,Bluetooth Speaker,Accessories,2,1185.82,0.0,0.5,UPI
TXNFF84A4D625,2024-05-31,BR01,Eluru,Andhra Pradesh,CUST01090,Ramesh Reddy,Retail,P019,LED TV 55-inch,Electronics,1,46795.79,0.05,0.79,Cash
TXN86F57FAA46,2023-11-28,BR01,Eluru,Andhra Pradesh,CUST01084,Naveen Varma,Corporate,P021,Smart Watch,Electronics,3,11105.97,0.1,0.55,UPI
TXN2A020CC7D8,2023-09-17,BR01,Eluru,Andhra Pradesh,CUST00961,Harika Devi,Corporate,P019,LED TV 55-inch,Electronics,1,50192.76,0.15,0.79,Net Banking
TXNC2F642766F,2023-11-11,BR01,Eluru,Andhra Pradesh,CUST00998,Praveen Babu,Retail,P004,Wireless Earbuds,Mobile,1,2323.87,0.0,0.55,UPI
TXNEE31495318,2024-10-21,BR01,Eluru,Andhra Pradesh,CUST00405,Lakshmi Prasad,Retail,P002,Mid-range Smartphone 5G,Mobile,2,15204.17,0.25,0.78,Credit Card
TXNA6AEED58CA,2024-08-24,BR01,Eluru,Andhra Pradesh,CUST01286,Lakshmi Prasad,Wholesale,P017,Microwave Oven,Home Appliances,3,11538.66,0.0,0.75,Cash
TXN5D4561CDA1,2024-02-05,BR01,Eluru,Andhra Pradesh,CUST00741,Anitha Devi,Retail,P010,Wireless Mouse,Accessories,1,825.56,0.0,0.4,Credit Card
TXND1C8071596,2023-09-16,BR01,Eluru,Andhra Pradesh,CUST02000,Deepika Sarma,Corporate,P010,Wireless Mouse,Accessories,1,917.69,0.0,0.4,UPI
TXNFA96069C19,2024-01-12,BR01,Eluru,Andhra Pradesh,CUST01248,Sandeep Reddy,Retail,P012,Mobile Charger,Accessories,4,374.35,0.0,0.42,UPI
TXN56E4B87513,2023-03-11,BR01,Eluru,Andhra Pradesh,CUST01526,Swathi Reddy,Corporate,P018,LED TV 43-inch,Electronics,1,26449.41,0.1,0.8,UPI
TXNDEF52E9F30,2024-07-23,BR01,Eluru,Andhra Pradesh,CUST01966,Aishwarya Prasad,Corporate,P011,Bluetooth Speaker,Accessories,1,4441.27,0.0,0.5,UPI
TXNF403CD74B3,2023-09-11,BR01,Eluru,Andhra Pradesh,CUST00160,Swathi Sharma,Retail,P021,Smart Watch,Electronics,1,10626.71,0.0,0.55,UPI
TXNB74DD92F5D,2024-08-05,BR01,Eluru,Andhra Pradesh,CUST00532,Ramesh Prasad,Retail,P018,LED TV 43-inch,Electronics,1,28318.91,0.05,0.8,UPI
TXNEA3C077CCB,2023-10-19,BR01,Eluru,Andhra Pradesh,CUST00202,Sandeep Chowdary,Retail,P001,Budget Smartphone 4G,Mobile,2,13185.22,0.05,0.8,UPI
TXN9D9BC30309,2024-01-19,BR01,Eluru,Andhra Pradesh,CUST01736,Deepika Chowdary,Wholesale,P003,Flagship Smartphone,Mobile,1,74707.15,0.0,0.75,Credit Card
TXN635858787A,2023-04-14,BR01,Eluru,Andhra Pradesh,CUST01699,Kiran Babu,Retail,P002,Mid-range Smartphone 5G,Mobile,1,20780.42,0.05,0.78,Cash
TXND9267556DB,2023-06-06,BR01,Eluru,Andhra Pradesh,CUST01726,Sneha Rao,Retail,P017,Microwave Oven,Home Appliances,2,9397.15,0.0,0.75,Debit Card
TXN740C8E12F6,2024-11-20,BR01,Eluru,Andhra Pradesh,CUST00860,Srinivas Sharma,Retail,P013,Power Bank,Accessories,1,1988.63,0.1,0.48,Cash
TXN864402F0DD,2023-04-22,BR01,Eluru,Andhra Pradesh,CUST01902,Vikram Prasad,Retail,P007,Gaming Laptop i7,Laptop,1,75263.8,0.15,0.78,Debit Card
TXN900E2DD7F4,2024-05-28,BR01,Eluru,Andhra Pradesh,CUST01970,Manoj Murthy,Retail,P004,Wireless Earbuds,Mobile,4,5528.64,0.15,0.55,UPI
TXN2B4767B692,2023-03-07,BR01,Eluru,Andhra Pradesh,CUST00314,Swathi Sharma,Retail,P015,Refrigerator 300L,Home Appliances,1,36682.16,0.0,0.82,Debit Card
TXNBA4595BC15,2024-07-02,BR01,Eluru,Andhra Pradesh,CUST00377,Anitha Rao,Retail,P004,Wireless Earbuds,Mobile,2,2144.35,0.1,0.55,Debit Card
TXNAE6FA66787,2023-09-07,BR01,Eluru,Andhra Pradesh,CUST00509,Ajay Babu,Retail,P001,Budget Smartphone 4G,Mobile,1,8944.03,0.15,0.8,Credit Card
TXN8AF6184F06,2024-09-06,BR01,Eluru,Andhra Pradesh,CUST00290,Anitha Devi,Retail,P011,Bluetooth Speaker,Accessories,1,4949.78,0.0,0.5,UPI
TXN5073424210,2024-01-13,BR01,Eluru,Andhra Pradesh,CUST00573,Sneha Naidu,Corporate,P004,Wireless Earbuds,Mobile,1,3490.58,0.0,0.55,Credit Card
TXN5A22AC2F09,2024-11-23,BR01,Eluru,Andhra Pradesh,CUST01916,Praveen Reddy,Retail,P004,Wireless Earbuds,Mobile,4,4985.54,0.0,0.55,Cash
TXNB6F352CECE,2024-10-05,BR01,Eluru,Andhra Pradesh,CUST00398,Arjun Kumar,Retail,P002,Mid-range Smartphone 5G,Mobile,1,20727.27,0.25,0.78,Debit Card
TXN57C871374F,2024-10-24,BR01,Eluru,Andhra Pradesh,CUST00486,Srinivas Varma,Retail,P018,LED TV 43-inch,Electronics,1,24875.61,0.05,0.8,UPI
TXN5FA297DA3D,2024-10-14,BR01,Eluru,Andhra Pradesh,CUST00751,Naveen Sharma,Corporate,P018,LED TV 43-inch,Electronics,1,27759.95,0.25,0.8,Debit Card
TXN4CE73ED87C,2024-07-06,BR01,Eluru,Andhra Pradesh,CUST01028,Praveen Sharma,Retail,P008,Ultrabook Thin & Light,Laptop,1,63313.21,0.0,0.79,Credit Card
TXN52055D1E0F,2024-12-14,BR01,Eluru,Andhra Pradesh,CUST00018,Pooja Murthy,Retail,P002,Mid-range Smartphone 5G,Mobile,1,25412.36,0.0,0.78,Net Banking
TXNA8B128B30A,2024-09-12,BR01,Eluru,Andhra Pradesh,CUST01639,Meena Prasad,Retail,P003,Flagship Smartphone,Mobile,1,81129.25,0.0,0.75,Cash
TXND16E962308,2024-08-24,BR01,Eluru,Andhra Pradesh,CUST00385,Sandeep Babu,Wholesale,P002,Mid-range Smartphone 5G,Mobile,1,26992.98,0.05,0.78,UPI
TXN9EA602B7B9,2024-08-01,BR01,Eluru,Andhra Pradesh,CUST00900,Srinivas Reddy,Wholesale,P009,Laptop Bag,Accessories,1,1701.99,0.0,0.45,Credit Card
TXN7A82AF83F0,2023-08-04,BR01,Eluru,Andhra Pradesh,CUST00396,Anitha Varma,Retail,P004,Wireless Earbuds,Mobile,1,4269.56,0.15,0.55,Credit Card
TXN11312A2E83,2024-02-03,BR01,Eluru,Andhra Pradesh,CUST00328,Ajay Kumar,Retail,P002,Mid-range Smartphone 5G,Mobile,1,18741.37,0.1,0.78,UPI
TXN2392B087BE,2024-03-27,BR01,Eluru,Andhra Pradesh,CUST00705,Anitha Sharma,Corporate,P005,Entry Laptop i3,Laptop,1,29644.47,0.0,0.82,Credit Card
TXN332E6143E5,2024-04-13,BR01,Eluru,Andhra Pradesh,CUST01390,Srinivas Varma,Wholesale,P007,Gaming Laptop i7,Laptop,1,124033.45,0.0,0.78,Debit Card
TXN752FA91BAD,2023-10-08,BR01,Eluru,Andhra Pradesh,CUST01213,Sneha Kumar,Retail,P021,Smart Watch,Electronics,2,4713.08,0.0,0.55,Debit Card
TXN6BC57D7311,2023-05-23,BR01,Eluru,Andhra Pradesh,CUST00338,Swathi Sharma,Corporate,P003,Flagship Smartphone,Mobile,1,77008.81,0.15,0.75,Debit Card
TXN17D8FFE2D2,2024-03-06,BR01,Eluru,Andhra Pradesh,CUST01059,Suresh Prasad,Wholesale,P005,Entry Laptop i3,Laptop,1,29930.32,0.05,0.82,UPI
TXN46A150E4C5,2024-01-03,BR01,Eluru,Andhra Pradesh,CUST01299,Harika Devi,Retail,P014,Split AC 1.5 Ton,Home Appliances,1,38017.01,0.05,0.83,Credit Card
TXNB645FBD185,2024-11-22,BR01,Eluru,Andhra Pradesh,CUST01826,Lakshmi Prasad,Retail,P001,Budget Smartphone 4G,Mobile,1,12599.08,0.25,0.8,Net Banking
TXN6E1A5E2F1D,2024-03-05,BR01,Eluru,Andhra Pradesh,CUST00069,Sneha Reddy,Retail,P010,Wireless Mouse,Accessories,1,926.6,0.05,0.4,Debit Card
TXN99B053C990,2024-08-13,BR01,Eluru,Andhra Pradesh,CUST00671,Swathi Chowdary,Wholesale,P003,Flagship Smartphone,Mobile,1,49762.67,0.1,0.75,Credit Card
TXN6270D38CB0,2023-06-06,BR01,Eluru,Andhra Pradesh,CUST00848,Naveen Prasad,Retail,P016,Washing Machine,Home Appliances,1,25898.51,0.0,0.8,Net Banking
TXNFA49C8813F,2023-03-30,BR01,Eluru,Andhra Pradesh,CUST01618,Harika Murthy,Retail,P009,Laptop Bag,Accessories,2,995.89,0.0,0.45,Debit Card
TXN59602BB47B,2024-06-15,BR01,Eluru,Andhra Pradesh,CUST00506,Harika Reddy,Retail,P010,Wireless Mouse,Accessories,1,594.12,0.1,0.4,Credit Card
TXN3B05004F30,2024-05-28,BR01,Eluru,Andhra Pradesh,CUST00267,Srinivas Murthy,Retail,P011,Bluetooth Speaker,Accessories,3,1492.64,0.1,0.5,UPI
TXNF8033356BB,2024-12-04,BR01,Eluru,Andhra Pradesh,CUST01233,Ajay Sharma,Retail,P004,Wireless Earbuds,Mobile,1,1825.23,0.15,0.55,Cash
TXNE2E0B25408,2023-03-27,BR01,Eluru,Andhra Pradesh,CUST00428,Ramesh Rao,Retail,P004,Wireless Earbuds,Mobile,1,4903.74,0.0,0.55,UPI
TXN7BB12725A1,2023-12-04,BR01,Eluru,Andhra Pradesh,CUST00509,Ajay Babu,Retail,P019,LED TV 55-inch,Electronics,1,54229.94,0.0,0.79,UPI
TXNDBD6EAABE5,2024-07-24,BR01,Eluru,Andhra Pradesh,CUST01931,Ravi Babu,Retail,P003,Flagship Smartphone,Mobile,1,77084.88,0.05,0.75,Cash
TXN2D9AF653FE,2023-10-15,BR01,Eluru,Andhra Pradesh,CUST00285,Divya Murthy,Corporate,P001,Budget Smartphone 4G,Mobile,1,12388.52,0.05,0.8,UPI
TXNA9FFD7421B,2023-08-12,BR01,Eluru,Andhra Pradesh,CUST00818,Srinivas Prasad,Retail,P003,Flagship Smartphone,Mobile,1,84761.0,0.15,0.75,Cash
TXNCC8600E0AA,2023-02-01,BR01,Eluru,Andhra Pradesh,CUST01744,Lakshmi Varma,Retail,P002,Mid-range Smartphone 5G,Mobile,1,20843.57,0.05,0.78,Credit Card
TXNF934D95ABE,2024-04-23,BR01,Eluru,Andhra Pradesh,CUST00250,Aishwarya Sarma,Wholesale,P008,Ultrabook Thin & Light,Laptop,1,82689.64,0.05,0.79,UPI
TXN99DFDCB075,2023-10-11,BR01,Eluru,Andhra Pradesh,CUST01744,Lakshmi Varma,Retail,P010,Wireless Mouse,Accessories,1,1353.85,0.05,0.4,Debit Card
TXNE41E19C12B,2024-09-29,BR01,Eluru,Andhra Pradesh,CUST01677,Vikram Devi,Corporate,P002,Mid-range Smartphone 5G,Mobile,1,15668.57,0.0,0.78,Debit Card
TXN0D9B9F9672,2024-03-09,BR01,Eluru,Andhra Pradesh,CUST00315,Lakshmi Kumar,Retail,P018,LED TV 43-inch,Electronics,0,30320.04,0.1,0.8,UPI
TXN2606E1740B,2023-07-22,BR01,Eluru,Andhra Pradesh,CUST00470,Deepika Chowdary,Wholesale,P020,Home Theatre System,Electronics,1,7078.21,0.0,0.6,Cash
TXN3BA2FF273B,2023-11-26,BR01,Eluru,Andhra Pradesh,CUST01221,Sandeep Chowdary,Wholesale,P010,Wireless Mouse,Accessories,1,972.89,0.1,0.4,UPI
TXN2F46B8FDAF,2024-10-31,BR01,Eluru,Andhra Pradesh,CUST00488,Divya Sarma,Retail,P001,Budget Smartphone 4G,Mobile,1,10636.49,0.05,0.8,Debit Card
TXN66CB610271,2024-11-03,BR01,Eluru,Andhra Pradesh,CUST00440,Anitha Naidu,Retail,P007,Gaming Laptop i7,Laptop,1,93731.54,0.2,0.78,UPI
TXN09C814927D,2024-06-02,BR01,Eluru,Andhra Pradesh,CUST00748,Harika Sarma,Retail,P006,Business Laptop i5,Laptop,1,44329.69,0.1,0.8,UPI
TXN734F5CD4C7,2023-10-22,BR01,Eluru,Andhra Pradesh,CUST00493,Kavya Murthy,Retail,P002,Mid-range Smartphone 5G,Mobile,1,16158.63,0.15,0.78,Credit Card
TXN8906FCFED6,2023-07-19,BR01,Eluru,Andhra Pradesh,CUST00906,Praveen Babu,Corporate,P004,Wireless Earbuds,Mobile,1,5377.77,0.1,0.55,Cash
TXN00CA2292B2,2024-08-17,BR01,Eluru,Andhra Pradesh,CUST00456,Lakshmi Sarma,Retail,P011,Bluetooth Speaker,Accessories,1,1681.03,0.1,0.5,Cash
TXNE5614760AA,2023-07-09,BR01,Eluru,Andhra Pradesh,CUST00528,Praveen Sharma,Retail,P005,Entry Laptop i3,Laptop,1,30280.81,0.05,0.82,Credit Card
TXNA0A775058C,2023-09-09,BR01,Eluru,Andhra Pradesh,CUST00713,Aishwarya Babu,Retail,P001,Budget Smartphone 4G,Mobile,2,13459.94,0.05,0.8,Credit Card
TXNA7C8988F46,2023-03-11,BR01,Eluru,Andhra Pradesh,CUST00818,Srinivas Prasad,Retail,P018,LED TV 43-inch,Electronics,1,22569.04,0.0,0.8,UPI
TXN323A3ED35D,2024-10-09,BR01,Eluru,Andhra Pradesh,CUST00932,Manoj Reddy,Corporate,P011,Bluetooth Speaker,Accessories,2,2796.18,0.05,0.5,Debit Card
TXN0217BF880E,2023-06-17,BR01,Eluru,Andhra Pradesh,CUST00643,Deepika Prasad,Retail,P017,Microwave Oven,Home Appliances,4,8896.55,0.0,0.75,UPI
TXNDBAB9393F7,2023-11-18,BR01,Eluru,Andhra Pradesh,CUST00991,Meena Devi,Corporate,P015,Refrigerator 300L,Home Appliances,1,36832.27,0.05,0.82,Cash
TXN9B6CE4998F,2024-01-06,BR01,Eluru,Andhra Pradesh,CUST00297,Vikram Chowdary,Retail,P001,Budget Smartphone 4G,Mobile,3,11185.49,0.05,0.8,Cash
TXN696E833209,2024-06-24,BR01,Eluru,Andhra Pradesh,CUST00366,Ajay Naidu,Corporate,P002,Mid-range Smartphone 5G,Mobile,1,18165.01,0.1,0.78,UPI
TXNB1A38019DC,2023-07-06,BR01,Eluru,Andhra Pradesh,CUST01905,Meena Devi,Retail,P013,Power Bank,Accessories,1,2287.66,0.1,0.48,Cash
TXN9EB17E6B78,2024-05-13,BR01,Eluru,Andhra Pradesh,CUST00952,Manoj Sharma,Retail,P010,Wireless Mouse,Accessories,2,431.73,0.1,0.4,UPI
TXN81AD85D2E0,2023-06-20,BR01,Eluru,Andhra Pradesh,CUST01332,Naveen Devi,Retail,P005,Entry Laptop i3,Laptop,1,29309.74,0.1,0.82,UPI
TXN6A7AE44764,2024-09-10,BR01,Eluru,Andhra Pradesh,CUST01125,Sneha Prasad,Retail,P007,Gaming Laptop i7,Laptop,1,91838.6,0.0,0.78,UPI
TXN19EC49DB55,2023-09-06,BR01,Eluru,Andhra Pradesh,CUST01444,Priya Babu,Retail,P020,Home Theatre System,Electronics,1,16602.58,0.0,0.6,Cash
TXN7BE043411B,2023-06-26,BR01,Eluru,Andhra Pradesh,CUST00011,Manoj Naidu,Retail,P004,Wireless Earbuds,Mobile,2,2877.03,0.0,0.55,Cash
TXN6DF4DFBD73,2024-10-15,BR01,Eluru,Andhra Pradesh,CUST00936,Sandeep Chowdary,Retail,P013,Power Bank,Accessories,1,2270.57,0.05,0.48,Cash
TXN77DC2CB29E,2024-10-19,BR01,Eluru,Andhra Pradesh,CUST01179,Sneha Kumar,Retail,P021,Smart Watch,Electronics,2,11966.7,0.2,0.55,Debit Card
TXN6A334794BB,2023-05-09,BR01,Eluru,Andhra Pradesh,CUST00845,Lakshmi Murthy,Retail,P001,Budget Smartphone 4G,Mobile,2,11577.02,0.0,0.8,UPI
TXNE725D36A57,2023-10-28,BR01,Eluru,Andhra Pradesh,CUST01762,Pooja Babu,Retail,P011,Bluetooth Speaker,Accessories,1,3747.32,0.05,0.5,Credit Card
TXNCE2B970299,2024-05-30,BR01,Eluru,Andhra Pradesh,CUST01955,Srinivas Rao,Retail,P007,Gaming Laptop i7,Laptop,1,99875.43,0.15,0.78,UPI
TXNA1A5D0189C,2023-07-31,BR01,Eluru,Andhra Pradesh,CUST01409,Kavya Reddy,Wholesale,P004,Wireless Earbuds,Mobile,4,3372.14,0.1,0.55,Cash
TXN473D436C57,2024-07-09,BR01,Eluru,Andhra Pradesh,CUST01535,Deepika Murthy,Retail,P003,Flagship Smartphone,Mobile,1,62185.82,0.0,0.75,Credit Card
TXNB1A93B31E9,2023-07-09,BR01,Eluru,Andhra Pradesh,CUST00673,Praveen Rao,Retail,P002,Mid-range Smartphone 5G,Mobile,1,24936.42,0.15,0.78,Cash
TXNEF1DAB1ED4,2024-01-07,BR01,Eluru,Andhra Pradesh,CUST00097,Srinivas Devi,Retail,P002,Mid-range Smartphone 5G,Mobile,1,23270.65,0.15,0.78,Debit Card
TXN3C901823D0,2024-07-09,BR01,Eluru,Andhra Pradesh,CUST00801,Sandeep Reddy,Retail,P014,Split AC 1.5 Ton,Home Appliances,1,37595.43,0.15,0.83,Credit Card
TXNCD4E51142A,2024-01-16,BR01,Eluru,Andhra Pradesh,CUST01023,Vikram Naidu,Wholesale,P001,Budget Smartphone 4G,Mobile,1,11308.14,0.0,0.8,Net Banking
TXNC438F2131F,2024-02-24,BR01,Eluru,Andhra Pradesh,CUST01039,Meena Sarma,Corporate,P003,Flagship Smartphone,Mobile,1,63767.55,0.0,0.75,UPI
TXN596292CD10,2023-10-22,BR01,Eluru,Andhra Pradesh,CUST01156,Kavya Prasad,Retail,P010,Wireless Mouse,Accessories,1,1089.71,0.05,0.4,Net Banking
TXN977C7D19D1,2024-06-30,BR01,Eluru,Andhra Pradesh,CUST00544,Pooja Sharma,Corporate,P011,Bluetooth Speaker,Accessories,4,2072.38,0.1,0.5,Cash
TXNEAE6EBDF59,2024-07-02,BR01,Eluru,Andhra Pradesh,CUST00634,Aishwarya Sarma,Retail,P011,Bluetooth Speaker,Accessories,2,2615.51,0.05,0.5,UPI
TXN2FD256CF16,2024-08-31,BR01,Eluru,Andhra Pradesh,CUST01904,Harika Reddy,Retail,P002,Mid-range Smartphone 5G,Mobile,1,22499.94,0.05,0.78,Debit Card
TXN793FB64E80,2023-10-07,BR01,Eluru,Andhra Pradesh,CUST01394,Arjun Chowdary,Retail,P011,Bluetooth Speaker,Accessories,1,2137.51,0.25,0.5,Debit Card
TXNF19947CCB7,2024-10-21,BR01,Eluru,Andhra Pradesh,CUST01951,Swathi Sharma,Wholesale,P013,Power Bank,Accessories,2,1692.29,0.25,0.48,UPI
TXN2447F70531,2024-09-14,BR01,Eluru,Andhra Pradesh,CUST01754,Priya Kumar,Retail,P018,LED TV 43-inch,Electronics,1,29239.75,0.05,0.8,UPI
TXNA14C9F342B,2024-05-09,BR01,Eluru,Andhra Pradesh,CUST01355,Swathi Sarma,Retail,P008,Ultrabook Thin & Light,Laptop,1,87120.53,0.05,0.79,UPI
TXN142CE5FDB9,2023-11-08,BR01,Eluru,Andhra Pradesh,CUST00489,Sandeep Murthy,Retail,P021,Smart Watch,Electronics,2,2157.18,0.05,0.55,UPI
TXN4454071595,2023-02-17,BR01,Eluru,Andhra Pradesh,CUST00444,Ramesh Devi,Retail,P003,Flagship Smartphone,Mobile,1,46033.92,0.0,0.75,Debit Card
TXN5301E64B5F,2023-08-12,BR01,Eluru,Andhra Pradesh,CUST01377,Ravi Varma,Retail,P009,Laptop Bag,Accessories,4,601.7,0.0,0.45,UPI
TXNFF6BD4BB21,2023-12-08,BR01,Eluru,Andhra Pradesh,CUST00622,Meena Prasad,Retail,P005,Entry Laptop i3,Laptop,1,35730.28,0.05,0.82,Cash
TXNDF0D7D7E35,2023-01-27,BR01,Eluru,Andhra Pradesh,CUST00972,Naveen Sharma,Retail,P019,LED TV 55-inch,Electronics,1,54302.18,0.1,0.79,UPI
TXN2C18C855BD,2024-05-30,BR01,Eluru,Andhra Pradesh,CUST00448,Kavya Chowdary,Retail,P013,Power Bank,Accessories,2,2186.92,0.0,0.48,Debit Card
TXND6ECE33352,2023-07-03,BR01,Eluru,Andhra Pradesh,CUST00531,Pooja Devi,Retail,P005,Entry Laptop i3,Laptop,1,37245.77,0.0,0.82,UPI
TXNACED37BE4D,2024-06-17,BR01,Eluru,Andhra Pradesh,CUST01548,Anitha Devi,Retail,P001,Budget Smartphone 4G,Mobile,1,8719.37,0.1,0.8,Credit Card
TXN9803AD5AE7,2023-06-01,BR01,Eluru,Andhra Pradesh,CUST01654,Ramesh Prasad,Retail,P001,Budget Smartphone 4G,Mobile,1,9855.53,0.0,0.8,Debit Card
TXN85C0DD6C2F,2024-11-26,BR01,Eluru,Andhra Pradesh,CUST00971,Naveen Sharma,Wholesale,P009,Laptop Bag,Accessories,1,1801.6,0.05,0.45,Credit Card
TXN86602A3E42,2023-07-09,BR01,Eluru,Andhra Pradesh,CUST00183,Meena Varma,Corporate,P013,Power Bank,Accessories,1,2439.72,0.15,0.48,Debit Card
TXN27C794ABC9,2023-04-07,BR01,Eluru,Andhra Pradesh,CUST01717,Meena Devi,Wholesale,P018,LED TV 43-inch,Electronics,1,33178.3,0.0,0.8,UPI
TXNB7D1B13524,2023-02-17,BR01,Eluru,Andhra Pradesh,CUST00481,Anitha Naidu,Retail,P020,Home Theatre System,Electronics,1,6826.24,0.15,0.6,Cash
TXN90D5147BBF,2023-08-27,BR01,Eluru,Andhra Pradesh,CUST00831,Harika Babu,Corporate,P016,Washing Machine,Home Appliances,1,31478.85,0.0,0.8,Debit Card
TXN919733F672,2024-10-03,BR01,Eluru,Andhra Pradesh,CUST00073,Vikram Devi,Retail,P013,Power Bank,Accessories,1,905.54,0.0,0.48,UPI
TXNA5BED70207,2024-08-24,BR01,Eluru,Andhra Pradesh,CUST01568,Priya Reddy,Retail,P015,Refrigerator 300L,Home Appliances,1,41257.25,0.0,0.82,UPI
TXN6E18A624D9,2023-01-02,BR01,Eluru,Andhra Pradesh,CUST01630,Kiran Rao,Retail,P006,Business Laptop i5,Laptop,1,43868.74,0.0,0.8,Credit Card
TXN4FF7A065DA,2024-10-14,BR01,Eluru,Andhra Pradesh,CUST00104,Manoj Naidu,Retail,P010,Wireless Mouse,Accessories,1,849.02,0.05,0.4,Net Banking
TXN4AD6124E00,2024-04-20,BR01,Eluru,Andhra Pradesh,CUST00044,Meena Reddy,Retail,P001,Budget Smartphone 4G,Mobile,2,10102.16,0.1,0.8,UPI
TXN6141B09CB2,2023-02-19,BR01,Eluru,Andhra Pradesh,CUST00424,Sneha Sharma,Retail,P004,Wireless Earbuds,Mobile,3,3759.36,0.15,0.55,Debit Card
TXN418F301800,2024-07-20,BR01,Eluru,Andhra Pradesh,CUST00330,Sneha Rao,Retail,P010,Wireless Mouse,Accessories,3,1040.87,0.15,0.4,UPI
TXN3B85A44224,2024-03-03,BR01,Eluru,Andhra Pradesh,CUST00357,Arjun Sharma,Retail,P013,Power Bank,Accessories,2,1622.6,0.1,0.48,Debit Card
TXN27D2A028D0,2023-11-04,BR01,Eluru,Andhra Pradesh,CUST01816,Meena Chowdary,Wholesale,P004,Wireless Earbuds,Mobile,1,5700.67,0.0,0.55,UPI
TXNCB86EED746,2023-04-26,BR01,Eluru,Andhra Pradesh,CUST00024,Ajay Babu,Retail,P014,Split AC 1.5 Ton,Home Appliances,1,36761.1,0.0,0.83,UPI
TXNE632B008B7,2023-12-04,BR01,Eluru,Andhra Pradesh,CUST00211,Naveen Murthy,Retail,P001,Budget Smartphone 4G,Mobile,1,10532.31,0.0,0.8,Net Banking
TXNCE6229B63B,2023-01-15,BR01,Eluru,Andhra Pradesh,CUST01414,Priya Kumar,Retail,P003,Flagship Smartphone,Mobile,1,82363.9,0.1,0.75,Credit Card
TXN7C23A61826,2023-02-27,BR01,Eluru,Andhra Pradesh,CUST01581,Priya Kumar,Corporate,P002,Mid-range Smartphone 5G,Mobile,1,17555.34,0.0,0.78,UPI
TXN5FFA9A3D24,2024-03-05,BR01,Eluru,Andhra Pradesh,CUST01931,Ravi Babu,Retail,P002,Mid-range Smartphone 5G,Mobile,1,16703.08,0.0,0.78,UPI
TXN1D73369515,2023-05-27,BR01,Eluru,Andhra Pradesh,CUST01371,,Wholesale,P021,Smart Watch,Electronics,4,8420.3,0.05,0.55,UPI
TXN135C91E7E1,2023-12-14,BR01,Eluru,Andhra Pradesh,CUST01498,Kavya Prasad,Wholesale,P021,Smart Watch,Electronics,2,3703.63,0.05,0.55,UPI
TXN6F9248E29C,2024-08-05,BR01,Eluru,Andhra Pradesh,CUST00022,Praveen Sharma,Retail,P020,Home Theatre System,Electronics,4,18144.71,0.0,0.6,Credit Card
TXNFD63C19B52,2023-10-17,BR01,Eluru,Andhra Pradesh,CUST00854,Deepika Devi,Retail,P012,Mobile Charger,Accessories,1,1151.35,0.25,0.42,UPI
TXN1C96C44FD4,2024-08-24,BR01,Eluru,Andhra Pradesh,CUST00873,Sandeep Sarma,Retail,P010,Wireless Mouse,Accessories,2,517.31,0.1,0.4,UPI
TXN610E325CDA,2024-02-20,BR01,Eluru,Andhra Pradesh,CUST01656,Anitha Babu,Retail,P002,Mid-range Smartphone 5G,Mobile,1,15405.27,0.0,0.78,Net Banking
TXNCB87717248,2023-05-10,BR01,Eluru,Andhra Pradesh,CUST00528,Praveen Sharma,Retail,P001,Budget Smartphone 4G,Mobile,1,9231.88,0.15,0.8,Cash
TXN5510FA5CAA,2024-10-01,BR01,Eluru,Andhra Pradesh,CUST00845,Lakshmi Murthy,Retail,P006,Business Laptop i5,Laptop,1,59386.43,0.15,0.8,UPI
TXNFAF3316955,2024-11-25,BR01,Eluru,Andhra Pradesh,CUST00348,Kavya Sarma,Corporate,P008,Ultrabook Thin & Light,Laptop,1,92820.98,0.0,0.79,Net Banking
TXN080A885D90,2023-07-06,BR01,Eluru,Andhra Pradesh,CUST01606,Praveen Varma,Wholesale,P011,Bluetooth Speaker,Accessories,4,1821.36,0.1,0.5,Debit Card
TXND4AB1EF30D,2024-01-07,BR01,Eluru,Andhra Pradesh,CUST00624,Priya Babu,Retail,P002,Mid-range Smartphone 5G,Mobile,1,22410.93,0.0,0.78,Debit Card
TXNF868914187,2024-01-29,BR01,Eluru,Andhra Pradesh,CUST01401,Anitha Naidu,Retail,P003,Flagship Smartphone,Mobile,1,53299.41,0.0,0.75,UPI
TXNAE14748E88,2023-04-11,BR01,Eluru,Andhra Pradesh,CUST00567,Naveen Kumar,Retail,P014,Split AC 1.5 Ton,Home Appliances,1,38882.03,0.0,0.83,UPI
TXN82DAECDFF5,2024-09-28,BR01,Eluru,Andhra Pradesh,CUST00189,Meena Prasad,Wholesale,P002,Mid-range Smartphone 5G,Mobile,2,17044.95,0.1,0.78,Cash
TXNECCB33ECAC,2023-03-30,BR01,Eluru,Andhra Pradesh,CUST00658,Ajay Prasad,Corporate,P020,Home Theatre System,Electronics,2,7966.29,0.1,0.6,Cash
TXN7E879529D6,2024-11-01,BR01,Eluru,Andhra Pradesh,CUST01999,Ajay Varma,Retail,P005,Entry Laptop i3,Laptop,1,30613.22,0.2,0.82,Net Banking
TXN2FF285A45B,2023-09-18,BR01,Eluru,Andhra Pradesh,CUST01359,Srinivas Murthy,Retail,P006,Business Laptop i5,Laptop,1,42671.83,0.0,0.8,Credit Card
TXN4F6E878EB3,2023-02-13,BR01,Eluru,Andhra Pradesh,CUST00714,Divya Devi,Retail,P008,Ultrabook Thin & Light,Laptop,1,85749.63,0.1,0.79,UPI
TXND48982DE6B,2023-10-17,BR01,Eluru,Andhra Pradesh,CUST00239,Ramesh Sarma,Retail,P017,Microwave Oven,Home Appliances,2,13725.3,0.15,0.75,Credit Card
TXNCFF6812883,2023-06-22,BR01,Eluru,Andhra Pradesh,CUST01927,Ramesh Naidu,Wholesale,P007,Gaming Laptop i7,Laptop,1,89013.04,0.05,0.78,Cash
TXN23113DE22F,2024-05-08,BR01,Eluru,Andhra Pradesh,CUST01160,Lakshmi Varma,Retail,P002,Mid-range Smartphone 5G,Mobile,1,19153.11,0.15,0.78,UPI
TXN5AB9799EC2,2023-06-06,BR01,Eluru,Andhra Pradesh,CUST01493,Swathi Babu,Retail,P004,Wireless Earbuds,Mobile,2,2176.7,0.0,0.55,Cash
TXN456A7A4D33,2024-06-04,BR01,Eluru,Andhra Pradesh,CUST00289,Deepika Rao,Retail,P021,Smart Watch,Electronics,2,6121.63,0.0,0.55,Debit Card
TXN60E1FC2084,2023-10-01,BR01,Eluru,Andhra Pradesh,CUST01386,Deepika Rao,Retail,P001,Budget Smartphone 4G,Mobile,2,11947.03,0.25,0.8,UPI
TXNCDD772182D,2023-12-18,BR01,Eluru,Andhra Pradesh,CUST00479,Praveen Devi,Retail,P018,LED TV 43-inch,Electronics,1,33808.04,0.0,0.8,UPI
TXN63D0B213BA,2024-04-26,BR01,Eluru,Andhra Pradesh,CUST00115,Meena Naidu,Corporate,P003,Flagship Smartphone,Mobile,1,76882.48,0.1,0.75,UPI
TXN18BFB28702,2023-06-14,BR01,Eluru,Andhra Pradesh,CUST01366,Ramesh Kumar,Corporate,P018,LED TV 43-inch,Electronics,1,24446.87,0.15,0.8,UPI
TXNE66911E1A3,2024-02-05,BR01,Eluru,Andhra Pradesh,CUST00233,Lakshmi Murthy,Wholesale,P018,LED TV 43-inch,Electronics,1,26605.74,0.15,0.8,Debit Card
TXN351C1ADDA8,2024-09-20,BR01,Eluru,Andhra Pradesh,CUST00685,Sandeep Kumar,Retail,P011,Bluetooth Speaker,Accessories,3,2804.08,0.0,0.5,Debit Card
TXNC57AD9C8D1,2023-07-07,BR01,Eluru,Andhra Pradesh,CUST00299,Arjun Kumar,Retail,P018,LED TV 43-inch,Electronics,1,32082.09,0.0,0.8,UPI
TXN2E28CD1796,2024-04-10,BR01,Eluru,Andhra Pradesh,CUST01757,Priya Murthy,Retail,P004,Wireless Earbuds,Mobile,1,5775.93,0.1,0.55,Cash
TXNFC723B416D,2023-04-25,BR01,Eluru,Andhra Pradesh,CUST01249,Pooja Murthy,Retail,P011,Bluetooth Speaker,Accessories,1,3436.33,0.15,0.5,UPI
TXN9D5CE9723D,2023-01-14,BR01,Eluru,Andhra Pradesh,CUST01072,Kiran Varma,Retail,P011,Bluetooth Speaker,Accessories,3,3830.97,0.1,0.5,UPI
TXN7C62142DE5,2023-10-07,BR01,Eluru,Andhra Pradesh,CUST01889,Ramesh Sarma,Retail,P019,LED TV 55-inch,Electronics,1,51039.62,0.2,0.79,Cash
TXN415211BFA3,2024-01-06,BR01,Eluru,Andhra Pradesh,CUST01777,Sandeep Reddy,Retail,P018,LED TV 43-inch,Electronics,1,26736.17,0.0,0.8,UPI
TXN5EADBE008D,2023-02-18,BR01,Eluru,Andhra Pradesh,CUST01355,Swathi Sarma,Retail,P011,Bluetooth Speaker,Accessories,4,1527.9,0.05,0.5,Net Banking
TXNE5C884026B,2023-11-04,BR01,Eluru,Andhra Pradesh,CUST01724,Harika Sarma,Retail,P009,Laptop Bag,Accessories,2,766.7,0.2,0.45,UPI
TXN8CF28E4797,2023-07-26,BR01,Eluru,Andhra Pradesh,CUST00901,Suresh Babu,Retail,P012,Mobile Charger,Accessories,1,771.61,0.0,0.42,UPI
TXN5155E2E418,2024-06-30,BR01,Eluru,Andhra Pradesh,CUST01489,Srinivas Sarma,Retail,P004,Wireless Earbuds,Mobile,2,4796.39,0.15,0.55,UPI
TXN6BB82E4ACD,2023-10-20,BR01,Eluru,Andhra Pradesh,CUST00332,Kavya Sarma,Retail,P001,Budget Smartphone 4G,Mobile,1,13898.78,0.1,0.8,Credit Card
TXNCFF51670A7,2024-12-25,BR01,Eluru,Andhra Pradesh,CUST01357,Srinivas Kumar,Retail,P018,LED TV 43-inch,Electronics,1,27244.08,0.0,0.8,UPI
TXN6500C1A432,2023-07-04,BR01,Eluru,Andhra Pradesh,CUST01955,Srinivas Rao,Retail,P017,Microwave Oven,Home Appliances,2,8893.5,0.0,0.75,Credit Card
TXNF710D1FA58,2024-09-06,BR01,Eluru,Andhra Pradesh,CUST00865,Meena Chowdary,Corporate,P012,Mobile Charger,Accessories,1,1632.64,0.0,0.42,UPI
TXN70914C224F,2023-05-28,BR01,Eluru,Andhra Pradesh,CUST01169,Srinivas Babu,Corporate,P012,Mobile Charger,Accessories,3,304.46,0.05,0.42,UPI
TXNCF7E772BAA,2024-10-06,BR01,Eluru,Andhra Pradesh,CUST00805,Ajay Naidu,Retail,P010,Wireless Mouse,Accessories,1,624.14,0.25,0.4,UPI
TXNCE5A3B8BB3,2024-11-10,BR01,Eluru,Andhra Pradesh,CUST01956,Sneha Devi,Retail,P020,Home Theatre System,Electronics,1,19972.22,0.2,0.6,Cash
TXN7E3236A472,2024-12-19,BR01,Eluru,Andhra Pradesh,CUST00061,Meena Kumar,Retail,P011,Bluetooth Speaker,Accessories,2,4830.92,0.0,0.5,UPI
TXN980DC5DAEA,2024-04-09,BR01,Eluru,Andhra Pradesh,CUST01433,Divya Prasad,Retail,P019,LED TV 55-inch,Electronics,1,46590.89,0.05,0.79,Credit Card
TXN0788FB7ECF,2024-04-10,BR01,Eluru,Andhra Pradesh,CUST01964,Meena Chowdary,Retail,P020,Home Theatre System,Electronics,1,18831.91,0.0,0.6,Debit Card
TXN737A90DA8B,2024-12-14,BR01,Eluru,Andhra Pradesh,CUST00691,Praveen Reddy,Retail,P021,Smart Watch,Electronics,3,10185.45,0.0,0.55,Debit Card
TXNCC1E62A4C8,2024-09-09,BR01,Eluru,Andhra Pradesh,CUST01295,Swathi Babu,Retail,P018,LED TV 43-inch,Electronics,1,33517.66,0.0,0.8,Net Banking
TXN4DED727350,2024-02-05,BR01,Eluru,Andhra Pradesh,CUST01036,Kiran Devi,Retail,P010,Wireless Mouse,Accessories,1,420.67,0.15,0.4,Credit Card
TXN5B935931C5,2024-12-04,BR01,Eluru,Andhra Pradesh,CUST00199,Ramesh Chowdary,Retail,P012,Mobile Charger,Accessories,3,622.05,0.0,0.42,UPI
TXN21F47F1E59,2023-01-20,BR01,Eluru,Andhra Pradesh,CUST01927,Ramesh Naidu,Wholesale,P020,Home Theatre System,Electronics,1,16611.81,0.0,0.6,UPI
TXN09F9BE8C57,2023-08-08,BR01,Eluru,Andhra Pradesh,CUST01282,Lakshmi Sarma,Retail,P006,Business Laptop i5,Laptop,1,46046.31,0.05,0.8,Debit Card
TXNC6CAC19899,2024-07-18,BR01,Eluru,Andhra Pradesh,CUST01188,Srinivas Chowdary,Retail,P010,Wireless Mouse,Accessories,3,1052.12,0.1,0.4,Cash
TXN39C45F97C1,2024-09-19,BR01,Eluru,Andhra Pradesh,CUST01931,Ravi Babu,Retail,P021,Smart Watch,Electronics,4,9311.27,0.05,0.55,Cash
TXN60F86FAA79,2023-07-15,BR01,Eluru,Andhra Pradesh,CUST00586,Ravi Chowdary,Retail,P013,Power Bank,Accessories,4,1264.39,0.05,0.48,Debit Card
TXN2DA2233982,2024-03-10,BR01,Eluru,Andhra Pradesh,CUST01787,Harika Babu,Corporate,P017,Microwave Oven,Home Appliances,1,8810.57,0.0,0.75,UPI
TXN85A4B332C7,2023-10-04,BR01,Eluru,Andhra Pradesh,CUST00212,Ravi Rao,Retail,P010,Wireless Mouse,Accessories,1,1078.47,0.1,0.4,Cash
TXNE2A64EAEEE,2023-11-02,BR01,Eluru,Andhra Pradesh,CUST00939,Ajay Sarma,Retail,P006,Business Laptop i5,Laptop,1,48125.05,0.1,0.8,Credit Card
TXN3F860311DE,2023-11-13,BR01,Eluru,Andhra Pradesh,CUST01388,Arjun Naidu,Retail,P003,Flagship Smartphone,Mobile,1,80179.84,0.0,0.75,Credit Card
TXNB430105D97,2024-09-07,BR01,Eluru,Andhra Pradesh,CUST00896,Kavya Prasad,Retail,P013,Power Bank,Accessories,1,1777.22,0.1,0.48,UPI
TXN31E98C2C6E,2023-12-03,BR01,Eluru,Andhra Pradesh,CUST01520,Anitha Prasad,Retail,P006,Business Laptop i5,Laptop,1,49975.73,0.0,0.8,Credit Card
TXNE3DECF1EC3,2023-04-03,BR01,Eluru,Andhra Pradesh,CUST00807,Sneha Varma,Corporate,P015,Refrigerator 300L,Home Appliances,1,26934.49,0.1,0.82,Debit Card
TXNF0C52BF26D,2024-09-25,BR01,Eluru,Andhra Pradesh,CUST00849,Vikram Reddy,Retail,P006,Business Laptop i5,Laptop,1,44939.96,0.0,0.8,UPI
TXN876A9606B9,2023-06-18,BR01,Eluru,Andhra Pradesh,CUST01201,Swathi Rao,Retail,P018,LED TV 43-inch,Electronics,1,33191.3,0.0,0.8,Credit Card
TXNAC629CF173,2023-12-17,BR01,Eluru,Andhra Pradesh,CUST00921,Praveen Reddy,Retail,P015,Refrigerator 300L,Home Appliances,1,26111.96,0.0,0.82,Cash
TXN1FD1EDA88C,2024-06-30,BR01,Eluru,Andhra Pradesh,CUST01942,Vikram Rao,Retail,P017,Microwave Oven,Home Appliances,1,7285.98,0.05,0.75,Cash
TXN90221B8456,2023-12-30,BR01,Eluru,Andhra Pradesh,CUST00719,Pooja Devi,Retail,P019,LED TV 55-inch,Electronics,1,53692.78,0.15,0.79,Credit Card
TXNADD2C35B24,2024-08-27,BR01,Eluru,Andhra Pradesh,CUST00295,Sneha Naidu,Wholesale,P004,Wireless Earbuds,Mobile,1,3783.29,0.1,0.55,Net Banking
TXN9F8F909D78,2024-10-14,BR01,Eluru,Andhra Pradesh,CUST00590,Praveen Sharma,Wholesale,P010,Wireless Mouse,Accessories,2,935.51,0.0,0.4,UPI
TXN1E2C4DEF1C,2024-12-22,BR01,Eluru,Andhra Pradesh,CUST00573,Sneha Naidu,Corporate,P001,Budget Smartphone 4G,Mobile,2,8668.77,0.1,0.8,UPI
TXN5A00A3FCB6,2023-02-18,BR01,Eluru,Andhra Pradesh,CUST01579,Sandeep Naidu,Retail,P018,LED TV 43-inch,Electronics,1,30875.08,0.0,0.8,Credit Card
TXN5379209BEF,2024-11-16,BR01,Eluru,Andhra Pradesh,CUST01215,Praveen Rao,Retail,P018,LED TV 43-inch,Electronics,1,28266.13,0.15,0.8,UPI
TXN094D9A02D7,2024-02-29,BR01,Eluru,Andhra Pradesh,CUST00688,Ravi Rao,Retail,P019,LED TV 55-inch,Electronics,1,57913.3,0.05,0.79,Cash
TXNFB7BFC46C9,2023-10-16,BR01,Eluru,Andhra Pradesh,CUST01070,Swathi Reddy,Corporate,P004,Wireless Earbuds,Mobile,3,3448.23,0.05,0.55,Cash
TXNCE1593D0DE,2023-05-15,BR01,Eluru,Andhra Pradesh,CUST00706,Harika Sharma,Retail,P003,Flagship Smartphone,Mobile,1,75127.97,0.0,0.75,UPI
TXN8D57332EA8,2024-02-17,BR01,Eluru,Andhra Pradesh,CUST00423,Vikram Prasad,Retail,P014,Split AC 1.5 Ton,Home Appliances,1,35573.52,0.1,0.83,UPI
TXNF0BE5E679A,2023-10-02,BR01,Eluru,Andhra Pradesh,CUST01205,Ajay Murthy,Retail,P010,Wireless Mouse,Accessories,1,985.84,0.05,0.4,Debit Card
TXN4D50B9956F,2024-12-31,BR01,Eluru,Andhra Pradesh,CUST01604,Anitha Devi,Retail,P013,Power Bank,Accessories,1,1581.48,0.05,0.48,Net Banking
TXN7E722D6127,2024-10-20,BR01,Eluru,Andhra Pradesh,CUST00279,Praveen Babu,Retail,P013,Power Bank,Accessories,1,1872.99,0.05,0.48,Cash
TXN661750DDB8,2024-11-17,BR01,Eluru,Andhra Pradesh,CUST01171,Priya Chowdary,Retail,P019,LED TV 55-inch,Electronics,1,40288.01,0.2,0.79,UPI
TXN303D705BF8,2023-08-27,BR01,Eluru,Andhra Pradesh,CUST01924,Meena Naidu,Retail,P021,Smart Watch,Electronics,1,4879.35,0.0,0.55,UPI
TXN59AE65CC9D,2023-04-29,BR01,Eluru,Andhra Pradesh,CUST00720,Naveen Devi,Retail,P009,Laptop Bag,Accessories,3,1695.27,0.0,0.45,Cash
TXNDB542FAAAE,2024-07-10,BR01,Eluru,Andhra Pradesh,CUST01130,Deepika Kumar,Wholesale,P018,LED TV 43-inch,Electronics,1,30276.31,0.0,0.8,Net Banking
TXN611AEB3761,2024-04-19,BR01,Eluru,Andhra Pradesh,CUST00920,Suresh Babu,Corporate,P003,Flagship Smartphone,Mobile,1,52061.08,0.0,0.75,UPI
TXN5FD3561002,2024-10-23,BR01,Eluru,Andhra Pradesh,CUST01124,Sneha Prasad,Retail,P004,Wireless Earbuds,Mobile,1,5948.41,0.1,0.55,Net Banking
TXNE9D33480B9,2023-12-21,BR01,Eluru,Andhra Pradesh,CUST00615,Manoj Babu,Retail,P009,Laptop Bag,Accessories,1,1769.38,0.05,0.45,Debit Card
TXN2A6EF7F047,2023-06-03,BR01,Eluru,Andhra Pradesh,CUST01490,Sandeep Varma,Corporate,P003,Flagship Smartphone,Mobile,1,56001.63,0.15,0.75,Credit Card
TXNAB96825395,2024-01-18,BR01,Eluru,Andhra Pradesh,CUST01423,Swathi Babu,Retail,P010,Wireless Mouse,Accessories,1,963.27,0.0,0.4,Cash
TXN1B0451FBAC,2024-10-13,BR01,Eluru,Andhra Pradesh,CUST01647,Divya Sarma,Retail,P011,Bluetooth Speaker,Accessories,1,2614.87,0.1,0.5,UPI
TXN1530955CA8,2023-01-03,BR01,Eluru,Andhra Pradesh,CUST01488,Ravi Sarma,Wholesale,P007,Gaming Laptop i7,Laptop,1,75396.65,0.0,0.78,UPI
TXNB10ABDA4DE,2023-06-18,BR01,Eluru,Andhra Pradesh,CUST01467,Lakshmi Kumar,Wholesale,P004,Wireless Earbuds,Mobile,1,1731.37,0.1,0.55,Debit Card
TXN3A0B70B49F,2024-12-10,BR01,Eluru,Andhra Pradesh,CUST00571,Sneha Prasad,Retail,P020,Home Theatre System,Electronics,2,17499.98,0.1,0.6,Debit Card
TXNDABC50C05D,2024-06-13,BR01,Eluru,Andhra Pradesh,CUST00207,Kavya Reddy,Retail,P003,Flagship Smartphone,Mobile,1,71196.87,0.05,0.75,Debit Card
TXN132947B43D,2024-09-15,BR01,Eluru,Andhra Pradesh,CUST01980,Sandeep Kumar,Retail,P013,Power Bank,Accessories,1,1420.61,0.0,0.48,Net Banking
TXNAEFBE0E841,2024-04-26,BR01,Eluru,Andhra Pradesh,CUST00624,Priya Babu,Retail,P003,Flagship Smartphone,Mobile,1,81382.76,0.0,0.75,Credit Card
TXN3AF18FD5CA,2023-07-14,BR01,Eluru,Andhra Pradesh,CUST01816,Meena Chowdary,Wholesale,P013,Power Bank,Accessories,2,2139.34,0.1,0.48,UPI
TXN2013FF1DD6,2023-05-08,BR01,Eluru,Andhra Pradesh,CUST01853,Kiran Rao,Retail,P012,Mobile Charger,Accessories,2,808.09,0.15,0.42,Net Banking
TXN6E29C439FB,2024-09-26,BR01,Eluru,Andhra Pradesh,CUST01681,Srinivas Babu,Wholesale,P011,Bluetooth Speaker,Accessories,3,3453.91,0.15,0.5,Cash
TXN8FFD1BF3FD,2024-05-10,BR01,Eluru,Andhra Pradesh,CUST01850,Kavya Devi,Retail,P019,LED TV 55-inch,Electronics,1,56083.38,0.0,0.79,Credit Card
TXNC4A0452589,2023-12-14,BR01,Eluru,Andhra Pradesh,CUST01272,Sandeep Reddy,Retail,P011,Bluetooth Speaker,Accessories,1,3352.66,0.0,0.5,UPI
TXNA83C4EF485,2023-11-07,BR01,Eluru,Andhra Pradesh,CUST01624,Deepika Reddy,Retail,P019,LED TV 55-inch,Electronics,1,50048.62,0.25,0.79,Cash
TXN6F3EEBCDD7,2024-12-23,BR01,Eluru,Andhra Pradesh,CUST00877,Harika Rao,Retail,P013,Power Bank,Accessories,2,2173.24,0.1,0.48,Net Banking
TXNE6823B3887,2023-01-07,BR01,Eluru,Andhra Pradesh,CUST01682,Harika Naidu,Retail,P006,Business Laptop i5,Laptop,1,56985.31,0.0,0.8,Credit Card
TXNCEC5829171,2023-03-10,BR01,Eluru,Andhra Pradesh,CUST00644,Suresh Varma,Wholesale,P008,Ultrabook Thin & Light,Laptop,1,85278.9,0.0,0.79,Credit Card
TXN86015B3DCF,2024-04-29,BR01,Eluru,Andhra Pradesh,CUST00772,Srinivas Varma,Retail,P009,Laptop Bag,Accessories,1,624.46,0.0,0.45,UPI
TXNAE91900149,2024-09-27,BR01,Eluru,Andhra Pradesh,CUST00831,Harika Babu,Corporate,P011,Bluetooth Speaker,Accessories,1,2659.1,0.0,0.5,Debit Card
TXN5DF88FA661,2024-11-08,BR01,Eluru,Andhra Pradesh,CUST01695,Deepika Prasad,Retail,P002,Mid-range Smartphone 5G,Mobile,1,16165.84,0.05,0.78,Credit Card
TXNCBBE53BA69,2023-01-09,BR01,Eluru,Andhra Pradesh,CUST00828,Priya Rao,Corporate,P003,Flagship Smartphone,Mobile,1,61785.75,0.05,0.75,Debit Card
TXN2C1299B515,2023-10-03,BR01,Eluru,Andhra Pradesh,CUST00051,Divya Babu,Retail,P007,Gaming Laptop i7,Laptop,1,98454.65,0.15,0.78,UPI
TXNF2263ADDB7,2023-07-06,BR01,Eluru,Andhra Pradesh,CUST00547,Praveen Babu,Retail,P002,Mid-range Smartphone 5G,Mobile,2,19734.62,0.0,0.78,Cash
TXN13DF2CEF05,2024-02-14,BR01,Eluru,Andhra Pradesh,CUST00153,Ajay Chowdary,Retail,P001,Budget Smartphone 4G,Mobile,1,9601.73,0.15,0.8,UPI
TXN0948E3C910,2024-09-30,BR01,Eluru,Andhra Pradesh,CUST01172,Ramesh Naidu,Wholesale,P021,Smart Watch,Electronics,1,4681.86,0.1,0.55,UPI
TXN5216298483,2023-11-12,BR01,Eluru,Andhra Pradesh,CUST01526,Swathi Reddy,Corporate,P008,Ultrabook Thin & Light,Laptop,1,79543.02,0.2,0.79,UPI
TXN22C901E6A7,2024-04-25,BR01,Eluru,Andhra Pradesh,CUST01363,Pooja Prasad,Retail,P006,Business Laptop i5,Laptop,1,55910.88,0.1,0.8,UPI
TXN2110A0892D,2024-06-16,BR01,Eluru,Andhra Pradesh,CUST00714,Divya Devi,Retail,P001,Budget Smartphone 4G,Mobile,1,12713.98,0.0,0.8,UPI
TXN8CB28761FC,2024-01-16,BR01,Eluru,Andhra Pradesh,CUST00069,Sneha Reddy,Retail,P006,Business Laptop i5,Laptop,1,54794.86,0.0,0.8,Net Banking
TXN63C3E3F66B,2024-06-04,BR01,Eluru,Andhra Pradesh,CUST01833,Deepika Devi,Retail,P006,Business Laptop i5,Laptop,1,43482.22,0.15,0.8,UPI
TXND08109DE04,2023-01-28,BR01,Eluru,Andhra Pradesh,CUST00157,Deepika Sharma,Retail,P016,Washing Machine,Home Appliances,1,18812.98,0.15,0.8,Cash
TXNF87868759C,2024-03-20,BR01,Eluru,Andhra Pradesh,CUST01696,Sandeep Kumar,Retail,P012,Mobile Charger,Accessories,2,775.38,0.0,0.42,Net Banking
TXN5B454C74C2,2023-02-04,BR01,Eluru,Andhra Pradesh,CUST00064,Ajay Naidu,Retail,P002,Mid-range Smartphone 5G,Mobile,1,17511.68,0.05,0.78,Cash
TXN95943A1832,2024-11-02,BR01,Eluru,Andhra Pradesh,CUST00953,Ravi Naidu,Retail,P004,Wireless Earbuds,Mobile,1,3408.37,0.15,0.55,Cash
TXNE481A1ACA8,2024-11-19,BR01,Eluru,Andhra Pradesh,CUST00942,Manoj Murthy,Wholesale,P001,Budget Smartphone 4G,Mobile,1,11164.1,0.0,0.8,Credit Card
TXN6F3FC517C2,2023-05-18,BR01,Eluru,Andhra Pradesh,CUST00313,Kavya Rao,Retail,P015,Refrigerator 300L,Home Appliances,1,40157.72,0.1,0.82,Credit Card
TXND9FA631F28,2023-11-11,BR01,Eluru,Andhra Pradesh,CUST00165,Meena Reddy,Retail,P003,Flagship Smartphone,Mobile,1,47184.07,0.1,0.75,UPI
TXN2B845C4C85,2024-03-02,BR01,Eluru,Andhra Pradesh,CUST00743,Deepika Varma,Retail,P005,Entry Laptop i3,Laptop,1,34506.67,0.1,0.82,Cash
TXNFA729120F4,2023-07-01,BR01,Eluru,Andhra Pradesh,CUST01127,Ravi Sharma,Corporate,P011,Bluetooth Speaker,Accessories,1,4671.71,0.0,0.5,UPI
TXNADFAA1F851,2023-09-25,BR01,Eluru,Andhra Pradesh,CUST00544,Pooja Sharma,Corporate,P004,Wireless Earbuds,Mobile,2,5525.11,0.05,0.55,Debit Card
TXN7795A85E48,2024-06-19,BR01,Eluru,Andhra Pradesh,CUST00311,Ramesh Naidu,Retail,P016,Washing Machine,Home Appliances,1,34675.12,0.15,0.8,Credit Card
TXN8925E595EA,2024-02-24,BR01,Eluru,Andhra Pradesh,CUST00009,Ramesh Murthy,Retail,P004,Wireless Earbuds,Mobile,2,5209.74,0.1,0.55,Debit Card
TXNC8FB493DFA,2024-08-31,BR01,Eluru,Andhra Pradesh,CUST01452,Kiran Chowdary,Wholesale,P018,LED TV 43-inch,Electronics,1,31412.14,0.15,0.8,Debit Card
TXN63BB8208EF,2023-12-12,BR01,Eluru,Andhra Pradesh,CUST00844,Ravi Varma,Retail,P013,Power Bank,Accessories,3,1218.99,0.1,0.48,Credit Card
TXN85D7F2868E,2024-12-07,BR01,Eluru,Andhra Pradesh,CUST01151,Kiran Sarma,Wholesale,P011,Bluetooth Speaker,Accessories,1,1395.29,0.1,0.5,Debit Card
TXN6FDFBB0620,2023-11-12,BR01,Eluru,Andhra Pradesh,CUST00032,Vikram Murthy,Wholesale,P008,Ultrabook Thin & Light,Laptop,1,78057.47,0.05,0.79,Credit Card
TXN1C45ED804D,2023-06-25,BR01,Eluru,Andhra Pradesh,CUST00519,Vikram Sharma,Retail,P018,LED TV 43-inch,Electronics,1,24793.47,0.1,0.8,Net Banking
TXN62CD634077,2024-01-29,BR01,Eluru,Andhra Pradesh,CUST01622,Divya Murthy,Retail,P001,Budget Smartphone 4G,Mobile,2,10406.46,0.0,0.8,Debit Card
TXNE81DD04C4A,2024-07-30,BR01,Eluru,Andhra Pradesh,CUST00501,Arjun Naidu,Retail,P008,Ultrabook Thin & Light,Laptop,1,83247.44,0.05,0.79,UPI
TXNC6BC36C244,2023-12-28,BR01,Eluru,Andhra Pradesh,CUST01180,Swathi Reddy,Retail,P015,Refrigerator 300L,Home Appliances,1,34174.99,0.15,0.82,UPI
TXN97F3BE0F88,2024-03-05,BR01,Eluru,Andhra Pradesh,CUST00967,Suresh Sharma,Retail,P007,Gaming Laptop i7,Laptop,1,83690.64,0.0,0.78,Net Banking
TXN88EA47D0E1,2024-12-02,BR01,Eluru,Andhra Pradesh,CUST01944,Naveen Babu,Retail,P003,Flagship Smartphone,Mobile,1,68502.44,0.05,0.75,UPI
TXN5CF6422C5C,2023-04-17,BR01,Eluru,Andhra Pradesh,CUST01648,Sandeep Murthy,Retail,P018,LED TV 43-inch,Electronics,1,26941.02,0.1,0.8,Net Banking
TXN98B6E3EFFD,2024-07-21,BR01,Eluru,Andhra Pradesh,CUST00706,Harika Sharma,Retail,P006,Business Laptop i5,Laptop,1,56385.04,0.1,0.8,Cash
TXN6E7917661F,2023-05-14,BR01,Eluru,Andhra Pradesh,CUST01950,Priya Sharma,Retail,P021,Smart Watch,Electronics,1,7281.67,0.15,0.55,UPI
TXN60B6810D6C,2024-09-27,BR01,Eluru,Andhra Pradesh,CUST00261,Ajay Prasad,Retail,P009,Laptop Bag,Accessories,2,1653.63,0.0,0.45,Debit Card
TXNDA11A47C1C,2023-03-17,BR01,Eluru,Andhra Pradesh,CUST00617,Kavya Babu,Retail,P013,Power Bank,Accessories,1,1267.57,0.0,0.48,UPI
TXN26A5A9A06F,2024-10-21,BR01,Eluru,Andhra Pradesh,CUST00351,Priya Kumar,Retail,P012,Mobile Charger,Accessories,1,1413.66,0.05,0.42,UPI
TXNF3326B6D39,2024-01-09,BR01,Eluru,Andhra Pradesh,CUST01281,Suresh Sharma,Retail,P012,Mobile Charger,Accessories,4,1289.1,0.0,0.42,Net Banking
TXNDDC2777365,2024-12-13,BR01,Eluru,Andhra Pradesh,CUST00146,Meena Sharma,Corporate,P005,Entry Laptop i3,Laptop,1,31286.24,0.0,0.82,Credit Card
TXN4A5CEEBE50,2023-10-19,BR01,Eluru,Andhra Pradesh,CUST00146,Meena Sharma,Corporate,P003,Flagship Smartphone,Mobile,1,50161.94,0.1,0.75,Credit Card
TXNC75F635187,2023-09-28,BR01,Eluru,Andhra Pradesh,CUST00471,Harika Reddy,Corporate,P004,Wireless Earbuds,Mobile,2,5046.16,0.0,0.55,UPI
TXNA5E00FACA1,2024-05-11,BR01,Eluru,Andhra Pradesh,CUST00964,Arjun Naidu,Retail,P003,Flagship Smartphone,Mobile,1,47686.84,0.1,0.75,Net Banking
TXN02717CA455,2023-09-28,BR01,Eluru,Andhra Pradesh,CUST00006,Sneha Devi,Retail,P005,Entry Laptop i3,Laptop,1,30299.57,0.1,0.82,UPI
TXNAE514AF662,2024-06-08,BR01,Eluru,Andhra Pradesh,CUST01492,Ajay Sarma,Retail,P010,Wireless Mouse,Accessories,2,1070.61,0.0,0.4,Credit Card
TXN1D13538D0E,2023-04-20,BR01,Eluru,Andhra Pradesh,CUST00721,Meena Naidu,Wholesale,P002,Mid-range Smartphone 5G,Mobile,1,27581.93,0.0,0.78,Cash
TXN27F869E324,2024-10-11,BR01,Eluru,Andhra Pradesh,CUST01717,Meena Devi,Wholesale,P013,Power Bank,Accessories,1,2359.23,0.25,0.48,Cash
TXND00658D823,2024-09-29,BR01,Eluru,Andhra Pradesh,CUST00433,Meena Varma,Retail,P018,LED TV 43-inch,Electronics,1,29380.53,0.1,0.8,UPI
TXN92CE065137,2024-08-23,BR01,Eluru,Andhra Pradesh,CUST01133,Priya Chowdary,Retail,P020,Home Theatre System,Electronics,1,14832.98,0.1,0.6,UPI
TXN52C0B37FC9,2024-12-08,BR01,Eluru,Andhra Pradesh,CUST01496,Meena Murthy,Retail,P010,Wireless Mouse,Accessories,2,1368.96,0.0,0.4,Debit Card
TXNE702F0CB60,2024-12-25,BR01,Eluru,Andhra Pradesh,CUST00046,Arjun Babu,Retail,P009,Laptop Bag,Accessories,2,1317.21,0.1,0.45,Net Banking
TXNEE037EE3FA,2024-12-03,BR01,Eluru,Andhra Pradesh,CUST00860,Srinivas Sharma,Retail,P013,Power Bank,Accessories,1,1964.2,0.0,0.48,Credit Card
TXN281BC884FD,2023-08-20,BR01,Eluru,Andhra Pradesh,CUST00721,Meena Naidu,Wholesale,P008,Ultrabook Thin & Light,Laptop,1,91360.64,0.0,0.79,Cash
TXN60F17D7C77,2023-03-30,BR01,Eluru,Andhra Pradesh,CUST01882,Suresh Kumar,Retail,P011,Bluetooth Speaker,Accessories,1,1893.1,0.1,0.5,Net Banking
TXNB625B3B265,2024-07-03,BR01,Eluru,Andhra Pradesh,CUST00120,Praveen Naidu,Retail,P012,Mobile Charger,Accessories,2,1222.05,0.1,0.42,UPI
TXN80E19D95E9,2024-10-27,BR01,Eluru,Andhra Pradesh,CUST01693,Lakshmi Babu,Retail,P013,Power Bank,Accessories,3,1079.04,0.1,0.48,Debit Card
TXN06450250B7,2023-01-04,BR01,Eluru,Andhra Pradesh,CUST00947,Deepika Murthy,Retail,P017,Microwave Oven,Home Appliances,3,11639.92,0.0,0.75,Cash
TXNFD5EF5AE12,2024-06-25,BR01,Eluru,Andhra Pradesh,CUST01995,Aishwarya Reddy,Retail,P013,Power Bank,Accessories,1,1708.22,0.1,0.48,UPI
TXN92BA031817,2024-08-02,BR01,Eluru,Andhra Pradesh,CUST00259,Meena Devi,Retail,P011,Bluetooth Speaker,Accessories,3,4549.17,0.05,0.5,UPI
TXN35FF5D25E3,2024-01-03,BR01,Eluru,Andhra Pradesh,CUST01136,Suresh Babu,Retail,P010,Wireless Mouse,Accessories,1,1119.05,0.15,0.4,Cash
TXN57A6A9CAC8,2023-10-06,BR01,Eluru,Andhra Pradesh,CUST00830,Anitha Kumar,Wholesale,P003,Flagship Smartphone,Mobile,1,72258.99,0.0,0.75,UPI
TXN000A952AA9,2023-06-03,BR01,Eluru,Andhra Pradesh,CUST00987,Praveen Naidu,Retail,P020,Home Theatre System,Electronics,1,10963.2,0.05,0.6,UPI
TXN436D66F1CA,2023-11-03,BR01,Eluru,Andhra Pradesh,CUST01333,Arjun Devi,Retail,P001,Budget Smartphone 4G,Mobile,3,13044.27,0.0,0.8,Debit Card
TXN2B9D27EF86,2024-06-01,BR01,Eluru,Andhra Pradesh,CUST01465,Arjun Babu,Retail,P008,Ultrabook Thin & Light,Laptop,1,65981.88,0.0,0.79,UPI
TXN3711E002C8,2023-01-19,BR01,Eluru,Andhra Pradesh,CUST01031,Aishwarya Kumar,Wholesale,P006,Business Laptop i5,Laptop,1,48810.27,0.05,0.8,UPI
TXN5CB0816DF8,2024-11-12,BR01,Eluru,Andhra Pradesh,CUST00428,Ramesh Rao,Retail,P006,Business Laptop i5,Laptop,1,50218.17,0.05,0.8,UPI
TXN64DDD8DDBA,2023-10-08,BR01,Eluru,Andhra Pradesh,CUST00294,Ajay Prasad,Retail,P021,Smart Watch,Electronics,2,9959.66,0.2,0.55,UPI
TXNEFCE42B7A1,2024-01-27,BR01,Eluru,Andhra Pradesh,CUST01444,Priya Babu,Retail,P001,Budget Smartphone 4G,Mobile,1,9449.24,0.1,0.8,Net Banking
TXNF150F1737C,2024-07-30,BR01,Eluru,Andhra Pradesh,CUST00202,Sandeep Chowdary,Retail,P003,Flagship Smartphone,Mobile,1,60768.83,0.1,0.75,Cash
TXN20EE618CE9,2024-10-28,BR01,Eluru,Andhra Pradesh,CUST00752,Ramesh Devi,Retail,P007,Gaming Laptop i7,Laptop,1,85118.46,0.25,0.78,Debit Card
TXN0BD8F1C5FF,2023-09-19,BR01,Eluru,Andhra Pradesh,CUST01309,Deepika Naidu,Retail,P009,Laptop Bag,Accessories,1,1067.63,0.1,0.45,UPI
TXN53EACC6270,2023-09-09,BR01,Eluru,Andhra Pradesh,CUST00170,Harika Kumar,Retail,P003,Flagship Smartphone,Mobile,1,45424.42,0.0,0.75,Debit Card
TXND971BA0526,2023-06-15,BR01,Eluru,Andhra Pradesh,CUST00706,Harika Sharma,Retail,P004,Wireless Earbuds,Mobile,1,4428.31,0.0,0.55,UPI
TXNF2448D5BFB,2024-12-31,BR01,Eluru,Andhra Pradesh,CUST00987,Praveen Naidu,Retail,P019,LED TV 55-inch,Electronics,1,51484.65,0.1,0.79,UPI
TXN5DE38B61CE,2023-02-24,BR01,Eluru,Andhra Pradesh,CUST01249,Pooja Murthy,Retail,P013,Power Bank,Accessories,1,1912.97,0.1,0.48,UPI
TXN6B77E8442A,2024-02-21,BR01,Eluru,Andhra Pradesh,CUST00587,Srinivas Sharma,Retail,P012,Mobile Charger,Accessories,1,1147.25,0.0,0.42,UPI
TXN7B8826FC87,2024-10-04,BR01,Eluru,Andhra Pradesh,CUST01021,Vikram Prasad,Retail,P013,Power Bank,Accessories,2,1414.57,0.15,0.48,UPI
TXNE1CFE2C2CE,2024-01-01,BR01,Eluru,Andhra Pradesh,CUST01634,Pooja Varma,Retail,P012,Mobile Charger,Accessories,1,991.56,0.1,0.42,Credit Card
TXN4542692A66,2024-11-19,BR01,Eluru,Andhra Pradesh,CUST01860,Meena Prasad,Retail,P021,Smart Watch,Electronics,1,4942.67,0.25,0.55,UPI
TXNC048BB886E,2023-08-27,BR01,Eluru,Andhra Pradesh,CUST00155,Harika Sarma,Retail,P001,Budget Smartphone 4G,Mobile,3,10944.98,0.15,0.8,Credit Card
TXND587A26D7A,2023-04-21,BR01,Eluru,Andhra Pradesh,CUST00745,Ramesh Sharma,Retail,P019,LED TV 55-inch,Electronics,1,53954.46,0.05,0.79,UPI
TXN934797F0E7,2024-12-07,BR01,Eluru,Andhra Pradesh,CUST01100,Kavya Rao,Retail,P015,Refrigerator 300L,Home Appliances,1,31940.4,0.15,0.82,Net Banking
TXN7D4FCAC286,2023-09-24,BR01,Eluru,Andhra Pradesh,CUST00581,Ajay Devi,Wholesale,P010,Wireless Mouse,Accessories,3,934.97,0.1,0.4,Cash
TXNF018D835B6,2024-01-15,BR01,Eluru,Andhra Pradesh,CUST01589,Meena Chowdary,Retail,P006,Business Laptop i5,Laptop,1,50029.6,0.05,0.8,UPI
TXNEED697BE3E,2024-11-24,BR01,Eluru,Andhra Pradesh,CUST01506,Lakshmi Chowdary,Retail,P013,Power Bank,Accessories,1,1249.84,0.2,0.48,UPI
TXN39BBA08719,2023-02-05,BR01,Eluru,Andhra Pradesh,CUST01887,Ravi Kumar,Corporate,P012,Mobile Charger,Accessories,3,1017.37,0.0,0.42,UPI
TXN1B51348079,2024-10-26,BR01,Eluru,Andhra Pradesh,CUST00485,Praveen Reddy,Retail,P021,Smart Watch,Electronics,1,2724.31,0.2,0.55,UPI
TXN32A232A200,2024-05-29,BR01,Eluru,Andhra Pradesh,CUST00316,Ajay Prasad,Retail,P010,Wireless Mouse,Accessories,1,486.8,0.15,0.4,UPI
TXN78427C5612,2024-11-13,BR01,Eluru,Andhra Pradesh,CUST01919,Manoj Devi,Wholesale,P011,Bluetooth Speaker,Accessories,1,2129.06,0.1,0.5,Credit Card
TXNBC56533602,2024-07-24,BR01,Eluru,Andhra Pradesh,CUST00612,Harika Babu,Retail,P016,Washing Machine,Home Appliances,1,28771.33,0.1,0.8,Debit Card
TXN3D71282AD7,2023-12-03,BR01,Eluru,Andhra Pradesh,CUST00170,Harika Kumar,Retail,P001,Budget Smartphone 4G,Mobile,1,9692.03,0.0,0.8,UPI
TXN8FAC9D3F8A,2023-06-04,BR01,Eluru,Andhra Pradesh,CUST00205,Meena Murthy,Wholesale,P004,Wireless Earbuds,Mobile,3,4996.65,0.0,0.55,UPI
TXN43F2F65D75,2024-01-20,BR01,Eluru,Andhra Pradesh,CUST00806,Praveen Naidu,Retail,P018,LED TV 43-inch,Electronics,1,25323.12,0.1,0.8,UPI
TXNE693215839,2023-09-05,BR01,Eluru,Andhra Pradesh,CUST00119,Ajay Sharma,Retail,P003,Flagship Smartphone,Mobile,1,89875.27,0.1,0.75,Cash
TXN9C60B9C626,2023-05-19,BR01,Eluru,Andhra Pradesh,CUST00231,,Retail,P008,Ultrabook Thin & Light,Laptop,1,88714.42,0.15,0.79,UPI
TXND2B2111395,2024-08-21,BR01,Eluru,Andhra Pradesh,CUST00086,Meena Reddy,Corporate,P021,Smart Watch,Electronics,1,10184.97,0.05,0.55,UPI
TXN6A16B4E62F,2023-04-07,BR01,Eluru,Andhra Pradesh,CUST00382,Sandeep Sharma,Retail,P015,Refrigerator 300L,Home Appliances,1,38392.41,0.0,0.82,UPI
TXN48996E226E,2024-11-13,BR01,Eluru,Andhra Pradesh,CUST00258,Deepika Murthy,Retail,P017,Microwave Oven,Home Appliances,1,13946.09,0.15,0.75,Net Banking
TXN8E9AC504EC,2023-02-03,BR01,Eluru,Andhra Pradesh,CUST01251,Kavya Devi,Retail,P003,Flagship Smartphone,Mobile,1,85604.0,0.1,0.75,Net Banking
TXNFDE7B3D8EE,2023-05-26,BR01,Eluru,Andhra Pradesh,CUST00324,Priya Varma,Retail,P019,LED TV 55-inch,Electronics,1,59966.81,0.15,0.79,UPI
TXN51BA006ED2,2023-03-06,BR01,Eluru,Andhra Pradesh,CUST01366,Ramesh Kumar,Corporate,P004,Wireless Earbuds,Mobile,1,5295.72,0.0,0.55,Cash
TXN18A6045CE5,2024-03-23,BR01,Eluru,Andhra Pradesh,CUST01520,Anitha Prasad,Retail,P009,Laptop Bag,Accessories,2,1922.55,0.0,0.45,Debit Card
TXN8F86B585BC,2023-10-16,BR01,Eluru,Andhra Pradesh,CUST00692,Praveen Devi,Retail,P012,Mobile Charger,Accessories,1,1396.57,0.05,0.42,Credit Card
TXNE0222E98E5,2023-12-16,BR01,Eluru,Andhra Pradesh,CUST01032,Ajay Naidu,Corporate,P003,Flagship Smartphone,Mobile,1,46867.91,0.1,0.75,UPI
TXN51E327DFF0,2024-11-14,BR01,Eluru,Andhra Pradesh,CUST01852,Suresh Rao,Retail,P004,Wireless Earbuds,Mobile,1,4686.35,0.0,0.55,Credit Card
TXN34C7BB2031,2023-11-02,BR01,Eluru,Andhra Pradesh,CUST00977,Divya Sarma,Retail,P008,Ultrabook Thin & Light,Laptop,1,55371.12,0.25,0.79,Debit Card
TXN041CD41445,2023-06-22,BR01,Eluru,Andhra Pradesh,CUST00245,Ramesh Varma,Wholesale,P018,LED TV 43-inch,Electronics,1,29786.83,0.1,0.8,Net Banking
TXN571C815A51,2024-01-21,BR01,Eluru,Andhra Pradesh,CUST01413,Naveen Devi,Retail,P002,Mid-range Smartphone 5G,Mobile,1,15234.6,0.15,0.78,Debit Card
TXN8C54E4F7A6,2024-05-18,BR01,Eluru,Andhra Pradesh,CUST00604,Sneha Murthy,Retail,P002,Mid-range Smartphone 5G,Mobile,1,21754.26,0.0,0.78,UPI
TXN567145A17A,2024-10-02,BR01,Eluru,Andhra Pradesh,CUST00127,Ajay Kumar,Retail,P012,Mobile Charger,Accessories,2,667.02,0.05,0.42,Cash
TXN6868F82310,2023-07-09,BR01,Eluru,Andhra Pradesh,CUST01781,Srinivas Devi,Retail,P019,LED TV 55-inch,Electronics,1,41655.92,0.15,0.79,Net Banking
TXNCD8F017B33,2023-11-03,BR01,Eluru,Andhra Pradesh,CUST00668,Meena Kumar,Retail,P004,Wireless Earbuds,Mobile,3,3160.05,0.0,0.55,UPI
TXN8E0DA5F6F4,2024-05-02,BR01,Eluru,Andhra Pradesh,CUST01299,Harika Devi,Retail,P014,Split AC 1.5 Ton,Home Appliances,1,37163.83,0.1,0.83,Debit Card
TXNC444A78E5F,2023-08-18,BR01,Eluru,Andhra Pradesh,CUST00913,Anitha Rao,Corporate,P011,Bluetooth Speaker,Accessories,1,1463.53,0.0,0.5,UPI
TXN87EE657C20,2024-09-22,BR01,Eluru,Andhra Pradesh,CUST00173,Sneha Babu,Retail,P012,Mobile Charger,Accessories,1,849.35,0.05,0.42,UPI
TXNC105B873BC,2024-07-03,BR01,Eluru,Andhra Pradesh,CUST01624,Deepika Reddy,Retail,P012,Mobile Charger,Accessories,1,904.43,0.1,0.42,Credit Card
TXNF646F2D3FE,2023-06-26,BR01,Eluru,Andhra Pradesh,CUST00746,Swathi Sarma,Retail,P012,Mobile Charger,Accessories,3,1736.0,0.0,0.42,Net Banking
TXN2AB0167A4A,2024-01-01,BR01,Eluru,Andhra Pradesh,CUST00202,Sandeep Chowdary,Retail,P010,Wireless Mouse,Accessories,1,1418.2,0.05,0.4,Net Banking
TXNF77A287AD0,2024-03-11,BR01,Eluru,Andhra Pradesh,CUST00938,Harika Kumar,Wholesale,P013,Power Bank,Accessories,4,1780.23,0.15,0.48,Debit Card
TXNE0A35830AA,2024-05-02,BR01,Eluru,Andhra Pradesh,CUST00336,Aishwarya Devi,Retail,P001,Budget Smartphone 4G,Mobile,1,9044.08,0.05,0.8,Credit Card
TXN92526AFA62,2024-06-01,BR01,Eluru,Andhra Pradesh,CUST01479,Ajay Sarma,Retail,P020,Home Theatre System,Electronics,3,5633.31,0.0,0.6,Debit Card
TXN10C8CE2A4D,2024-07-17,BR01,Eluru,Andhra Pradesh,CUST00589,Manoj Rao,Wholesale,P019,LED TV 55-inch,Electronics,1,49630.79,0.0,0.79,Net Banking
TXND46A889D39,2023-10-31,BR01,Eluru,Andhra Pradesh,CUST00077,Swathi Chowdary,Retail,P017,Microwave Oven,Home Appliances,1,11904.64,0.2,0.75,Debit Card
TXN45B4C8F22B,2023-05-27,BR01,Eluru,Andhra Pradesh,CUST00852,Aishwarya Babu,Wholesale,P013,Power Bank,Accessories,4,2449.3,0.0,0.48,Cash
TXNF8A7812FFE,2023-06-29,BR01,Eluru,Andhra Pradesh,CUST00027,Naveen Naidu,Corporate,P006,Business Laptop i5,Laptop,1,45744.78,0.05,0.8,Cash
TXND6AD77520C,2024-08-17,BR01,Eluru,Andhra Pradesh,CUST00993,Pooja Sarma,Wholesale,P004,Wireless Earbuds,Mobile,2,5106.75,0.1,0.55,UPI
TXNCCDAD4E483,2024-09-28,BR01,Eluru,Andhra Pradesh,CUST01562,Harika Devi,Wholesale,P002,Mid-range Smartphone 5G,Mobile,1,23082.51,0.0,0.78,Debit Card
TXN3E18A618EA,2024-07-14,BR01,Eluru,Andhra Pradesh,CUST00447,Praveen Reddy,Retail,P008,Ultrabook Thin & Light,Laptop,1,61989.18,0.0,0.79,UPI
TXNC2765DF89C,2023-10-19,BR01,Eluru,Andhra Pradesh,CUST01039,Meena Sarma,Corporate,P011,Bluetooth Speaker,Accessories,3,3761.73,0.1,0.5,Debit Card
TXNFF0CD8108A,2024-04-19,BR01,Eluru,Andhra Pradesh,CUST00134,Sneha Kumar,Corporate,P019,LED TV 55-inch,Electronics,1,49341.9,0.0,0.79,UPI
TXN19E74B05EC,2024-10-31,BR01,Eluru,Andhra Pradesh,CUST00768,Meena Naidu,Corporate,P003,Flagship Smartphone,Mobile,1,70846.96,0.2,0.75,Debit Card
TXN50A2180D91,2024-02-04,BR01,Eluru,Andhra Pradesh,CUST00613,Sandeep Sarma,Wholesale,P005,Entry Laptop i3,Laptop,1,37293.21,0.05,0.82,UPI
TXN7756C816F4,2023-06-24,BR01,Eluru,Andhra Pradesh,CUST00865,Meena Chowdary,Corporate,P008,Ultrabook Thin & Light,Laptop,1,86316.28,0.05,0.79,Cash
TXN53619C3997,2024-11-01,BR01,Eluru,Andhra Pradesh,CUST01037,Aishwarya Kumar,Retail,P020,Home Theatre System,Electronics,2,18277.29,0.2,0.6,UPI
TXN701634BA34,2024-08-21,BR01,Eluru,Andhra Pradesh,CUST00139,Ajay Rao,Retail,P003,Flagship Smartphone,Mobile,1,54303.94,0.05,0.75,Credit Card
TXND238C16F17,2024-06-01,BR01,Eluru,Andhra Pradesh,CUST01240,Sandeep Varma,Corporate,P010,Wireless Mouse,Accessories,1,1049.63,0.0,0.4,Credit Card
TXNC53BDE54B2,2023-09-30,BR01,Eluru,Andhra Pradesh,CUST01642,Sandeep Prasad,Corporate,P010,Wireless Mouse,Accessories,3,1066.34,0.05,0.4,Net Banking
TXN15EE1A2B4D,2023-09-01,BR01,Eluru,Andhra Pradesh,CUST01464,Suresh Sarma,Retail,P010,Wireless Mouse,Accessories,2,1038.24,0.0,0.4,UPI
TXN167BEE02AB,2024-08-01,BR01,Eluru,Andhra Pradesh,CUST00499,Aishwarya Reddy,Retail,P007,Gaming Laptop i7,Laptop,1,96248.04,0.05,0.78,UPI
TXN2171FF2CE4,2023-12-09,BR01,Eluru,Andhra Pradesh,CUST01033,Sandeep Rao,Retail,P004,Wireless Earbuds,Mobile,3,4011.75,0.15,0.55,Credit Card
TXND94A324893,2024-01-23,BR01,Eluru,Andhra Pradesh,CUST01413,Naveen Devi,Retail,P020,Home Theatre System,Electronics,1,5709.32,0.0,0.6,Debit Card
TXNA704CF959F,2023-02-12,BR01,Eluru,Andhra Pradesh,CUST01717,Meena Devi,Wholesale,P002,Mid-range Smartphone 5G,Mobile,1,27715.18,0.0,0.78,Credit Card
TXN16EA2702F7,2023-03-08,BR01,Eluru,Andhra Pradesh,CUST01214,Naveen Sharma,Retail,P019,LED TV 55-inch,Electronics,1,45285.31,0.05,0.79,UPI
TXN95CA7E505D,2023-02-17,BR01,Eluru,Andhra Pradesh,CUST01114,Vikram Rao,Wholesale,P004,Wireless Earbuds,Mobile,1,4520.01,0.1,0.55,UPI
TXN01C2F38A7E,2023-07-23,BR01,Eluru,Andhra Pradesh,CUST00685,Sandeep Kumar,Retail,P011,Bluetooth Speaker,Accessories,1,3344.5,0.1,0.5,UPI
TXN478B34ED35,2023-11-22,BR01,Eluru,Andhra Pradesh,CUST01667,Kiran Prasad,Retail,P008,Ultrabook Thin & Light,Laptop,1,55427.85,0.05,0.79,Cash
TXNEC70853D16,2024-09-21,BR01,Eluru,Andhra Pradesh,CUST00113,Meena Sarma,Retail,P015,Refrigerator 300L,Home Appliances,1,36905.58,0.0,0.82,Cash
TXNB61D113E63,2023-07-23,BR01,Eluru,Andhra Pradesh,CUST00008,Ajay Devi,Retail,P010,Wireless Mouse,Accessories,1,1245.55,0.0,0.4,UPI
TXNAA86E9FE50,2023-09-17,BR01,Eluru,Andhra Pradesh,CUST00707,Anitha Prasad,Corporate,P007,Gaming Laptop i7,Laptop,1,94059.59,0.05,0.78,Credit Card
TXNEC56190650,2023-09-23,BR01,Eluru,Andhra Pradesh,CUST00272,Ajay Kumar,Retail,P011,Bluetooth Speaker,Accessories,1,2695.37,0.05,0.5,Credit Card
TXN4BEFFADBCA,2024-03-25,BR01,Eluru,Andhra Pradesh,CUST01863,Praveen Murthy,Retail,P001,Budget Smartphone 4G,Mobile,1,11428.91,0.05,0.8,UPI
TXNCA354756FC,2023-06-08,BR01,Eluru,Andhra Pradesh,CUST00356,Suresh Prasad,Wholesale,P007,Gaming Laptop i7,Laptop,1,100173.46,0.15,0.78,Net Banking
TXN0A301C0185,2024-07-23,BR01,Eluru,Andhra Pradesh,CUST01436,Kavya Sharma,Wholesale,P001,Budget Smartphone 4G,Mobile,2,12907.06,0.0,0.8,Credit Card
TXN005F2E3313,2024-04-21,BR01,Eluru,Andhra Pradesh,CUST00881,Divya Chowdary,Retail,P005,Entry Laptop i3,Laptop,1,36049.24,0.15,0.82,Net Banking
TXN5F9FA35328,2024-01-19,BR01,Eluru,Andhra Pradesh,CUST00977,Divya Sarma,Retail,P017,Microwave Oven,Home Appliances,1,13996.3,0.15,0.75,Cash
TXN3C5F759484,2024-02-09,BR01,Eluru,Andhra Pradesh,CUST00749,Kiran Devi,Retail,P001,Budget Smartphone 4G,Mobile,1,13082.15,0.15,0.8,UPI
TXN2430EDD677,2024-09-22,BR01,Eluru,Andhra Pradesh,CUST00489,Sandeep Murthy,Retail,P002,Mid-range Smartphone 5G,Mobile,1,23984.57,0.05,0.78,Credit Card
TXN0263C87BD9,2024-03-04,BR01,Eluru,Andhra Pradesh,CUST00100,Sneha Chowdary,Retail,P018,LED TV 43-inch,Electronics,1,34628.18,0.1,0.8,Cash
TXN2D2AD7503E,2023-03-10,BR01,Eluru,Andhra Pradesh,CUST00476,Pooja Rao,Wholesale,P011,Bluetooth Speaker,Accessories,1,4127.95,0.1,0.5,UPI
TXN3A84A0BDAF,2023-09-26,BR01,Eluru,Andhra Pradesh,CUST00317,Naveen Devi,Retail,P002,Mid-range Smartphone 5G,Mobile,1,17847.01,0.0,0.78,Debit Card
TXNC891C2FA0F,2023-05-15,BR01,Eluru,Andhra Pradesh,CUST00139,Ajay Rao,Retail,P012,Mobile Charger,Accessories,2,596.14,0.15,0.42,Credit Card
TXNAD0A61CEE4,2024-01-26,BR01,Eluru,Andhra Pradesh,CUST00824,Divya Sarma,Retail,P010,Wireless Mouse,Accessories,2,906.08,0.05,0.4,UPI
TXN5A5ED3049A,2023-09-20,BR01,Eluru,Andhra Pradesh,CUST01283,Naveen Prasad,Retail,P013,Power Bank,Accessories,2,914.32,0.05,0.48,Cash
TXN525FA9D8CE,2023-07-01,BR01,Eluru,Andhra Pradesh,CUST00428,Ramesh Rao,Retail,P008,Ultrabook Thin & Light,Laptop,1,94180.85,0.15,0.79,Net Banking
TXN712BD83D8E,2023-06-11,BR01,Eluru,Andhra Pradesh,CUST00275,Ramesh Sharma,Retail,P011,Bluetooth Speaker,Accessories,1,4220.74,0.0,0.5,UPI
TXNEC65A4CC46,2024-09-08,BR01,Eluru,Andhra Pradesh,CUST01333,Arjun Devi,Retail,P004,Wireless Earbuds,Mobile,1,4774.69,0.05,0.55,UPI
TXNCC3F0B3895,2023-05-28,BR01,Eluru,Andhra Pradesh,CUST01766,Meena Murthy,Retail,P001,Budget Smartphone 4G,Mobile,3,13565.04,0.1,0.8,UPI
TXN5F92B4A975,2024-02-08,BR01,Eluru,Andhra Pradesh,CUST01574,Divya Prasad,Retail,P004,Wireless Earbuds,Mobile,1,2034.53,0.1,0.55,UPI
TXNBDA307C429,2024-11-15,BR01,Eluru,Andhra Pradesh,CUST00845,Lakshmi Murthy,Retail,P005,Entry Laptop i3,Laptop,1,36292.13,0.15,0.82,Net Banking
TXN2E02BD08E7,2024-06-04,BR01,Eluru,Andhra Pradesh,CUST01253,Sneha Murthy,Retail,P019,LED TV 55-inch,Electronics,1,58318.61,0.1,0.79,Net Banking
TXNDADB1DCCB0,2023-05-16,BR01,Eluru,Andhra Pradesh,CUST00837,Harika Varma,Wholesale,P001,Budget Smartphone 4G,Mobile,1,12821.56,0.0,0.8,UPI
TXN4F4276718C,2024-05-02,BR01,Eluru,Andhra Pradesh,CUST01649,Manoj Chowdary,Retail,P002,Mid-range Smartphone 5G,Mobile,1,22958.34,0.0,0.78,UPI
TXN7B925BD628,2024-01-14,BR01,Eluru,Andhra Pradesh,CUST00539,Priya Prasad,Retail,P002,Mid-range Smartphone 5G,Mobile,4,17429.97,0.05,0.78,Debit Card
TXND97B33A125,2023-03-21,BR01,Eluru,Andhra Pradesh,CUST01338,Sandeep Rao,Wholesale,P010,Wireless Mouse,Accessories,2,1491.08,0.05,0.4,Cash
TXN29A50D9ED1,2024-02-11,BR01,Eluru,Andhra Pradesh,CUST00830,Anitha Kumar,Wholesale,P005,Entry Laptop i3,Laptop,1,29012.33,0.1,0.82,Cash
TXNB4AC34DE81,2023-11-08,BR01,Eluru,Andhra Pradesh,CUST00163,Deepika Sarma,Corporate,P010,Wireless Mouse,Accessories,2,371.72,0.2,0.4,UPI
TXN9DE376C7D0,2023-10-23,BR01,Eluru,Andhra Pradesh,CUST00632,Manoj Rao,Retail,P003,Flagship Smartphone,Mobile,1,61857.62,0.2,0.75,UPI
TXN4CA016C761,2024-03-05,BR01,Eluru,Andhra Pradesh,CUST01142,Divya Sarma,Retail,P002,Mid-range Smartphone 5G,Mobile,3,15584.84,0.0,0.78,UPI
TXND51AC5FC4E,2023-08-25,BR01,Eluru,Andhra Pradesh,CUST01163,Pooja Chowdary,Corporate,P019,LED TV 55-inch,Electronics,1,54179.45,0.0,0.79,Credit Card
TXN32086AE9BA,2023-12-15,BR01,Eluru,Andhra Pradesh,CUST01332,Naveen Devi,Retail,P006,Business Laptop i5,Laptop,1,57817.68,0.0,0.8,Cash
TXN7E71A74A02,2024-03-02,BR01,Eluru,Andhra Pradesh,CUST00198,Swathi Chowdary,Retail,P007,Gaming Laptop i7,Laptop,1,115511.99,0.15,0.78,UPI
TXN2D1BCC3B62,2024-05-18,BR01,Eluru,Andhra Pradesh,CUST01463,Kiran Rao,Wholesale,P010,Wireless Mouse,Accessories,2,349.4,0.05,0.4,UPI
TXN01E067A01A,2024-11-27,BR01,Eluru,Andhra Pradesh,CUST00180,Ravi Rao,Wholesale,P002,Mid-range Smartphone 5G,Mobile,1,21256.76,0.1,0.78,Cash
TXN204B4AA3F1,2024-06-22,BR01,Eluru,Andhra Pradesh,CUST00295,Sneha Naidu,Wholesale,P005,Entry Laptop i3,Laptop,1,28246.5,0.05,0.82,Cash
TXN23004C1E93,2024-02-24,BR01,Eluru,Andhra Pradesh,CUST01757,Priya Murthy,Retail,P014,Split AC 1.5 Ton,Home Appliances,1,46648.63,0.05,0.83,Cash
TXNDA9653BFEB,2023-02-22,BR01,Eluru,Andhra Pradesh,CUST01608,Ajay Sarma,Wholesale,P021,Smart Watch,Electronics,1,9983.45,0.1,0.55,UPI
TXN73D677F1E5,2023-05-20,BR01,Eluru,Andhra Pradesh,CUST00688,Ravi Rao,Retail,P004,Wireless Earbuds,Mobile,1,5644.52,0.0,0.55,UPI
TXN6E810C6F30,2023-05-07,BR01,Eluru,Andhra Pradesh,CUST00858,Kavya Reddy,Corporate,P009,Laptop Bag,Accessories,2,887.53,0.0,0.45,Credit Card
TXN7AA5210A8D,2023-07-16,BR01,Eluru,Andhra Pradesh,CUST01093,Kiran Babu,Retail,P021,Smart Watch,Electronics,3,8646.39,0.1,0.55,Credit Card
TXN38527AB7BE,2023-01-14,BR01,Eluru,Andhra Pradesh,CUST01952,Priya Murthy,Retail,P011,Bluetooth Speaker,Accessories,1,2179.22,0.05,0.5,Debit Card
TXN9BA13DADDF,2024-03-03,BR01,Eluru,Andhra Pradesh,CUST00904,Kiran Reddy,Retail,P021,Smart Watch,Electronics,2,7452.42,0.05,0.55,UPI
TXN814336F994,2024-11-15,BR01,Eluru,Andhra Pradesh,CUST01197,Arjun Varma,Retail,P002,Mid-range Smartphone 5G,Mobile,1,27163.41,0.2,0.78,Debit Card
TXN1D6C6AD207,2023-04-18,BR01,Eluru,Andhra Pradesh,CUST01825,Arjun Prasad,Wholesale,P009,Laptop Bag,Accessories,2,859.09,0.1,0.45,Net Banking
TXN17B839F44D,2023-02-27,BR01,Eluru,Andhra Pradesh,CUST00289,Deepika Rao,Retail,P019,LED TV 55-inch,Electronics,1,47650.49,0.0,0.79,Credit Card
TXN9E07F661EC,2024-03-17,BR01,Eluru,Andhra Pradesh,CUST00287,Aishwarya Sarma,Retail,P001,Budget Smartphone 4G,Mobile,1,9584.92,,0.8,UPI
TXNDD206CB628,2023-05-29,BR01,Eluru,Andhra Pradesh,CUST00864,Kiran Prasad,Corporate,P014,Split AC 1.5 Ton,Home Appliances,1,47318.57,0.0,0.83,UPI
TXNBE44678969,2023-04-18,BR01,Eluru,Andhra Pradesh,CUST00098,Srinivas Rao,Wholesale,P010,Wireless Mouse,Accessories,1,858.05,0.0,0.4,UPI
TXNA5BB8FCB2F,2023-06-11,BR01,Eluru,Andhra Pradesh,CUST00346,Sneha Murthy,Retail,P021,Smart Watch,Electronics,2,4276.37,0.0,0.55,Cash
TXN54B7564368,2023-07-16,BR01,Eluru,Andhra Pradesh,CUST00370,Sandeep Babu,Wholesale,P011,Bluetooth Speaker,Accessories,2,3751.77,0.1,0.5,UPI
TXNFE74DB85E9,2023-09-05,BR01,Eluru,Andhra Pradesh,CUST00813,Suresh Devi,Retail,P012,Mobile Charger,Accessories,2,616.8,0.15,0.42,UPI
TXN4509F5466E,2023-11-15,BR01,Eluru,Andhra Pradesh,CUST01447,Meena Naidu,Retail,P008,Ultrabook Thin & Light,Laptop,1,72427.51,0.25,0.79,UPI
TXN490848F436,2024-10-13,BR01,Eluru,Andhra Pradesh,CUST00644,Suresh Varma,Wholesale,P012,Mobile Charger,Accessories,1,1426.28,0.15,0.42,Credit Card
TXN8AA710FC44,2024-12-27,BR01,Eluru,Andhra Pradesh,CUST00068,Sandeep Devi,Retail,P008,Ultrabook Thin & Light,Laptop,1,63852.78,0.1,0.79,Debit Card
TXNF9F124B61F,2024-06-21,BR01,Eluru,Andhra Pradesh,CUST01093,Kiran Babu,Retail,P012,Mobile Charger,Accessories,2,1001.74,0.05,0.42,Debit Card
TXN1DB90EDFB3,2024-06-27,BR01,Eluru,Andhra Pradesh,CUST01993,Swathi Chowdary,Corporate,P002,Mid-range Smartphone 5G,Mobile,2,17975.6,0.15,0.78,Net Banking
TXND82E068B8E,2024-06-17,BR01,Eluru,Andhra Pradesh,CUST00798,Sneha Reddy,Retail,P017,Microwave Oven,Home Appliances,1,14655.05,0.1,0.75,UPI
TXN954E898D13,2023-08-28,BR01,Eluru,Andhra Pradesh,CUST01777,Sandeep Reddy,Retail,P019,LED TV 55-inch,Electronics,1,57799.6,0.05,0.79,Credit Card
TXN9707E08B44,2023-05-27,BR01,Eluru,Andhra Pradesh,CUST00669,Suresh Rao,Retail,P010,Wireless Mouse,Accessories,3,1006.15,0.0,0.4,Debit Card
TXND7C9E5BD42,2024-06-11,BR01,Eluru,Andhra Pradesh,CUST01423,Swathi Babu,Retail,P020,Home Theatre System,Electronics,2,5640.34,0.1,0.6,UPI
TXN5402108BA5,2023-10-27,BR01,Eluru,Andhra Pradesh,CUST01216,Arjun Rao,Retail,P008,Ultrabook Thin & Light,Laptop,1,73739.25,0.2,0.79,UPI
TXN8303FD1D32,2024-07-15,BR01,Eluru,Andhra Pradesh,CUST00938,Harika Kumar,Wholesale,P012,Mobile Charger,Accessories,3,1246.79,0.15,0.42,Debit Card
TXN487DEEA0F3,2023-07-05,BR01,Eluru,Andhra Pradesh,CUST00614,Kiran Reddy,Retail,P013,Power Bank,Accessories,1,2300.23,0.05,0.48,UPI
TXNB1697285D4,2024-10-03,BR01,Eluru,Andhra Pradesh,CUST01027,Deepika Prasad,Retail,P013,Power Bank,Accessories,1,903.73,0.2,0.48,Cash
TXN04CB61E0D8,2023-12-15,BR01,Eluru,Andhra Pradesh,CUST00754,Harika Babu,Retail,P020,Home Theatre System,Electronics,4,7886.02,0.1,0.6,Cash
TXNF85B172651,2024-10-30,BR01,Eluru,Andhra Pradesh,CUST01980,Sandeep Kumar,Retail,P001,Budget Smartphone 4G,Mobile,1,10225.7,0.25,0.8,UPI
TXN3F87D94DA6,2024-11-05,BR01,Eluru,Andhra Pradesh,CUST01623,Ramesh Chowdary,Retail,P008,Ultrabook Thin & Light,Laptop,1,83047.84,0.2,0.79,UPI
TXNECB31FD309,2023-03-20,BR01,Eluru,Andhra Pradesh,CUST01634,Pooja Varma,Retail,P002,Mid-range Smartphone 5G,Mobile,1,21005.68,0.05,0.78,UPI
TXN05C62B62F9,2023-01-19,BR01,Eluru,Andhra Pradesh,CUST00040,Priya Rao,Retail,P016,Washing Machine,Home Appliances,1,26040.3,0.1,0.8,UPI
TXN63D4BB4FEC,2023-07-13,BR01,Eluru,Andhra Pradesh,CUST01548,Anitha Devi,Retail,P021,Smart Watch,Electronics,1,7381.1,0.0,0.55,UPI
TXNC9C04DA792,2023-11-25,BR01,Eluru,Andhra Pradesh,CUST01738,Kavya Kumar,Retail,P011,Bluetooth Speaker,Accessories,1,3284.4,0.2,0.5,UPI
TXNE104B48859,2023-12-27,BR01,Eluru,Andhra Pradesh,CUST00083,Anitha Naidu,Retail,P013,Power Bank,Accessories,1,1062.46,0.05,0.48,Cash
TXN58B0875EB5,2023-05-25,BR01,Eluru,Andhra Pradesh,CUST01457,Vikram Sharma,Retail,P002,Mid-range Smartphone 5G,Mobile,1,27521.15,0.0,0.78,UPI
TXN01F19813B8,2024-10-13,BR01,Eluru,Andhra Pradesh,CUST00739,Praveen Murthy,Retail,P011,Bluetooth Speaker,Accessories,1,3997.57,0.15,0.5,Credit Card
TXN3264ACC9FF,2024-10-14,BR01,Eluru,Andhra Pradesh,CUST01803,Lakshmi Sarma,Retail,P012,Mobile Charger,Accessories,1,1652.23,0.0,0.42,Cash
TXN9F9D39171D,2023-08-24,BR01,Eluru,Andhra Pradesh,CUST01975,Divya Murthy,Retail,P018,LED TV 43-inch,Electronics,1,28283.87,0.15,0.8,UPI
TXN8249D80D22,2024-12-08,BR01,Eluru,Andhra Pradesh,CUST01699,Kiran Babu,Retail,P004,Wireless Earbuds,Mobile,1,2216.9,0.0,0.55,Debit Card
TXNC451B6DC63,2024-05-14,BR01,Eluru,Andhra Pradesh,CUST00631,Aishwarya Kumar,Retail,P002,Mid-range Smartphone 5G,Mobile,1,24059.79,0.05,0.78,UPI
TXN85D5085B8C,2023-04-28,BR01,Eluru,Andhra Pradesh,CUST00113,Meena Sarma,Retail,P010,Wireless Mouse,Accessories,1,634.77,0.15,0.4,Debit Card
TXN51AFBD0434,2023-05-07,BR01,Eluru,Andhra Pradesh,CUST00033,Manoj Varma,Retail,P015,Refrigerator 300L,Home Appliances,1,41154.19,0.15,0.82,Credit Card
TXN21FA7923FF,2023-01-01,BR01,Eluru,Andhra Pradesh,CUST01771,Suresh Devi,Retail,P008,Ultrabook Thin & Light,Laptop,1,92021.42,0.05,0.79,Debit Card
TXN07043B057E,2023-11-14,BR01,Eluru,Andhra Pradesh,CUST00032,Vikram Murthy,Wholesale,P008,Ultrabook Thin & Light,Laptop,1,66329.28,0.25,0.79,Cash
TXNC5983F3B0A,2023-07-26,BR01,Eluru,Andhra Pradesh,CUST00390,Harika Babu,Retail,P011,Bluetooth Speaker,Accessories,1,3852.31,0.1,0.5,Debit Card
TXN0D68DD934B,2024-11-23,BR01,Eluru,Andhra Pradesh,CUST00140,Priya Prasad,Retail,P019,LED TV 55-inch,Electronics,1,53943.32,0.1,0.79,Debit Card
TXNF2A088C311,2024-10-19,BR01,Eluru,Andhra Pradesh,CUST00994,Meena Murthy,Retail,P010,Wireless Mouse,Accessories,2,495.64,0.0,0.4,UPI
TXN2FA8FC28B7,2024-01-14,BR01,Eluru,Andhra Pradesh,CUST01989,Lakshmi Murthy,Retail,P006,Business Laptop i5,Laptop,1,57478.35,0.15,0.8,Cash
TXNB94C22710A,2023-09-01,BR01,Eluru,Andhra Pradesh,CUST00922,Naveen Chowdary,Retail,P003,Flagship Smartphone,Mobile,1,85933.23,0.1,0.75,UPI
TXN687B281F56,2023-05-11,BR01,Eluru,Andhra Pradesh,CUST00382,Sandeep Sharma,Retail,P012,Mobile Charger,Accessories,4,1251.42,0.0,0.42,Credit Card
TXN456A4D244B,2023-05-21,BR01,Eluru,Andhra Pradesh,CUST00591,Kiran Reddy,Retail,P012,Mobile Charger,Accessories,3,1179.56,0.05,0.42,Debit Card
TXN1B048244F1,2023-03-21,BR01,Eluru,Andhra Pradesh,CUST00221,Ravi Varma,Retail,P015,Refrigerator 300L,Home Appliances,1,39027.2,0.15,0.82,Net Banking
TXN0AA5C95F72,2023-05-14,BR01,Eluru,Andhra Pradesh,CUST00859,Praveen Babu,Retail,P019,LED TV 55-inch,Electronics,1,46192.51,0.0,0.79,Net Banking
TXN4A73CB8292,2024-02-16,BR01,Eluru,Andhra Pradesh,CUST00675,Meena Babu,Retail,P005,Entry Laptop i3,Laptop,1,30182.29,0.0,0.82,Credit Card
TXNE7233AFC60,2023-07-19,BR01,Eluru,Andhra Pradesh,CUST01592,Aishwarya Devi,Retail,P008,Ultrabook Thin & Light,Laptop,1,57796.56,0.0,0.79,Credit Card
TXN7BF0517530,2024-08-11,BR01,Eluru,Andhra Pradesh,CUST01025,Meena Kumar,Retail,P003,Flagship Smartphone,Mobile,1,54701.09,0.0,0.75,UPI
TXN21E41732CF,2023-04-22,BR01,Eluru,Andhra Pradesh,CUST00478,Meena Murthy,Retail,P017,Microwave Oven,Home Appliances,1,9877.6,0.0,0.75,Debit Card
TXN80D3C6D37C,2024-02-18,BR01,Eluru,Andhra Pradesh,CUST00549,Naveen Naidu,Retail,P014,Split AC 1.5 Ton,Home Appliances,1,39017.64,0.05,0.83,Cash
TXNF4AF3B56CD,2024-08-30,BR01,Eluru,Andhra Pradesh,CUST00828,Priya Rao,Corporate,P007,Gaming Laptop i7,Laptop,1,127019.37,0.05,0.78,Credit Card
TXN7F3704FB9E,2024-10-12,BR01,Eluru,Andhra Pradesh,CUST01254,Srinivas Prasad,Retail,P002,Mid-range Smartphone 5G,Mobile,1,27551.23,0.1,0.78,UPI
TXN7E63E14616,2023-07-26,BR01,Eluru,Andhra Pradesh,CUST01033,Sandeep Rao,Retail,P007,Gaming Laptop i7,Laptop,1,104123.96,0.05,0.78,Debit Card
TXND741C75CCE,2024-06-14,BR01,Eluru,Andhra Pradesh,CUST00588,Suresh Sharma,Retail,P018,LED TV 43-inch,Electronics,1,29172.18,0.1,0.8,Credit Card
TXNA964A73BB0,2024-02-07,BR01,Eluru,Andhra Pradesh,CUST01152,Arjun Sarma,Wholesale,P015,Refrigerator 300L,Home Appliances,1,36896.88,0.1,0.82,Credit Card
TXNBC6D22C948,2024-10-16,BR01,Eluru,Andhra Pradesh,CUST00069,Sneha Reddy,Retail,P002,Mid-range Smartphone 5G,Mobile,1,24557.78,0.2,0.78,UPI
TXNC24CEB3F8C,2024-02-26,BR01,Eluru,Andhra Pradesh,CUST01750,Arjun Varma,Retail,P004,Wireless Earbuds,Mobile,1,2145.89,0.0,0.55,Net Banking
TXNF98F8E2FD0,2023-05-14,BR01,Eluru,Andhra Pradesh,CUST00050,Srinivas Rao,Wholesale,P017,Microwave Oven,Home Appliances,1,11542.03,0.05,0.75,UPI
TXNA76106AEA9,2024-10-31,BR01,Eluru,Andhra Pradesh,CUST01156,Kavya Prasad,Retail,P010,Wireless Mouse,Accessories,3,829.06,0.1,0.4,Cash
TXN85D5CAAA9D,2023-08-16,BR01,Eluru,Andhra Pradesh,CUST01555,Ravi Chowdary,Retail,P008,Ultrabook Thin & Light,Laptop,1,82172.09,0.0,0.79,Cash
TXN84261CCE5D,2024-05-07,BR01,Eluru,Andhra Pradesh,CUST00627,Naveen Sharma,Corporate,P002,Mid-range Smartphone 5G,Mobile,2,16156.78,0.0,0.78,Credit Card
TXN84BF6F0746,2023-12-29,BR01,Eluru,Andhra Pradesh,CUST00542,Ajay Prasad,Corporate,P007,Gaming Laptop i7,Laptop,1,111132.06,0.0,0.78,Credit Card
TXNF50B8D622E,2024-02-05,BR01,Eluru,Andhra Pradesh,CUST01758,Ajay Varma,Retail,P021,Smart Watch,Electronics,1,3928.96,0.0,0.55,Net Banking
TXNF2A99882E2,2023-05-16,BR01,Eluru,Andhra Pradesh,CUST01885,Kavya Varma,Retail,P001,Budget Smartphone 4G,Mobile,2,9428.16,0.15,0.8,UPI
TXN59F1A6013B,2023-06-01,BR01,Eluru,Andhra Pradesh,CUST00478,Meena Murthy,Retail,P018,LED TV 43-inch,Electronics,1,22734.45,0.15,0.8,Debit Card
TXNDB47A281E3,2024-10-01,BR01,Eluru,Andhra Pradesh,CUST01095,Arjun Rao,Retail,P005,Entry Laptop i3,Laptop,1,35570.53,0.05,0.82,UPI
TXN948E4373DD,2023-08-22,BR01,Eluru,Andhra Pradesh,CUST01861,Ajay Devi,Retail,P010,Wireless Mouse,Accessories,1,892.38,0.0,0.4,UPI
TXNAED4F552C2,2023-10-17,BR01,Eluru,Andhra Pradesh,CUST01878,Praveen Varma,Retail,P009,Laptop Bag,Accessories,2,978.03,0.1,0.45,UPI
TXN17C0E82168,2023-04-08,BR01,Eluru,Andhra Pradesh,CUST01705,Suresh Varma,Retail,P006,Business Laptop i5,Laptop,1,42691.56,0.1,0.8,UPI
TXN82D9304503,2023-11-14,BR01,Eluru,Andhra Pradesh,CUST00291,Ravi Chowdary,Retail,P011,Bluetooth Speaker,Accessories,2,2853.46,0.1,0.5,Cash
TXN850268CAD8,2023-12-18,BR01,Eluru,Andhra Pradesh,CUST00501,Arjun Naidu,Retail,P004,Wireless Earbuds,Mobile,1,5200.62,,0.55,Net Banking
TXN0D7DB5290E,2023-11-09,BR01,Eluru,Andhra Pradesh,CUST00892,Naveen Murthy,Wholesale,P012,Mobile Charger,Accessories,4,793.96,0.25,0.42,UPI
TXNA8726F7D2F,2023-06-29,BR01,Eluru,Andhra Pradesh,CUST01377,Ravi Varma,Retail,P011,Bluetooth Speaker,Accessories,1,2196.05,0.0,0.5,Credit Card
TXND22EF6A7BB,2024-01-24,BR01,Eluru,Andhra Pradesh,CUST00269,Pooja Kumar,Retail,P017,Microwave Oven,Home Appliances,1,11821.09,0.1,0.75,UPI
TXN768F4E5AA8,2023-05-03,BR01,Eluru,Andhra Pradesh,CUST01238,Arjun Reddy,Wholesale,P001,Budget Smartphone 4G,Mobile,2,10312.47,0.0,0.8,Cash
TXN3FC38D24DA,2024-10-04,BR01,Eluru,Andhra Pradesh,CUST01035,Lakshmi Kumar,Retail,P013,Power Bank,Accessories,3,2121.02,0.1,0.48,UPI
TXN5FE12F0F41,2023-06-18,BR01,Eluru,Andhra Pradesh,CUST01961,Sandeep Sharma,Retail,P019,LED TV 55-inch,Electronics,1,52228.42,0.1,0.79,UPI
TXNB210F161E9,2024-09-20,BR01,Eluru,Andhra Pradesh,CUST01119,Aishwarya Murthy,Retail,P004,Wireless Earbuds,Mobile,1,2816.05,0.15,0.55,UPI
TXN1E9B3D4DE9,2024-01-04,BR01,Eluru,Andhra Pradesh,CUST01729,Ravi Murthy,Retail,P018,LED TV 43-inch,Electronics,1,22906.96,0.0,0.8,UPI
TXN52F686EF42,2023-03-02,BR01,Eluru,Andhra Pradesh,CUST00590,Praveen Sharma,Wholesale,P012,Mobile Charger,Accessories,4,434.98,0.1,0.42,UPI
TXN379DA9E12B,2024-04-14,BR01,Eluru,Andhra Pradesh,CUST01841,Divya Sarma,Retail,P005,Entry Laptop i3,Laptop,1,28738.95,0.0,0.82,Cash
TXN0A8B7CD497,2024-09-09,BR01,Eluru,Andhra Pradesh,CUST00144,Suresh Naidu,Retail,P008,Ultrabook Thin & Light,Laptop,1,81977.14,0.0,0.79,Credit Card
TXNFDEC4ACFD0,2023-03-22,BR01,Eluru,Andhra Pradesh,CUST01618,Harika Murthy,Retail,P010,Wireless Mouse,Accessories,1,329.91,0.0,0.4,Debit Card
TXN29FCC64692,2024-12-01,BR01,Eluru,Andhra Pradesh,CUST01997,Srinivas Reddy,Retail,P012,Mobile Charger,Accessories,2,560.1,0.0,0.42,UPI
TXN93D34E1C2A,2024-10-22,BR01,Eluru,Andhra Pradesh,CUST00396,Anitha Varma,Retail,P003,Flagship Smartphone,Mobile,1,57643.25,0.1,0.75,UPI
TXNB931B1E561,2023-09-09,BR01,Eluru,Andhra Pradesh,CUST01052,Kavya Devi,Retail,P007,Gaming Laptop i7,Laptop,1,110190.79,0.0,0.78,UPI
TXN0068E8377E,2024-03-07,BR01,Eluru,Andhra Pradesh,CUST00738,Aishwarya Prasad,Retail,P007,Gaming Laptop i7,Laptop,1,91776.33,0.05,0.78,Cash
TXN69D40CE449,2023-07-01,BR01,Eluru,Andhra Pradesh,CUST00625,Lakshmi Sharma,Retail,P007,Gaming Laptop i7,Laptop,1,106045.17,0.0,0.78,Credit Card
TXNB2A6E5AD94,2024-04-21,BR01,Eluru,Andhra Pradesh,CUST00879,Ajay Varma,Retail,P010,Wireless Mouse,Accessories,1,787.81,0.0,0.4,UPI
TXN518FEAC651,2023-07-17,BR01,Eluru,Andhra Pradesh,CUST01274,Sandeep Rao,Corporate,P009,Laptop Bag,Accessories,1,607.23,0.0,0.45,Debit Card
TXN94EF43D553,2023-11-12,BR01,Eluru,Andhra Pradesh,CUST00892,Naveen Murthy,Wholesale,P002,Mid-range Smartphone 5G,Mobile,1,15574.6,0.1,0.78,UPI
TXN59A1F11C23,2023-06-25,BR01,Eluru,Andhra Pradesh,CUST00842,Harika Rao,Retail,P001,Budget Smartphone 4G,Mobile,1,12740.46,0.0,0.8,UPI
TXN5FD3ED847A,2023-09-02,BR01,Eluru,Andhra Pradesh,CUST00560,Srinivas Sharma,Retail,P012,Mobile Charger,Accessories,1,1671.67,0.0,0.42,UPI
TXNE3AC25FB09,2024-06-20,BR01,Eluru,Andhra Pradesh,CUST00460,Swathi Sharma,Wholesale,P021,Smart Watch,Electronics,2,10829.87,0.15,0.55,UPI
TXN74B005915D,2024-12-03,BR01,Eluru,Andhra Pradesh,CUST01330,Arjun Sharma,Corporate,P012,Mobile Charger,Accessories,1,423.25,0.05,0.42,Net Banking
TXNFBBA9FE65A,2023-07-31,BR01,Eluru,Andhra Pradesh,CUST01944,Naveen Babu,Retail,P018,LED TV 43-inch,Electronics,1,23897.57,0.0,0.8,UPI
TXNA18E0FB523,2024-10-07,BR01,Eluru,Andhra Pradesh,CUST00304,Kavya Prasad,Retail,P010,Wireless Mouse,Accessories,1,1441.41,0.25,0.4,Debit Card
TXN2B7E9814DA,2023-12-27,BR01,Eluru,Andhra Pradesh,CUST00615,Manoj Babu,Retail,P003,Flagship Smartphone,Mobile,1,74392.7,0.0,0.75,UPI
TXN7734D3B80B,2023-10-04,BR01,Eluru,Andhra Pradesh,CUST00057,Sneha Murthy,Corporate,P013,Power Bank,Accessories,1,1103.47,0.0,0.48,UPI
TXNCC634A14FD,2023-01-17,BR01,Eluru,Andhra Pradesh,CUST00373,Kavya Murthy,Retail,P019,LED TV 55-inch,Electronics,1,53796.78,0.0,0.79,UPI
TXN2C0F95D673,2023-12-31,BR01,Eluru,Andhra Pradesh,CUST00300,Anitha Naidu,Retail,P012,Mobile Charger,Accessories,1,1343.67,0.0,0.42,Credit Card
TXN8B9ACD48FD,2023-03-28,BR01,Eluru,Andhra Pradesh,CUST01087,Kiran Murthy,Wholesale,P013,Power Bank,Accessories,1,2345.38,0.0,0.48,Cash
TXN377C49C9B9,2023-06-15,BR01,Eluru,Andhra Pradesh,CUST00132,Lakshmi Sharma,Wholesale,P019,LED TV 55-inch,Electronics,1,55890.95,0.15,0.79,Credit Card
TXNB7A1A9AE7F,2024-09-27,BR01,Eluru,Andhra Pradesh,CUST01004,Deepika Murthy,Retail,P007,Gaming Laptop i7,Laptop,1,102711.95,0.0,0.78,Debit Card
TXN7044DBB644,2024-11-11,BR01,Eluru,Andhra Pradesh,CUST00550,Deepika Murthy,Wholesale,P007,Gaming Laptop i7,Laptop,1,99061.43,0.25,0.78,UPI
TXNE57537379E,2024-02-28,BR01,Eluru,Andhra Pradesh,CUST00618,Kiran Rao,Retail,P012,Mobile Charger,Accessories,1,1766.41,0.0,0.42,Net Banking
TXN61B35FF62A,2023-05-04,BR01,Eluru,Andhra Pradesh,CUST00989,Naveen Rao,Retail,P002,Mid-range Smartphone 5G,Mobile,2,17849.61,0.05,0.78,Net Banking
TXN2241983606,2024-01-25,BR01,Eluru,Andhra Pradesh,CUST00675,Meena Babu,Retail,P017,Microwave Oven,Home Appliances,1,11317.41,0.0,0.75,UPI
TXNEB80FE770F,2024-11-27,BR01,Eluru,Andhra Pradesh,CUST00825,Arjun Reddy,Retail,P002,Mid-range Smartphone 5G,Mobile,1,27633.59,0.05,0.78,UPI
TXN0A505C9EE9,2023-02-12,BR01,Eluru,Andhra Pradesh,CUST00254,Sneha Sarma,Retail,P007,Gaming Laptop i7,Laptop,1,93227.78,0.0,0.78,Cash
TXNEE2D82F2CB,2023-08-12,BR01,Eluru,Andhra Pradesh,CUST00782,Anitha Reddy,Corporate,P018,LED TV 43-inch,Electronics,1,24287.01,0.1,0.8,Credit Card
TXN7FEA4A7B4C,2023-08-04,BR01,Eluru,Andhra Pradesh,CUST00030,Priya Varma,Wholesale,P019,LED TV 55-inch,Electronics,1,59733.69,0.0,0.79,UPI
TXN2D4C8919C6,2023-10-04,BR01,Eluru,Andhra Pradesh,CUST00602,Sneha Sarma,Retail,P012,Mobile Charger,Accessories,2,941.11,0.2,0.42,Net Banking
TXN16913FC787,2024-03-17,BR01,Eluru,Andhra Pradesh,CUST00873,Sandeep Sarma,Retail,P017,Microwave Oven,Home Appliances,1,10046.63,0.1,0.75,UPI
TXN595D067017,2024-12-26,BR01,Eluru,Andhra Pradesh,CUST01092,Swathi Varma,Corporate,P012,Mobile Charger,Accessories,2,1745.67,0.1,0.42,UPI
TXNAF58E41F06,2023-10-29,BR01,Eluru,Andhra Pradesh,CUST00439,Sneha Murthy,Retail,P001,Budget Smartphone 4G,Mobile,3,11974.96,0.0,0.8,Net Banking
TXNF9AD5E9116,2024-09-03,BR01,Eluru,Andhra Pradesh,CUST00043,Ramesh Devi,Retail,P019,LED TV 55-inch,Electronics,1,50836.45,0.05,0.79,UPI
TXNE24F7668A7,2024-07-06,BR01,Eluru,Andhra Pradesh,CUST01224,Vikram Kumar,Retail,P001,Budget Smartphone 4G,Mobile,1,13437.93,0.0,0.8,UPI
TXN31EE594E22,2023-07-08,BR01,Eluru,Andhra Pradesh,CUST01832,Anitha Naidu,Retail,P009,Laptop Bag,Accessories,1,1107.64,0.15,0.45,UPI
TXN28AF765CC9,2024-10-07,BR01,Eluru,Andhra Pradesh,CUST01408,Divya Prasad,Wholesale,P020,Home Theatre System,Electronics,1,10111.86,0.0,0.6,Net Banking
TXN08F6827E7E,2023-02-13,BR01,Eluru,Andhra Pradesh,CUST01236,Anitha Reddy,Retail,P001,Budget Smartphone 4G,Mobile,4,8419.44,0.0,0.8,UPI
TXNBE3D14B8DF,2023-03-02,BR01,Eluru,Andhra Pradesh,CUST00564,Lakshmi Devi,Wholesale,P010,Wireless Mouse,Accessories,1,1111.92,0.15,0.4,Cash
TXN52E53ECFC5,2024-04-07,BR01,Eluru,Andhra Pradesh,CUST01731,Vikram Sarma,Wholesale,P002,Mid-range Smartphone 5G,Mobile,3,17972.4,0.0,0.78,Debit Card
TXNF1D9BADFF6,2024-07-13,BR01,Eluru,Andhra Pradesh,CUST00041,Anitha Babu,Retail,P005,Entry Laptop i3,Laptop,1,30803.87,0.0,0.82,UPI
TXN2D268E7121,2023-08-23,BR01,Eluru,Andhra Pradesh,CUST00130,Pooja Reddy,Wholesale,P001,Budget Smartphone 4G,Mobile,4,11533.39,0.0,0.8,UPI
TXNEB27D2E70E,2023-01-26,BR01,Eluru,Andhra Pradesh,CUST01524,Naveen Varma,Retail,P006,Business Laptop i5,Laptop,1,52163.97,0.0,0.8,UPI
TXN4E0F31D982,2023-04-26,BR01,Eluru,Andhra Pradesh,CUST00090,Naveen Naidu,Corporate,P017,Microwave Oven,Home Appliances,1,14389.19,0.0,0.75,UPI
TXN184C4B1DC6,2024-11-14,BR01,Eluru,Andhra Pradesh,CUST01176,Harika Murthy,Retail,P021,Smart Watch,Electronics,1,7542.42,0.1,0.55,UPI
TXN42DF54ACCE,2024-11-15,BR01,Eluru,Andhra Pradesh,CUST00030,Priya Varma,Wholesale,P009,Laptop Bag,Accessories,4,1127.78,0.2,0.45,Debit Card
TXN5E0267DAA8,2024-04-26,BR01,Eluru,Andhra Pradesh,CUST00149,Swathi Sharma,Retail,P013,Power Bank,Accessories,1,2248.45,0.1,0.48,Debit Card
TXNFFAA40A910,2023-09-23,BR01,Eluru,Andhra Pradesh,CUST00087,Sneha Kumar,Retail,P002,Mid-range Smartphone 5G,Mobile,2,16987.17,0.05,0.78,Net Banking
TXN83C3307ADC,2023-10-02,BR01,Eluru,Andhra Pradesh,CUST00717,Naveen Sharma,Retail,P012,Mobile Charger,Accessories,1,912.24,0.15,0.42,UPI
TXN31E9DE3FD1,2023-09-09,BR01,Eluru,Andhra Pradesh,CUST01552,Deepika Sarma,Wholesale,P011,Bluetooth Speaker,Accessories,2,3732.7,0.05,0.5,Debit Card
TXNAF6065AD72,2024-01-09,BR01,Eluru,Andhra Pradesh,CUST00461,Naveen Chowdary,Retail,P002,Mid-range Smartphone 5G,Mobile,1,18815.18,0.0,0.78,Credit Card
TXNB43C609713,2023-05-11,BR01,Eluru,Andhra Pradesh,CUST00589,Manoj Rao,Wholesale,P012,Mobile Charger,Accessories,2,1013.28,0.1,0.42,UPI
TXN2A092FDF66,2024-10-15,BR01,Eluru,Andhra Pradesh,CUST00102,Priya Murthy,Retail,P004,Wireless Earbuds,Mobile,1,2648.67,0.15,0.55,Cash
TXN19B1FA7B54,2024-05-23,BR01,Eluru,Andhra Pradesh,CUST00089,Priya Kumar,Retail,P011,Bluetooth Speaker,Accessories,4,1226.55,0.0,0.5,Credit Card
TXN49759B1921,2023-10-17,BR01,Eluru,Andhra Pradesh,CUST01783,Naveen Babu,Retail,P004,Wireless Earbuds,Mobile,1,4216.02,0.0,0.55,Cash
TXNA36DEE6EF0,2024-11-08,BR01,Eluru,Andhra Pradesh,CUST00158,Deepika Rao,Retail,P013,Power Bank,Accessories,1,971.43,0.05,0.48,UPI
TXNA9185F719F,2024-11-08,BR01,Eluru,Andhra Pradesh,CUST01725,Swathi Kumar,Retail,P009,Laptop Bag,Accessories,2,1087.98,0.15,0.45,Credit Card
TXN8EFACFA40B,2023-11-08,BR01,Eluru,Andhra Pradesh,CUST00825,Arjun Reddy,Retail,P001,Budget Smartphone 4G,Mobile,1,13095.42,0.25,0.8,Credit Card
TXNFF5239D470,2024-03-10,BR01,Eluru,Andhra Pradesh,CUST01341,Sandeep Murthy,Retail,P005,Entry Laptop i3,Laptop,1,33856.18,0.1,0.82,Cash
TXN5768F0C08F,2024-11-17,BR01,Eluru,Andhra Pradesh,CUST01384,Deepika Sharma,Retail,P015,Refrigerator 300L,Home Appliances,1,26441.27,0.2,0.82,Net Banking
TXN87F20BD75E,2023-09-23,BR01,Eluru,Andhra Pradesh,CUST01068,Arjun Devi,Corporate,P012,Mobile Charger,Accessories,1,1450.22,0.0,0.42,UPI
TXN00C0E30E0B,2023-09-04,BR01,Eluru,Andhra Pradesh,CUST01232,Meena Reddy,Corporate,P011,Bluetooth Speaker,Accessories,2,2976.69,0.1,0.5,UPI
TXN774177674F,2024-02-28,BR01,Eluru,Andhra Pradesh,CUST01897,Arjun Chowdary,Wholesale,P013,Power Bank,Accessories,3,2150.86,0.05,0.48,UPI
TXN645ADC52AB,2024-05-04,BR01,Eluru,Andhra Pradesh,CUST01023,Vikram Naidu,Wholesale,P021,Smart Watch,Electronics,3,6236.83,0.1,0.55,Debit Card
TXND2795656A5,2024-05-15,BR01,Eluru,Andhra Pradesh,CUST00117,Lakshmi Sarma,Retail,P005,Entry Laptop i3,Laptop,1,28513.22,0.05,0.82,UPI
TXNE3BAEF888D,2023-03-05,BR01,Eluru,Andhra Pradesh,CUST01162,Ravi Varma,Retail,P001,Budget Smartphone 4G,Mobile,1,9602.62,0.0,0.8,UPI
TXN9338D9B20E,2023-02-10,BR01,Eluru,Andhra Pradesh,CUST00217,Swathi Naidu,Wholesale,P015,Refrigerator 300L,Home Appliances,1,35953.13,0.15,0.82,UPI
TXN6BC7765D0E,2023-03-11,BR01,Eluru,Andhra Pradesh,CUST00266,Harika Murthy,Corporate,P013,Power Bank,Accessories,3,2317.64,0.1,0.48,Cash
TXNCC874CEEFC,2024-09-22,BR01,Eluru,Andhra Pradesh,CUST01253,Sneha Murthy,Retail,P019,LED TV 55-inch,Electronics,1,52175.73,0.05,0.79,UPI
TXNCE37025C21,2023-02-06,BR01,Eluru,Andhra Pradesh,CUST01429,Sneha Sarma,Wholesale,P013,Power Bank,Accessories,2,1037.39,0.0,0.48,UPI
TXN4188E86103,2024-11-17,BR01,Eluru,Andhra Pradesh,CUST01229,Arjun Chowdary,Retail,P001,Budget Smartphone 4G,Mobile,3,9429.3,0.2,0.8,UPI
TXNFDEE3E22EE,2024-06-13,BR01,Eluru,Andhra Pradesh,CUST00281,Suresh Varma,Retail,P020,Home Theatre System,Electronics,3,13771.76,0.15,0.6,UPI
TXNE4CA9A6EC5,2023-09-18,BR01,Eluru,Andhra Pradesh,CUST00679,Ajay Varma,Retail,P002,Mid-range Smartphone 5G,Mobile,1,23522.69,0.15,0.78,UPI
TXN7D6F07B730,2024-09-20,BR01,Eluru,Andhra Pradesh,CUST01112,Praveen Sarma,Retail,P009,Laptop Bag,Accessories,1,1665.41,0.0,0.45,Cash
TXNA1BDFDD8F3,2024-06-21,BR01,Eluru,Andhra Pradesh,CUST01058,Priya Prasad,Retail,P011,Bluetooth Speaker,Accessories,1,3350.87,0.0,0.5,Net Banking
TXNA2AB4582A2,2024-11-10,BR01,Eluru,Andhra Pradesh,CUST00404,Naveen Reddy,Retail,P008,Ultrabook Thin & Light,Laptop,1,57285.98,0.1,0.79,UPI
TXNB29FEF448A,2024-10-23,BR01,Eluru,Andhra Pradesh,CUST01788,Vikram Prasad,Retail,P012,Mobile Charger,Accessories,1,1530.43,0.0,0.42,Debit Card
TXND1FC1E4A48,2024-09-14,BR01,Eluru,Andhra Pradesh,CUST01537,Swathi Murthy,Corporate,P002,Mid-range Smartphone 5G,Mobile,3,16523.11,0.05,0.78,Credit Card
TXN696F1DD38C,2024-01-11,BR01,Eluru,Andhra Pradesh,CUST01845,Anitha Reddy,Retail,P008,Ultrabook Thin & Light,Laptop,1,57796.33,0.0,0.79,Cash
TXN092A76397D,2024-03-15,BR01,Eluru,Andhra Pradesh,CUST00086,Meena Reddy,Corporate,P012,Mobile Charger,Accessories,3,1718.76,0.15,0.42,UPI
TXNB279DFB64E,2024-08-15,BR01,Eluru,Andhra Pradesh,CUST00060,Kiran Babu,Retail,P019,LED TV 55-inch,Electronics,1,56841.16,0.05,0.79,UPI
TXN0519F17CAF,2024-07-24,BR01,Eluru,Andhra Pradesh,CUST00877,Harika Rao,Retail,P009,Laptop Bag,Accessories,1,1486.01,0.0,0.45,Net Banking
TXN55FD19ECFD,2024-11-03,BR01,Eluru,Andhra Pradesh,CUST01696,Sandeep Kumar,Retail,P020,Home Theatre System,Electronics,2,16907.94,0.05,0.6,Debit Card
TXNE91F903900,2023-07-17,BR01,Eluru,Andhra Pradesh,CUST00128,Pooja Murthy,Retail,P006,Business Laptop i5,Laptop,1,59451.59,0.15,0.8,UPI
TXN474AC1E931,2023-04-21,BR01,Eluru,Andhra Pradesh,CUST01988,Ajay Sarma,Retail,P016,Washing Machine,Home Appliances,1,20087.62,0.1,0.8,Debit Card
TXN49104810D2,2023-09-27,BR01,Eluru,Andhra Pradesh,CUST01810,Kavya Chowdary,Retail,P011,Bluetooth Speaker,Accessories,1,1579.48,0.15,0.5,UPI
TXNBFBB0B7063,2023-04-13,BR01,Eluru,Andhra Pradesh,CUST00081,Lakshmi Varma,Retail,P005,Entry Laptop i3,Laptop,1,31584.55,0.15,0.82,Debit Card
TXN6AE6F09F1F,2024-06-21,BR01,Eluru,Andhra Pradesh,CUST01301,Priya Chowdary,Retail,P001,Budget Smartphone 4G,Mobile,3,12457.12,0.1,0.8,UPI
TXN726AD8190E,2024-03-25,BR01,Eluru,Andhra Pradesh,CUST00808,Kavya Kumar,Retail,P004,Wireless Earbuds,Mobile,1,5079.33,0.1,0.55,Debit Card
TXN1E400387AE,2023-06-27,BR01,Eluru,Andhra Pradesh,CUST01331,Suresh Rao,Retail,P005,Entry Laptop i3,Laptop,1,34311.63,0.0,0.82,UPI
TXN09DAF22B68,2024-10-13,BR01,Eluru,Andhra Pradesh,CUST01767,Arjun Varma,Retail,P021,Smart Watch,Electronics,2,11518.79,0.25,0.55,Cash
TXN08620BF645,2023-07-23,BR01,Eluru,Andhra Pradesh,CUST00604,Sneha Murthy,Retail,P021,Smart Watch,Electronics,2,2225.84,0.15,0.55,Debit Card
TXNAC856BDA97,2023-09-05,BR01,Eluru,Andhra Pradesh,CUST00801,Sandeep Reddy,Retail,P018,LED TV 43-inch,Electronics,1,24627.11,0.1,0.8,Credit Card
TXN36CD4DD0A5,2024-07-13,BR01,Eluru,Andhra Pradesh,CUST01575,Deepika Rao,Retail,P021,Smart Watch,Electronics,2,5967.65,0.15,0.55,Debit Card
TXN22CC713545,2024-07-11,BR01,Eluru,Andhra Pradesh,CUST01772,Lakshmi Devi,Corporate,P021,Smart Watch,Electronics,2,9615.29,0.1,0.55,Net Banking
TXN92E7CE6018,2024-03-04,BR01,Eluru,Andhra Pradesh,CUST00918,Ramesh Murthy,Retail,P006,Business Laptop i5,Laptop,1,56852.25,0.0,0.8,UPI
TXN11E2229262,2023-04-01,BR01,Eluru,Andhra Pradesh,CUST00208,Deepika Babu,Wholesale,P002,Mid-range Smartphone 5G,Mobile,1,22213.66,0.0,0.78,UPI
TXN6BDB8D4029,2024-07-20,BR01,Eluru,Andhra Pradesh,CUST00499,Aishwarya Reddy,Retail,P020,Home Theatre System,Electronics,1,19873.89,0.1,0.6,UPI
TXN270E0DF50A,2024-05-28,BR01,Eluru,Andhra Pradesh,CUST00066,Srinivas Prasad,Retail,P018,LED TV 43-inch,Electronics,1,32763.91,0.05,0.8,Cash
TXNB16646962F,2023-11-04,BR01,Eluru,Andhra Pradesh,CUST01137,Aishwarya Kumar,Retail,P011,Bluetooth Speaker,Accessories,1,1799.88,0.0,0.5,UPI
TXNCCDEC1F672,2023-12-13,BR01,Eluru,Andhra Pradesh,CUST01902,Vikram Prasad,Retail,P004,Wireless Earbuds,Mobile,1,5689.86,0.0,0.55,Debit Card
TXNB7CA69C063,2024-05-09,BR01,Eluru,Andhra Pradesh,CUST01677,Vikram Devi,Corporate,P016,Washing Machine,Home Appliances,1,32949.28,0.0,0.8,Credit Card
TXNF0E8D3EBAB,2023-11-07,BR01,Eluru,Andhra Pradesh,CUST01654,Ramesh Prasad,Retail,P018,LED TV 43-inch,Electronics,1,27221.12,0.15,0.8,UPI
TXN048D26D144,2024-05-29,BR01,Eluru,Andhra Pradesh,CUST00488,Divya Sarma,Retail,P010,Wireless Mouse,Accessories,1,412.19,0.1,0.4,Net Banking
TXNE55E948C6D,2023-06-04,BR01,Eluru,Andhra Pradesh,CUST00833,Naveen Chowdary,Retail,P009,Laptop Bag,Accessories,1,1133.0,0.0,0.45,UPI
TXN34738B2914,2023-07-09,BR01,Eluru,Andhra Pradesh,CUST00621,Manoj Naidu,Retail,P019,LED TV 55-inch,Electronics,1,46628.24,0.0,0.79,Debit Card
TXNDE06867106,2023-01-02,BR01,Eluru,Andhra Pradesh,CUST00798,Sneha Reddy,Retail,P003,Flagship Smartphone,Mobile,1,47299.15,0.05,0.75,Cash
TXND5731495A8,2023-11-08,BR01,Eluru,Andhra Pradesh,CUST00266,Harika Murthy,Corporate,P007,Gaming Laptop i7,Laptop,1,78707.36,0.15,0.78,Cash
TXN3DB1BCFC10,2023-08-11,BR01,Eluru,Andhra Pradesh,CUST01989,Lakshmi Murthy,Retail,P004,Wireless Earbuds,Mobile,4,3671.85,0.0,0.55,Credit Card
TXN23246095FB,2024-09-24,BR01,Eluru,Andhra Pradesh,CUST01866,Suresh Prasad,Retail,P013,Power Bank,Accessories,1,2410.12,0.05,0.48,UPI
TXN560F466A06,2024-10-21,BR01,Eluru,Andhra Pradesh,CUST01822,Divya Naidu,Retail,P011,Bluetooth Speaker,Accessories,1,3706.67,0.25,0.5,Credit Card
TXNB39C5FBB6E,2024-10-05,BR01,Eluru,Andhra Pradesh,CUST00320,Ravi Babu,Wholesale,P001,Budget Smartphone 4G,Mobile,3,13774.12,0.15,0.8,Debit Card
TXN9C368C5A9F,2024-12-17,BR01,Eluru,Andhra Pradesh,CUST00053,Anitha Devi,Corporate,P012,Mobile Charger,Accessories,1,857.27,0.05,0.42,Debit Card
TXN266BECFC84,2023-02-16,BR01,Eluru,Andhra Pradesh,CUST01784,Manoj Rao,Retail,P006,Business Laptop i5,Laptop,1,58998.41,0.05,0.8,Credit Card
TXN53753117E4,2023-06-25,BR01,Eluru,Andhra Pradesh,CUST00128,Pooja Murthy,Retail,P012,Mobile Charger,Accessories,2,1282.1,0.15,0.42,UPI
TXN04B519BBD4,2023-10-16,BR01,Eluru,Andhra Pradesh,CUST01841,Divya Sarma,Retail,P018,LED TV 43-inch,Electronics,1,24789.19,0.15,0.8,UPI
TXN12A0D8127C,2023-09-12,BR01,Eluru,Andhra Pradesh,CUST00726,Naveen Devi,Retail,P002,Mid-range Smartphone 5G,Mobile,1,23246.81,0.0,0.78,Debit Card
TXN089BF28518,2023-10-31,BR01,Eluru,Andhra Pradesh,CUST00165,Meena Reddy,Retail,P001,Budget Smartphone 4G,Mobile,2,11563.39,0.1,0.8,Credit Card
TXN7E0A863B5C,2024-12-16,BR01,Eluru,Andhra Pradesh,CUST01625,Meena Varma,Retail,P017,Microwave Oven,Home Appliances,1,7329.16,0.15,0.75,UPI
TXNC466C2C360,2024-11-19,BR01,Eluru,Andhra Pradesh,CUST01650,Manoj Varma,Wholesale,P012,Mobile Charger,Accessories,1,472.63,0.0,0.42,Cash
TXN5BF6D192C8,2023-03-22,BR01,Eluru,Andhra Pradesh,CUST02000,Deepika Sarma,Corporate,P007,Gaming Laptop i7,Laptop,1,120594.44,0.1,0.78,UPI
TXN0FA65DC793,2024-05-23,BR01,Eluru,Andhra Pradesh,CUST01175,Divya Murthy,Wholesale,P012,Mobile Charger,Accessories,1,1745.51,0.05,0.42,UPI
TXN88B7F592B5,2023-01-16,BR01,Eluru,Andhra Pradesh,CUST01195,Manoj Chowdary,Retail,P016,Washing Machine,Home Appliances,1,20136.11,0.0,0.8,UPI
TXN98883668FF,2024-04-25,BR01,Eluru,Andhra Pradesh,CUST00628,Kavya Sarma,Retail,P018,LED TV 43-inch,Electronics,1,22527.73,0.0,0.8,Debit Card
TXN5B58260C74,2023-06-12,BR01,Eluru,Andhra Pradesh,CUST01060,Lakshmi Varma,Retail,P001,Budget Smartphone 4G,Mobile,1,8493.56,0.0,0.8,UPI
TXN419815530C,2023-05-13,BR01,Eluru,Andhra Pradesh,CUST01645,Suresh Varma,Retail,P001,Budget Smartphone 4G,Mobile,1,13079.36,0.1,0.8,Credit Card
TXN6D5D47A230,2023-07-08,BR01,Eluru,Andhra Pradesh,CUST00024,Ajay Babu,Retail,P005,Entry Laptop i3,Laptop,1,28611.74,0.05,0.82,Debit Card
TXN294BD24E0D,2023-03-29,BR01,Eluru,Andhra Pradesh,CUST01791,Sneha Murthy,Retail,P005,Entry Laptop i3,Laptop,1,34856.35,0.1,0.82,Debit Card
TXN6FF96D9C8F,2023-10-19,BR01,Eluru,Andhra Pradesh,CUST00733,Srinivas Devi,Retail,P004,Wireless Earbuds,Mobile,1,5996.27,0.15,0.55,Net Banking
TXNFF5B73539C,2023-11-24,BR01,Eluru,Andhra Pradesh,CUST01233,Ajay Sharma,Retail,P008,Ultrabook Thin & Light,Laptop,1,80430.01,0.2,0.79,Debit Card
TXN708FE57AE3,2024-03-01,BR01,Eluru,Andhra Pradesh,CUST00242,Meena Prasad,Retail,P006,Business Laptop i5,Laptop,1,55018.78,0.15,0.8,Net Banking
TXND8271CCF6A,2023-11-30,BR01,Eluru,Andhra Pradesh,CUST00183,Meena Varma,Corporate,P001,Budget Smartphone 4G,Mobile,1,9014.31,0.1,0.8,Cash
TXN7E58F58DF5,2023-07-09,BR01,Eluru,Andhra Pradesh,CUST01161,Ravi Reddy,Wholesale,P013,Power Bank,Accessories,1,2111.45,0.15,0.48,UPI
TXN0BC5B26205,2023-03-28,BR01,Eluru,Andhra Pradesh,CUST00406,Harika Babu,Retail,P004,Wireless Earbuds,Mobile,2,3783.1,0.0,0.55,Credit Card
TXNF7805ADE40,2023-04-20,BR01,Eluru,Andhra Pradesh,CUST01943,Lakshmi Reddy,Retail,P013,Power Bank,Accessories,4,2479.57,0.0,0.48,UPI
TXNB79452657C,2023-12-31,BR01,Eluru,Andhra Pradesh,CUST01507,Meena Devi,Retail,P007,Gaming Laptop i7,Laptop,1,81949.92,0.0,0.78,UPI
TXN6BFD188AD8,2024-12-15,BR01,Eluru,Andhra Pradesh,CUST01957,Vikram Devi,Retail,P014,Split AC 1.5 Ton,Home Appliances,1,37156.17,0.0,0.83,Debit Card
TXN70623F98B8,2024-09-09,BR01,Eluru,Andhra Pradesh,CUST00343,Kavya Sharma,Retail,P019,LED TV 55-inch,Electronics,1,56861.48,0.0,0.79,UPI
TXN7EA0F5707E,2024-06-08,BR01,Eluru,Andhra Pradesh,CUST00702,Arjun Prasad,Retail,P011,Bluetooth Speaker,Accessories,2,4202.68,0.15,0.5,UPI
TXNF5B19EB5C9,2024-02-19,BR01,Eluru,Andhra Pradesh,CUST01515,Pooja Sarma,Retail,P008,Ultrabook Thin & Light,Laptop,1,59183.63,0.0,0.79,UPI
TXN058408172B,2024-07-02,BR01,Eluru,Andhra Pradesh,CUST00990,Aishwarya Prasad,Retail,P006,Business Laptop i5,Laptop,1,47306.92,0.0,0.8,UPI
TXN180584A42F,2024-11-02,BR01,Eluru,Andhra Pradesh,CUST00222,Ravi Murthy,Retail,P020,Home Theatre System,Electronics,1,9950.73,0.1,0.6,UPI
TXN13D89C308F,2024-07-21,BR01,Eluru,Andhra Pradesh,CUST00222,Ravi Murthy,Retail,P010,Wireless Mouse,Accessories,1,1254.05,0.15,0.4,Cash
TXN8D126355CF,2023-10-04,BR01,Eluru,Andhra Pradesh,CUST01572,Sandeep Devi,Retail,P020,Home Theatre System,Electronics,1,18544.71,0.0,0.6,UPI
TXN7CFBD144DE,2023-10-30,BR01,Eluru,Andhra Pradesh,CUST01430,Divya Kumar,Retail,P002,Mid-range Smartphone 5G,Mobile,1,22166.82,0.25,0.78,UPI
TXNED638935F0,2023-11-09,BR01,Eluru,Andhra Pradesh,CUST01894,Kiran Reddy,Retail,P007,Gaming Laptop i7,Laptop,1,120038.75,0.2,0.78,Cash
TXN41CD370671,2023-01-31,BR01,Eluru,Andhra Pradesh,CUST01824,Ajay Kumar,Retail,P001,Budget Smartphone 4G,Mobile,1,11698.66,0.15,0.8,UPI
TXN0B19E223E8,2023-02-19,BR01,Eluru,Andhra Pradesh,CUST01362,Pooja Sarma,Retail,P013,Power Bank,Accessories,1,1085.79,0.1,0.48,Cash
TXN5D74EBEB76,2024-06-25,BR01,Eluru,Andhra Pradesh,CUST00517,Manoj Kumar,Retail,P020,Home Theatre System,Electronics,1,16236.2,0.0,0.6,UPI
TXN415C008D66,2024-09-09,BR01,Eluru,Andhra Pradesh,CUST01504,Kavya Prasad,Retail,P003,Flagship Smartphone,Mobile,1,69133.55,0.15,0.75,UPI
TXN770E5C917A,2023-08-10,BR01,Eluru,Andhra Pradesh,CUST01955,Srinivas Rao,Retail,P010,Wireless Mouse,Accessories,1,1392.35,0.05,0.4,Credit Card
TXN2785C367C7,2024-12-08,BR01,Eluru,Andhra Pradesh,CUST01069,Deepika Rao,Retail,P020,Home Theatre System,Electronics,1,16286.95,0.05,0.6,Cash
TXN2AFBA41CE1,2024-04-23,BR01,Eluru,Andhra Pradesh,CUST00736,Lakshmi Chowdary,Retail,P012,Mobile Charger,Accessories,3,1651.57,0.15,0.42,UPI
TXN1DEB2178B0,2024-11-24,BR01,Eluru,Andhra Pradesh,CUST01463,Kiran Rao,Wholesale,P005,Entry Laptop i3,Laptop,1,28753.05,0.05,0.82,Debit Card
TXNC2E2151540,2024-08-30,BR01,Eluru,Andhra Pradesh,CUST01472,Manoj Sharma,Wholesale,P001,Budget Smartphone 4G,Mobile,1,10099.53,0.0,0.8,Debit Card
TXN26CE3DCCD4,2023-03-12,BR01,Eluru,Andhra Pradesh,CUST01551,Sandeep Babu,Retail,P009,Laptop Bag,Accessories,3,1803.08,0.1,0.45,Debit Card
TXNCDD8A01681,2023-04-20,BR01,Eluru,Andhra Pradesh,CUST00570,Swathi Sharma,Retail,P005,Entry Laptop i3,Laptop,1,31250.6,0.1,0.82,Cash
TXN44054E556A,2023-02-02,BR01,Eluru,Andhra Pradesh,CUST00268,Lakshmi Varma,Retail,P007,Gaming Laptop i7,Laptop,1,82814.37,0.0,0.78,UPI
TXN25715FF453,2024-10-31,BR01,Eluru,Andhra Pradesh,CUST01480,Anitha Rao,Retail,P009,Laptop Bag,Accessories,2,714.82,0.1,0.45,UPI
TXN4AC0618678,2024-02-27,BR01,Eluru,Andhra Pradesh,CUST01466,Divya Naidu,Retail,P011,Bluetooth Speaker,Accessories,1,3450.04,0.05,0.5,UPI
TXN931474A553,2023-04-13,BR01,Eluru,Andhra Pradesh,CUST01755,Ramesh Reddy,Retail,P011,Bluetooth Speaker,Accessories,3,1774.29,0.0,0.5,UPI
TXNF1F1B150A4,2024-04-23,BR01,Eluru,Andhra Pradesh,CUST01804,Manoj Sarma,Retail,P002,Mid-range Smartphone 5G,Mobile,1,23810.16,0.1,0.78,Credit Card
TXNCC921C6CEC,2024-03-11,BR01,Eluru,Andhra Pradesh,CUST00776,Anitha Chowdary,Retail,P005,Entry Laptop i3,Laptop,1,34299.13,0.0,0.82,Debit Card
TXN03BD5D2F5A,2024-04-04,BR01,Eluru,Andhra Pradesh,CUST00018,Pooja Murthy,Retail,P012,Mobile Charger,Accessories,1,1459.57,0.0,0.42,Cash
TXN7ACE0A8D5A,2024-08-18,BR01,Eluru,Andhra Pradesh,CUST01525,Vikram Sarma,Retail,P012,Mobile Charger,Accessories,2,982.19,0.0,0.42,Credit Card
TXN7956071F14,2023-06-11,BR01,Eluru,Andhra Pradesh,CUST00324,Priya Varma,Retail,P006,Business Laptop i5,Laptop,1,45230.51,0.0,0.8,Credit Card
TXN11B83B9513,2024-06-12,BR01,Eluru,Andhra Pradesh,CUST00225,Arjun Sharma,Retail,P006,Business Laptop i5,Laptop,1,49878.82,0.1,0.8,UPI
TXN54B542E1F6,2023-11-25,BR01,Eluru,Andhra Pradesh,CUST01477,Ajay Prasad,Wholesale,P013,Power Bank,Accessories,1,2280.38,0.05,0.48,Debit Card
TXN5EB5B6C7B9,2024-03-16,BR01,Eluru,Andhra Pradesh,CUST00381,Kavya Rao,Retail,P010,Wireless Mouse,Accessories,1,1311.5,0.0,0.4,UPI
TXNDFDF5C5A17,2024-12-15,BR01,Eluru,Andhra Pradesh,CUST00689,Praveen Murthy,Retail,P020,Home Theatre System,Electronics,4,13394.85,0.0,0.6,UPI
TXN0F523244BC,2024-05-21,BR01,Eluru,Andhra Pradesh,CUST01292,Suresh Devi,Corporate,P006,Business Laptop i5,Laptop,1,49689.46,0.0,0.8,UPI
TXN1A7F6DB8AF,2023-10-18,BR01,Eluru,Andhra Pradesh,CUST01111,Ramesh Sharma,Retail,P001,Budget Smartphone 4G,Mobile,1,8606.1,0.2,0.8,Debit Card
TXND373CF7B1D,2023-07-08,BR01,Eluru,Andhra Pradesh,CUST01561,Lakshmi Murthy,Wholesale,P002,Mid-range Smartphone 5G,Mobile,1,23679.11,0.05,0.78,Cash
TXN56E0DCA612,2024-08-20,BR01,Eluru,Andhra Pradesh,CUST01732,Swathi Sharma,Retail,P002,Mid-range Smartphone 5G,Mobile,4,19958.3,0.0,0.78,Debit Card
TXN9045374C1D,2023-12-29,BR01,Eluru,Andhra Pradesh,CUST00030,Priya Varma,Wholesale,P010,Wireless Mouse,Accessories,2,1062.95,0.0,0.4,UPI
TXN3C946BF62D,2023-09-19,BR01,Eluru,Andhra Pradesh,CUST01144,Swathi Rao,Retail,P008,Ultrabook Thin & Light,Laptop,1,67800.7,0.0,0.79,UPI
TXNA7C1D2C578,2023-04-11,BR01,Eluru,Andhra Pradesh,CUST01483,Naveen Sharma,Retail,P019,LED TV 55-inch,Electronics,1,55181.07,0.15,0.79,UPI
TXNF1B2D84DE3,2024-11-08,BR01,Eluru,Andhra Pradesh,CUST00389,Aishwarya Naidu,Retail,P017,Microwave Oven,Home Appliances,1,14321.32,0.15,0.75,UPI
TXN639870F2C4,2023-10-18,BR01,Eluru,Andhra Pradesh,CUST01015,Anitha Sarma,Retail,P009,Laptop Bag,Accessories,1,983.05,0.05,0.45,Cash
TXN3EF379DD2D,2024-01-23,BR01,Eluru,Andhra Pradesh,CUST01228,Meena Prasad,Retail,P021,Smart Watch,Electronics,2,2410.39,0.0,0.55,UPI
TXNFDA6ACF7D6,2023-04-02,BR01,Eluru,Andhra Pradesh,CUST00505,Deepika Sharma,Retail,P002,Mid-range Smartphone 5G,Mobile,1,23411.83,0.0,0.78,UPI
TXN794C186F62,2024-04-20,BR01,Eluru,Andhra Pradesh,CUST01131,Suresh Reddy,Retail,P002,Mid-range Smartphone 5G,Mobile,1,26021.78,0.0,0.78,Net Banking
TXN954636BD98,2023-02-23,BR01,Eluru,Andhra Pradesh,CUST01108,Kiran Babu,Corporate,P011,Bluetooth Speaker,Accessories,2,4014.24,0.05,0.5,Net Banking
TXN2FE5BE9C53,2024-11-13,BR01,Eluru,Andhra Pradesh,CUST00009,Ramesh Murthy,Retail,P005,Entry Laptop i3,Laptop,1,35724.04,0.2,0.82,UPI
TXNEA19133749,2023-10-10,BR01,Eluru,Andhra Pradesh,CUST00666,Kavya Reddy,Retail,P013,Power Bank,Accessories,1,922.59,0.2,0.48,UPI
TXN0358D6BBD2,2024-08-10,BR01,Eluru,Andhra Pradesh,CUST01958,Sandeep Babu,Corporate,P020,Home Theatre System,Electronics,2,17236.72,0.1,0.6,Cash
TXNDC798CABCC,2023-12-25,BR01,Eluru,Andhra Pradesh,CUST01689,Kiran Prasad,Retail,P001,Budget Smartphone 4G,Mobile,2,12412.33,0.05,0.8,Net Banking
TXN0EB48CE1E3,2023-11-09,BR01,Eluru,Andhra Pradesh,CUST01885,Kavya Varma,Retail,P007,Gaming Laptop i7,Laptop,1,107825.48,0.1,0.78,Cash
TXNAD106A7940,2023-05-12,BR01,Eluru,Andhra Pradesh,CUST00312,Sandeep Chowdary,Retail,P004,Wireless Earbuds,Mobile,1,3743.21,0.1,0.55,Net Banking
TXN8C3EF15C2F,2023-03-19,BR01,Eluru,Andhra Pradesh,CUST00887,Swathi Reddy,Retail,P005,Entry Laptop i3,Laptop,1,29631.19,0.0,0.82,Credit Card
TXNC0C85579FB,2023-11-12,BR01,Eluru,Andhra Pradesh,CUST01778,Arjun Rao,Retail,P006,Business Laptop i5,Laptop,1,48791.76,0.0,0.8,UPI
TXNFB31178241,2023-05-23,BR01,Eluru,Andhra Pradesh,CUST00232,Divya Babu,Retail,P005,Entry Laptop i3,Laptop,1,35661.17,0.0,0.82,Cash
TXN04384C342E,2023-01-05,BR01,Eluru,Andhra Pradesh,CUST01773,Meena Murthy,Retail,P012,Mobile Charger,Accessories,2,1160.24,0.1,0.42,UPI
TXN7843D9D631,2024-10-19,BR01,Eluru,Andhra Pradesh,CUST00274,Sandeep Naidu,Retail,P009,Laptop Bag,Accessories,4,1253.24,0.25,0.45,UPI
TXNCA5F9A7CAA,2024-11-02,BR01,Eluru,Andhra Pradesh,CUST01445,Ravi Reddy,Retail,P011,Bluetooth Speaker,Accessories,1,2981.87,0.0,0.5,UPI
TXNE7F1CECFB1,2024-12-10,BR01,Eluru,Andhra Pradesh,CUST01991,Naveen Rao,Wholesale,P018,LED TV 43-inch,Electronics,1,31729.66,0.0,0.8,UPI
TXN922487AD31,2023-01-30,BR01,Eluru,Andhra Pradesh,CUST00767,Kavya Varma,Retail,P003,Flagship Smartphone,Mobile,1,85684.1,0.15,0.75,Net Banking
TXN282F5CF241,2024-07-23,BR01,Eluru,Andhra Pradesh,CUST01829,Swathi Rao,Retail,P003,Flagship Smartphone,Mobile,1,62753.53,0.15,0.75,Credit Card
TXNFBA83F4591,2024-07-21,BR01,Eluru,Andhra Pradesh,CUST00748,Harika Sarma,Retail,P021,Smart Watch,Electronics,1,10066.63,0.0,0.55,Net Banking
TXNDF0F9CD1E0,2024-02-03,BR01,Eluru,Andhra Pradesh,CUST01858,Pooja Sharma,Wholesale,P012,Mobile Charger,Accessories,1,1394.13,0.1,0.42,Net Banking
TXNE4BB698976,2024-03-01,BR01,Eluru,Andhra Pradesh,CUST00543,Srinivas Devi,Retail,P001,Budget Smartphone 4G,Mobile,2,12008.5,0.0,0.8,Cash
TXN58976A9405,2023-06-15,BR01,Eluru,Andhra Pradesh,CUST00581,Ajay Devi,Wholesale,P012,Mobile Charger,Accessories,1,1027.53,0.1,0.42,Cash
TXN9F401F9F50,2023-07-10,BR01,Eluru,Andhra Pradesh,CUST00635,Ajay Prasad,Retail,P018,LED TV 43-inch,Electronics,1,27047.99,0.0,0.8,UPI
TXN41295B0BFE,2024-02-07,BR01,Eluru,Andhra Pradesh,CUST00495,Lakshmi Sharma,Retail,P010,Wireless Mouse,Accessories,4,1058.17,0.15,0.4,UPI
TXNFD5E3E21BA,2023-09-06,BR01,Eluru,Andhra Pradesh,CUST00502,Ravi Prasad,Retail,P004,Wireless Earbuds,Mobile,2,4369.77,0.0,0.55,UPI
TXN9C7A8D725F,2024-02-02,BR01,Eluru,Andhra Pradesh,CUST01127,Ravi Sharma,Corporate,P002,Mid-range Smartphone 5G,Mobile,1,20631.36,0.05,0.78,UPI
TXN3C0CCD25EB,2023-05-05,BR01,Eluru,Andhra Pradesh,CUST00668,Meena Kumar,Retail,P012,Mobile Charger,Accessories,1,1580.46,0.15,0.42,Cash
TXNB0C9B49692,2024-04-06,BR01,Eluru,Andhra Pradesh,CUST00015,Harika Prasad,Retail,P019,LED TV 55-inch,Electronics,1,51651.13,0.1,0.79,UPI
TXNB86BAA5D80,2023-10-15,BR01,Eluru,Andhra Pradesh,CUST01050,Sneha Devi,Retail,P009,Laptop Bag,Accessories,4,1523.93,0.15,0.45,Net Banking
TXN7D1FA44144,2023-01-07,BR01,Eluru,Andhra Pradesh,CUST01512,Priya Varma,Wholesale,P012,Mobile Charger,Accessories,2,1579.9,0.0,0.42,UPI
TXN47118F5ECC,2024-10-19,BR01,Eluru,Andhra Pradesh,CUST01384,Deepika Sharma,Retail,P009,Laptop Bag,Accessories,3,1609.34,0.05,0.45,UPI
TXN7D38E48D07,2024-06-03,BR01,Eluru,Andhra Pradesh,CUST00046,Arjun Babu,Retail,P013,Power Bank,Accessories,4,2138.23,0.15,0.48,UPI
TXNBC1EFE0BDB,2024-10-21,BR01,Eluru,Andhra Pradesh,CUST01400,Anitha Babu,Wholesale,P010,Wireless Mouse,Accessories,1,1160.36,0.05,0.4,Debit Card
TXN9FAA5ACFB3,2024-04-04,BR01,Eluru,Andhra Pradesh,CUST01458,Divya Kumar,Retail,P002,Mid-range Smartphone 5G,Mobile,1,22919.01,0.0,0.78,UPI
TXN18C717125C,2023-11-01,BR01,Eluru,Andhra Pradesh,CUST00438,Ravi Kumar,Retail,P004,Wireless Earbuds,Mobile,1,3725.35,0.25,0.55,UPI
TXN2DA6CD2359,2023-11-10,BR01,Eluru,Andhra Pradesh,CUST01574,Divya Prasad,Retail,P009,Laptop Bag,Accessories,1,1423.46,0.25,0.45,UPI
TXNAD76F70547,2024-04-17,BR01,Eluru,Andhra Pradesh,CUST01170,Anitha Varma,Wholesale,P012,Mobile Charger,Accessories,1,922.56,0.0,0.42,Cash
TXNCDF66ACC1B,2024-05-14,BR01,Eluru,Andhra Pradesh,CUST00486,Srinivas Varma,Retail,P020,Home Theatre System,Electronics,3,9186.86,0.0,0.6,Debit Card
TXN24A42F4567,2024-10-24,BR01,Eluru,Andhra Pradesh,CUST00631,Aishwarya Kumar,Retail,P011,Bluetooth Speaker,Accessories,1,2911.26,0.0,0.5,Debit Card
TXN5FAC566A3C,2024-08-03,BR01,Eluru,Andhra Pradesh,CUST00884,Ramesh Rao,Wholesale,P002,Mid-range Smartphone 5G,Mobile,1,15156.82,0.15,0.78,UPI
TXNE89D600EC2,2024-06-10,BR01,Eluru,Andhra Pradesh,CUST01208,Priya Babu,Retail,P004,Wireless Earbuds,Mobile,1,5400.12,0.15,0.55,Credit Card
TXNC1DE1E79A5,2023-12-30,BR01,Eluru,Andhra Pradesh,CUST01729,Ravi Murthy,Retail,P007,Gaming Laptop i7,Laptop,1,86494.19,0.0,0.78,UPI
TXN38FAAF5C68,2024-07-09,BR01,Eluru,Andhra Pradesh,CUST01568,Priya Reddy,Retail,P003,Flagship Smartphone,Mobile,1,84384.0,0.1,0.75,UPI
TXNF381FC5369,2023-01-16,BR01,Eluru,Andhra Pradesh,CUST01279,Harika Sharma,Retail,P001,Budget Smartphone 4G,Mobile,2,12207.29,0.0,0.8,UPI
TXN0DCC4CCC9A,2023-06-22,BR01,Eluru,Andhra Pradesh,CUST01003,Pooja Chowdary,Retail,P013,Power Bank,Accessories,2,1692.87,0.15,0.48,Debit Card
TXN77CBD5380A,2024-01-20,BR01,Eluru,Andhra Pradesh,CUST00255,Ajay Prasad,Retail,P003,Flagship Smartphone,Mobile,1,45546.21,0.0,0.75,Credit Card
TXN5B810D3A0F,2024-12-21,BR01,Eluru,Andhra Pradesh,CUST00450,Ramesh Rao,Wholesale,P001,Budget Smartphone 4G,Mobile,1,9023.75,0.1,0.8,Cash
TXND656361179,2023-05-18,BR01,Eluru,Andhra Pradesh,CUST00380,Divya Varma,Corporate,P013,Power Bank,Accessories,1,1793.82,0.1,0.48,UPI
TXNEC63934E23,2023-04-24,BR01,Eluru,Andhra Pradesh,CUST01170,Anitha Varma,Wholesale,P013,Power Bank,Accessories,1,1637.9,0.1,0.48,Credit Card
TXNF5A321C302,2023-12-25,BR01,Eluru,Andhra Pradesh,CUST01381,Vikram Prasad,Retail,P010,Wireless Mouse,Accessories,1,464.37,0.0,0.4,Debit Card
TXN8A39A9C7AD,2024-09-18,BR01,Eluru,Andhra Pradesh,CUST00218,Kavya Reddy,Retail,P006,Business Laptop i5,Laptop,1,43616.59,0.1,0.8,Net Banking
TXN002008AE00,2024-07-28,BR01,Eluru,Andhra Pradesh,CUST00635,Ajay Prasad,Retail,P004,Wireless Earbuds,Mobile,1,5196.61,0.15,0.55,UPI
TXNF82DF6E437,2024-06-11,BR01,Eluru,Andhra Pradesh,CUST00874,Vikram Prasad,Retail,P018,LED TV 43-inch,Electronics,1,31651.28,0.0,0.8,Cash
TXN2EDB82EEA9,2024-06-09,BR01,Eluru,Andhra Pradesh,CUST01939,Lakshmi Rao,Retail,P016,Washing Machine,Home Appliances,1,31276.4,0.15,0.8,Cash
TXN18FEDA7F2E,2024-07-13,BR01,Eluru,Andhra Pradesh,CUST01269,Ajay Naidu,Retail,P010,Wireless Mouse,Accessories,3,1268.53,0.0,0.4,Net Banking
TXNAFBE0F2529,2024-03-02,BR01,Eluru,Andhra Pradesh,CUST01788,Vikram Prasad,Retail,P001,Budget Smartphone 4G,Mobile,1,13767.64,0.15,0.8,Credit Card
TXN6F1F1CEFAA,2023-08-12,BR01,Eluru,Andhra Pradesh,CUST00992,Ajay Chowdary,Retail,P019,LED TV 55-inch,Electronics,1,52207.71,0.05,0.79,Debit Card
TXN8A3C768184,2023-06-15,BR01,Eluru,Andhra Pradesh,CUST01854,Naveen Naidu,Retail,P005,Entry Laptop i3,Laptop,1,36671.0,0.1,0.82,UPI
TXND8CFEE5CFF,2024-06-30,BR01,Eluru,Andhra Pradesh,CUST00058,Suresh Sarma,Retail,P012,Mobile Charger,Accessories,2,836.58,0.0,0.42,UPI
TXN422EEE8B9B,2024-03-04,BR01,Eluru,Andhra Pradesh,CUST00677,Priya Rao,Retail,P006,Business Laptop i5,Laptop,1,45372.8,0.0,0.8,Cash
TXN2214B440D3,2023-02-27,BR01,Eluru,Andhra Pradesh,CUST01332,Naveen Devi,Retail,P012,Mobile Charger,Accessories,1,515.51,0.0,0.42,Net Banking
TXN71B7312878,2024-10-17,BR01,Eluru,Andhra Pradesh,CUST00269,Pooja Kumar,Retail,P015,Refrigerator 300L,Home Appliances,1,35518.25,0.05,0.82,Debit Card
TXN75FA9F3290,2024-08-01,BR01,Eluru,Andhra Pradesh,CUST00833,Naveen Chowdary,Retail,P010,Wireless Mouse,Accessories,2,446.45,0.15,0.4,UPI
TXNC4B9BC8115,2023-05-22,BR01,Eluru,Andhra Pradesh,CUST01140,Naveen Murthy,Retail,P001,Budget Smartphone 4G,Mobile,1,13087.63,0.0,0.8,UPI
TXN91917E35FF,2024-02-23,BR01,Eluru,Andhra Pradesh,CUST00664,Srinivas Varma,Retail,P002,Mid-range Smartphone 5G,Mobile,1,23091.05,0.1,0.78,Cash
TXND4D873B0A1,2023-04-06,BR01,Eluru,Andhra Pradesh,CUST00062,Aishwarya Chowdary,Corporate,P006,Business Laptop i5,Laptop,1,46888.18,0.0,0.8,Cash
TXNABCCC8B09F,2023-04-08,BR01,Eluru,Andhra Pradesh,CUST00828,Priya Rao,Corporate,P018,LED TV 43-inch,Electronics,1,30815.96,0.0,0.8,UPI
TXN088B37DA28,2023-07-27,BR01,Eluru,Andhra Pradesh,CUST01252,Kavya Reddy,Retail,P006,Business Laptop i5,Laptop,1,42195.78,0.1,0.8,UPI
TXN38355309A1,2023-10-01,BR01,Eluru,Andhra Pradesh,CUST00095,Meena Reddy,Retail,P011,Bluetooth Speaker,Accessories,1,1153.93,0.05,0.5,Credit Card
TXNFD8D95D1AA,2024-11-04,BR01,Eluru,Andhra Pradesh,CUST00339,Srinivas Naidu,Wholesale,P011,Bluetooth Speaker,Accessories,3,3173.61,0.25,0.5,Debit Card
TXN9E0AB97CC8,2023-12-16,BR01,Eluru,Andhra Pradesh,CUST00992,Ajay Chowdary,Retail,P013,Power Bank,Accessories,2,1157.46,0.0,0.48,Credit Card
TXN66F7A52C83,2023-12-26,BR01,Eluru,Andhra Pradesh,CUST01228,Meena Prasad,Retail,P004,Wireless Earbuds,Mobile,2,2170.55,0.1,0.55,Net Banking
TXN16AFDD9773,2023-10-11,BR01,Eluru,Andhra Pradesh,CUST00475,Lakshmi Sharma,Wholesale,P008,Ultrabook Thin & Light,Laptop,1,77387.65,0.05,0.79,UPI
TXN85736C9254,2023-11-25,BR01,Eluru,Andhra Pradesh,CUST00367,Priya Sharma,Wholesale,P002,Mid-range Smartphone 5G,Mobile,3,15700.8,0.15,0.78,Net Banking
TXNA50FB0FA47,2023-01-10,BR01,Eluru,Andhra Pradesh,CUST01474,Suresh Sharma,Wholesale,P009,Laptop Bag,Accessories,4,851.38,0.1,0.45,UPI
TXN425AC72CD2,2024-10-28,BR01,Eluru,Andhra Pradesh,CUST00600,Lakshmi Prasad,Retail,P012,Mobile Charger,Accessories,3,1504.19,0.1,0.42,UPI
TXN4581094ACE,2023-06-06,BR01,Eluru,Andhra Pradesh,CUST01320,Kavya Murthy,Wholesale,P004,Wireless Earbuds,Mobile,3,3075.64,0.0,0.55,Debit Card
TXNC990524201,2023-01-25,BR01,Eluru,Andhra Pradesh,CUST01710,Deepika Sharma,Corporate,P003,Flagship Smartphone,Mobile,1,48938.99,0.0,0.75,Credit Card
TXN88134609BA,2024-06-12,BR01,Eluru,Andhra Pradesh,CUST01659,Praveen Rao,Retail,P012,Mobile Charger,Accessories,1,1510.02,0.0,0.42,UPI
TXN46CDD11763,2023-12-07,BR01,Eluru,Andhra Pradesh,CUST01937,Meena Kumar,Retail,P009,Laptop Bag,Accessories,1,899.17,0.15,0.45,UPI
TXN1F91B056E0,2023-01-10,BR01,Eluru,Andhra Pradesh,CUST01184,Harika Naidu,Retail,P001,Budget Smartphone 4G,Mobile,1,11330.86,0.05,0.8,UPI
TXN90A6F6B0E6,2023-12-28,BR01,Eluru,Andhra Pradesh,CUST00144,Suresh Naidu,Retail,P019,LED TV 55-inch,Electronics,1,59566.96,0.05,0.79,UPI
TXNC55CA490E9,2023-03-15,BR01,Eluru,Andhra Pradesh,CUST00333,Ajay Naidu,Retail,P016,Washing Machine,Home Appliances,1,29119.69,0.0,0.8,UPI
TXN5D7EC741C7,2024-11-28,BR01,Eluru,Andhra Pradesh,CUST01097,Praveen Naidu,Retail,P009,Laptop Bag,Accessories,1,1602.47,0.1,0.45,UPI
TXN098798272D,2024-11-09,BR01,Eluru,Andhra Pradesh,CUST00225,Arjun Sharma,Retail,P019,LED TV 55-inch,Electronics,1,56539.17,0.0,0.79,Cash
TXN7A23A92CAA,2023-07-21,BR01,Eluru,Andhra Pradesh,CUST00142,Sneha Varma,Retail,P019,LED TV 55-inch,Electronics,1,52974.19,0.1,0.79,UPI
TXN297D9C7970,2023-04-07,BR01,Eluru,Andhra Pradesh,CUST01831,Sandeep Babu,Retail,P009,Laptop Bag,Accessories,4,1531.89,0.1,0.45,UPI
TXN038402CCAC,2023-02-15,BR01,Eluru,Andhra Pradesh,CUST00430,Ravi Reddy,Wholesale,P011,Bluetooth Speaker,Accessories,2,3421.83,0.15,0.5,Credit Card
TXN5913B78D83,2024-03-28,BR01,Eluru,Andhra Pradesh,CUST01650,Manoj Varma,Wholesale,P013,Power Bank,Accessories,1,1744.78,0.15,0.48,Credit Card
TXNE54A16A724,2023-02-01,BR01,Eluru,Andhra Pradesh,CUST00898,Meena Prasad,Retail,P013,Power Bank,Accessories,3,2432.6,0.15,0.48,UPI
TXN04BAFA0ECC,2024-10-10,BR01,Eluru,Andhra Pradesh,CUST00104,Manoj Naidu,Retail,P009,Laptop Bag,Accessories,1,1214.74,0.0,0.45,UPI
TXNFD4234F6D4,2024-08-17,BR01,Eluru,Andhra Pradesh,CUST01781,Srinivas Devi,Retail,P013,Power Bank,Accessories,3,1863.9,0.0,0.48,Debit Card
TXNE1F577A3E4,2024-12-31,BR01,Eluru,Andhra Pradesh,CUST00693,Divya Prasad,Retail,P021,Smart Watch,Electronics,2,5771.38,0.1,0.55,UPI
TXN100E0CCA2E,2024-06-09,BR01,Eluru,Andhra Pradesh,CUST01169,Srinivas Babu,Corporate,P013,Power Bank,Accessories,2,2419.4,0.15,0.48,UPI
TXN7B1EB26E5C,2024-04-06,BR01,Eluru,Andhra Pradesh,CUST01981,Ramesh Sharma,Retail,P019,LED TV 55-inch,Electronics,1,50601.36,0.05,0.79,Net Banking
TXN87981D0C14,2023-03-26,BR01,Eluru,Andhra Pradesh,CUST00315,Lakshmi Kumar,Retail,P008,Ultrabook Thin & Light,Laptop,1,55482.22,0.05,0.79,Cash
TXNEB62741E88,2023-10-28,BR01,Eluru,Andhra Pradesh,CUST01518,Divya Devi,Retail,P021,Smart Watch,Electronics,1,8550.05,0.1,0.55,Cash
TXNA42B18F0F6,2024-08-07,BR01,Eluru,Andhra Pradesh,CUST01845,Anitha Reddy,Retail,P013,Power Bank,Accessories,1,1898.68,0.15,0.48,Debit Card
TXN798DE58628,2023-01-01,BR01,Eluru,Andhra Pradesh,CUST01593,Meena Babu,Retail,P011,Bluetooth Speaker,Accessories,1,2630.52,0.1,0.5,UPI
TXN33128054B9,2023-02-28,BR01,Eluru,Andhra Pradesh,CUST00234,Pooja Devi,Retail,P011,Bluetooth Speaker,Accessories,1,3844.29,0.1,0.5,Cash
TXN9C99F0F60A,2023-12-21,BR01,Eluru,Andhra Pradesh,CUST00616,Deepika Prasad,Corporate,P013,Power Bank,Accessories,2,1080.72,0.15,0.48,Credit Card
TXN509F1B6EEA,2024-07-01,BR01,Eluru,Andhra Pradesh,CUST01239,Kavya Devi,Retail,P009,Laptop Bag,Accessories,3,1279.97,0.0,0.45,Cash
TXN9189AD5268,2024-10-05,BR01,Eluru,Andhra Pradesh,CUST01823,Sandeep Reddy,Retail,P009,Laptop Bag,Accessories,1,885.37,0.1,0.45,Credit Card
TXN6166EB1BBE,2024-11-23,BR01,Eluru,Andhra Pradesh,CUST01370,Suresh Naidu,Retail,P001,Budget Smartphone 4G,Mobile,4,12951.02,0.1,0.8,Debit Card
TXN0D1FE1727C,2023-11-30,BR01,Eluru,Andhra Pradesh,CUST01567,Deepika Sharma,Corporate,P004,Wireless Earbuds,Mobile,2,5828.39,0.05,0.55,Credit Card
TXN0B2E87BBC9,2024-04-23,BR01,Eluru,Andhra Pradesh,CUST01860,Meena Prasad,Retail,P010,Wireless Mouse,Accessories,1,670.46,0.15,0.4,UPI
TXNFA6F591ED1,2024-11-18,BR01,Eluru,Andhra Pradesh,CUST00192,Srinivas Prasad,Retail,P009,Laptop Bag,Accessories,1,1713.51,0.1,0.45,Net Banking
TXND66730BD6C,2023-08-19,BR01,Eluru,Andhra Pradesh,CUST01652,Arjun Sharma,Retail,P005,Entry Laptop i3,Laptop,1,35734.79,0.0,0.82,Cash
TXN9F1F057CEB,2023-03-14,BR01,Eluru,Andhra Pradesh,CUST00544,Pooja Sharma,Corporate,P001,Budget Smartphone 4G,Mobile,1,9107.66,0.1,0.8,UPI
TXND461E17F45,2024-01-06,BR01,Eluru,Andhra Pradesh,CUST01456,Vikram Naidu,Wholesale,P020,Home Theatre System,Electronics,1,14932.27,0.0,0.6,UPI
TXN95138A985C,2023-08-24,BR01,Eluru,Andhra Pradesh,CUST01287,Sandeep Babu,Wholesale,P021,Smart Watch,Electronics,1,5055.19,0.0,0.55,UPI
TXN0F75C89A0F,2023-02-27,BR01,Eluru,Andhra Pradesh,CUST01252,Kavya Reddy,Retail,P010,Wireless Mouse,Accessories,2,675.03,0.0,0.4,Debit Card
TXN55A171FD15,2023-09-18,BR01,Eluru,Andhra Pradesh,CUST01022,Naveen Reddy,Retail,P013,Power Bank,Accessories,1,1559.51,0.0,0.48,UPI
TXND9588BA68A,2024-02-28,BR01,Eluru,Andhra Pradesh,CUST00631,Aishwarya Kumar,Retail,P019,LED TV 55-inch,Electronics,1,48510.94,0.0,0.79,Cash
TXND7D3662EB7,2024-09-21,BR01,Eluru,Andhra Pradesh,CUST00349,Naveen Chowdary,Corporate,P011,Bluetooth Speaker,Accessories,2,1141.82,0.0,0.5,Cash
TXN6BB36FBD31,2023-03-18,BR01,Eluru,Andhra Pradesh,CUST00137,Swathi Babu,Wholesale,P020,Home Theatre System,Electronics,1,10006.17,0.15,0.6,Net Banking
TXNC120DA3D16,2024-06-28,BR01,Eluru,Andhra Pradesh,CUST00222,Ravi Murthy,Retail,P005,Entry Laptop i3,Laptop,1,36236.78,0.0,0.82,Debit Card
TXNDFB9C8AF95,2023-05-06,BR01,Eluru,Andhra Pradesh,CUST01470,Lakshmi Reddy,Retail,P011,Bluetooth Speaker,Accessories,2,4642.33,0.0,0.5,Debit Card
TXN44736532B5,2023-03-07,BR01,Eluru,Andhra Pradesh,CUST01382,Srinivas Murthy,Retail,P019,LED TV 55-inch,Electronics,1,46875.09,0.0,0.79,Net Banking
TXN1B8FA8FAA6,2024-03-07,BR01,Eluru,Andhra Pradesh,CUST01740,Divya Murthy,Retail,P003,Flagship Smartphone,Mobile,1,65961.48,0.0,0.75,UPI
TXN55C7787FCE,2023-04-17,BR01,Eluru,Andhra Pradesh,CUST00517,Manoj Kumar,Retail,P007,Gaming Laptop i7,Laptop,1,119449.62,0.1,0.78,Credit Card
TXNA77FF9182C,2023-05-25,BR01,Eluru,Andhra Pradesh,CUST01438,Sneha Sarma,Corporate,P019,LED TV 55-inch,Electronics,1,47329.54,0.05,0.79,Credit Card
TXN2CB6721A30,2023-04-26,BR01,Eluru,Andhra Pradesh,CUST00769,Ajay Naidu,Retail,P003,Flagship Smartphone,Mobile,1,80802.24,0.1,0.75,Net Banking
TXN8D2CD6A04E,2023-09-16,BR01,Eluru,Andhra Pradesh,CUST00888,Sneha Sarma,Retail,P009,Laptop Bag,Accessories,1,763.01,0.15,0.45,UPI
TXNA5CB7FC756,2023-02-19,BR01,Eluru,Andhra Pradesh,CUST00151,Srinivas Rao,Retail,P019,LED TV 55-inch,Electronics,1,43504.77,0.05,0.79,UPI
TXNE7086F28CF,2024-07-11,BR01,Eluru,Andhra Pradesh,CUST00099,Suresh Murthy,Retail,P010,Wireless Mouse,Accessories,1,384.0,0.15,0.4,Net Banking
TXN84A73013D4,2024-05-02,BR01,Eluru,Andhra Pradesh,CUST01058,Priya Prasad,Retail,P018,LED TV 43-inch,Electronics,1,33522.84,0.05,0.8,Debit Card
TXN3972DE6E76,2023-07-01,BR01,Eluru,Andhra Pradesh,CUST01518,Divya Devi,Retail,P003,Flagship Smartphone,Mobile,1,53963.17,0.05,0.75,Debit Card
TXN6A1135E927,2024-12-28,BR01,Eluru,Andhra Pradesh,CUST01456,Vikram Naidu,Wholesale,P010,Wireless Mouse,Accessories,1,467.6,0.05,0.4,Debit Card
TXNB7CB25C0E6,2024-10-08,BR01,Eluru,Andhra Pradesh,CUST00649,Sandeep Kumar,Retail,P018,LED TV 43-inch,Electronics,1,32980.11,0.2,0.8,Net Banking
TXNB0E81B12FC,2024-11-30,BR01,Eluru,Andhra Pradesh,CUST00357,Arjun Sharma,Retail,P018,LED TV 43-inch,Electronics,1,22432.25,0.15,0.8,Cash
TXNBE3D713E61,2023-03-22,BR01,Eluru,Andhra Pradesh,CUST00386,Priya Murthy,Retail,P021,Smart Watch,Electronics,1,4032.9,0.15,0.55,UPI
TXN16E56BCA59,2023-09-25,BR01,Eluru,Andhra Pradesh,CUST00629,Srinivas Naidu,Wholesale,P001,Budget Smartphone 4G,Mobile,1,12234.57,0.15,0.8,Net Banking
TXN6B127EEAA5,2024-10-23,BR01,Eluru,Andhra Pradesh,CUST01379,Praveen Naidu,Retail,P019,LED TV 55-inch,Electronics,1,59199.82,0.0,0.79,Net Banking
TXN4F6A6A03A8,2024-03-27,BR01,Eluru,Andhra Pradesh,CUST01836,Praveen Kumar,Wholesale,P009,Laptop Bag,Accessories,1,1670.48,0.15,0.45,Cash
TXN102931D1A8,2023-08-26,BR01,Eluru,Andhra Pradesh,CUST00858,Kavya Reddy,Corporate,P006,Business Laptop i5,Laptop,1,50356.51,0.1,0.8,Net Banking
TXNB952996C60,2023-11-19,BR01,Eluru,Andhra Pradesh,CUST01596,Sneha Reddy,Retail,P004,Wireless Earbuds,Mobile,1,5824.27,0.0,0.55,Credit Card
TXNB75C44B23E,2024-09-10,BR01,Eluru,Andhra Pradesh,CUST01875,Sneha Kumar,Retail,P002,Mid-range Smartphone 5G,Mobile,1,23815.39,0.1,0.78,Credit Card
TXNE031748729,2024-11-25,BR01,Eluru,Andhra Pradesh,CUST01881,Arjun Chowdary,Retail,P013,Power Bank,Accessories,1,1352.47,0.0,0.48,UPI
TXN985A0C48A0,2023-11-30,BR01,Eluru,Andhra Pradesh,CUST01891,Vikram Sharma,Retail,P020,Home Theatre System,Electronics,1,6225.18,0.25,0.6,Credit Card
TXN4754719809,2024-11-14,BR01,Eluru,Andhra Pradesh,CUST00387,Divya Varma,Retail,P021,Smart Watch,Electronics,1,9279.2,0.05,0.55,UPI
TXN0F31FC457C,2024-01-29,BR01,Eluru,Andhra Pradesh,CUST01928,Aishwarya Devi,Retail,P002,Mid-range Smartphone 5G,Mobile,1,25603.52,0.1,0.78,Credit Card
TXN3D9369A9F0,2024-12-11,BR01,Eluru,Andhra Pradesh,CUST00250,Aishwarya Sarma,Wholesale,P008,Ultrabook Thin & Light,Laptop,1,75268.6,0.15,0.79,Debit Card
TXN9337C5DC60,2023-06-03,BR01,Eluru,Andhra Pradesh,CUST01160,Lakshmi Varma,Retail,P006,Business Laptop i5,Laptop,1,49569.53,0.0,0.8,Cash
TXNE5DF64907F,2024-12-02,BR01,Eluru,Andhra Pradesh,CUST01672,Anitha Murthy,Corporate,P020,Home Theatre System,Electronics,1,17280.0,0.15,0.6,Debit Card
TXN78D04548E6,2023-01-27,BR01,Eluru,Andhra Pradesh,CUST01173,Divya Sharma,Retail,P005,Entry Laptop i3,Laptop,1,35131.19,0.0,0.82,Credit Card
TXN3B6E5C468B,2023-01-07,BR01,Eluru,Andhra Pradesh,CUST00124,Arjun Kumar,Retail,P013,Power Bank,Accessories,1,1289.91,0.15,0.48,UPI
TXN6628746871,2024-06-15,BR01,Eluru,Andhra Pradesh,CUST00074,Sandeep Murthy,Retail,P008,Ultrabook Thin & Light,Laptop,1,85957.48,0.15,0.79,Debit Card
TXND2CDA83603,2023-04-26,BR01,Eluru,Andhra Pradesh,CUST00151,Srinivas Rao,Retail,P015,Refrigerator 300L,Home Appliances,1,40212.54,0.05,0.82,Cash
TXN5AABAE91FD,2024-06-19,BR01,Eluru,Andhra Pradesh,CUST00328,Ajay Kumar,Retail,P013,Power Bank,Accessories,2,2186.38,0.0,0.48,Debit Card
TXN5AB80809CE,2024-04-17,BR01,Eluru,Andhra Pradesh,CUST01666,Sandeep Sarma,Wholesale,P007,Gaming Laptop i7,Laptop,1,114721.2,0.05,0.78,UPI
TXN997EF93AB5,2023-12-30,BR01,Eluru,Andhra Pradesh,CUST01476,Ramesh Naidu,Wholesale,P012,Mobile Charger,Accessories,2,1135.6,0.1,0.42,Credit Card
TXNB5FA7D21A0,2023-02-25,BR01,Eluru,Andhra Pradesh,CUST01877,Sneha Naidu,Retail,P013,Power Bank,Accessories,1,1917.69,0.15,0.48,Cash
TXN0B022866EE,2023-11-19,BR01,eluru  ,Andhra Pradesh,CUST00117,Lakshmi Sarma,Retail,P007,Gaming Laptop i7,Laptop,1,85354.85,0.25,0.78,Cash
TXND265D2A6BC,2023-09-07,BR01,Eluru,Andhra Pradesh,CUST00182,Ajay Devi,Retail,P001,Budget Smartphone 4G,Mobile,2,8376.65,0.05,0.8,Credit Card
TXN7AAF4EBC40,2023-08-27,BR01,Eluru,Andhra Pradesh,CUST01500,Manoj Naidu,Retail,P004,Wireless Earbuds,Mobile,4,2815.32,0.15,0.55,Debit Card
TXN9931F525F1,2023-08-05,BR01,Eluru,Andhra Pradesh,CUST01696,Sandeep Kumar,Retail,P012,Mobile Charger,Accessories,2,1578.14,0.15,0.42,Debit Card
TXN64CBDE7B81,2023-08-20,BR01,Eluru,Andhra Pradesh,CUST00459,Swathi Prasad,Wholesale,P007,Gaming Laptop i7,Laptop,1,109659.94,0.0,0.78,Credit Card
TXNE7627FE2F1,2024-04-23,BR01,Eluru,Andhra Pradesh,CUST01610,Kiran Reddy,Retail,P005,Entry Laptop i3,Laptop,1,30728.31,0.0,0.82,Cash
TXN43CCC57900,2023-03-28,BR01,Eluru,Andhra Pradesh,CUST00604,Sneha Murthy,Retail,P004,Wireless Earbuds,Mobile,1,3169.29,0.0,0.55,UPI
TXNFF6B011D8E,2024-09-29,BR01,Eluru,Andhra Pradesh,CUST00118,Arjun Naidu,Retail,P020,Home Theatre System,Electronics,1,9279.7,0.15,0.6,UPI
TXNC37924BFC6,2023-04-21,BR01,Eluru,Andhra Pradesh,CUST01703,Praveen Reddy,Wholesale,P021,Smart Watch,Electronics,1,2021.71,0.0,0.55,Cash
TXN4930C38742,2024-10-21,BR01,Eluru,Andhra Pradesh,CUST00118,Arjun Naidu,Retail,P011,Bluetooth Speaker,Accessories,4,4957.31,0.15,0.5,Debit Card
TXN23F5ADAF71,2023-06-15,BR01,Eluru,Andhra Pradesh,CUST00105,Ajay Sharma,Retail,P008,Ultrabook Thin & Light,Laptop,1,89870.66,0.0,0.79,UPI
TXNF84B7E83D9,2023-05-23,BR01,Eluru,Andhra Pradesh,CUST01302,Kavya Kumar,Retail,P012,Mobile Charger,Accessories,1,921.17,0.1,0.42,Cash
TXNF89DFF4C59,2023-10-14,BR01,Eluru,Andhra Pradesh,CUST01279,Harika Sharma,Retail,P013,Power Bank,Accessories,1,1536.53,0.15,0.48,Credit Card
TXN1A100B2621,2023-10-11,BR01,Eluru,Andhra Pradesh,CUST01476,Ramesh Naidu,Wholesale,P011,Bluetooth Speaker,Accessories,3,1895.72,0.05,0.5,UPI
TXN6799F2A491,2023-07-21,BR01,Eluru,Andhra Pradesh,CUST00341,Sandeep Murthy,Corporate,P010,Wireless Mouse,Accessories,3,825.66,0.0,0.4,Cash
TXN9A30312478,2024-10-16,BR01,Eluru,Andhra Pradesh,CUST00175,Sneha Prasad,Retail,P017,Microwave Oven,Home Appliances,1,12424.66,0.05,0.75,UPI
TXNECCF1E8EF5,2024-10-22,BR01,Eluru,Andhra Pradesh,CUST00160,Swathi Sharma,Retail,P010,Wireless Mouse,Accessories,2,1084.52,0.25,0.4,Credit Card
TXN0AA6CCF69D,2024-04-23,BR01,Eluru,Andhra Pradesh,CUST00044,Meena Reddy,Retail,P003,Flagship Smartphone,Mobile,1,79730.43,0.0,0.75,UPI
TXN9AC3D39AFD,2023-01-04,BR01,Eluru,Andhra Pradesh,CUST01384,Deepika Sharma,Retail,P002,Mid-range Smartphone 5G,Mobile,1,22799.25,0.05,0.78,UPI
TXNCE2C4BC087,2024-05-16,BR01,Eluru,Andhra Pradesh,CUST00323,Kavya Babu,Retail,P018,LED TV 43-inch,Electronics,1,23610.07,0.15,0.8,Debit Card
TXNAF4F919C77,2024-06-17,BR01,Eluru,Andhra Pradesh,CUST00311,Ramesh Naidu,Retail,P011,Bluetooth Speaker,Accessories,1,1284.25,0.05,0.5,UPI
TXN05E08C4A77,2024-09-06,BR01,Eluru,Andhra Pradesh,CUST00602,Sneha Sarma,Retail,P012,Mobile Charger,Accessories,1,1447.81,0.05,0.42,Credit Card
TXN5E28C3F3FF,2023-07-03,BR01,Eluru,Andhra Pradesh,CUST01515,Pooja Sarma,Retail,P010,Wireless Mouse,Accessories,1,1487.13,0.15,0.4,Cash
TXN1E7E0C6D70,2024-10-02,BR01,Eluru,Andhra Pradesh,CUST00209,Harika Kumar,Wholesale,P002,Mid-range Smartphone 5G,Mobile,1,17485.7,0.0,0.78,Cash
TXN6C5F777801,2024-03-23,BR01,Eluru,Andhra Pradesh,CUST00340,Divya Sarma,Retail,P011,Bluetooth Speaker,Accessories,2,3154.1,0.15,0.5,UPI
TXN6FEBC868E3,2024-10-23,BR01,Eluru,Andhra Pradesh,CUST00732,Sandeep Sharma,Retail,P019,LED TV 55-inch,Electronics,1,52975.91,0.1,0.79,UPI
TXN8C41866805,2024-01-06,BR01,Eluru,Andhra Pradesh,CUST01157,Priya Prasad,Wholesale,P001,Budget Smartphone 4G,Mobile,1,8017.55,0.15,0.8,UPI
TXN7B2548268E,2024-09-07,BR01,Eluru,Andhra Pradesh,CUST01962,Ajay Babu,Retail,P001,Budget Smartphone 4G,Mobile,2,13779.83,0.0,0.8,Credit Card
TXNFFB28B6DB3,2023-10-01,BR01,Eluru,Andhra Pradesh,CUST01585,Meena Sharma,Retail,P011,Bluetooth Speaker,Accessories,3,4540.82,0.2,0.5,Debit Card
TXN3FD73692B4,2023-04-19,BR01,Eluru,Andhra Pradesh,CUST00205,Meena Murthy,Wholesale,P001,Budget Smartphone 4G,Mobile,4,8009.36,0.1,0.8,Net Banking
TXN688677EE0B,2024-12-29,BR01,Eluru,Andhra Pradesh,CUST01119,Aishwarya Murthy,Retail,P005,Entry Laptop i3,Laptop,1,36557.67,0.0,0.82,Credit Card
TXN548F0E1DE7,2023-05-29,BR01,Eluru,Andhra Pradesh,CUST01299,Harika Devi,Retail,P006,Business Laptop i5,Laptop,1,44478.33,0.0,0.8,Net Banking
TXNF5E1E64274,2024-12-22,BR01,Eluru,Andhra Pradesh,CUST01517,Manoj Sharma,Wholesale,P003,Flagship Smartphone,Mobile,1,72310.19,0.0,0.75,Cash
TXN9BF66AA3B3,2024-07-27,BR01,Eluru,Andhra Pradesh,CUST01081,Harika Rao,Retail,P003,Flagship Smartphone,Mobile,1,68124.91,0.15,0.75,Cash
TXN1EA4D36666,2023-09-28,BR01,Eluru,Andhra Pradesh,CUST01900,Priya Varma,Retail,P009,Laptop Bag,Accessories,1,1192.11,0.0,0.45,Net Banking
TXN8D1D6409EF,2023-09-09,BR01,Eluru,Andhra Pradesh,CUST00890,Sandeep Sarma,Retail,P001,Budget Smartphone 4G,Mobile,1,12047.38,0.05,0.8,UPI
TXNAC07BBE671,2023-04-03,BR01,Eluru,Andhra Pradesh,CUST01558,Kiran Reddy,Retail,P014,Split AC 1.5 Ton,Home Appliances,1,47072.74,0.1,0.83,Credit Card
TXN99A5EE9D1E,2023-10-21,BR01,Eluru,Andhra Pradesh,CUST01380,Naveen Sharma,Retail,P003,Flagship Smartphone,Mobile,1,75589.96,0.15,0.75,Cash
TXN0E8E383233,2024-07-05,BR01,Eluru,Andhra Pradesh,CUST01998,Sandeep Kumar,Retail,P012,Mobile Charger,Accessories,1,1704.41,0.15,0.42,UPI
TXNC54E0C7489,2024-06-08,BR01,Eluru,Andhra Pradesh,CUST01121,Deepika Naidu,Retail,P020,Home Theatre System,Electronics,4,13344.74,0.0,0.6,Debit Card
TXN542BCD1259,2024-06-30,BR01,Eluru,Andhra Pradesh,CUST01955,Srinivas Rao,Retail,P002,Mid-range Smartphone 5G,Mobile,1,27453.88,0.1,0.78,Net Banking
TXNAD55AC4BAB,2024-11-27,BR01,Eluru,Andhra Pradesh,CUST00909,Ravi Reddy,Retail,P016,Washing Machine,Home Appliances,1,30736.96,0.25,0.8,UPI
TXN44D67F204B,2023-02-16,BR01,Eluru,Andhra Pradesh,CUST00929,Priya Rao,Retail,P021,Smart Watch,Electronics,3,6494.47,0.0,0.55,UPI
TXN21F0B4FF7D,2023-11-07,BR01,Eluru,Andhra Pradesh,CUST01572,Sandeep Devi,Retail,P012,Mobile Charger,Accessories,2,771.5,0.1,0.42,Net Banking
TXNB16D6F0A34,2023-01-15,BR01,Eluru,Andhra Pradesh,CUST00217,Swathi Naidu,Wholesale,P003,Flagship Smartphone,Mobile,1,77775.65,0.0,0.75,Debit Card
TXN0344DE0DFB,2024-11-25,BR01,Eluru,Andhra Pradesh,CUST01106,Lakshmi Sharma,Retail,P004,Wireless Earbuds,Mobile,1,4496.34,0.05,0.55,UPI
TXNACC4EBF76A,2024-05-05,BR01,Eluru,Andhra Pradesh,CUST01107,Divya Kumar,Retail,P009,Laptop Bag,Accessories,1,1900.33,0.15,0.45,UPI
TXNA38A7C59B1,2024-06-01,BR01,Eluru,Andhra Pradesh,CUST01430,Divya Kumar,Retail,P005,Entry Laptop i3,Laptop,1,36417.1,0.05,0.82,Credit Card
TXN64ED08B0E7,2023-04-16,BR01,Eluru,Andhra Pradesh,CUST00694,Deepika Chowdary,Retail,P005,Entry Laptop i3,Laptop,1,33257.91,0.0,0.82,UPI
TXNCE1DA69715,2023-07-31,BR01,Eluru,Andhra Pradesh,CUST00796,Deepika Rao,Retail,P021,Smart Watch,Electronics,4,3029.33,0.0,0.55,Net Banking
TXN583D516CD0,2024-09-16,BR01,Eluru,Andhra Pradesh,CUST00772,Srinivas Varma,Retail,P010,Wireless Mouse,Accessories,2,824.91,0.0,0.4,UPI
TXN4640169D7B,2024-05-09,BR01,Eluru,Andhra Pradesh,CUST01278,Suresh Sarma,Retail,P013,Power Bank,Accessories,2,1029.41,0.15,0.48,UPI
TXN857D92249B,2024-09-08,BR01,Eluru,Andhra Pradesh,CUST00568,Ajay Murthy,Wholesale,P003,Flagship Smartphone,Mobile,1,69663.2,0.0,0.75,UPI
TXNC963B77A32,2024-03-22,BR01,Eluru,Andhra Pradesh,CUST01559,Divya Varma,Wholesale,P020,Home Theatre System,Electronics,1,7187.23,0.15,0.6,Debit Card
TXN67B8A98445,2024-04-15,BR01,Eluru,Andhra Pradesh,CUST01556,Deepika Reddy,Retail,P003,Flagship Smartphone,Mobile,1,51594.1,0.05,0.75,Credit Card
TXN992031DB56,2024-08-13,BR01,Eluru,Andhra Pradesh,CUST00137,Swathi Babu,Wholesale,P013,Power Bank,Accessories,1,2222.98,0.0,0.48,UPI
TXN034592DDD3,2023-08-04,BR01,Eluru,Andhra Pradesh,CUST01591,Manoj Sharma,Retail,P014,Split AC 1.5 Ton,Home Appliances,1,33307.34,0.05,0.83,UPI
TXN096432BA2C,2023-05-20,BR01,Eluru,Andhra Pradesh,CUST00994,Meena Murthy,Retail,P009,Laptop Bag,Accessories,3,1454.48,0.05,0.45,UPI
TXNA56455AC84,2023-01-25,BR01,Eluru,Andhra Pradesh,CUST00387,Divya Varma,Retail,P013,Power Bank,Accessories,1,2188.39,0.15,0.48,UPI
TXN143C47095C,2024-10-28,BR01,Eluru,Andhra Pradesh,CUST01910,Arjun Murthy,Retail,P011,Bluetooth Speaker,Accessories,1,4492.5,0.2,0.5,UPI
TXNF973B4F52B,2024-05-12,BR01,Eluru,Andhra Pradesh,CUST01622,Divya Murthy,Retail,P018,LED TV 43-inch,Electronics,1,22316.02,0.0,0.8,Cash
TXNFBBB4D5A87,2024-10-09,BR01,Eluru,Andhra Pradesh,CUST01369,Arjun Sarma,Wholesale,P010,Wireless Mouse,Accessories,2,1023.57,0.05,0.4,UPI
TXN50F1B3D2B6,2024-10-28,BR01,Eluru,Andhra Pradesh,CUST00549,Naveen Naidu,Retail,P019,LED TV 55-inch,Electronics,1,46159.74,0.15,0.79,Debit Card
TXNF8E138916D,2024-06-12,BR01,Eluru,Andhra Pradesh,CUST00930,Arjun Devi,Retail,P017,Microwave Oven,Home Appliances,1,12975.47,0.15,0.75,UPI
TXNF392CDED98,2023-06-20,BR01,Eluru,Andhra Pradesh,CUST00765,Ajay Rao,Retail,P004,Wireless Earbuds,Mobile,4,5109.11,0.0,0.55,Net Banking
TXN694217FD9C,2023-07-10,BR01,Eluru,Andhra Pradesh,CUST00669,Suresh Rao,Retail,P011,Bluetooth Speaker,Accessories,4,2818.63,0.0,0.5,Credit Card
TXN99B6FF7EB7,2023-12-02,BR01,Eluru,Andhra Pradesh,CUST00594,Ravi Rao,Retail,P003,Flagship Smartphone,Mobile,1,69071.42,0.15,0.75,UPI
TXNEC0E6775FC,2023-02-16,BR01,Eluru,Andhra Pradesh,CUST01282,Lakshmi Sarma,Retail,P011,Bluetooth Speaker,Accessories,1,1575.2,0.05,0.5,Cash
TXN345CDA07D4,2023-07-23,BR01,Eluru,Andhra Pradesh,CUST00386,Priya Murthy,Retail,P011,Bluetooth Speaker,Accessories,3,3489.33,0.1,0.5,Cash
TXNA87782DC75,2023-08-04,BR01,Eluru,Andhra Pradesh,CUST00167,Aishwarya Babu,Retail,P017,Microwave Oven,Home Appliances,2,9004.2,0.15,0.75,Cash
TXNF2B18161CA,2023-08-20,BR01,Eluru,Andhra Pradesh,CUST01500,Manoj Naidu,Retail,P001,Budget Smartphone 4G,Mobile,1,11496.56,0.1,0.8,UPI
TXN646ABAD94A,2024-05-31,BR01,Eluru,Andhra Pradesh,CUST01738,Kavya Kumar,Retail,P003,Flagship Smartphone,Mobile,1,53009.18,0.05,0.75,Credit Card
TXN3F65DCA1A3,2023-06-18,BR01,Eluru,Andhra Pradesh,CUST00123,Manoj Kumar,Retail,P006,Business Laptop i5,Laptop,1,46782.01,0.0,0.8,Net Banking
TXNC07DADFF13,2024-12-04,BR01,Eluru,Andhra Pradesh,CUST01568,Priya Reddy,Retail,P011,Bluetooth Speaker,Accessories,2,2282.6,0.0,0.5,UPI
TXNC24F8F1904,2024-07-13,BR01,Eluru,Andhra Pradesh,CUST00129,Swathi Kumar,Retail,P017,Microwave Oven,Home Appliances,1,13969.53,0.0,0.75,UPI
TXNC4845F381F,2023-02-03,BR01,Eluru,Andhra Pradesh,CUST00223,Kiran Prasad,Retail,P012,Mobile Charger,Accessories,3,530.52,0.0,0.42,UPI
TXN1FC28AB60E,2023-05-30,BR01,Eluru,Andhra Pradesh,CUST01299,Harika Devi,Retail,P018,LED TV 43-inch,Electronics,1,24039.39,0.15,0.8,Credit Card
TXN40EE2B1794,2024-10-05,BR01,Eluru,Andhra Pradesh,CUST01439,Vikram Sarma,Retail,P021,Smart Watch,Electronics,2,2505.89,0.1,0.55,Credit Card
TXN9B52E6832C,2023-04-09,BR01,Eluru,Andhra Pradesh,CUST01502,Naveen Varma,Retail,P017,Microwave Oven,Home Appliances,1,6889.94,0.0,0.75,UPI
TXN9B16C663FF,2023-05-15,BR01,Eluru,Andhra Pradesh,CUST01458,Divya Kumar,Retail,P015,Refrigerator 300L,Home Appliances,1,28475.12,0.15,0.82,UPI
TXN5A4E5C5BEC,2023-03-03,BR01,Eluru,Andhra Pradesh,CUST01773,Meena Murthy,Retail,P013,Power Bank,Accessories,3,1596.97,0.05,0.48,UPI
TXN2BFD79FB8B,2024-03-31,BR01,Eluru,Andhra Pradesh,CUST00491,Aishwarya Reddy,Retail,P018,LED TV 43-inch,Electronics,1,28364.91,0.1,0.8,UPI
TXN4BC55D1584,2024-05-13,BR01,Eluru,Andhra Pradesh,CUST00878,Kavya Varma,Retail,P002,Mid-range Smartphone 5G,Mobile,1,18583.95,0.1,0.78,Credit Card
TXNCF70D14B0E,2024-06-08,BR01,Eluru,Andhra Pradesh,CUST00733,Srinivas Devi,Retail,P001,Budget Smartphone 4G,Mobile,1,8633.47,0.0,0.8,UPI
TXN8C034FE143,2023-01-22,BR01,Eluru,Andhra Pradesh,CUST00458,Meena Sarma,Wholesale,P010,Wireless Mouse,Accessories,1,929.75,0.0,0.4,Net Banking
TXN7B2EDCF160,2023-06-20,BR01,Eluru,Andhra Pradesh,CUST01240,Sandeep Varma,Corporate,P004,Wireless Earbuds,Mobile,1,5339.64,0.0,0.55,Credit Card
TXN91D5633521,2024-03-17,BR01,Eluru,Andhra Pradesh,CUST01025,Meena Kumar,Retail,P002,Mid-range Smartphone 5G,Mobile,1,19391.94,0.0,0.78,Credit Card
TXN1039AECAB0,2024-02-06,BR01,Eluru,Andhra Pradesh,CUST00631,Aishwarya Kumar,Retail,P018,LED TV 43-inch,Electronics,1,33070.79,0.1,0.8,Debit Card
TXNDEE51F0E08,2024-05-02,BR01,Eluru,Andhra Pradesh,CUST01274,Sandeep Rao,Corporate,P020,Home Theatre System,Electronics,1,8349.8,0.0,0.6,Debit Card
TXN4F54B6115F,2024-01-13,BR01,Eluru,Andhra Pradesh,CUST00695,Suresh Sarma,Retail,P020,Home Theatre System,Electronics,1,12149.89,0.0,0.6,Net Banking
TXN6491694BC2,2023-09-01,BR01,Eluru,Andhra Pradesh,CUST00048,Ravi Sarma,Wholesale,P002,Mid-range Smartphone 5G,Mobile,2,15376.56,0.15,0.78,Credit Card
TXNA9E654B0D6,2023-01-22,BR01,Eluru,Andhra Pradesh,CUST01374,Swathi Devi,Retail,P009,Laptop Bag,Accessories,1,1231.05,0.0,0.45,UPI
TXN2F7A2A733E,2024-06-22,BR01,Eluru,Andhra Pradesh,CUST01292,Suresh Devi,Corporate,P005,Entry Laptop i3,Laptop,1,32788.48,0.0,0.82,Credit Card
TXNADE5CF7243,2024-05-16,BR01,Eluru,Andhra Pradesh,CUST01064,Vikram Varma,Wholesale,P011,Bluetooth Speaker,Accessories,1,3356.34,0.1,0.5,UPI
TXN5CC6AD1B5C,2024-05-27,BR01,Eluru,Andhra Pradesh,CUST00164,Aishwarya Murthy,Retail,P003,Flagship Smartphone,Mobile,1,46381.42,0.1,0.75,UPI
TXN7A20A8A573,2023-11-16,BR01,Eluru,Andhra Pradesh,CUST00368,Divya Sharma,Retail,P004,Wireless Earbuds,Mobile,4,3790.44,0.25,0.55,Debit Card
TXN195D731044,2023-07-09,BR01,Eluru,Andhra Pradesh,CUST00552,Kiran Sharma,Retail,P011,Bluetooth Speaker,Accessories,1,1807.19,0.1,0.5,UPI
TXN0F4735E7FD,2023-02-06,BR01,Eluru,Andhra Pradesh,CUST00782,Anitha Reddy,Corporate,P020,Home Theatre System,Electronics,3,18226.11,0.0,0.6,UPI
TXN1D9B614328,2024-12-30,BR01,Eluru,Andhra Pradesh,CUST01771,Suresh Devi,Retail,P002,Mid-range Smartphone 5G,Mobile,1,21220.13,0.15,0.78,Cash
TXN2A52DC39B3,2024-10-13,BR01,Eluru,Andhra Pradesh,CUST00058,Suresh Sarma,Retail,P003,Flagship Smartphone,Mobile,1,80164.28,0.2,0.75,Debit Card
TXN9C771AC858,2023-12-04,BR01,Eluru,Andhra Pradesh,CUST01697,Swathi Reddy,Retail,P013,Power Bank,Accessories,1,1319.21,0.0,0.48,UPI
TXN7AED5BA7CE,2023-06-20,BR01,Eluru,Andhra Pradesh,CUST01512,Priya Varma,Wholesale,P012,Mobile Charger,Accessories,2,1657.51,0.15,0.42,Credit Card
TXN453167CE1E,2023-10-09,BR01,Eluru,Andhra Pradesh,CUST01509,Praveen Naidu,Wholesale,P002,Mid-range Smartphone 5G,Mobile,1,27174.28,0.15,0.78,Credit Card
TXN5AAB45119D,2024-09-22,BR01,Eluru,Andhra Pradesh,CUST01339,Meena Sharma,Wholesale,P004,Wireless Earbuds,Mobile,1,4288.97,0.1,0.55,Credit Card
TXN8161033B5F,2024-09-14,BR01,Eluru,Andhra Pradesh,CUST00817,Meena Kumar,Retail,P011,Bluetooth Speaker,Accessories,2,4858.32,0.1,0.5,UPI
TXN7A6D49D2B6,2023-10-30,BR01,Eluru,Andhra Pradesh,CUST00131,Vikram Babu,Retail,P012,Mobile Charger,Accessories,1,1651.37,0.2,0.42,UPI
TXN8B59217FB6,2024-12-17,BR01,Eluru,Andhra Pradesh,CUST01270,Harika Reddy,Corporate,P002,Mid-range Smartphone 5G,Mobile,1,18235.65,0.05,0.78,UPI
TXN61AD41B611,2024-07-15,BR01,Eluru,Andhra Pradesh,CUST00857,Praveen Babu,Retail,P003,Flagship Smartphone,Mobile,1,64778.25,0.0,0.75,Credit Card
TXN4A27FF7311,2024-09-15,BR01,Eluru,Andhra Pradesh,CUST01307,Suresh Prasad,Wholesale,P014,Split AC 1.5 Ton,Home Appliances,1,35882.38,0.05,0.83,Net Banking
TXNDE11FA54FA,2024-06-25,BR01,Eluru,Andhra Pradesh,CUST00424,Sneha Sharma,Retail,P001,Budget Smartphone 4G,Mobile,2,11301.33,0.1,0.8,Cash
TXND97597B19B,2024-12-18,BR01,Eluru,Andhra Pradesh,CUST01907,Pooja Reddy,Wholesale,P020,Home Theatre System,Electronics,4,16561.35,0.0,0.6,Credit Card
TXN385D1D3F01,2024-06-02,BR01,Eluru,Andhra Pradesh,CUST00447,Praveen Reddy,Retail,P014,Split AC 1.5 Ton,Home Appliances,1,36240.76,0.1,0.83,Cash
TXNB665223D8D,2024-06-05,BR01,Eluru,Andhra Pradesh,CUST01231,Srinivas Varma,Retail,P005,Entry Laptop i3,Laptop,1,33818.63,0.0,0.82,Cash
TXNBF869CB8B7,2024-11-11,BR01,Eluru,Andhra Pradesh,CUST01992,Manoj Sharma,Wholesale,P016,Washing Machine,Home Appliances,1,28290.08,0.25,0.8,Credit Card
TXN1FE33E2ADA,2023-12-21,BR01,Eluru,Andhra Pradesh,CUST00513,Pooja Rao,Retail,P003,Flagship Smartphone,Mobile,1,56928.68,0.05,0.75,Cash
TXNAB2201CC8C,2024-05-08,BR01,Eluru,Andhra Pradesh,CUST00154,Meena Babu,Retail,P004,Wireless Earbuds,Mobile,1,4313.67,0.15,0.55,Cash
TXN8356DE97C1,2024-04-22,BR01,Eluru,Andhra Pradesh,CUST01288,Sneha Kumar,Retail,P001,Budget Smartphone 4G,Mobile,2,11107.24,0.05,0.8,Credit Card
TXND22E6D8E1B,2024-04-29,BR01,Eluru,Andhra Pradesh,CUST00971,Naveen Sharma,Wholesale,P007,Gaming Laptop i7,Laptop,1,89252.75,0.15,0.78,Debit Card
TXNF8BE0E2A6F,2024-05-12,BR01,Eluru,Andhra Pradesh,CUST01640,Suresh Naidu,Retail,P005,Entry Laptop i3,Laptop,1,29460.18,0.15,0.82,UPI
TXND50C54DFDD,2024-11-18,BR01,Eluru,Andhra Pradesh,CUST01595,Praveen Murthy,Corporate,P020,Home Theatre System,Electronics,1,19749.0,0.05,0.6,Credit Card
TXN0C16E03D3C,2023-10-18,BR01,Eluru,Andhra Pradesh,CUST00775,Kiran Reddy,Corporate,P011,Bluetooth Speaker,Accessories,1,4406.23,0.0,0.5,UPI
TXN746AC15A30,2023-03-07,BR01,Eluru,Andhra Pradesh,CUST01523,Vikram Rao,Corporate,P016,Washing Machine,Home Appliances,1,27076.84,0.0,0.8,Cash
TXND3B1553897,2023-03-06,BR01,Eluru,Andhra Pradesh,CUST00021,Lakshmi Chowdary,Retail,P015,Refrigerator 300L,Home Appliances,1,39201.12,0.05,0.82,UPI
TXN6173330EA8,2023-01-28,BR01,Eluru,Andhra Pradesh,CUST01100,Kavya Rao,Retail,P018,LED TV 43-inch,Electronics,1,31597.64,0.0,0.8,Cash
TXNE751E193B5,2024-11-19,BR01,Eluru,Andhra Pradesh,CUST01752,Naveen Murthy,Retail,P002,Mid-range Smartphone 5G,Mobile,1,23896.25,0.2,0.78,Net Banking
TXNA117BF252B,2023-04-06,BR01,Eluru,Andhra Pradesh,CUST01844,Srinivas Prasad,Retail,P011,Bluetooth Speaker,Accessories,1,2745.41,0.1,0.5,Cash
TXND18EA00328,2024-08-16,BR01,Eluru,Andhra Pradesh,CUST00907,Kavya Babu,Retail,P010,Wireless Mouse,Accessories,1,378.72,0.0,0.4,Credit Card
TXN9CFFF78F72,2023-12-14,BR01,Eluru,Andhra Pradesh,CUST00703,Lakshmi Reddy,Retail,P001,Budget Smartphone 4G,Mobile,1,9252.03,0.15,0.8,UPI
TXN6DB1D0CC6A,2024-10-30,BR01,Eluru,Andhra Pradesh,CUST00518,Praveen Rao,Retail,P004,Wireless Earbuds,Mobile,2,4179.4,0.15,0.55,UPI
TXNAAC416E5D4,2024-11-12,BR01,Eluru,Andhra Pradesh,CUST01154,Arjun Devi,Retail,P012,Mobile Charger,Accessories,1,793.58,0.0,0.42,Credit Card
TXN894CE59017,2024-04-11,BR01,Eluru,Andhra Pradesh,CUST00063,Meena Sarma,Retail,P015,Refrigerator 300L,Home Appliances,1,30306.24,0.1,0.82,UPI
TXN759575F6A0,2023-10-11,BR01,Eluru,Andhra Pradesh,CUST00931,Priya Kumar,Corporate,P004,Wireless Earbuds,Mobile,1,1904.2,0.15,0.55,UPI
TXN25D2AF9387,2023-09-13,BR01,Eluru,Andhra Pradesh,CUST00376,Ramesh Naidu,Retail,P003,Flagship Smartphone,Mobile,1,88583.4,0.05,0.75,Cash
TXNC6F1F2B1F4,2023-03-06,BR01,Eluru,Andhra Pradesh,CUST00140,Priya Prasad,Retail,P018,LED TV 43-inch,Electronics,1,31800.43,0.1,0.8,Cash
TXN0C579A2F85,2024-06-26,BR01,Eluru,Andhra Pradesh,CUST01883,Lakshmi Babu,Retail,P021,Smart Watch,Electronics,3,11915.06,0.1,0.55,Credit Card
TXNE56EE751AD,2024-05-17,BR01,Eluru,Andhra Pradesh,CUST01424,Swathi Prasad,Retail,P006,Business Laptop i5,Laptop,1,53492.46,0.15,0.8,Debit Card
TXN76C2B65C00,2024-05-24,BR01,Eluru,Andhra Pradesh,CUST01397,Ajay Varma,Retail,P007,Gaming Laptop i7,Laptop,1,86918.53,0.15,0.78,Debit Card
TXN6680BBB745,2024-08-05,BR01,Eluru,Andhra Pradesh,CUST00333,Ajay Naidu,Retail,P019,LED TV 55-inch,Electronics,1,44646.15,0.05,0.79,UPI
TXN7997289A27,2024-09-08,BR01,Eluru,Andhra Pradesh,CUST00007,Meena Varma,Retail,P019,LED TV 55-inch,Electronics,1,59227.09,0.05,0.79,UPI
TXN9F710CF544,2024-06-21,BR01,Eluru,Andhra Pradesh,CUST00570,Swathi Sharma,Retail,P005,Entry Laptop i3,Laptop,1,29681.1,0.05,0.82,Net Banking
TXN60E76D1778,2024-01-02,BR01,Eluru,Andhra Pradesh,CUST00230,Vikram Rao,Retail,P003,Flagship Smartphone,Mobile,1,71029.44,0.0,0.75,Cash
TXN208BCE4E5D,2024-05-13,BR01,Eluru,Andhra Pradesh,CUST01644,Sneha Rao,Retail,P011,Bluetooth Speaker,Accessories,1,1541.64,0.05,0.5,UPI
TXNE4635B4EE5,2023-10-06,BR01,Eluru,Andhra Pradesh,CUST00613,Sandeep Sarma,Wholesale,P019,LED TV 55-inch,Electronics,1,38080.52,0.2,0.79,Credit Card
TXN8D88BC3FAF,2023-08-21,BR01,Eluru,Andhra Pradesh,CUST01673,Deepika Kumar,Retail,P017,Microwave Oven,Home Appliances,1,12493.81,0.0,0.75,Debit Card
TXN3A003DA2B8,2024-04-21,BR01,Eluru,Andhra Pradesh,CUST00409,Ravi Murthy,Wholesale,P005,Entry Laptop i3,Laptop,1,28607.77,0.05,0.82,Credit Card
TXN9CE3663B46,2024-12-23,BR01,Eluru,Andhra Pradesh,CUST01022,Naveen Reddy,Retail,P003,Flagship Smartphone,Mobile,1,51524.95,0.1,0.75,UPI
TXN208A89BEB3,2023-09-17,BR01,Eluru,Andhra Pradesh,CUST01996,Praveen Chowdary,Retail,P020,Home Theatre System,Electronics,1,19061.31,0.0,0.6,Cash
TXN217FC500F5,2024-09-22,BR01,Eluru,Andhra Pradesh,CUST01542,Ajay Devi,Wholesale,P015,Refrigerator 300L,Home Appliances,1,38074.66,0.0,0.82,Credit Card
TXN783514EF90,2024-05-10,BR01,Eluru,Andhra Pradesh,CUST01320,Kavya Murthy,Wholesale,P009,Laptop Bag,Accessories,1,963.34,0.05,0.45,UPI
TXN90BE106678,2024-12-18,BR01,Eluru,Andhra Pradesh,CUST01325,Ramesh Kumar,Corporate,P004,Wireless Earbuds,Mobile,1,4517.34,0.0,0.55,UPI
TXN2904B91DE1,2023-08-14,BR01,Eluru,Andhra Pradesh,CUST00279,Praveen Babu,Retail,P001,Budget Smartphone 4G,Mobile,1,10169.74,0.05,0.8,Debit Card
TXNC5E90A98C4,2024-07-19,BR01,Eluru,Andhra Pradesh,CUST00794,Praveen Chowdary,Wholesale,P010,Wireless Mouse,Accessories,2,1345.96,0.15,0.4,UPI
TXND39BB09BA1,2024-07-12,BR01,Eluru,Andhra Pradesh,CUST00291,Ravi Chowdary,Retail,P018,LED TV 43-inch,Electronics,1,33251.9,0.15,0.8,UPI
TXNFE2B1DAAE7,2024-04-07,BR01,Eluru,Andhra Pradesh,CUST01617,Lakshmi Devi,Retail,P010,Wireless Mouse,Accessories,1,1457.63,0.15,0.4,UPI
TXND8D6CA0F7B,2023-06-14,BR01,Eluru,Andhra Pradesh,CUST01061,Harika Murthy,Retail,P013,Power Bank,Accessories,1,1305.03,0.0,0.48,Debit Card
TXNE4FEFE4780,2024-08-21,BR01,Eluru,Andhra Pradesh,CUST01941,Kiran Kumar,Wholesale,P001,Budget Smartphone 4G,Mobile,1,13366.3,0.15,0.8,UPI
TXN177C44673D,2024-07-13,BR01,Eluru,Andhra Pradesh,CUST00289,Deepika Rao,Retail,P006,Business Laptop i5,Laptop,1,58225.75,0.1,0.8,Debit Card
TXN3196D6C14D,2024-11-17,BR01,Eluru,Andhra Pradesh,CUST01333,Arjun Devi,Retail,P004,Wireless Earbuds,Mobile,2,5435.62,0.05,0.55,Credit Card
TXN2061E7D48F,2024-10-11,BR01,Eluru,Andhra Pradesh,CUST00627,Naveen Sharma,Corporate,P018,LED TV 43-inch,Electronics,1,33172.33,0.1,0.8,Debit Card
TXN546546B041,2024-07-11,BR01,Eluru,Andhra Pradesh,CUST00789,Vikram Rao,Retail,P012,Mobile Charger,Accessories,2,1662.26,0.0,0.42,Debit Card
TXN22CC9FE9EE,2023-10-13,BR01,Eluru,Andhra Pradesh,CUST01852,Suresh Rao,Retail,P001,Budget Smartphone 4G,Mobile,2,10528.01,0.2,0.8,Debit Card
TXN8C8735ABBC,2023-01-06,BR01,Eluru,Andhra Pradesh,CUST00952,Manoj Sharma,Retail,P004,Wireless Earbuds,Mobile,2,1761.15,0.15,0.55,Net Banking
TXN1EB219F68F,2024-01-27,BR01,Eluru,Andhra Pradesh,CUST01387,Manoj Naidu,Retail,P002,Mid-range Smartphone 5G,Mobile,1,23120.22,0.0,0.78,Net Banking
TXN7B2B691FFD,2024-11-30,BR01,Eluru,Andhra Pradesh,CUST01904,Harika Reddy,Retail,P017,Microwave Oven,Home Appliances,1,12735.5,0.05,0.75,Net Banking
TXN0D97A61DCE,2023-09-02,BR01,Eluru,Andhra Pradesh,CUST01702,Naveen Murthy,Corporate,P001,Budget Smartphone 4G,Mobile,2,8145.32,0.05,0.8,Debit Card
TXNB1A47CDF7D,2024-03-03,BR01,Eluru,Andhra Pradesh,CUST00042,Suresh Chowdary,Retail,P012,Mobile Charger,Accessories,3,1070.71,0.1,0.42,UPI
TXN629A59F57E,2023-04-09,BR01,Eluru,Andhra Pradesh,CUST00537,Sandeep Babu,Retail,P007,Gaming Laptop i7,Laptop,1,86729.12,0.05,0.78,UPI
TXN698AE8B657,2024-05-14,BR01,Eluru,Andhra Pradesh,CUST00533,Pooja Naidu,Retail,P011,Bluetooth Speaker,Accessories,1,1582.32,0.15,0.5,UPI
TXNDCE6467A19,2023-01-11,BR01,Eluru,Andhra Pradesh,CUST00756,Vikram Varma,Retail,P010,Wireless Mouse,Accessories,1,488.79,0.05,0.4,UPI
TXN73189513F5,2024-02-09,BR01,Eluru,Andhra Pradesh,CUST00429,Praveen Babu,Retail,P004,Wireless Earbuds,Mobile,3,5068.88,0.0,0.55,Cash
TXN1690C73C5B,2024-02-15,BR01,Eluru,Andhra Pradesh,CUST00307,Sneha Babu,Wholesale,P001,Budget Smartphone 4G,Mobile,2,9891.15,0.1,0.8,Credit Card
TXN7DFB5710BB,2024-12-28,BR01,Eluru,Andhra Pradesh,CUST00619,Ramesh Reddy,Retail,P001,Budget Smartphone 4G,Mobile,1,8681.1,0.15,0.8,Debit Card
TXNF94A3CFA69,2023-06-06,BR01,Eluru,Andhra Pradesh,CUST01842,Praveen Chowdary,Retail,P013,Power Bank,Accessories,1,1342.91,0.0,0.48,Credit Card
TXNC1E247A8E7,2023-11-30,BR01,Eluru,Andhra Pradesh,CUST00874,Vikram Prasad,Retail,P011,Bluetooth Speaker,Accessories,1,1701.28,0.1,0.5,UPI
TXN0296E85E00,2024-06-25,BR01,Eluru,Andhra Pradesh,CUST00851,Harika Murthy,Retail,P002,Mid-range Smartphone 5G,Mobile,1,15950.66,0.1,0.78,Cash
TXN82AE3D721B,2024-07-26,BR01,Eluru,Andhra Pradesh,CUST00231,Praveen Varma,Retail,P008,Ultrabook Thin & Light,Laptop,1,74191.17,0.0,0.79,UPI
TXN5729265F57,2023-09-22,BR01,Eluru,Andhra Pradesh,CUST00179,Sneha Kumar,Retail,P010,Wireless Mouse,Accessories,2,390.32,0.1,0.4,Credit Card
TXN6961F3812E,2024-02-03,BR01,Eluru,Andhra Pradesh,CUST01209,Anitha Reddy,Corporate,P017,Microwave Oven,Home Appliances,2,10358.05,0.0,0.75,Credit Card
TXNDCD8BEEBAF,2024-03-12,BR01,Eluru,Andhra Pradesh,CUST01439,Vikram Sarma,Retail,P012,Mobile Charger,Accessories,1,834.73,0.15,0.42,UPI
TXN8B91DABC72,2024-01-07,BR01,Eluru,Andhra Pradesh,CUST01234,Kavya Sharma,Corporate,P007,Gaming Laptop i7,Laptop,1,84928.09,0.05,0.78,Cash
TXN053F03807B,2023-02-19,BR01,Eluru,Andhra Pradesh,CUST00550,Deepika Murthy,Wholesale,P020,Home Theatre System,Electronics,1,16004.71,0.05,0.6,Cash
TXN01A2D24737,2024-08-07,BR01,Eluru,Andhra Pradesh,CUST01887,Ravi Kumar,Corporate,P012,Mobile Charger,Accessories,3,1302.18,0.05,0.42,Credit Card
TXN900A483CFB,2024-01-04,BR01,Eluru,Andhra Pradesh,CUST01322,Ajay Reddy,Retail,P019,LED TV 55-inch,Electronics,1,56962.33,0.0,0.79,Credit Card
TXN41ABB9C57D,2024-12-22,BR01,Eluru,Andhra Pradesh,CUST01886,Kiran Reddy,Corporate,P007,Gaming Laptop i7,Laptop,1,87539.37,0.15,0.78,UPI
TXNA17AD6C424,2024-05-29,BR01,Eluru,Andhra Pradesh,CUST01417,Ajay Kumar,Wholesale,P003,Flagship Smartphone,Mobile,1,47032.08,0.05,0.75,UPI
TXNEB329B7ED4,2023-11-27,BR01,Eluru,Andhra Pradesh,CUST01060,Lakshmi Varma,Retail,P002,Mid-range Smartphone 5G,Mobile,1,22377.05,0.0,0.78,Debit Card
TXN2126FCB776,2024-11-13,BR01,Eluru,Andhra Pradesh,CUST00366,Ajay Naidu,Corporate,P003,Flagship Smartphone,Mobile,1,48545.13,0.05,0.75,Credit Card
TXN24E5A55561,2024-08-25,BR01,Eluru,Andhra Pradesh,CUST00534,Suresh Murthy,Retail,P014,Split AC 1.5 Ton,Home Appliances,1,37341.93,0.15,0.83,Credit Card
TXN86C6083AD4,2024-07-07,BR01,Eluru,Andhra Pradesh,CUST00961,Harika Devi,Corporate,P002,Mid-range Smartphone 5G,Mobile,1,24270.91,0.0,0.78,UPI
TXN99D75413EE,2023-09-04,BR01,Eluru,Andhra Pradesh,CUST01261,Deepika Chowdary,Retail,P012,Mobile Charger,Accessories,1,1216.26,0.0,0.42,Cash
TXNA269572508,2023-11-30,BR01,Eluru,Andhra Pradesh,CUST01882,Suresh Kumar,Retail,P002,Mid-range Smartphone 5G,Mobile,1,20832.78,0.15,0.78,Debit Card
TXN299CF944DE,2024-07-09,BR01,Eluru,Andhra Pradesh,CUST01590,Sneha Varma,Retail,P016,Washing Machine,Home Appliances,1,22521.97,0.1,0.8,UPI
TXN4D9BAE0216,2023-01-14,BR01,Eluru,Andhra Pradesh,CUST00511,Manoj Kumar,Wholesale,P012,Mobile Charger,Accessories,2,1786.0,0.1,0.42,UPI
TXN436E6D36B6,2024-10-27,BR01,Eluru,Andhra Pradesh,CUST00682,Meena Naidu,Retail,P009,Laptop Bag,Accessories,1,1665.46,0.0,0.45,Cash
TXN760A2402D8,2024-02-13,BR01,Eluru,Andhra Pradesh,CUST01304,Deepika Babu,Retail,P004,Wireless Earbuds,Mobile,3,4651.79,0.0,0.55,UPI
TXN0619498C11,2024-11-11,BR01,Eluru,Andhra Pradesh,CUST00574,Kavya Varma,Retail,P017,Microwave Oven,Home Appliances,2,7584.76,0.25,0.75,UPI
TXN3BE2B92A50,2024-06-19,BR01,Eluru,Andhra Pradesh,CUST01069,Deepika Rao,Retail,P017,Microwave Oven,Home Appliances,1,13568.25,0.05,0.75,Cash
TXND441DADC9E,2024-06-19,BR01,Eluru,Andhra Pradesh,CUST00055,Kavya Reddy,Retail,P005,Entry Laptop i3,Laptop,1,31249.6,0.0,0.82,UPI
TXN69FA35815D,2024-02-20,BR01,Eluru,Andhra Pradesh,CUST01317,Swathi Murthy,Retail,P001,Budget Smartphone 4G,Mobile,4,8523.73,0.05,0.8,UPI
TXN3A0942232F,2023-05-28,BR01,Eluru,Andhra Pradesh,CUST01651,Ajay Sarma,Retail,P004,Wireless Earbuds,Mobile,2,4245.75,0.0,0.55,UPI
TXN6E12670920,2023-01-11,BR01,Eluru,Andhra Pradesh,CUST00261,Ajay Prasad,Retail,P018,LED TV 43-inch,Electronics,1,22856.8,0.15,0.8,Credit Card
TXNFE8A24F0F7,2024-03-02,BR01,Eluru,Andhra Pradesh,CUST01717,Meena Devi,Wholesale,P012,Mobile Charger,Accessories,1,835.08,0.1,0.42,Debit Card
TXN5D9A808F81,2024-04-24,BR01,Eluru,Andhra Pradesh,CUST01407,Manoj Sharma,Retail,P012,Mobile Charger,Accessories,2,1373.7,0.15,0.42,UPI
TXNB6724ABE7E,2024-03-11,BR01,Eluru,Andhra Pradesh,CUST00527,Aishwarya Sharma,Wholesale,P014,Split AC 1.5 Ton,Home Appliances,1,32823.73,0.0,0.83,Debit Card
TXNC885A21853,2023-04-15,BR01,Eluru,Andhra Pradesh,CUST00036,Meena Devi,Retail,P019,LED TV 55-inch,Electronics,1,52841.74,0.05,0.79,Debit Card
TXN2EB08A2941,2024-02-10,BR01,Eluru,Andhra Pradesh,CUST01635,Praveen Devi,Retail,P012,Mobile Charger,Accessories,1,1163.31,0.0,0.42,UPI
TXN8262F688EB,2024-11-01,BR01,Eluru,Andhra Pradesh,CUST00239,Ramesh Sarma,Retail,P002,Mid-range Smartphone 5G,Mobile,1,18337.22,0.0,0.78,UPI
TXNEA483D58C5,2023-10-19,BR01,Eluru,Andhra Pradesh,CUST00169,Srinivas Prasad,Wholesale,P001,Budget Smartphone 4G,Mobile,3,12296.49,0.25,0.8,Cash
TXN341F01CDC8,2023-09-26,BR01,Eluru,Andhra Pradesh,CUST01208,Priya Babu,Retail,P007,Gaming Laptop i7,Laptop,1,98096.94,0.0,0.78,UPI
TXNF6BBBB2A1D,2023-10-08,BR01,Eluru,Andhra Pradesh,CUST01567,Deepika Sharma,Corporate,P009,Laptop Bag,Accessories,2,1805.13,0.05,0.45,UPI
TXN34B878416A,2023-11-26,BR01,Eluru,Andhra Pradesh,CUST01595,Praveen Murthy,Corporate,P011,Bluetooth Speaker,Accessories,2,1627.15,0.25,0.5,Debit Card
TXN55A894342A,2023-10-15,BR01,Eluru,Andhra Pradesh,CUST00360,Naveen Sharma,Retail,P011,Bluetooth Speaker,Accessories,2,3229.71,0.15,0.5,UPI
TXNB7E6187F8C,2024-06-09,BR01,Eluru,Andhra Pradesh,CUST01334,Ravi Sarma,Retail,P009,Laptop Bag,Accessories,1,1265.08,0.0,0.45,UPI
TXN630A5EC8B1,2023-04-22,BR01,Eluru,Andhra Pradesh,CUST00182,Ajay Devi,Retail,P004,Wireless Earbuds,Mobile,3,5292.7,0.05,0.55,Credit Card
TXNE52EFCFA1A,2024-08-17,BR01,Eluru,Andhra Pradesh,CUST01820,Kiran Babu,Retail,P011,Bluetooth Speaker,Accessories,2,4147.83,0.0,0.5,UPI
TXNF64C6F547C,2023-09-25,BR01,Eluru,Andhra Pradesh,CUST01112,Praveen Sarma,Retail,P012,Mobile Charger,Accessories,1,1799.76,0.15,0.42,Credit Card
TXN45AAD32A44,2024-12-31,BR01,Eluru,Andhra Pradesh,CUST00568,Ajay Murthy,Wholesale,P011,Bluetooth Speaker,Accessories,2,3700.57,0.0,0.5,Cash
TXN2756340E6A,2023-11-28,BR01,Eluru,Andhra Pradesh,CUST00634,Aishwarya Sarma,Retail,P012,Mobile Charger,Accessories,4,1547.92,0.25,0.42,UPI
TXN473523D215,2024-07-18,BR01,Eluru,Andhra Pradesh,CUST00408,Lakshmi Babu,Retail,P014,Split AC 1.5 Ton,Home Appliances,1,38417.44,0.15,0.83,Credit Card
TXNA5F5BC14C2,2023-08-28,BR01,Eluru,Andhra Pradesh,CUST01376,Kiran Babu,Retail,P001,Budget Smartphone 4G,Mobile,2,11720.55,0.0,0.8,UPI
TXN0BD916F104,2024-03-17,BR01,Eluru,Andhra Pradesh,CUST00981,Sandeep Varma,Retail,P013,Power Bank,Accessories,2,1907.74,0.0,0.48,Cash
TXN7B58E07059,2023-07-27,BR01,Eluru,Andhra Pradesh,CUST00533,Pooja Naidu,Retail,P020,Home Theatre System,Electronics,1,13377.56,0.05,0.6,Credit Card
TXN86BEED24D3,2023-04-28,BR01,Eluru,Andhra Pradesh,CUST00237,Kavya Rao,Retail,P021,Smart Watch,Electronics,3,5977.59,0.15,0.55,UPI
TXN5F14121D01,2024-02-25,BR01,Eluru,Andhra Pradesh,CUST00224,Sandeep Varma,Retail,P002,Mid-range Smartphone 5G,Mobile,2,18409.64,0.0,0.78,UPI
TXN32EE751D6C,2023-11-13,BR01,Eluru,Andhra Pradesh,CUST01796,Kavya Murthy,Wholesale,P010,Wireless Mouse,Accessories,2,762.56,0.2,0.4,Credit Card
TXNE7197EF212,2024-05-12,BR01,Eluru,Andhra Pradesh,CUST01701,Arjun Kumar,Retail,P004,Wireless Earbuds,Mobile,1,4355.06,0.1,0.55,Cash
TXN018B57BC9C,2024-11-20,BR01,Eluru,Andhra Pradesh,CUST01462,Lakshmi Murthy,Retail,P010,Wireless Mouse,Accessories,1,1145.53,0.2,0.4,Credit Card
TXNE4C728E6F5,2024-06-14,BR01,Eluru,Andhra Pradesh,CUST01019,Anitha Babu,Retail,P013,Power Bank,Accessories,2,1622.26,0.1,0.48,Credit Card
TXN72F80FF17E,2023-11-22,BR01,Eluru,Andhra Pradesh,CUST01141,Praveen Babu,Retail,P012,Mobile Charger,Accessories,1,1684.2,0.2,0.42,Debit Card
TXN42D1D8B8E2,2023-10-27,BR01,Eluru,Andhra Pradesh,CUST01469,Manoj Chowdary,Retail,P013,Power Bank,Accessories,1,2093.02,0.2,0.48,Net Banking
TXNE903F98961,2023-05-09,BR01,Eluru,Andhra Pradesh,CUST01872,Swathi Naidu,Retail,P013,Power Bank,Accessories,1,1935.12,0.1,0.48,Debit Card
TXNC21E562676,2023-04-13,BR01,Eluru,Andhra Pradesh,CUST00295,Sneha Naidu,Wholesale,P016,Washing Machine,Home Appliances,1,24083.12,0.0,0.8,UPI
TXNE03FCEB519,2023-11-08,BR01,Eluru,Andhra Pradesh,CUST01372,Vikram Varma,Retail,P001,Budget Smartphone 4G,Mobile,1,13523.01,0.2,0.8,Cash
TXN75F4ED4DB5,2024-11-07,BR01,Eluru,Andhra Pradesh,CUST01054,Meena Sharma,Retail,P020,Home Theatre System,Electronics,1,14597.98,,0.6,UPI
TXN59937DB4A3,2023-12-08,BR01,Eluru,Andhra Pradesh,CUST00970,Lakshmi Kumar,Retail,P018,LED TV 43-inch,Electronics,1,28021.83,0.1,0.8,UPI
TXN05025DFCE3,2023-03-30,BR01,Eluru,Andhra Pradesh,CUST00755,Ajay Naidu,Retail,P003,Flagship Smartphone,Mobile,1,73770.72,0.15,0.75,Net Banking
TXNC242E7602F,2024-11-17,BR01,Eluru,Andhra Pradesh,CUST00976,Anitha Chowdary,Corporate,P012,Mobile Charger,Accessories,1,729.32,0.1,0.42,Net Banking
TXND3154FBA19,2023-08-29,BR01,Eluru,Andhra Pradesh,CUST00762,Sandeep Babu,Retail,P016,Washing Machine,Home Appliances,1,20765.9,0.0,0.8,Cash
TXN36B66809BB,2023-04-09,BR01,Eluru,Andhra Pradesh,CUST01729,Ravi Murthy,Retail,P019,LED TV 55-inch,Electronics,1,47243.21,0.15,0.79,Credit Card
TXN3B52336EEF,2023-03-01,BR01,Eluru,Andhra Pradesh,CUST01576,Anitha Sarma,Retail,P004,Wireless Earbuds,Mobile,2,1827.18,0.1,0.55,Net Banking
TXNAE14AD2AA8,2024-08-29,BR01,Eluru,Andhra Pradesh,CUST01663,Meena Naidu,Retail,P012,Mobile Charger,Accessories,3,1381.53,0.15,0.42,Cash
TXNDF5E64325F,2024-11-19,BR01,Eluru,Andhra Pradesh,CUST01282,Lakshmi Sarma,Retail,P012,Mobile Charger,Accessories,1,341.75,0.25,0.42,Cash
TXN43A3F7F313,2024-05-20,BR01,Eluru,Andhra Pradesh,CUST00746,Swathi Sarma,Retail,P004,Wireless Earbuds,Mobile,1,2699.51,0.0,0.55,Credit Card
TXNFB39577A54,2024-06-26,BR01,Eluru,Andhra Pradesh,CUST01198,Vikram Kumar,Wholesale,P012,Mobile Charger,Accessories,4,1348.4,0.0,0.42,UPI
TXNDD23D2C18D,2023-03-08,BR01,Eluru,Andhra Pradesh,CUST01421,Anitha Murthy,Wholesale,P013,Power Bank,Accessories,2,1646.31,0.05,0.48,UPI
TXNFB980F2123,2023-11-06,BR01,Eluru,Andhra Pradesh,CUST01832,Anitha Naidu,Retail,P013,Power Bank,Accessories,4,1969.02,0.25,0.48,UPI
TXN90A8208F27,2024-10-16,BR01,Eluru,Andhra Pradesh,CUST00552,Kiran Sharma,Retail,P012,Mobile Charger,Accessories,1,677.14,0.1,0.42,Credit Card
TXN0EE324726D,2024-02-08,BR01,Eluru,Andhra Pradesh,CUST01721,Swathi Sharma,Wholesale,P011,Bluetooth Speaker,Accessories,1,4254.87,0.15,0.5,Cash
TXN9C6CE2E5DF,2024-09-16,BR01,Eluru,Andhra Pradesh,CUST01842,Praveen Chowdary,Retail,P011,Bluetooth Speaker,Accessories,2,2715.11,0.1,0.5,Cash
TXND592313710,2024-01-05,BR01,Eluru,Andhra Pradesh,CUST00108,Suresh Reddy,Retail,P002,Mid-range Smartphone 5G,Mobile,1,20673.53,0.0,0.78,UPI
TXN61805A5EA2,2024-10-17,BR01,Eluru,Andhra Pradesh,CUST00349,Naveen Chowdary,Corporate,P002,Mid-range Smartphone 5G,Mobile,1,24801.6,0.2,0.78,Credit Card
TXNA89BD3304A,2024-12-12,BR01,Eluru,Andhra Pradesh,CUST00822,Swathi Prasad,Retail,P016,Washing Machine,Home Appliances,1,26049.55,0.1,0.8,Credit Card
TXN0AFF03C579,2024-11-22,BR01,Eluru,Andhra Pradesh,CUST01429,Sneha Sarma,Wholesale,P007,Gaming Laptop i7,Laptop,1,108272.62,0.05,0.78,UPI
TXN071BE801E1,2024-07-01,BR01,Eluru,Andhra Pradesh,CUST00239,Ramesh Sarma,Retail,P011,Bluetooth Speaker,Accessories,2,2611.87,0.0,0.5,UPI
TXN16F7D91BAB,2023-03-13,BR01,Eluru,Andhra Pradesh,CUST01662,Sandeep Varma,Corporate,P012,Mobile Charger,Accessories,2,550.85,0.1,0.42,UPI
TXNB7F42B150D,2023-09-07,BR01,Eluru,Andhra Pradesh,CUST01116,Naveen Sharma,Corporate,P016,Washing Machine,Home Appliances,1,23999.49,0.05,0.8,UPI
TXN8CE8111BA7,2023-01-11,BR01,Eluru,Andhra Pradesh,CUST00029,Deepika Sharma,Wholesale,P001,Budget Smartphone 4G,Mobile,2,10593.2,0.05,0.8,Credit Card
TXNCE79B5860B,2023-09-27,BR01,Eluru,Andhra Pradesh,CUST00266,Harika Murthy,Corporate,P012,Mobile Charger,Accessories,1,399.99,0.0,0.42,Cash
TXN4375EC3513,2024-08-18,BR01,Eluru,Andhra Pradesh,CUST00006,Sneha Devi,Retail,P001,Budget Smartphone 4G,Mobile,2,12250.6,0.0,0.8,Net Banking
TXN523CB04C44,2023-08-20,BR01,Eluru,Andhra Pradesh,CUST01984,Divya Rao,Retail,P009,Laptop Bag,Accessories,1,808.5,0.0,0.45,Net Banking
TXN1F577C2689,2023-07-10,BR01,Eluru,Andhra Pradesh,CUST01480,Anitha Rao,Retail,P005,Entry Laptop i3,Laptop,1,32873.27,0.1,0.82,Net Banking
TXN7E53BAE372,2023-08-04,BR01,Eluru,Andhra Pradesh,CUST01416,Sandeep Prasad,Retail,P018,LED TV 43-inch,Electronics,1,34426.91,0.15,0.8,Cash
TXN998AD4406C,2024-01-24,BR01,Eluru,Andhra Pradesh,CUST01794,Ravi Devi,Corporate,P006,Business Laptop i5,Laptop,1,49313.12,0.0,0.8,UPI
TXNABBC379F27,2024-09-06,BR01,Eluru,Andhra Pradesh,CUST00145,Srinivas Chowdary,Retail,P004,Wireless Earbuds,Mobile,1,4856.12,0.15,0.55,UPI
TXN2248219A63,2023-08-03,BR01,Eluru,Andhra Pradesh,CUST01710,Deepika Sharma,Corporate,P011,Bluetooth Speaker,Accessories,3,2010.74,0.1,0.5,UPI
TXN9806EDFAD4,2023-11-01,BR01,Eluru,Andhra Pradesh,CUST00156,Pooja Chowdary,Retail,P010,Wireless Mouse,Accessories,2,987.79,0.05,0.4,UPI
TXND1D6DDE66A,2024-06-17,BR01,Eluru,Andhra Pradesh,CUST00109,Sandeep Rao,Retail,P012,Mobile Charger,Accessories,1,1396.76,0.15,0.42,UPI
TXN67F2620202,2023-12-05,BR01,Eluru,Andhra Pradesh,CUST00521,Kiran Naidu,Retail,P005,Entry Laptop i3,Laptop,1,30359.21,0.05,0.82,Net Banking
TXNC7D4210E8F,2024-09-05,BR01,Eluru,Andhra Pradesh,CUST01416,Sandeep Prasad,Retail,P012,Mobile Charger,Accessories,1,480.71,0.1,0.42,Cash
TXN5B3855CDE4,2024-08-12,BR01,Eluru,Andhra Pradesh,CUST01502,Naveen Varma,Retail,P011,Bluetooth Speaker,Accessories,3,1639.6,0.1,0.5,UPI
TXNFDE3BE73BF,2024-11-04,BR01,Eluru,Andhra Pradesh,CUST00107,Divya Prasad,Retail,P001,Budget Smartphone 4G,Mobile,1,9843.71,0.1,0.8,Cash
TXN28653D8D77,2024-10-27,BR01,Eluru,Andhra Pradesh,CUST00899,Meena Babu,Corporate,P018,LED TV 43-inch,Electronics,1,31832.3,0.05,0.8,Cash
TXN83B4AF4E35,2023-05-24,BR01,Eluru,Andhra Pradesh,CUST01124,Sneha Prasad,Retail,P010,Wireless Mouse,Accessories,2,1192.33,0.1,0.4,Cash
TXND01292812C,2023-11-22,BR01,Eluru,Andhra Pradesh,CUST00296,Praveen Murthy,Retail,P021,Smart Watch,Electronics,1,2711.67,0.2,0.55,UPI
TXN5213F03445,2024-10-16,BR01,Eluru,Andhra Pradesh,CUST00160,Swathi Sharma,Retail,P013,Power Bank,Accessories,1,1952.21,0.0,0.48,Debit Card
TXN4F23AD445C,2023-04-14,BR01,Eluru,Andhra Pradesh,CUST00591,Kiran Reddy,Retail,P006,Business Laptop i5,Laptop,1,48075.16,0.15,0.8,UPI
TXN1A1E8CEE69,2023-04-13,BR01,Eluru,Andhra Pradesh,CUST01221,Sandeep Chowdary,Wholesale,P006,Business Laptop i5,Laptop,1,51980.01,0.05,0.8,Debit Card
TXN360613A1BF,2023-02-01,BR01,Eluru,Andhra Pradesh,CUST01258,Sandeep Sarma,Corporate,P010,Wireless Mouse,Accessories,1,1319.72,0.0,0.4,UPI
TXN8E38ED3C1F,2023-04-21,BR01,Eluru,Andhra Pradesh,CUST01090,Ramesh Reddy,Retail,P013,Power Bank,Accessories,1,1667.96,0.0,0.48,UPI
TXN07B27BED12,2023-10-07,BR01,Eluru,Andhra Pradesh,CUST01205,Ajay Murthy,Retail,P017,Microwave Oven,Home Appliances,1,10172.98,0.05,0.75,UPI
TXNC8C336C6DB,2023-09-05,BR01,Eluru,Andhra Pradesh,CUST00644,Suresh Varma,Wholesale,P008,Ultrabook Thin & Light,Laptop,1,64718.15,0.15,0.79,UPI
TXN45E8807B75,2024-04-30,BR01,Eluru,Andhra Pradesh,CUST01842,Praveen Chowdary,Retail,P012,Mobile Charger,Accessories,1,1094.55,0.0,0.42,Cash
TXN33A498ABFD,2023-08-31,BR01,Eluru,Andhra Pradesh,CUST00748,Harika Sarma,Retail,P018,LED TV 43-inch,Electronics,1,27918.83,0.1,0.8,UPI
TXNE1A79E450E,2023-05-21,BR01,Eluru,Andhra Pradesh,CUST01132,Ravi Naidu,Retail,P018,LED TV 43-inch,Electronics,1,27165.52,0.1,0.8,Debit Card
TXN3EF15964C4,2023-03-22,BR01,Eluru,Andhra Pradesh,CUST00213,Kiran Prasad,Retail,P002,Mid-range Smartphone 5G,Mobile,3,16537.18,0.15,0.78,Debit Card
TXNE1713D6973,2023-01-08,BR01,Eluru,Andhra Pradesh,CUST01945,Aishwarya Sarma,Retail,P012,Mobile Charger,Accessories,1,638.72,0.15,0.42,Credit Card
TXNF255458966,2024-05-12,BR01,Eluru,Andhra Pradesh,CUST00569,Anitha Sarma,Retail,P002,Mid-range Smartphone 5G,Mobile,3,15710.01,0.0,0.78,Debit Card
TXNEAC394A681,2023-02-19,BR01,Eluru,Andhra Pradesh,CUST00752,Ramesh Devi,Retail,P018,LED TV 43-inch,Electronics,1,31902.85,0.0,0.8,Debit Card
TXNDE226A149F,2023-03-03,BR01,Eluru,Andhra Pradesh,CUST01296,Swathi Kumar,Retail,P006,Business Laptop i5,Laptop,1,53733.98,0.05,0.8,Credit Card
TXN21CB7D264A,2023-06-29,BR01,Eluru,Andhra Pradesh,CUST01721,Swathi Sharma,Wholesale,P017,Microwave Oven,Home Appliances,1,13381.97,0.0,0.75,UPI
TXN1B00DD7EF4,2024-07-06,BR01,Eluru,Andhra Pradesh,CUST01753,Divya Sarma,Corporate,P013,Power Bank,Accessories,2,1509.88,0.15,0.48,UPI
TXN05CC1C3D48,2023-11-23,BR01,Eluru,Andhra Pradesh,CUST00976,Anitha Chowdary,Corporate,P007,Gaming Laptop i7,Laptop,1,87255.58,0.25,0.78,Debit Card
TXN2AA4C72162,2024-02-10,BR01,Eluru,Andhra Pradesh,CUST00921,Praveen Reddy,Retail,P011,Bluetooth Speaker,Accessories,1,3151.0,0.1,0.5,Cash
TXNAB79DF07B0,2024-04-11,BR01,Eluru,Andhra Pradesh,CUST01901,Lakshmi Devi,Retail,P005,Entry Laptop i3,Laptop,1,32601.25,0.0,0.82,Debit Card
TXNDFFC279FB9,2024-01-17,BR01,Eluru,Andhra Pradesh,CUST00884,Ramesh Rao,Wholesale,P018,LED TV 43-inch,Electronics,1,28358.61,0.1,0.8,UPI
TXNC83505A7A9,2024-04-06,BR01,Eluru,Andhra Pradesh,CUST01493,Swathi Babu,Retail,P008,Ultrabook Thin & Light,Laptop,1,64438.17,0.15,0.79,Cash
TXN68CBD53EF5,2023-01-07,BR01,Eluru,Andhra Pradesh,CUST01422,Kavya Rao,Retail,P012,Mobile Charger,Accessories,1,864.08,0.0,0.42,Net Banking
TXN2E02CE6608,2024-07-08,BR01,Eluru,Andhra Pradesh,CUST01444,Priya Babu,Retail,P002,Mid-range Smartphone 5G,Mobile,1,27966.35,0.05,0.78,Debit Card
TXN91EE44E6AA,2024-10-18,BR01,Eluru,Andhra Pradesh,CUST01266,Ajay Murthy,Wholesale,P003,Flagship Smartphone,Mobile,1,89512.94,0.25,0.75,Debit Card
TXNF7EDD3B1E2,2023-12-22,BR01,Eluru,Andhra Pradesh,CUST00514,Lakshmi Varma,Retail,P005,Entry Laptop i3,Laptop,1,29825.23,0.0,0.82,Debit Card
TXN9404BD2A6C,2024-05-31,BR01,Eluru,Andhra Pradesh,CUST00465,Suresh Rao,Retail,P013,Power Bank,Accessories,4,2177.59,0.05,0.48,Net Banking
TXND2A76AD182,2023-10-09,BR01,Eluru,Andhra Pradesh,CUST00862,Anitha Devi,Retail,P003,Flagship Smartphone,Mobile,1,85800.52,0.05,0.75,UPI
TXN6ED060CD51,2023-10-24,BR01,Eluru,Andhra Pradesh,CUST01180,Swathi Reddy,Retail,P016,Washing Machine,Home Appliances,1,26326.47,0.1,0.8,UPI
TXN1E2CCDA32A,2023-07-01,BR01,Eluru,Andhra Pradesh,CUST01005,Kiran Sharma,Corporate,P001,Budget Smartphone 4G,Mobile,4,9459.99,0.1,0.8,Cash
TXNFDC434C3A9,2024-04-01,BR01,Eluru,Andhra Pradesh,CUST01448,Kiran Varma,Retail,P012,Mobile Charger,Accessories,1,1057.13,0.05,0.42,Credit Card
TXN9DAAB5086F,2023-07-01,BR01,Eluru,Andhra Pradesh,CUST01015,Anitha Sarma,Retail,P011,Bluetooth Speaker,Accessories,4,2678.43,0.1,0.5,Credit Card
TXN7BA7C30B4B,2024-08-07,BR01,Eluru,Andhra Pradesh,CUST01922,Harika Kumar,Retail,P010,Wireless Mouse,Accessories,1,1433.97,0.1,0.4,Debit Card
TXN490AEBF0AB,2024-06-27,BR01,Eluru,Andhra Pradesh,CUST00661,Divya Naidu,Wholesale,P005,Entry Laptop i3,Laptop,1,36193.81,0.0,0.82,UPI
TXN726EDC25F1,2023-10-08,BR01,Eluru,Andhra Pradesh,CUST01086,Divya Sharma,Retail,P009,Laptop Bag,Accessories,3,1821.03,0.2,0.45,Debit Card
TXNABDC323FB1,2023-12-26,BR01,Eluru,Andhra Pradesh,CUST01322,Ajay Reddy,Retail,P020,Home Theatre System,Electronics,1,17581.13,0.0,0.6,Credit Card
TXNAE4A762BEF,2024-11-02,BR01,Eluru,Andhra Pradesh,CUST01257,Manoj Reddy,Retail,P020,Home Theatre System,Electronics,1,14872.67,0.05,0.6,Credit Card
TXN7C9485B72B,2024-04-04,BR01,Eluru,Andhra Pradesh,CUST00524,Praveen Prasad,Retail,P005,Entry Laptop i3,Laptop,1,28965.28,0.15,0.82,UPI
TXN6435222042,2023-09-29,BR01,Eluru,Andhra Pradesh,CUST01999,Ajay Varma,Retail,P004,Wireless Earbuds,Mobile,1,2144.92,0.0,0.55,Debit Card
TXN1BA59BFB4A,2023-09-21,BR01,Eluru,Andhra Pradesh,CUST01251,Kavya Devi,Retail,P002,Mid-range Smartphone 5G,Mobile,1,18253.58,0.0,0.78,Credit Card
TXN8F5D48931B,2024-11-18,BR01,Eluru,Andhra Pradesh,CUST01706,Kavya Prasad,Retail,P013,Power Bank,Accessories,4,1317.49,0.0,0.48,UPI
TXN0DD82999AF,2023-09-03,BR01,Eluru,Andhra Pradesh,CUST01969,Praveen Chowdary,Wholesale,P010,Wireless Mouse,Accessories,2,755.92,0.1,0.4,Net Banking
TXNAE19B22675,2023-01-11,BR01,Eluru,Andhra Pradesh,CUST01043,Pooja Reddy,Retail,P012,Mobile Charger,Accessories,1,1504.94,0.0,0.42,UPI
TXN677D070EE6,2024-01-21,BR01,Eluru,Andhra Pradesh,CUST01498,Kavya Prasad,Wholesale,P008,Ultrabook Thin & Light,Laptop,1,85960.47,0.05,0.79,Debit Card
TXNAF370F205E,2023-04-09,BR01,Eluru,Andhra Pradesh,CUST01759,Deepika Reddy,Retail,P019,LED TV 55-inch,Electronics,1,57567.87,0.05,0.79,Debit Card
TXNFE2504AF1E,2024-02-25,BR01,Eluru,Andhra Pradesh,CUST01713,Ravi Varma,Retail,P012,Mobile Charger,Accessories,1,1466.65,0.15,0.42,Cash
TXN9E06C7A5B9,2024-10-10,BR01,Eluru,Andhra Pradesh,CUST01419,Anitha Sharma,Retail,P011,Bluetooth Speaker,Accessories,1,4419.96,0.2,0.5,Credit Card
TXN5AE2A0F44F,2024-06-13,BR01,Eluru,Andhra Pradesh,CUST00712,Priya Reddy,Retail,P002,Mid-range Smartphone 5G,Mobile,1,16388.89,0.0,0.78,UPI
TXNF8C0969A73,2024-11-19,BR01,Eluru,Andhra Pradesh,CUST00197,Kiran Sarma,Retail,P003,Flagship Smartphone,Mobile,1,69378.81,0.25,0.75,UPI
TXN9455E34CEB,2024-11-15,BR01,Eluru,Andhra Pradesh,CUST01115,Kiran Rao,Retail,P001,Budget Smartphone 4G,Mobile,1,10090.19,0.0,0.8,Credit Card
TXN32650D570C,2023-05-30,BR01,Eluru,Andhra Pradesh,CUST00255,Ajay Prasad,Retail,P001,Budget Smartphone 4G,Mobile,3,13991.68,0.05,0.8,UPI
TXN7F44B6E35F,2024-02-29,BR01,Eluru,Andhra Pradesh,CUST01546,Pooja Babu,Retail,P013,Power Bank,Accessories,3,2257.28,0.0,0.48,UPI
TXN2645138770,2023-08-30,BR01,Eluru,Andhra Pradesh,CUST00470,Deepika Chowdary,Wholesale,P019,LED TV 55-inch,Electronics,1,58544.54,0.05,0.79,Cash
TXNF8FB2EBB72,2023-10-10,BR01,Eluru,Andhra Pradesh,CUST00594,Ravi Rao,Retail,P001,Budget Smartphone 4G,Mobile,1,12882.35,0.25,0.8,UPI
TXN55A8785706,2024-01-30,BR01,Eluru,Andhra Pradesh,CUST01186,Priya Kumar,Retail,P013,Power Bank,Accessories,1,1995.42,0.15,0.48,UPI
TXNBBF88FE732,2024-04-01,BR01,Eluru,Andhra Pradesh,CUST01084,Naveen Varma,Corporate,P020,Home Theatre System,Electronics,2,15595.27,0.0,0.6,Cash
TXN0F407CDF38,2023-11-26,BR01,Eluru,Andhra Pradesh,CUST00689,Praveen Murthy,Retail,P011,Bluetooth Speaker,Accessories,1,3406.31,0.1,0.5,UPI
TXNAE131E8D61,2024-06-20,BR01,Eluru,Andhra Pradesh,CUST00257,Naveen Sarma,Retail,P009,Laptop Bag,Accessories,1,1624.83,0.1,0.45,Net Banking
TXNEE21443C05,2024-05-19,BR01,Eluru,Andhra Pradesh,CUST00449,Lakshmi Prasad,Retail,P001,Budget Smartphone 4G,Mobile,2,11014.62,0.05,0.8,Cash
TXNA05994E00C,2024-10-18,BR01,Eluru,Andhra Pradesh,CUST01408,Divya Prasad,Wholesale,P010,Wireless Mouse,Accessories,1,954.66,0.25,0.4,Cash
TXNFBBCCD8F67,2024-09-07,BR01,Eluru,Andhra Pradesh,CUST00749,Kiran Devi,Retail,P013,Power Bank,Accessories,1,1948.8,0.1,0.48,UPI
TXN41C150E215,2024-04-06,BR01,Eluru,Andhra Pradesh,CUST00462,Manoj Chowdary,Retail,P009,Laptop Bag,Accessories,1,1029.88,0.0,0.45,Credit Card
TXNA9EE928CB2,2024-11-11,BR01,Eluru,Andhra Pradesh,CUST00903,Praveen Varma,Retail,P004,Wireless Earbuds,Mobile,1,5776.74,0.05,0.55,UPI
TXN0A8E402982,2024-06-21,BR01,Eluru,Andhra Pradesh,CUST01779,Sneha Babu,Retail,P006,Business Laptop i5,Laptop,1,49640.88,0.0,0.8,Cash
TXNF6609E01CA,2024-04-28,BR01,Eluru,Andhra Pradesh,CUST00186,Meena Murthy,Retail,P014,Split AC 1.5 Ton,Home Appliances,1,37179.8,0.05,0.83,UPI
TXN123778FF82,2024-01-04,BR01,Eluru,Andhra Pradesh,CUST01762,Pooja Babu,Retail,P001,Budget Smartphone 4G,Mobile,2,11359.29,0.05,0.8,Credit Card
TXNCCE047E24D,2024-06-05,BR01,Eluru,Andhra Pradesh,CUST00387,Divya Varma,Retail,P003,Flagship Smartphone,Mobile,1,72427.01,0.0,0.75,UPI
TXNFB5076A984,2024-10-26,BR01,Eluru,Andhra Pradesh,CUST01375,Deepika Reddy,Retail,P018,LED TV 43-inch,Electronics,1,33544.01,0.0,0.8,Credit Card
TXNC1242ABD66,2024-06-30,BR01,Eluru,Andhra Pradesh,CUST00093,Kavya Kumar,Retail,P013,Power Bank,Accessories,2,825.73,0.05,0.48,UPI
TXN47FD2397EE,2023-08-03,BR01,Eluru,Andhra Pradesh,CUST00345,Manoj Varma,Corporate,P010,Wireless Mouse,Accessories,2,878.53,0.05,0.4,Credit Card
TXN629EA37ABE,2024-10-30,BR01,Eluru,Andhra Pradesh,CUST01929,Srinivas Kumar,Retail,P012,Mobile Charger,Accessories,2,1250.58,0.15,0.42,UPI
TXN4F87758AFE,2023-01-15,BR01,Eluru,Andhra Pradesh,CUST01149,Pooja Devi,Retail,P004,Wireless Earbuds,Mobile,2,1725.7,0.05,0.55,Net Banking
TXN2517FE3CB4,2024-06-01,BR01,Eluru,Andhra Pradesh,CUST00761,Harika Naidu,Retail,P002,Mid-range Smartphone 5G,Mobile,1,20060.74,0.0,0.78,UPI
TXNF7A4BF2721,2023-12-08,BR01,Eluru,Andhra Pradesh,CUST01930,Arjun Devi,Retail,P003,Flagship Smartphone,Mobile,1,54598.14,0.0,0.75,UPI
TXN26475B7E3D,2023-07-30,BR01,Eluru,Andhra Pradesh,CUST00181,Sneha Kumar,Wholesale,P007,Gaming Laptop i7,Laptop,1,123990.84,0.05,0.78,Debit Card
TXN6C29368A5E,2023-05-25,BR01,Eluru,Andhra Pradesh,CUST01538,Sneha Naidu,Retail,P013,Power Bank,Accessories,2,2193.78,0.1,0.48,Debit Card
TXN40B69385DF,2023-07-31,BR01,Eluru,Andhra Pradesh,CUST00003,Harika Rao,Retail,P004,Wireless Earbuds,Mobile,1,4991.67,0.15,0.55,UPI
TXN4DDE2B2B1B,2024-02-18,BR01,Eluru,Andhra Pradesh,CUST00924,Anitha Rao,Retail,P019,LED TV 55-inch,Electronics,1,57062.13,0.1,0.79,UPI
TXN72E6F4A0C8,2024-06-21,BR01,Eluru,Andhra Pradesh,CUST01398,Praveen Prasad,Corporate,P008,Ultrabook Thin & Light,Laptop,1,62240.47,0.0,0.79,UPI
TXN1FB65387B7,2024-12-25,BR01,Eluru,Andhra Pradesh,CUST01591,Manoj Sharma,Retail,P012,Mobile Charger,Accessories,4,1576.1,0.05,0.42,UPI
TXNE796A1E6DB,2023-10-13,BR01,Eluru,Andhra Pradesh,CUST00233,Lakshmi Murthy,Wholesale,P019,LED TV 55-inch,Electronics,1,40325.93,0.05,0.79,UPI
TXNB21ADD71BF,2024-04-26,BR01,Eluru,Andhra Pradesh,CUST01597,Manoj Chowdary,Corporate,P021,Smart Watch,Electronics,2,11473.53,0.0,0.55,Net Banking
TXN55A16AA3FF,2024-03-05,BR01,Eluru,Andhra Pradesh,CUST00408,Lakshmi Babu,Retail,P006,Business Laptop i5,Laptop,1,48021.91,0.0,0.8,Debit Card
TXN9FB5A69D8D,2023-05-03,BR01,Eluru,Andhra Pradesh,CUST01075,Sandeep Babu,Retail,P013,Power Bank,Accessories,1,2147.63,0.0,0.48,Cash
TXND99AC2CD7F,2024-12-01,BR01,Eluru,Andhra Pradesh,CUST01759,Deepika Reddy,Retail,P002,Mid-range Smartphone 5G,Mobile,1,23330.8,0.1,0.78,Credit Card
TXN82C93F0D58,2024-04-07,BR01,Eluru,Andhra Pradesh,CUST00971,Naveen Sharma,Wholesale,P010,Wireless Mouse,Accessories,1,472.86,0.1,0.4,UPI
TXNF63D9F2ADE,2023-11-23,BR01,Eluru,Andhra Pradesh,CUST00464,Deepika Prasad,Retail,P002,Mid-range Smartphone 5G,Mobile,1,23923.5,0.2,0.78,UPI
TXN357EC17502,2024-12-12,BR01,Eluru,Andhra Pradesh,CUST00531,Pooja Devi,Retail,P016,Washing Machine,Home Appliances,1,24180.54,0.05,0.8,Credit Card
TXN236DCC5CC7,2024-08-03,BR01,Eluru,Andhra Pradesh,CUST00142,Sneha Varma,Retail,P016,Washing Machine,Home Appliances,1,20500.77,0.15,0.8,UPI
TXNEF430EA52E,2024-01-24,BR01,Eluru,Andhra Pradesh,CUST01800,Swathi Prasad,Corporate,P004,Wireless Earbuds,Mobile,1,5125.7,0.0,0.55,Debit Card
TXNE26F8AE1D1,2023-11-12,BR01,Eluru,Andhra Pradesh,CUST00608,Srinivas Devi,Retail,P010,Wireless Mouse,Accessories,2,1363.33,0.1,0.4,Cash
TXNCF669D6CB9,2024-11-19,BR01,Eluru,Andhra Pradesh,CUST01687,Pooja Prasad,Wholesale,P013,Power Bank,Accessories,1,2398.59,0.0,0.48,Debit Card
TXN1561BB6CF9,2024-02-24,BR01,Eluru,Andhra Pradesh,CUST00638,Arjun Babu,Corporate,P005,Entry Laptop i3,Laptop,1,36152.93,0.0,0.82,Cash
TXNDF194C8A79,2024-03-30,BR01,Eluru,Andhra Pradesh,CUST01518,Divya Devi,Retail,P010,Wireless Mouse,Accessories,1,581.3,0.0,0.4,UPI
TXNC965DD2FFD,2023-11-14,BR01,Eluru,Andhra Pradesh,CUST00360,Naveen Sharma,Retail,P002,Mid-range Smartphone 5G,Mobile,1,23072.54,0.25,0.78,UPI
TXN6025984B23,2023-09-29,BR01,Eluru,Andhra Pradesh,CUST01466,Divya Naidu,Retail,P021,Smart Watch,Electronics,3,9318.66,0.1,0.55,UPI
TXN3B86B8FFFC,2024-12-10,BR01,Eluru,Andhra Pradesh,CUST01206,Manoj Kumar,Retail,P011,Bluetooth Speaker,Accessories,1,1211.65,0.05,0.5,UPI
TXNE65A67439C,2023-10-18,BR01,Eluru,Andhra Pradesh,CUST01195,Manoj Chowdary,Retail,P019,LED TV 55-inch,Electronics,1,57680.31,0.05,0.79,UPI
TXN921DD59D87,2024-07-22,BR01,Eluru,Andhra Pradesh,CUST01321,Kavya Naidu,Retail,P002,Mid-range Smartphone 5G,Mobile,1,26445.82,0.0,0.78,UPI
TXN4B43EADF75,2024-10-24,BR01,Eluru,Andhra Pradesh,CUST00157,Deepika Sharma,Retail,P011,Bluetooth Speaker,Accessories,1,1765.54,0.05,0.5,UPI
TXN386950DA8D,2024-01-21,BR01,Eluru,Andhra Pradesh,CUST00704,Naveen Murthy,Retail,P005,Entry Laptop i3,Laptop,1,36747.8,0.0,0.82,Cash
TXNFDAA6B3E15,2023-12-29,BR01,Eluru,Andhra Pradesh,CUST00907,Kavya Babu,Retail,P017,Microwave Oven,Home Appliances,2,12868.08,0.05,0.75,UPI
TXNAB8219634B,2023-04-03,BR01,Eluru,Andhra Pradesh,CUST01375,Deepika Reddy,Retail,P008,Ultrabook Thin & Light,Laptop,1,77079.24,0.0,0.79,UPI
TXN832C9427D6,2024-12-13,BR01,Eluru,Andhra Pradesh,CUST01335,Srinivas Chowdary,Retail,P003,Flagship Smartphone,Mobile,1,47651.72,0.0,0.75,Net Banking
TXNAF4DC4A6B8,2023-04-23,BR01,Eluru,Andhra Pradesh,CUST00427,Arjun Varma,Corporate,P010,Wireless Mouse,Accessories,1,1021.17,0.15,0.4,Debit Card
TXN706D257F75,2023-01-19,BR01,Eluru,Andhra Pradesh,CUST00774,Ajay Prasad,Retail,P011,Bluetooth Speaker,Accessories,2,2241.35,0.05,0.5,Net Banking
TXN5D365B9E4D,2024-04-03,BR01,Eluru,Andhra Pradesh,CUST01842,Praveen Chowdary,Retail,P003,Flagship Smartphone,Mobile,1,58430.97,0.05,0.75,Cash
TXN632BEDA125,2024-01-11,BR01,Eluru,Andhra Pradesh,CUST00416,Meena Kumar,Retail,P006,Business Laptop i5,Laptop,1,57776.53,0.05,0.8,Net Banking
TXN889C2778B8,2023-11-23,BR01,Eluru,Andhra Pradesh,CUST00713,Aishwarya Babu,Retail,P004,Wireless Earbuds,Mobile,3,3027.31,0.25,0.55,Net Banking
TXN360F787AC6,2023-01-08,BR01,Eluru,Andhra Pradesh,CUST01729,Ravi Murthy,Retail,P012,Mobile Charger,Accessories,2,1073.66,0.0,0.42,UPI
TXN67FB598FEC,2024-05-07,BR01,Eluru,Andhra Pradesh,CUST00781,Priya Kumar,Retail,P013,Power Bank,Accessories,2,1190.52,0.1,0.48,Debit Card
TXN436778A74B,2023-10-08,BR01,Eluru,Andhra Pradesh,CUST00043,Ramesh Devi,Retail,P014,Split AC 1.5 Ton,Home Appliances,1,41790.97,0.2,0.83,Net Banking
TXNC73854D829,2023-11-29,BR01,Eluru,Andhra Pradesh,CUST00721,Meena Naidu,Wholesale,P014,Split AC 1.5 Ton,Home Appliances,1,38689.34,0.2,0.83,Credit Card
TXNBD4F2AD8BF,2023-05-10,BR01,Eluru,Andhra Pradesh,CUST00261,Ajay Prasad,Retail,P018,LED TV 43-inch,Electronics,1,22227.06,0.0,0.8,UPI
TXN860BAA127A,2023-12-05,BR01,Eluru,Andhra Pradesh,CUST01025,Meena Kumar,Retail,P011,Bluetooth Speaker,Accessories,3,1590.62,0.0,0.5,UPI
TXNCC35B7350F,2023-10-04,BR01,Eluru,Andhra Pradesh,CUST01546,Pooja Babu,Retail,P001,Budget Smartphone 4G,Mobile,1,9098.08,0.0,0.8,Cash
TXN6E5E6242FC,2023-08-12,BR01,Eluru,Andhra Pradesh,CUST00306,Aishwarya Naidu,Retail,P020,Home Theatre System,Electronics,1,7801.24,0.0,0.6,Net Banking
TXNE51964EA98,2024-08-26,BR01,Eluru,Andhra Pradesh,CUST01551,Sandeep Babu,Retail,P012,Mobile Charger,Accessories,1,1614.37,0.0,0.42,UPI
TXN2D3223A51E,2024-07-07,BR01,Eluru,Andhra Pradesh,CUST00951,Praveen Kumar,Retail,P006,Business Laptop i5,Laptop,1,42916.66,0.15,0.8,Credit Card
TXNB2C77CEB02,2024-04-29,BR01,Eluru,Andhra Pradesh,CUST01871,Kavya Prasad,Retail,P021,Smart Watch,Electronics,3,5888.65,0.0,0.55,UPI
TXNBD935DE4D8,2023-09-02,BR01,Eluru,Andhra Pradesh,CUST01951,Swathi Sharma,Wholesale,P001,Budget Smartphone 4G,Mobile,2,10652.52,0.0,0.8,Debit Card
TXN8BDF7BAED4,2023-09-09,BR01,Eluru,Andhra Pradesh,CUST00547,Praveen Babu,Retail,P007,Gaming Laptop i7,Laptop,1,83807.79,0.1,0.78,UPI
TXN8477D6FA06,2023-04-14,BR01,Eluru,Andhra Pradesh,CUST01055,Priya Sarma,Retail,P006,Business Laptop i5,Laptop,1,53812.35,0.05,0.8,Cash
TXN245D094523,2024-11-23,BR01,Eluru,Andhra Pradesh,CUST01196,Harika Sharma,Retail,P011,Bluetooth Speaker,Accessories,1,3022.78,0.05,0.5,Net Banking
TXN94547C6022,2023-07-05,BR01,Eluru,Andhra Pradesh,CUST01488,Ravi Sarma,Wholesale,P021,Smart Watch,Electronics,1,6675.37,0.0,0.55,Cash
TXN29C1EC3BEC,2023-04-29,BR01,Eluru,Andhra Pradesh,CUST01052,Kavya Devi,Retail,P004,Wireless Earbuds,Mobile,1,2898.75,0.0,0.55,Credit Card
TXNA2375492B9,2024-08-04,BR01,Eluru,Andhra Pradesh,CUST01032,Ajay Naidu,Corporate,P018,LED TV 43-inch,Electronics,1,29341.31,0.15,0.8,UPI
TXNF22F410E83,2023-07-16,BR01,Eluru,Andhra Pradesh,CUST01949,Suresh Prasad,Wholesale,P002,Mid-range Smartphone 5G,Mobile,1,24491.58,0.05,0.78,Net Banking
TXN306A1B6721,2023-11-06,BR01,Eluru,Andhra Pradesh,CUST00204,Swathi Devi,Retail,P020,Home Theatre System,Electronics,3,14917.76,0.05,0.6,UPI
TXN6631811EFB,2024-10-04,BR01,Eluru,Andhra Pradesh,CUST00899,Meena Babu,Corporate,P009,Laptop Bag,Accessories,1,662.44,0.0,0.45,UPI
TXN7D35CF7681,2024-01-26,BR01,Eluru,Andhra Pradesh,CUST00075,Kavya Chowdary,Retail,P005,Entry Laptop i3,Laptop,1,33272.94,0.05,0.82,Debit Card
TXN8ECDAE47EB,2023-06-02,BR01,Eluru,Andhra Pradesh,CUST00487,Ramesh Sharma,Retail,P013,Power Bank,Accessories,1,1926.28,0.0,0.48,Credit Card
TXNC71273521D,2024-03-08,BR01,Eluru,Andhra Pradesh,CUST00017,Praveen Murthy,Wholesale,P004,Wireless Earbuds,Mobile,1,2110.75,0.0,0.55,UPI
TXNFF52C739DD,2023-10-02,BR01,Eluru,Andhra Pradesh,CUST01034,Manoj Rao,Retail,P010,Wireless Mouse,Accessories,2,1377.01,0.05,0.4,UPI
TXN4B52F603E9,2023-04-15,BR01,Eluru,Andhra Pradesh,CUST00931,Priya Kumar,Corporate,P001,Budget Smartphone 4G,Mobile,1,10076.16,0.15,0.8,UPI
TXNAEF00225B2,2023-09-05,BR01,Eluru,Andhra Pradesh,CUST01066,Aishwarya Devi,Retail,P011,Bluetooth Speaker,Accessories,1,1051.62,0.15,0.5,UPI
TXNFFA6891E9C,2024-12-13,BR01,Eluru,Andhra Pradesh,CUST01263,Anitha Sarma,Corporate,P010,Wireless Mouse,Accessories,2,746.1,0.1,0.4,UPI
TXN40C7857CEB,2023-03-07,BR01,Eluru,Andhra Pradesh,CUST01313,Arjun Varma,Wholesale,P012,Mobile Charger,Accessories,1,1794.37,0.15,0.42,Credit Card
TXNB334B2C173,2023-01-13,BR01,Eluru,Andhra Pradesh,CUST01476,Ramesh Naidu,Wholesale,P002,Mid-range Smartphone 5G,Mobile,1,24528.56,0.05,0.78,UPI
TXNC52005AF48,2024-12-11,BR01,Eluru,Andhra Pradesh,CUST00406,Harika Babu,Retail,P012,Mobile Charger,Accessories,1,501.3,0.0,0.42,UPI
TXNE74C394F3E,2024-11-30,BR01,Eluru,Andhra Pradesh,CUST00374,Ramesh Babu,Retail,P006,Business Laptop i5,Laptop,1,56437.39,0.15,0.8,Debit Card
TXN132326C44F,2023-07-19,BR01,Eluru,Andhra Pradesh,CUST01054,Meena Sharma,Retail,P010,Wireless Mouse,Accessories,1,1034.15,0.05,0.4,Cash
TXN95E62DF213,2024-10-14,BR01,Eluru,Andhra Pradesh,CUST01589,Meena Chowdary,Retail,P013,Power Bank,Accessories,3,2399.34,0.15,0.48,Credit Card
TXN917A2C77B5,2023-10-13,BR01,Eluru,Andhra Pradesh,CUST01803,Lakshmi Sarma,Retail,P010,Wireless Mouse,Accessories,1,758.75,0.1,0.4,UPI
TXN2DB8D9DC10,2024-10-02,BR01,Eluru,Andhra Pradesh,CUST01123,Naveen Naidu,Retail,P011,Bluetooth Speaker,Accessories,1,4865.69,0.15,0.5,Debit Card
TXNE36EFEBD86,2023-01-29,BR01,Eluru,Andhra Pradesh,CUST00162,Swathi Babu,Corporate,P020,Home Theatre System,Electronics,2,17929.41,0.15,0.6,UPI
TXN7D59783CD9,2023-02-19,BR01,Eluru,Andhra Pradesh,CUST01087,Kiran Murthy,Wholesale,P021,Smart Watch,Electronics,1,10262.6,0.0,0.55,UPI
TXN8C9218316B,2023-08-16,BR01,Eluru,Andhra Pradesh,CUST00273,Kavya Rao,Wholesale,P009,Laptop Bag,Accessories,1,1440.78,0.15,0.45,Credit Card
TXN48A8ACC4FC,2024-10-31,BR01,Eluru,Andhra Pradesh,CUST01584,Divya Prasad,Wholesale,P010,Wireless Mouse,Accessories,1,561.51,0.15,0.4,UPI
TXNA24CFD77D3,2023-03-23,BR01,Eluru,Andhra Pradesh,CUST00588,Suresh Sharma,Retail,P013,Power Bank,Accessories,1,1961.62,0.0,0.48,UPI
TXN9012866696,2024-11-07,BR01,Eluru,Andhra Pradesh,CUST01522,Lakshmi Naidu,Retail,P020,Home Theatre System,Electronics,2,10717.67,0.0,0.6,UPI
TXN027CC415EB,2024-01-25,BR01,Eluru,Andhra Pradesh,CUST00874,Vikram Prasad,Retail,P001,Budget Smartphone 4G,Mobile,3,11532.2,0.0,0.8,Debit Card
TXNB732811FE4,2024-02-01,BR01,Eluru,Andhra Pradesh,CUST00617,Kavya Babu,Retail,P014,Split AC 1.5 Ton,Home Appliances,1,40613.7,0.05,0.83,Credit Card
TXN86E6C25FEB,2024-03-07,BR01,Eluru,Andhra Pradesh,CUST01064,Vikram Varma,Wholesale,P011,Bluetooth Speaker,Accessories,1,2314.13,0.0,0.5,UPI
TXN733019378B,2023-03-05,BR01,Eluru,Andhra Pradesh,CUST01358,Ajay Devi,Retail,P004,Wireless Earbuds,Mobile,1,4946.38,0.1,0.55,Credit Card
TXN4AB88FB663,2024-05-28,BR01,Eluru,Andhra Pradesh,CUST00462,Manoj Chowdary,Retail,P013,Power Bank,Accessories,2,2082.46,0.05,0.48,Credit Card
TXN741DB57106,2024-09-01,BR01,Eluru,Andhra Pradesh,CUST00247,,Retail,P004,Wireless Earbuds,Mobile,1,3676.83,0.15,0.55,Net Banking
TXN8B45D12E7D,2024-08-01,BR01,Eluru,Andhra Pradesh,CUST00588,Suresh Sharma,Retail,P019,LED TV 55-inch,Electronics,1,58219.65,0.0,0.79,Cash
TXNE25357C24A,2023-09-09,BR01,Eluru,Andhra Pradesh,CUST01249,Pooja Murthy,Retail,P018,LED TV 43-inch,Electronics,1,23615.86,0.1,0.8,UPI
TXN5CEF309C1B,2023-09-20,BR01,Eluru,Andhra Pradesh,CUST01161,Ravi Reddy,Wholesale,P004,Wireless Earbuds,Mobile,3,5186.22,0.05,0.55,Cash
TXN1EB3BD61EE,2023-12-09,BR01,Eluru,Andhra Pradesh,CUST00029,Deepika Sharma,Wholesale,P021,Smart Watch,Electronics,4,4007.9,0.1,0.55,Cash
TXN58A85CA3B2,2023-09-26,BR01,Eluru,Andhra Pradesh,CUST00327,Praveen Murthy,Wholesale,P003,Flagship Smartphone,Mobile,1,68007.54,0.0,0.75,UPI
TXN627EE160D1,2024-08-27,BR01,Eluru,Andhra Pradesh,CUST01527,Deepika Murthy,Retail,P017,Microwave Oven,Home Appliances,2,11019.96,0.0,0.75,Net Banking
TXNEBF450EF7B,2024-10-14,BR01,Eluru,Andhra Pradesh,CUST00177,Praveen Murthy,Retail,P001,Budget Smartphone 4G,Mobile,2,12280.2,0.15,0.8,UPI
TXN7C3383342B,2024-12-05,BR01,Eluru,Andhra Pradesh,CUST01781,Srinivas Devi,Retail,P004,Wireless Earbuds,Mobile,2,5805.82,0.0,0.55,UPI
TXN94BCB9A902,2023-11-15,BR01,Eluru,Andhra Pradesh,CUST00793,Vikram Kumar,Retail,P002,Mid-range Smartphone 5G,Mobile,1,24128.35,0.2,0.78,UPI
TXN72D54700ED,2023-01-27,BR01,Eluru,Andhra Pradesh,CUST01155,Ajay Murthy,Retail,P018,LED TV 43-inch,Electronics,1,30046.14,0.05,0.8,Debit Card
TXN8C06D8F9FC,2024-03-12,BR01,Eluru,Andhra Pradesh,CUST01540,Kiran Kumar,Retail,P020,Home Theatre System,Electronics,1,14309.36,0.05,0.6,UPI
TXN9D6A14140F,2023-03-19,BR01,Eluru,Andhra Pradesh,CUST01129,Sandeep Chowdary,Retail,P012,Mobile Charger,Accessories,4,905.08,0.1,0.42,UPI
TXN629034A2F2,2023-07-11,BR01,Eluru,Andhra Pradesh,CUST01787,Harika Babu,Corporate,P013,Power Bank,Accessories,1,1744.12,0.15,0.48,Net Banking
TXN0BD65AA8BC,2023-02-08,BR01,Eluru,Andhra Pradesh,CUST00852,Aishwarya Babu,Wholesale,P018,LED TV 43-inch,Electronics,1,32080.65,0.1,0.8,Credit Card
TXN573118073E,2023-11-09,BR01,Eluru,Andhra Pradesh,CUST00630,Harika Chowdary,Retail,P004,Wireless Earbuds,Mobile,1,4912.79,0.1,0.55,Credit Card
TXN1BCE0828B9,2024-12-27,BR01,Eluru,Andhra Pradesh,CUST00345,Manoj Varma,Corporate,P010,Wireless Mouse,Accessories,1,798.39,0.15,0.4,UPI
TXNEADBB567A0,2024-04-05,BR01,Eluru,Andhra Pradesh,CUST00848,Naveen Prasad,Retail,P003,Flagship Smartphone,Mobile,1,89229.97,0.1,0.75,UPI
TXNBC575E57F2,2023-10-23,BR01,Eluru,Andhra Pradesh,CUST01693,Lakshmi Babu,Retail,P001,Budget Smartphone 4G,Mobile,1,13677.78,0.15,0.8,UPI
TXN8DA4ED9083,2023-03-18,BR01,Eluru,Andhra Pradesh,CUST00316,Ajay Prasad,Retail,P010,Wireless Mouse,Accessories,3,612.1,0.1,0.4,Debit Card
TXN66AF1A6F6F,2024-12-21,BR01,Eluru,Andhra Pradesh,CUST01335,Srinivas Chowdary,Retail,P009,Laptop Bag,Accessories,3,1379.38,0.1,0.45,Net Banking
TXN7A173B1730,2024-05-01,BR01,Eluru,Andhra Pradesh,CUST00564,Lakshmi Devi,Wholesale,P002,Mid-range Smartphone 5G,Mobile,1,23949.37,0.15,0.78,UPI
TXNE8034F3B31,2024-07-30,BR01,Eluru,Andhra Pradesh,CUST00545,Naveen Chowdary,Wholesale,P013,Power Bank,Accessories,2,1295.93,0.0,0.48,UPI
TXN86596EEB2F,2023-01-04,BR01,Eluru,Andhra Pradesh,CUST01421,Anitha Murthy,Wholesale,P010,Wireless Mouse,Accessories,1,1006.16,0.0,0.4,Credit Card
TXNAECBDAA145,2024-10-24,BR01,Eluru,Andhra Pradesh,CUST01701,Arjun Kumar,Retail,P018,LED TV 43-inch,Electronics,1,27103.13,0.2,0.8,Credit Card
TXN76E86ADA74,2024-03-16,BR01,Eluru,Andhra Pradesh,CUST00019,Suresh Reddy,Retail,P010,Wireless Mouse,Accessories,1,1437.97,0.0,0.4,UPI
TXN5D0177B3CF,2023-05-23,BR01,Eluru,Andhra Pradesh,CUST01152,Arjun Sarma,Wholesale,P011,Bluetooth Speaker,Accessories,1,3102.1,0.05,0.5,UPI
TXN09A65DE759,2023-11-28,BR01,Eluru,Andhra Pradesh,CUST00130,Pooja Reddy,Wholesale,P009,Laptop Bag,Accessories,1,1519.21,0.1,0.45,Debit Card
TXN470BC9D1E2,2023-05-07,BR01,Eluru,Andhra Pradesh,CUST00330,Sneha Rao,Retail,P013,Power Bank,Accessories,1,961.15,0.15,0.48,UPI
TXNE64D2F2E50,2024-05-13,BR01,Eluru,Andhra Pradesh,CUST01025,Meena Kumar,Retail,P005,Entry Laptop i3,Laptop,1,31071.5,0.0,0.82,UPI
TXN04511E8ED9,2024-08-01,BR01,Eluru,Andhra Pradesh,CUST01467,Lakshmi Kumar,Wholesale,P021,Smart Watch,Electronics,1,11548.41,0.15,0.55,UPI
TXN4AEA1A103F,2023-06-22,BR01,Eluru,Andhra Pradesh,CUST01997,Srinivas Reddy,Retail,P009,Laptop Bag,Accessories,4,1401.55,0.15,0.45,Net Banking
TXNA832E40D94,2023-11-30,BR01,Eluru,Andhra Pradesh,CUST00641,Harika Babu,Retail,P005,Entry Laptop i3,Laptop,1,34753.25,0.25,0.82,Cash
TXN01F21158AA,2023-12-24,BR01,Eluru,Andhra Pradesh,CUST00782,Anitha Reddy,Corporate,P019,LED TV 55-inch,Electronics,1,39093.9,0.1,0.79,Cash
TXN86959577DC,2023-07-30,BR01,Eluru,Andhra Pradesh,CUST01017,Meena Chowdary,Corporate,P001,Budget Smartphone 4G,Mobile,2,13878.16,0.15,0.8,UPI
TXN5D82CD6F89,2024-04-08,BR01,Eluru,Andhra Pradesh,CUST01199,Sandeep Rao,Retail,P009,Laptop Bag,Accessories,1,1006.29,0.0,0.45,Cash
TXNEC7FFB952C,2023-07-06,BR01,Eluru,Andhra Pradesh,CUST01530,Ravi Devi,Retail,P006,Business Laptop i5,Laptop,1,57701.04,0.0,0.8,UPI
TXN8CF115A53C,2023-05-12,BR01,Eluru,Andhra Pradesh,CUST01627,Praveen Kumar,Retail,P012,Mobile Charger,Accessories,4,553.0,0.15,0.42,Debit Card
TXN0BBA61C55F,2024-11-16,BR01,Eluru,Andhra Pradesh,CUST00214,Arjun Chowdary,Retail,P013,Power Bank,Accessories,3,1898.06,0.0,0.48,UPI
TXNBBF1EE106F,2024-03-15,BR01,Eluru,Andhra Pradesh,CUST00925,Swathi Babu,Wholesale,P006,Business Laptop i5,Laptop,1,52965.89,0.1,0.8,Debit Card
TXN96934681AF,2023-04-05,BR01,Eluru,Andhra Pradesh,CUST00412,Ramesh Sarma,Retail,P013,Power Bank,Accessories,1,1462.87,0.1,0.48,UPI
TXN1A398AB800,2023-12-19,BR01,Eluru,Andhra Pradesh,CUST00534,Suresh Murthy,Retail,P018,LED TV 43-inch,Electronics,1,26958.98,0.0,0.8,Credit Card
TXNCBC04753A9,2023-01-05,BR01,Eluru,Andhra Pradesh,CUST00544,Pooja Sharma,Corporate,P009,Laptop Bag,Accessories,2,1878.4,0.0,0.45,Debit Card
TXN6F3B97C7D0,2024-08-05,BR01,Eluru,Andhra Pradesh,CUST01606,Praveen Varma,Wholesale,P013,Power Bank,Accessories,1,1980.05,0.15,0.48,Cash
TXNAD5E620813,2023-05-04,BR01,Eluru,Andhra Pradesh,CUST01649,Manoj Chowdary,Retail,P014,Split AC 1.5 Ton,Home Appliances,1,42733.71,0.05,0.83,Credit Card
TXN96FFF0B563,2024-12-14,BR01,Eluru,Andhra Pradesh,CUST00242,Meena Prasad,Retail,P013,Power Bank,Accessories,2,1643.22,0.0,0.48,Credit Card
TXN74F3D5AB72,2023-04-14,BR01,Eluru,Andhra Pradesh,CUST00205,Meena Murthy,Wholesale,P003,Flagship Smartphone,Mobile,1,62523.0,0.05,0.75,UPI
TXNF44DE53614,2023-07-30,BR01,Eluru,Andhra Pradesh,CUST01201,Swathi Rao,Retail,P008,Ultrabook Thin & Light,Laptop,1,88603.62,0.0,0.79,Debit Card
TXN5C5AD5A765,2024-11-07,BR01,Eluru,Andhra Pradesh,CUST01581,Priya Kumar,Corporate,P002,Mid-range Smartphone 5G,Mobile,1,17699.24,0.0,0.78,UPI
TXNA76BB20294,2023-02-26,BR01,Eluru,Andhra Pradesh,CUST00547,Praveen Babu,Retail,P001,Budget Smartphone 4G,Mobile,1,8553.1,0.15,0.8,Credit Card
TXN205EC34211,2023-03-15,BR01,Eluru,Andhra Pradesh,CUST00912,Deepika Chowdary,Wholesale,P013,Power Bank,Accessories,3,1811.0,0.15,0.48,UPI
TXN880627914C,2023-01-15,BR01,Eluru,Andhra Pradesh,CUST00473,Sandeep Devi,Retail,P007,Gaming Laptop i7,Laptop,1,98388.76,0.15,0.78,Net Banking
TXNB01B6FB0A8,2023-05-19,BR01,Eluru,Andhra Pradesh,CUST00848,Naveen Prasad,Retail,P006,Business Laptop i5,Laptop,1,46251.04,0.0,0.8,UPI
TXN2D0BBA474C,2023-05-09,BR01,Eluru,Andhra Pradesh,CUST00348,Kavya Sarma,Corporate,P003,Flagship Smartphone,Mobile,1,49556.02,0.0,0.75,UPI
TXN8235CE92AD,2023-04-21,BR01,Eluru,Andhra Pradesh,CUST00370,Sandeep Babu,Wholesale,P018,LED TV 43-inch,Electronics,1,31556.27,0.05,0.8,UPI
TXN941583C8D2,2024-10-28,BR01,Eluru,Andhra Pradesh,CUST00058,Suresh Sarma,Retail,P007,Gaming Laptop i7,Laptop,1,113400.97,0.25,0.78,Credit Card
TXN5C55EAB780,2024-09-22,BR01,Eluru,Andhra Pradesh,CUST01482,Deepika Prasad,Retail,P008,Ultrabook Thin & Light,Laptop,1,69002.62,0.0,0.79,Net Banking
TXN786499C482,2024-10-22,BR01,Eluru,Andhra Pradesh,CUST01161,Ravi Reddy,Wholesale,P012,Mobile Charger,Accessories,1,492.58,0.15,0.42,Credit Card
TXN190D2657A5,2023-10-24,BR01,Eluru,Andhra Pradesh,CUST01318,Priya Chowdary,Wholesale,P008,Ultrabook Thin & Light,Laptop,1,88912.92,0.15,0.79,UPI
TXN4FED4C20C0,2023-01-03,BR01,Eluru,Andhra Pradesh,CUST01097,Praveen Naidu,Retail,P001,Budget Smartphone 4G,Mobile,1,13440.93,0.0,0.8,UPI
TXNBF99CB6432,2024-02-17,BR01,Eluru,Andhra Pradesh,CUST01104,Kavya Rao,Retail,P013,Power Bank,Accessories,1,2115.93,0.1,0.48,UPI
TXN5F076CED03,2023-03-11,BR01,Eluru,Andhra Pradesh,CUST00428,Ramesh Rao,Retail,P004,Wireless Earbuds,Mobile,2,5320.08,0.0,0.55,UPI
TXNDB6A8EF9D5,2023-06-26,BR01,Eluru,Andhra Pradesh,CUST01593,Meena Babu,Retail,P005,Entry Laptop i3,Laptop,1,32232.65,0.1,0.82,UPI
TXN59360C9356,2024-01-15,BR01,Eluru,Andhra Pradesh,CUST01625,Meena Varma,Retail,P009,Laptop Bag,Accessories,1,812.69,0.0,0.45,Cash
TXNFF76592B14,2024-05-19,BR01,Eluru,Andhra Pradesh,CUST00828,Priya Rao,Corporate,P013,Power Bank,Accessories,1,2364.16,0.0,0.48,Net Banking
TXN506D38EA69,2024-05-20,BR01,Eluru,Andhra Pradesh,CUST01750,Arjun Varma,Retail,P020,Home Theatre System,Electronics,1,18574.52,0.05,0.6,Cash
TXNAF8EC1839B,2023-03-12,BR01,Eluru,Andhra Pradesh,CUST00535,Naveen Prasad,Retail,P007,Gaming Laptop i7,Laptop,1,105898.13,0.0,0.78,Debit Card
TXNF941716E4E,2024-03-22,BR01,Eluru,Andhra Pradesh,CUST00903,Praveen Varma,Retail,P001,Budget Smartphone 4G,Mobile,1,12439.59,0.0,0.8,Net Banking
TXN0A1FBA2C4B,2024-03-03,BR01,Eluru,Andhra Pradesh,CUST00668,Meena Kumar,Retail,P001,Budget Smartphone 4G,Mobile,3,10083.7,0.0,0.8,UPI
TXN3296EA372A,2023-02-09,BR01,Eluru,Andhra Pradesh,CUST00948,Suresh Murthy,Retail,P011,Bluetooth Speaker,Accessories,4,3502.78,0.1,0.5,Debit Card
TXNAD6688E0B3,2023-11-21,BR01,Eluru,Andhra Pradesh,CUST00071,Priya Sharma,Retail,P004,Wireless Earbuds,Mobile,3,4616.55,0.0,0.55,Cash
TXN67E25D530D,2023-10-26,BR01,Eluru,Andhra Pradesh,CUST01343,Aishwarya Murthy,Retail,P002,Mid-range Smartphone 5G,Mobile,1,19496.94,0.15,0.78,UPI
TXN978FD30A5B,2024-11-10,BR01,Eluru,Andhra Pradesh,CUST01403,Meena Kumar,Corporate,P018,LED TV 43-inch,Electronics,1,30598.32,0.15,0.8,Credit Card
TXN52F2C37C44,2024-11-15,BR01,Eluru,Andhra Pradesh,CUST01750,Arjun Varma,Retail,P005,Entry Laptop i3,Laptop,1,36632.29,0.0,0.82,Debit Card
TXNE91E620F4F,2023-12-06,BR01,Eluru,Andhra Pradesh,CUST01455,Lakshmi Prasad,Retail,P019,LED TV 55-inch,Electronics,1,52727.63,0.0,0.79,Debit Card
TXN36785E1B36,2023-11-11,BR01,Eluru,Andhra Pradesh,CUST01539,Manoj Naidu,Retail,P012,Mobile Charger,Accessories,2,1061.33,0.0,0.42,UPI
TXN1EBE4463FE,2023-03-27,BR01,Eluru,Andhra Pradesh,CUST01962,Ajay Babu,Retail,P020,Home Theatre System,Electronics,1,17201.76,0.15,0.6,UPI
TXN4713162C77,2023-11-30,BR01,Eluru,Andhra Pradesh,CUST00004,Meena Rao,Retail,P013,Power Bank,Accessories,1,1820.81,0.05,0.48,Net Banking
TXNB490C97643,2024-05-14,BR01,Eluru,Andhra Pradesh,CUST00396,Anitha Varma,Retail,P012,Mobile Charger,Accessories,2,1750.68,0.0,0.42,Cash
TXN620167BD09,2023-10-29,BR01,Eluru,Andhra Pradesh,CUST01413,Naveen Devi,Retail,P011,Bluetooth Speaker,Accessories,1,3340.11,0.25,0.5,UPI
TXN8C74DEC50F,2024-09-20,BR01,Eluru,Andhra Pradesh,CUST00920,Suresh Babu,Corporate,P001,Budget Smartphone 4G,Mobile,1,12088.92,0.0,0.8,Cash
TXN7F889C005E,2023-03-07,BR01,Eluru,Andhra Pradesh,CUST01458,Divya Kumar,Retail,P018,LED TV 43-inch,Electronics,1,23889.6,0.0,0.8,Cash
TXNDFE78D6A4F,2024-12-17,BR01,Eluru,Andhra Pradesh,CUST01664,Meena Prasad,Retail,P002,Mid-range Smartphone 5G,Mobile,1,21157.14,0.0,0.78,UPI
TXN1A5C2AE52A,2023-06-24,BR01,Eluru,Andhra Pradesh,CUST00754,Harika Babu,Retail,P002,Mid-range Smartphone 5G,Mobile,1,23292.65,0.1,0.78,UPI
TXN4021B9E67D,2023-08-27,BR01,Eluru,Andhra Pradesh,CUST01036,Kiran Devi,Retail,P018,LED TV 43-inch,Electronics,1,30952.87,0.1,0.8,UPI
TXN9EE543347C,2023-01-14,BR01,Eluru,Andhra Pradesh,CUST00338,Swathi Sharma,Corporate,P010,Wireless Mouse,Accessories,1,1019.25,0.0,0.4,Cash
TXN4CB6C4C325,2023-07-11,BR01,Eluru,Andhra Pradesh,CUST01082,Ramesh Babu,Retail,P011,Bluetooth Speaker,Accessories,3,2111.74,0.15,0.5,UPI
TXNF6B6692787,2024-03-24,BR01,Eluru,Andhra Pradesh,CUST00517,Manoj Kumar,Retail,P009,Laptop Bag,Accessories,1,1928.98,0.0,0.45,UPI
TXN50626D4E00,2023-04-13,BR01,Eluru,Andhra Pradesh,CUST00971,Naveen Sharma,Wholesale,P002,Mid-range Smartphone 5G,Mobile,1,22197.11,0.0,0.78,UPI
TXN2A1F6FAB7A,2023-09-27,BR01,Eluru,Andhra Pradesh,CUST00853,Sneha Naidu,Wholesale,P007,Gaming Laptop i7,Laptop,1,101011.34,0.05,0.78,Net Banking
TXNA9C1560B0C,2024-02-09,BR01,Eluru,Andhra Pradesh,CUST00514,Lakshmi Varma,Retail,P008,Ultrabook Thin & Light,Laptop,1,66284.52,0.1,0.79,UPI
TXN3F824A1748,2024-11-07,BR01,Eluru,Andhra Pradesh,CUST00854,Deepika Devi,Retail,P011,Bluetooth Speaker,Accessories,3,3898.01,0.05,0.5,Cash
TXN0901C573B1,2023-11-11,BR01,Eluru,Andhra Pradesh,CUST01898,Lakshmi Sarma,Retail,P009,Laptop Bag,Accessories,1,943.69,0.05,0.45,Credit Card
TXNA320D5CE9C,2023-05-21,BR01,Eluru,Andhra Pradesh,CUST01708,Sandeep Kumar,Retail,P001,Budget Smartphone 4G,Mobile,2,13065.08,0.1,0.8,UPI
TXN4531399327,2023-08-27,BR01,Eluru,Andhra Pradesh,CUST01701,Arjun Kumar,Retail,P004,Wireless Earbuds,Mobile,2,3362.99,0.1,0.55,UPI
TXNC75C8163AD,2024-12-01,BR01,Eluru,Andhra Pradesh,CUST01515,Pooja Sarma,Retail,P001,Budget Smartphone 4G,Mobile,1,8729.37,0.0,0.8,UPI
TXND2BC5848C2,2024-06-20,BR01,Eluru,Andhra Pradesh,CUST01540,Kiran Kumar,Retail,P018,LED TV 43-inch,Electronics,1,31069.66,0.0,0.8,UPI
TXNC48DA586DC,2023-10-22,BR01,Eluru,Andhra Pradesh,CUST00264,Meena Sarma,Retail,P003,Flagship Smartphone,Mobile,1,46533.34,0.2,0.75,Credit Card
TXN0588762B5B,2023-01-08,BR01,Eluru,Andhra Pradesh,CUST01501,Sneha Devi,Retail,P001,Budget Smartphone 4G,Mobile,2,10797.19,0.05,0.8,Debit Card
TXNDE82ED1FC3,2023-12-28,BR01,Eluru,Andhra Pradesh,CUST01407,Manoj Sharma,Retail,P012,Mobile Charger,Accessories,1,1767.47,0.0,0.42,Cash
TXN6A1E0E8BC7,2023-07-18,BR01,Eluru,Andhra Pradesh,CUST01339,Meena Sharma,Wholesale,P009,Laptop Bag,Accessories,1,1685.05,0.0,0.45,UPI
TXNF4BED48EFC,2023-06-24,BR01,Eluru,Andhra Pradesh,CUST00996,Deepika Babu,Retail,P016,Washing Machine,Home Appliances,2,18199.21,0.0,0.8,Credit Card
TXN50722853A8,2023-09-21,BR01,Eluru,Andhra Pradesh,CUST00261,Ajay Prasad,Retail,P010,Wireless Mouse,Accessories,2,975.35,0.0,0.4,UPI
TXN9436104455,2024-11-28,BR01,Eluru,Andhra Pradesh,CUST00887,Swathi Reddy,Retail,P003,Flagship Smartphone,Mobile,1,48053.05,0.0,0.75,Debit Card
TXNA4B4FF897C,2023-09-27,BR01,Eluru,Andhra Pradesh,CUST01083,Pooja Rao,Wholesale,P003,Flagship Smartphone,Mobile,1,87965.4,0.05,0.75,UPI
TXN359AD85AA0,2023-06-08,BR01,Eluru,Andhra Pradesh,CUST01864,Praveen Babu,Retail,P003,Flagship Smartphone,Mobile,1,54239.82,0.1,0.75,Cash
TXNCD52D55982,2023-04-04,BR01,Eluru,Andhra Pradesh,CUST01407,Manoj Sharma,Retail,P007,Gaming Laptop i7,Laptop,1,87319.39,0.0,0.78,UPI
TXN49AE33CE10,2023-04-30,BR01,Eluru,Andhra Pradesh,CUST00042,Suresh Chowdary,Retail,P008,Ultrabook Thin & Light,Laptop,1,60156.4,0.0,0.79,UPI
TXN6FE6E03B91,2023-07-14,BR01,Eluru,Andhra Pradesh,CUST00790,Harika Prasad,Retail,P012,Mobile Charger,Accessories,1,639.53,0.15,0.42,UPI
TXN1E19B8D71C,2023-10-04,BR01,Eluru,Andhra Pradesh,CUST00210,Kiran Murthy,Retail,P004,Wireless Earbuds,Mobile,3,4702.76,0.1,0.55,UPI
TXNA7F04D1A12,2024-07-15,BR01,Eluru,Andhra Pradesh,CUST00584,Kiran Chowdary,Retail,P001,Budget Smartphone 4G,Mobile,1,8558.74,0.0,0.8,UPI
TXN49EEDF3617,2023-10-23,BR01,Eluru,Andhra Pradesh,CUST00473,Sandeep Devi,Retail,P007,Gaming Laptop i7,Laptop,1,123990.02,0.0,0.78,UPI
TXNDA8041D991,2023-01-28,BR01,Eluru,Andhra Pradesh,CUST01774,Ramesh Chowdary,Retail,P009,Laptop Bag,Accessories,1,638.36,0.0,0.45,UPI
TXN4982DC0038,2024-10-03,BR01,Eluru,Andhra Pradesh,CUST01247,Manoj Sarma,Retail,P020,Home Theatre System,Electronics,1,10471.25,0.0,0.6,UPI
TXN57B0DBFC57,2023-07-04,BR01,Eluru,Andhra Pradesh,CUST01930,Arjun Devi,Retail,P018,LED TV 43-inch,Electronics,1,23183.96,0.0,0.8,UPI
TXN8E4833D0B5,2023-09-21,BR01,Eluru,Andhra Pradesh,CUST00264,Meena Sarma,Retail,P015,Refrigerator 300L,Home Appliances,1,26751.7,0.05,0.82,Cash
TXN5F4B03C8EA,2024-12-30,BR01,Eluru,Andhra Pradesh,CUST00268,Lakshmi Varma,Retail,P011,Bluetooth Speaker,Accessories,1,4151.78,0.0,0.5,UPI
TXND718C883AB,2024-04-19,BR01,Eluru,Andhra Pradesh,CUST00849,Vikram Reddy,Retail,P001,Budget Smartphone 4G,Mobile,3,10355.0,0.1,0.8,Debit Card
TXNF97869191F,2023-04-14,BR01,Eluru,Andhra Pradesh,CUST00120,Praveen Naidu,Retail,P006,Business Laptop i5,Laptop,1,56274.58,0.05,0.8,UPI
TXN222C488CB3,2024-11-26,BR01,Eluru,Andhra Pradesh,CUST00611,Pooja Rao,Retail,P020,Home Theatre System,Electronics,1,14651.21,0.0,0.6,Debit Card
TXNAE6733FBF1,2023-07-17,BR01,Eluru,Andhra Pradesh,CUST01696,Sandeep Kumar,Retail,P002,Mid-range Smartphone 5G,Mobile,1,25712.43,0.05,0.78,UPI
TXN2828292AAB,2023-01-03,BR01,Eluru,Andhra Pradesh,CUST01526,Swathi Reddy,Corporate,P012,Mobile Charger,Accessories,1,1215.46,0.0,0.42,Cash
TXN3290CCC6F6,2024-09-22,BR01,Eluru,Andhra Pradesh,CUST00487,Ramesh Sharma,Retail,P013,Power Bank,Accessories,1,2469.61,0.05,0.48,Cash
TXN3D8FEE0520,2023-05-16,BR01,Eluru,Andhra Pradesh,CUST00504,Ajay Varma,Retail,P001,Budget Smartphone 4G,Mobile,1,9876.01,0.15,0.8,Debit Card
TXNBDD6018B6A,2024-08-24,BR01,Eluru,Andhra Pradesh,CUST01474,Suresh Sharma,Wholesale,P016,Washing Machine,Home Appliances,1,23924.11,0.05,0.8,Credit Card
TXNCB7CC14DA1,2024-09-09,BR01,Eluru,Andhra Pradesh,CUST01597,Manoj Chowdary,Corporate,P002,Mid-range Smartphone 5G,Mobile,1,27675.92,0.05,0.78,UPI
TXN3691A07216,2024-03-21,BR01,Eluru,Andhra Pradesh,CUST00823,Meena Prasad,Retail,P009,Laptop Bag,Accessories,1,1384.01,0.1,0.45,Credit Card
TXNE5ACADCAD4,2023-09-12,BR01,Eluru,Andhra Pradesh,CUST02000,Deepika Sarma,Corporate,P012,Mobile Charger,Accessories,3,1476.29,0.15,0.42,Debit Card
TXNA940313A67,2024-05-12,BR01,Eluru,Andhra Pradesh,CUST00573,Sneha Naidu,Corporate,P019,LED TV 55-inch,Electronics,1,53663.58,0.0,0.79,Net Banking
TXN226E8FD707,2024-05-26,BR01,Eluru,Andhra Pradesh,CUST01077,Praveen Rao,Retail,P004,Wireless Earbuds,Mobile,1,5115.0,0.15,0.55,Net Banking
TXN5EDD80BE24,2024-11-20,BR01,Eluru,Andhra Pradesh,CUST00986,Swathi Babu,Retail,P009,Laptop Bag,Accessories,1,1189.72,0.15,0.45,UPI
TXN611A001C31,2024-06-06,BR01,Eluru,Andhra Pradesh,CUST01450,Deepika Rao,Retail,P007,Gaming Laptop i7,Laptop,1,129064.93,0.1,0.78,Credit Card
TXN468D1AEBBA,2023-10-05,BR01,Eluru,Andhra Pradesh,CUST00830,Anitha Kumar,Wholesale,P004,Wireless Earbuds,Mobile,2,3067.1,0.0,0.55,Credit Card
TXN015FD18432,2023-10-23,BR01,Eluru,Andhra Pradesh,CUST00285,Divya Murthy,Corporate,P012,Mobile Charger,Accessories,3,1486.12,0.1,0.42,UPI
TXNC37D421912,2023-07-31,BR01,Eluru,Andhra Pradesh,CUST00309,Deepika Naidu,Retail,P008,Ultrabook Thin & Light,Laptop,1,83163.96,0.0,0.79,Credit Card
TXN7C1DD2B468,2023-02-05,BR01,Eluru,Andhra Pradesh,CUST00416,Meena Kumar,Retail,P010,Wireless Mouse,Accessories,2,574.69,0.05,0.4,UPI
TXN2D196B5E1A,2024-08-13,BR01,Eluru,Andhra Pradesh,CUST00935,Divya Kumar,Retail,P004,Wireless Earbuds,Mobile,1,3997.48,0.05,0.55,UPI
TXN0D41AB6D68,2023-11-20,BR01,Eluru,Andhra Pradesh,CUST01007,Suresh Rao,Wholesale,P013,Power Bank,Accessories,1,1499.63,0.25,0.48,UPI
TXN6C9ABD1BF0,2024-01-10,BR01,Eluru,Andhra Pradesh,CUST01570,Ramesh Varma,Corporate,P020,Home Theatre System,Electronics,1,7258.49,0.0,0.6,UPI
TXN1826267893,2024-01-18,BR01,Eluru,Andhra Pradesh,CUST01684,Naveen Sharma,Retail,P010,Wireless Mouse,Accessories,2,927.57,0.0,0.4,UPI
TXNE41EE30E93,2023-09-11,BR01,Eluru,Andhra Pradesh,CUST00231,Praveen Varma,Retail,P020,Home Theatre System,Electronics,1,6243.72,0.05,0.6,UPI
TXNDA6483DA02,2024-10-12,BR01,Eluru,Andhra Pradesh,CUST01744,Lakshmi Varma,Retail,P011,Bluetooth Speaker,Accessories,1,3061.06,0.2,0.5,Cash
TXN5584815CF1,2024-03-09,BR01,Eluru,Andhra Pradesh,CUST01925,Kavya Varma,Retail,P009,Laptop Bag,Accessories,4,695.02,0.0,0.45,Debit Card
TXN0434AAD982,2024-10-02,BR01,Eluru,Andhra Pradesh,CUST00225,Arjun Sharma,Retail,P010,Wireless Mouse,Accessories,3,426.13,0.25,0.4,UPI
TXND78E05F554,2023-03-30,BR01,Eluru,Andhra Pradesh,CUST02000,Deepika Sarma,Corporate,P001,Budget Smartphone 4G,Mobile,1,11054.87,0.0,0.8,UPI
TXNADB74B87F5,2023-08-16,BR01,Eluru,Andhra Pradesh,CUST01010,Srinivas Prasad,Retail,P010,Wireless Mouse,Accessories,3,637.34,0.15,0.4,Cash
TXNC18B687A68,2023-01-21,BR01,Eluru,Andhra Pradesh,CUST01213,Sneha Kumar,Retail,P008,Ultrabook Thin & Light,Laptop,1,89262.64,0.1,0.79,UPI
TXNBD3D5E4692,2023-12-10,BR01,Eluru,Andhra Pradesh,CUST01992,Manoj Sharma,Wholesale,P010,Wireless Mouse,Accessories,2,1369.84,0.0,0.4,Debit Card
TXND8FF7C3C55,2024-10-09,BR01,Eluru,Andhra Pradesh,CUST01408,Divya Prasad,Wholesale,P018,LED TV 43-inch,Electronics,1,32348.34,0.1,0.8,Credit Card
TXNCAC9DDEA2C,2024-08-20,BR01,Eluru,Andhra Pradesh,CUST01166,Sneha Sharma,Retail,P019,LED TV 55-inch,Electronics,1,49256.79,0.1,0.79,Debit Card
TXN275DDC64F0,2024-10-13,BR01,Eluru,Andhra Pradesh,CUST00221,Ravi Varma,Retail,P008,Ultrabook Thin & Light,Laptop,1,79773.38,0.0,0.79,UPI
TXND290631C12,2024-09-11,BR01,Eluru,Andhra Pradesh,CUST01707,Swathi Murthy,Retail,P002,Mid-range Smartphone 5G,Mobile,1,17338.75,0.0,0.78,Net Banking
TXN2A465C6B3E,2023-10-04,BR01,Eluru,Andhra Pradesh,CUST01615,Ramesh Babu,Retail,P002,Mid-range Smartphone 5G,Mobile,1,16652.88,0.25,0.78,UPI
TXNB0A3DD3D2F,2023-10-08,BR01,Eluru,Andhra Pradesh,CUST00170,Harika Kumar,Retail,P003,Flagship Smartphone,Mobile,1,68903.46,0.1,0.75,UPI
TXN586FEBE50B,2023-04-27,BR01,Eluru,Andhra Pradesh,CUST01209,Anitha Reddy,Corporate,P006,Business Laptop i5,Laptop,1,46710.83,0.0,0.8,Net Banking
TXNE46020B5E8,2024-08-23,BR01,Eluru,Andhra Pradesh,CUST00562,Manoj Prasad,Retail,P011,Bluetooth Speaker,Accessories,1,4752.46,0.1,0.5,Debit Card
TXN5C6DC51A5F,2024-08-28,BR01,Eluru,Andhra Pradesh,CUST01197,Arjun Varma,Retail,P002,Mid-range Smartphone 5G,Mobile,1,26283.78,0.1,0.78,UPI
TXN6931A50E01,2024-03-24,BR01,Eluru,Andhra Pradesh,CUST01453,Lakshmi Devi,Retail,P021,Smart Watch,Electronics,2,2149.57,0.15,0.55,UPI
TXN4417C60E6D,2024-01-14,BR01,Eluru,Andhra Pradesh,CUST01487,Suresh Naidu,Retail,P015,Refrigerator 300L,Home Appliances,1,32393.24,0.15,0.82,Cash
TXNEB129C7BB1,2024-06-06,BR01,Eluru,Andhra Pradesh,CUST01469,Manoj Chowdary,Retail,P003,Flagship Smartphone,Mobile,1,68663.62,0.15,0.75,Credit Card
TXN14177001CD,2024-11-25,BR01,Eluru,Andhra Pradesh,CUST01652,Arjun Sharma,Retail,P002,Mid-range Smartphone 5G,Mobile,1,25121.64,0.15,0.78,Net Banking
TXND4552573DD,2023-06-04,BR01,Eluru,Andhra Pradesh,CUST01186,Priya Kumar,Retail,P001,Budget Smartphone 4G,Mobile,2,13140.32,0.15,0.8,Cash
TXN9F5DD652C5,2023-02-05,BR01,Eluru,Andhra Pradesh,CUST00728,Kavya Devi,Retail,P009,Laptop Bag,Accessories,3,1706.2,0.15,0.45,Cash
TXN204CF305C9,2023-09-28,BR01,Eluru,Andhra Pradesh,CUST00417,Pooja Babu,Corporate,P006,Business Laptop i5,Laptop,1,55107.79,0.05,0.8,Credit Card
TXN68DB5AE116,2024-04-16,BR01,Eluru,Andhra Pradesh,CUST01435,Deepika Kumar,Retail,P008,Ultrabook Thin & Light,Laptop,1,56063.59,0.05,0.79,Cash
TXN1B74C9427E,2023-11-05,BR01,Eluru,Andhra Pradesh,CUST00854,Deepika Devi,Retail,P012,Mobile Charger,Accessories,2,1418.41,0.05,0.42,Credit Card
TXN00009FA51B,2023-11-22,BR01,Eluru,Andhra Pradesh,CUST00247,Manoj Reddy,Retail,P019,LED TV 55-inch,Electronics,1,43216.94,0.15,0.79,Credit Card
TXN846DABF5D1,2024-01-30,BR01,Eluru,Andhra Pradesh,CUST01847,Harika Sarma,Retail,P019,LED TV 55-inch,Electronics,1,38565.96,0.1,0.79,Cash
TXNF8E54F43BB,2024-05-07,BR01,Eluru,Andhra Pradesh,CUST00183,Meena Varma,Corporate,P020,Home Theatre System,Electronics,4,16742.35,0.0,0.6,Debit Card
TXN1F2989DDB3,2024-11-20,BR01,Eluru,Andhra Pradesh,CUST00521,Kiran Naidu,Retail,P005,Entry Laptop i3,Laptop,1,33011.66,0.1,0.82,UPI
TXN89746934BB,2024-03-23,BR01,Eluru,Andhra Pradesh,CUST01025,Meena Kumar,Retail,P021,Smart Watch,Electronics,2,5456.48,0.1,0.55,UPI
TXN991D48BED9,2024-06-01,BR01,Eluru,Andhra Pradesh,CUST01030,Pooja Sharma,Wholesale,P009,Laptop Bag,Accessories,1,1518.76,0.05,0.45,UPI
TXN6E16C20E7C,2023-12-06,BR01,Eluru,Andhra Pradesh,CUST01495,Praveen Chowdary,Retail,P007,Gaming Laptop i7,Laptop,1,75157.03,0.05,0.78,Cash
TXNE0391779A5,2023-07-17,BR01,Eluru,Andhra Pradesh,CUST00701,Manoj Varma,Retail,P019,LED TV 55-inch,Electronics,1,44813.71,0.0,0.79,UPI
TXNAC3229F600,2024-10-11,BR01,Eluru,Andhra Pradesh,CUST01873,Ravi Devi,Retail,P010,Wireless Mouse,Accessories,1,1315.05,0.15,0.4,Cash
TXN1CC5A485BC,2024-05-08,BR01,Eluru,Andhra Pradesh,CUST00965,Kiran Rao,Retail,P015,Refrigerator 300L,Home Appliances,1,27299.75,0.05,0.82,Debit Card
TXN88D81AAEEF,2023-06-02,BR01,Eluru,Andhra Pradesh,CUST00345,Manoj Varma,Corporate,P003,Flagship Smartphone,Mobile,1,60101.72,0.0,0.75,Credit Card
TXN030D80176F,2023-12-08,BR01,Eluru,Andhra Pradesh,CUST00261,Ajay Prasad,Retail,P006,Business Laptop i5,Laptop,1,57533.57,0.0,0.8,UPI
TXN820442CF0A,2023-10-07,BR01,Eluru,Andhra Pradesh,CUST01754,Priya Kumar,Retail,P003,Flagship Smartphone,Mobile,1,51400.93,0.1,0.75,Debit Card
TXNC0E6819613,2023-07-30,BR01,Eluru,Andhra Pradesh,CUST00942,Manoj Murthy,Wholesale,P020,Home Theatre System,Electronics,1,19348.19,0.15,0.6,UPI
TXN10C9DEAFEA,2023-01-28,BR01,Eluru,Andhra Pradesh,CUST00615,Manoj Babu,Retail,P020,Home Theatre System,Electronics,1,9937.59,0.1,0.6,Cash
TXNB0341E6219,2023-07-09,BR01,Eluru,Andhra Pradesh,CUST00913,Anitha Rao,Corporate,P012,Mobile Charger,Accessories,1,1205.0,0.15,0.42,UPI
TXN9E5637C457,2024-12-29,BR01,Eluru,Andhra Pradesh,CUST01993,Swathi Chowdary,Corporate,P001,Budget Smartphone 4G,Mobile,2,8354.47,0.05,0.8,UPI
TXND0C5B4B5A1,2023-03-31,BR01,Eluru,Andhra Pradesh,CUST01052,Kavya Devi,Retail,P020,Home Theatre System,Electronics,1,6024.28,0.0,0.6,UPI
TXN99DA52DDA5,2023-06-08,BR01,Eluru,Andhra Pradesh,CUST01325,Ramesh Kumar,Corporate,P010,Wireless Mouse,Accessories,1,1270.3,0.15,0.4,UPI
TXN7F3C8B6AB7,2023-09-04,BR01,Eluru,Andhra Pradesh,CUST01193,Swathi Babu,Corporate,P015,Refrigerator 300L,Home Appliances,1,34552.45,0.15,0.82,Debit Card
TXNF13FC512D7,2023-02-05,BR01,Eluru,Andhra Pradesh,CUST00495,Lakshmi Sharma,Retail,P002,Mid-range Smartphone 5G,Mobile,3,17031.57,0.05,0.78,Credit Card
TXN9C62304973,2024-12-06,BR01,Eluru,Andhra Pradesh,CUST00633,Deepika Naidu,Retail,P002,Mid-range Smartphone 5G,Mobile,1,24518.42,0.0,0.78,Cash
TXN06B163965A,2024-11-22,BR01,Eluru,Andhra Pradesh,CUST00654,Arjun Sarma,Retail,P009,Laptop Bag,Accessories,1,1926.75,0.05,0.45,UPI
TXN7D3EB64A0E,2024-06-02,BR01,Eluru,Andhra Pradesh,CUST01874,Swathi Devi,Retail,P009,Laptop Bag,Accessories,2,1139.6,0.0,0.45,Debit Card
TXN104F3C1E7B,2023-01-17,BR01,Eluru,Andhra Pradesh,CUST01262,Manoj Naidu,Retail,P018,LED TV 43-inch,Electronics,1,27185.19,0.0,0.8,Cash
TXN1BBADE27AA,2023-06-17,BR01,Eluru,Andhra Pradesh,CUST00174,Vikram Kumar,Retail,P012,Mobile Charger,Accessories,1,401.7,0.0,0.42,Debit Card
TXN11B0359ACD,2024-04-08,BR01,Eluru,Andhra Pradesh,CUST01003,Pooja Chowdary,Retail,P011,Bluetooth Speaker,Accessories,1,3125.49,0.15,0.5,UPI
TXN3C4A39ACEE,2023-08-23,BR01,Eluru,Andhra Pradesh,CUST01356,Srinivas Sharma,Wholesale,P013,Power Bank,Accessories,1,1798.09,0.1,0.48,UPI
TXN08097334D6,2024-07-22,BR01,Eluru,Andhra Pradesh,CUST01664,Meena Prasad,Retail,P016,Washing Machine,Home Appliances,1,33831.94,0.0,0.8,Net Banking
TXNC05839B0F1,2024-01-11,BR01,Eluru,Andhra Pradesh,CUST01086,,Retail,P021,Smart Watch,Electronics,2,7057.5,0.1,0.55,UPI
TXN70B1BEBC98,2023-05-17,BR01,Eluru,Andhra Pradesh,CUST01257,Manoj Reddy,Retail,P006,Business Laptop i5,Laptop,1,57687.66,0.15,0.8,UPI
TXN2B0AB92B62,2023-06-03,BR01,Eluru,Andhra Pradesh,CUST00139,Ajay Rao,Retail,P008,Ultrabook Thin & Light,Laptop,1,89878.16,0.0,0.79,Cash
TXN2B08107AB2,2023-12-03,BR01,Eluru,Andhra Pradesh,CUST01417,Ajay Kumar,Wholesale,P009,Laptop Bag,Accessories,1,1621.4,0.0,0.45,Debit Card
TXN37E3632722,2024-07-12,BR01,Eluru,Andhra Pradesh,CUST01073,Manoj Varma,Wholesale,P013,Power Bank,Accessories,1,2477.4,0.1,0.48,UPI
TXN8A497B6C99,2023-11-24,BR01,Eluru,Andhra Pradesh,CUST01576,,Retail,P020,Home Theatre System,Electronics,3,13199.54,0.05,0.6,Debit Card
TXN6751B4057F,2023-08-22,BR01,Eluru,Andhra Pradesh,CUST00255,Ajay Prasad,Retail,P011,Bluetooth Speaker,Accessories,1,2079.22,0.0,0.5,UPI
TXNE730AB2567,2024-03-13,BR01,Eluru,Andhra Pradesh,CUST00048,Ravi Sarma,Wholesale,P009,Laptop Bag,Accessories,1,1653.2,0.05,0.45,UPI
TXNC8D45ABDF5,2024-07-20,BR01,Eluru,Andhra Pradesh,CUST00740,Harika Reddy,Retail,P019,LED TV 55-inch,Electronics,1,40539.77,0.1,0.79,UPI
TXN916FF3B30C,2023-10-08,BR01,Eluru,Andhra Pradesh,CUST00219,Priya Sharma,Retail,P020,Home Theatre System,Electronics,1,10173.35,0.0,0.6,Debit Card
TXN3C82702A98,2023-07-24,BR01,Eluru,Andhra Pradesh,CUST01436,Kavya Sharma,Wholesale,P001,Budget Smartphone 4G,Mobile,2,11542.2,0.0,0.8,Credit Card
TXN614A503B60,2023-02-14,BR01,Eluru,Andhra Pradesh,CUST00011,Manoj Naidu,Retail,P018,LED TV 43-inch,Electronics,1,24877.27,0.0,0.8,Credit Card
TXN51F9DC6D23,2024-09-25,BR01,Eluru,Andhra Pradesh,CUST01255,Aishwarya Varma,Wholesale,P008,Ultrabook Thin & Light,Laptop,1,84797.03,0.1,0.79,Credit Card
TXN8676BAF3C0,2024-06-30,BR01,Eluru,Andhra Pradesh,CUST01697,Swathi Reddy,Retail,P008,Ultrabook Thin & Light,Laptop,1,93237.16,0.1,0.79,UPI
TXNF90F6B34F9,2024-06-13,BR01,Eluru,Andhra Pradesh,CUST00465,Suresh Rao,Retail,P004,Wireless Earbuds,Mobile,3,5014.06,0.15,0.55,Debit Card
TXN590DAD39AB,2024-12-02,BR01,Eluru,Andhra Pradesh,CUST01072,Kiran Varma,Retail,P011,Bluetooth Speaker,Accessories,1,1568.56,0.15,0.5,Credit Card
TXN60037E83AE,2024-07-04,BR01,Eluru,Andhra Pradesh,CUST00753,Pooja Babu,Wholesale,P012,Mobile Charger,Accessories,3,1340.98,0.0,0.42,Net Banking
TXN0AA41ADAB8,2024-02-17,BR01,Eluru,Andhra Pradesh,CUST00198,,Retail,P021,Smart Watch,Electronics,1,6491.5,0.0,0.55,Debit Card
TXN4C92BD7625,2023-12-13,BR01,Eluru,Andhra Pradesh,CUST00703,Lakshmi Reddy,Retail,P006,Business Laptop i5,Laptop,1,53999.88,0.05,0.8,Net Banking
TXNE3DA252505,2024-11-17,BR01,Eluru,Andhra Pradesh,CUST00456,Lakshmi Sarma,Retail,P003,Flagship Smartphone,Mobile,1,50455.91,0.2,0.75,UPI
TXN99A0993C21,2024-07-31,BR01,Eluru,Andhra Pradesh,CUST01376,Kiran Babu,Retail,P011,Bluetooth Speaker,Accessories,1,3683.95,0.0,0.5,UPI
TXNC901922190,2023-02-10,BR01,Eluru,Andhra Pradesh,CUST01198,Vikram Kumar,Wholesale,P019,LED TV 55-inch,Electronics,1,59610.82,0.1,0.79,UPI
TXNDD239945E0,2024-02-09,BR01,Eluru,Andhra Pradesh,CUST00138,Sneha Naidu,Retail,P019,LED TV 55-inch,Electronics,1,53644.16,0.0,0.79,Debit Card
TXND804C94D5E,2024-05-15,BR01,Eluru,Andhra Pradesh,CUST00061,Meena Kumar,Retail,P012,Mobile Charger,Accessories,1,1567.58,0.1,0.42,Credit Card
TXNA658506280,2024-03-01,BR01,Eluru,Andhra Pradesh,CUST00862,Anitha Devi,Retail,P010,Wireless Mouse,Accessories,3,1108.84,0.15,0.4,Debit Card
TXN8BB63707ED,2024-08-29,BR01,Eluru,Andhra Pradesh,CUST00035,Arjun Kumar,Retail,P002,Mid-range Smartphone 5G,Mobile,3,15884.81,0.1,0.78,Debit Card
TXNFB2E915436,2023-05-14,BR01,Eluru,Andhra Pradesh,CUST00299,Arjun Kumar,Retail,P001,Budget Smartphone 4G,Mobile,2,13872.32,0.0,0.8,Net Banking
TXNE39844FBE5,2023-07-05,BR01,Eluru,Andhra Pradesh,CUST00073,Vikram Devi,Retail,P008,Ultrabook Thin & Light,Laptop,1,66312.24,0.0,0.79,Net Banking
TXN4B3593EAE7,2024-01-31,BR01,Eluru,Andhra Pradesh,CUST00188,Srinivas Chowdary,Wholesale,P019,LED TV 55-inch,Electronics,1,45979.48,0.1,0.79,Cash
TXNA2C5A17B0E,2024-06-11,BR01,Eluru,Andhra Pradesh,CUST01688,Aishwarya Reddy,Retail,P017,Microwave Oven,Home Appliances,1,13978.86,0.15,0.75,Credit Card
TXNBC28143C53,2024-07-07,BR01,Eluru,Andhra Pradesh,CUST00412,Ramesh Sarma,Retail,P007,Gaming Laptop i7,Laptop,1,110949.2,0.1,0.78,UPI
TXN753403E364,2023-11-17,BR01,Eluru,Andhra Pradesh,CUST01147,Lakshmi Reddy,Retail,P021,Smart Watch,Electronics,1,9032.23,0.2,0.55,UPI
TXN561821A179,2024-01-05,BR01,Eluru,Andhra Pradesh,CUST00352,Sandeep Sharma,Wholesale,P009,Laptop Bag,Accessories,3,1689.08,0.1,0.45,UPI
TXN0C7C5062EA,2024-10-07,BR01,Eluru,Andhra Pradesh,CUST00331,Lakshmi Babu,Wholesale,P021,Smart Watch,Electronics,1,7435.13,0.2,0.55,Credit Card
TXN92F2E339EA,2023-11-11,BR01,Eluru,Andhra Pradesh,CUST00728,Kavya Devi,Retail,P005,Entry Laptop i3,Laptop,1,36462.35,0.1,0.82,UPI
TXNA0AD67270C,2023-06-12,BR01,Eluru,Andhra Pradesh,CUST00287,Aishwarya Sarma,Retail,P012,Mobile Charger,Accessories,3,1451.3,0.15,0.42,UPI
TXNA67139F495,2024-09-15,BR01,Eluru,Andhra Pradesh,CUST00751,Naveen Sharma,Corporate,P012,Mobile Charger,Accessories,1,683.42,0.0,0.42,Net Banking
TXN27FA8A8154,2023-02-24,BR01,Eluru,Andhra Pradesh,CUST01739,Meena Prasad,Retail,P015,Refrigerator 300L,Home Appliances,1,25281.49,0.1,0.82,UPI
TXN10D6DBAD00,2024-01-14,BR01,Eluru,Andhra Pradesh,CUST01552,Deepika Sarma,Wholesale,P018,LED TV 43-inch,Electronics,1,24833.88,0.1,0.8,UPI
TXN3F3448DE2D,2024-08-07,BR01,Eluru,Andhra Pradesh,CUST01690,Suresh Devi,Retail,P016,Washing Machine,Home Appliances,1,26152.27,0.0,0.8,UPI
TXN79924AB6B1,2024-01-17,BR01,Eluru,Andhra Pradesh,CUST00861,Swathi Kumar,Retail,P014,Split AC 1.5 Ton,Home Appliances,1,35955.43,0.1,0.83,Credit Card
TXN7E4DAD414B,2024-02-26,BR01,Eluru,Andhra Pradesh,CUST01794,Ravi Devi,Corporate,P011,Bluetooth Speaker,Accessories,1,2067.39,0.1,0.5,UPI
TXN09A7727388,2024-11-26,BR01,Eluru,Andhra Pradesh,CUST01908,Vikram Rao,Retail,P014,Split AC 1.5 Ton,Home Appliances,1,32071.84,0.1,0.83,Net Banking
TXN3F407C1ED0,2023-12-23,BR01,Eluru,Andhra Pradesh,CUST01107,Divya Kumar,Retail,P008,Ultrabook Thin & Light,Laptop,1,94904.25,0.0,0.79,Credit Card
TXNC786162DB9,2023-07-22,BR01,Eluru,Andhra Pradesh,CUST00109,Sandeep Rao,Retail,P020,Home Theatre System,Electronics,1,6083.66,0.15,0.6,Credit Card
TXN16AAA3EABF,2023-02-26,BR01,Eluru,Andhra Pradesh,CUST01215,Praveen Rao,Retail,P009,Laptop Bag,Accessories,1,937.52,0.1,0.45,Net Banking
TXNA4B4ADE80F,2023-02-21,BR01,Eluru,Andhra Pradesh,CUST01690,Suresh Devi,Retail,P016,Washing Machine,Home Appliances,1,28543.05,0.0,0.8,Debit Card
TXN2B6D49F392,2024-01-17,BR01,Eluru,Andhra Pradesh,CUST00702,Arjun Prasad,Retail,P010,Wireless Mouse,Accessories,3,1358.45,0.15,0.4,UPI
TXN8B217E96D3,2024-05-27,BR01,Eluru,Andhra Pradesh,CUST00461,Naveen Chowdary,Retail,P011,Bluetooth Speaker,Accessories,4,2494.29,0.05,0.5,Net Banking
TXNA46EB156EE,2023-08-19,BR01,Eluru,Andhra Pradesh,CUST01153,Ravi Sharma,Wholesale,P012,Mobile Charger,Accessories,4,1036.2,0.15,0.42,UPI
TXNB5C0A0F1D1,2024-02-22,BR01,Eluru,Andhra Pradesh,CUST00196,Kiran Varma,Retail,P001,Budget Smartphone 4G,Mobile,1,11872.63,0.15,0.8,UPI
TXNDA8AF43723,2023-08-23,BR01,Eluru,Andhra Pradesh,CUST00460,Swathi Sharma,Wholesale,P010,Wireless Mouse,Accessories,4,1220.61,0.1,0.4,UPI
TXNAB2031E3EF,2023-10-01,BR01,Eluru,Andhra Pradesh,CUST00301,Sandeep Naidu,Retail,P002,Mid-range Smartphone 5G,Mobile,1,19389.61,0.25,0.78,UPI
TXN9543B6B932,2023-01-06,BR01,Eluru,Andhra Pradesh,CUST01890,Suresh Kumar,Retail,P003,Flagship Smartphone,Mobile,1,66728.0,0.0,0.75,UPI
TXN285AE8D076,2023-03-19,BR01,Eluru,Andhra Pradesh,CUST01847,Harika Sarma,Retail,P005,Entry Laptop i3,Laptop,1,32781.08,0.0,0.82,UPI
TXN5F89DE662C,2023-12-18,BR01,Eluru,Andhra Pradesh,CUST00162,Swathi Babu,Corporate,P018,LED TV 43-inch,Electronics,1,27719.1,0.05,0.8,UPI
TXN6FCB5B9EF3,2023-12-24,BR01,Eluru,Andhra Pradesh,CUST01742,Deepika Rao,Retail,P019,LED TV 55-inch,Electronics,1,39060.2,0.05,0.79,Cash
TXN415B093C01,2023-04-12,BR01,Eluru,Andhra Pradesh,CUST01377,Ravi Varma,Retail,P010,Wireless Mouse,Accessories,3,986.06,0.0,0.4,UPI
TXN77DAEFEBFB,2023-10-27,BR01,Eluru,Andhra Pradesh,CUST01858,Pooja Sharma,Wholesale,P006,Business Laptop i5,Laptop,1,48328.46,0.1,0.8,UPI
TXNECCEC5BAB7,2024-12-25,BR01,Eluru,Andhra Pradesh,CUST00109,Sandeep Rao,Retail,P003,Flagship Smartphone,Mobile,1,85374.98,0.15,0.75,UPI
TXN20C353567B,2024-05-11,BR01,Eluru,Andhra Pradesh,CUST01861,Ajay Devi,Retail,P013,Power Bank,Accessories,1,1214.55,0.1,0.48,Debit Card
TXNFC052C9848,2023-06-07,BR01,Eluru,Andhra Pradesh,CUST00681,Arjun Varma,Retail,P003,Flagship Smartphone,Mobile,1,87362.28,0.1,0.75,UPI
TXNADC6FE25E8,2023-01-07,BR01,Eluru,Andhra Pradesh,CUST01478,Praveen Kumar,Retail,P001,Budget Smartphone 4G,Mobile,1,13652.04,0.1,0.8,UPI
TXNBC6B90459D,2023-03-15,BR01,Eluru,Andhra Pradesh,CUST00842,Harika Rao,Retail,P010,Wireless Mouse,Accessories,1,987.7,0.0,0.4,Credit Card
TXN5710272A1C,2024-04-11,BR01,Eluru,Andhra Pradesh,CUST00010,Ravi Kumar,Retail,P013,Power Bank,Accessories,1,1976.17,0.0,0.48,Cash
TXNDEC990DEE9,2023-09-04,BR01,Eluru,Andhra Pradesh,CUST01486,Lakshmi Chowdary,Retail,P009,Laptop Bag,Accessories,3,1825.62,0.15,0.45,Cash
TXN2EF732736C,2024-11-29,BR01,Eluru,Andhra Pradesh,CUST01914,Suresh Varma,Retail,P001,Budget Smartphone 4G,Mobile,2,12684.97,0.15,0.8,UPI
TXN11A9AD375D,2024-10-20,BR01,Eluru,Andhra Pradesh,CUST00510,Lakshmi Chowdary,Retail,P010,Wireless Mouse,Accessories,1,1102.84,0.1,0.4,Debit Card
TXN3DBEE5AB98,2024-12-26,BR01,Eluru,Andhra Pradesh,CUST01182,Ravi Sharma,Retail,P020,Home Theatre System,Electronics,1,10719.93,0.05,0.6,UPI
TXNC5315A801C,2024-07-16,BR01,Eluru,Andhra Pradesh,CUST01485,Kiran Prasad,Corporate,P001,Budget Smartphone 4G,Mobile,3,8031.95,0.0,0.8,UPI
TXNCC264480E7,2023-10-15,BR01,Eluru,Andhra Pradesh,CUST00139,Ajay Rao,Retail,P003,Flagship Smartphone,Mobile,1,58472.58,0.15,0.75,Credit Card
TXN0C76CBA4B6,2024-09-12,BR01,Eluru,Andhra Pradesh,CUST00071,Priya Sharma,Retail,P001,Budget Smartphone 4G,Mobile,1,12087.07,0.0,0.8,UPI
TXNE6576FD417,2024-10-28,BR01,Eluru,Andhra Pradesh,CUST00587,Srinivas Sharma,Retail,P004,Wireless Earbuds,Mobile,4,5296.9,0.0,0.55,UPI
TXNA825F3C9EA,2024-02-21,BR01,Eluru,Andhra Pradesh,CUST00124,Arjun Kumar,Retail,P009,Laptop Bag,Accessories,1,754.37,0.05,0.45,UPI
TXNA61BE8B16C,2024-05-31,BR01,Eluru,Andhra Pradesh,CUST00294,Ajay Prasad,Retail,P009,Laptop Bag,Accessories,2,1616.07,0.15,0.45,Credit Card
TXNE60B6F6390,2024-06-18,BR01,Eluru,Andhra Pradesh,CUST00784,Harika Naidu,Wholesale,P011,Bluetooth Speaker,Accessories,1,2889.53,0.15,0.5,UPI
TXNDA4E16F3E4,2023-10-19,BR01,Eluru,Andhra Pradesh,CUST01486,Lakshmi Chowdary,Retail,P013,Power Bank,Accessories,1,2332.58,0.25,0.48,UPI
TXNF61FE06EEB,2023-12-09,BR01,Eluru,Andhra Pradesh,CUST00504,Ajay Varma,Retail,P013,Power Bank,Accessories,1,1058.35,0.0,0.48,Cash
TXN52CB78FCD8,2023-08-07,BR01,Eluru,Andhra Pradesh,CUST00755,Ajay Naidu,Retail,P017,Microwave Oven,Home Appliances,2,7425.87,0.1,0.75,Debit Card
TXNACB99D19EB,2023-12-10,BR01,Eluru,Andhra Pradesh,CUST01725,Swathi Kumar,Retail,P012,Mobile Charger,Accessories,2,1530.28,0.05,0.42,Debit Card
TXN06BB1FF10A,2024-05-18,BR01,Eluru,Andhra Pradesh,CUST00676,Kiran Chowdary,Retail,P010,Wireless Mouse,Accessories,2,773.25,0.15,0.4,Net Banking
TXN62EF8E7664,2024-12-05,BR01,Eluru,Andhra Pradesh,CUST01157,Priya Prasad,Wholesale,P003,Flagship Smartphone,Mobile,1,49377.23,0.15,0.75,Cash
TXN8C6B3D1B68,2023-03-16,BR01,Eluru,Andhra Pradesh,CUST00320,Ravi Babu,Wholesale,P007,Gaming Laptop i7,Laptop,1,100118.56,0.1,0.78,Net Banking
TXN3C51458D6A,2024-06-24,BR01,Eluru,Andhra Pradesh,CUST01597,Manoj Chowdary,Corporate,P012,Mobile Charger,Accessories,1,780.5,0.15,0.42,Debit Card
TXN286B274FE0,2024-06-27,BR01,Eluru,Andhra Pradesh,CUST01313,Arjun Varma,Wholesale,P020,Home Theatre System,Electronics,1,12053.17,0.15,0.6,Debit Card
TXN9116C62D98,2024-03-27,BR01,Eluru,Andhra Pradesh,CUST00602,Sneha Sarma,Retail,P011,Bluetooth Speaker,Accessories,1,4822.52,0.15,0.5,Net Banking
TXNEBB642E444,2024-01-29,BR01,Eluru,Andhra Pradesh,CUST01558,Kiran Reddy,Retail,P013,Power Bank,Accessories,4,1744.3,0.0,0.48,UPI
TXN74D8F5B472,2024-10-21,BR01,Eluru,Andhra Pradesh,CUST00415,Lakshmi Rao,Retail,P010,Wireless Mouse,Accessories,1,963.03,0.05,0.4,UPI
TXN5343829322,2023-05-24,BR01,Eluru,Andhra Pradesh,CUST01850,Kavya Devi,Retail,P006,Business Laptop i5,Laptop,1,46922.04,0.0,0.8,UPI
TXN02D268AF38,2023-11-22,BR01,Eluru,Andhra Pradesh,CUST01722,Ajay Devi,Retail,P018,LED TV 43-inch,Electronics,1,34004.29,0.25,0.8,UPI
TXNFF9305A4C9,2023-01-18,BR01,Eluru,Andhra Pradesh,CUST01795,Kavya Sharma,Retail,P015,Refrigerator 300L,Home Appliances,1,40224.97,0.0,0.82,Net Banking
TXN3B46EA5BBB,2023-12-07,BR01,Eluru,Andhra Pradesh,CUST01433,Divya Prasad,Retail,P009,Laptop Bag,Accessories,2,706.76,0.05,0.45,UPI
TXN545FA7C8F5,2023-10-26,BR01,Eluru,Andhra Pradesh,CUST01262,Manoj Naidu,Retail,P010,Wireless Mouse,Accessories,2,903.63,0.25,0.4,UPI
TXNA42377D73E,2024-03-29,BR01,Eluru,Andhra Pradesh,CUST01418,Kavya Sharma,Retail,P008,Ultrabook Thin & Light,Laptop,1,77071.53,0.0,0.79,Debit Card
TXN34EF56C86E,2024-05-27,BR01,Eluru,Andhra Pradesh,CUST00943,Aishwarya Chowdary,Corporate,P009,Laptop Bag,Accessories,2,724.39,0.0,0.45,Cash
TXNB8E96727A6,2023-11-02,BR01,Eluru,Andhra Pradesh,CUST01116,Naveen Sharma,Corporate,P007,Gaming Laptop i7,Laptop,1,79792.67,0.25,0.78,Net Banking
TXN0B3512566E,2023-10-15,BR01,Eluru,Andhra Pradesh,CUST00203,Pooja Naidu,Wholesale,P003,Flagship Smartphone,Mobile,1,68289.37,0.1,0.75,Credit Card
TXN32E77E0FFF,2024-12-17,BR01,Eluru,Andhra Pradesh,CUST01889,Ramesh Sarma,Retail,P002,Mid-range Smartphone 5G,Mobile,1,19384.44,0.0,0.78,Cash
TXNAE624A1028,2023-03-02,BR01,Eluru,Andhra Pradesh,CUST00106,Naveen Kumar,Retail,P012,Mobile Charger,Accessories,1,634.15,0.1,0.42,Cash
TXNE420CD1C78,2024-11-29,BR01,Eluru,Andhra Pradesh,CUST01637,Arjun Varma,Retail,P012,Mobile Charger,Accessories,2,1788.64,0.05,0.42,UPI
TXN9581D692BC,2024-07-02,BR01,Eluru,Andhra Pradesh,CUST00674,Deepika Devi,Retail,P012,Mobile Charger,Accessories,1,1305.81,0.1,0.42,Credit Card
TXN377B784375,2024-07-08,BR01,Eluru,Andhra Pradesh,CUST01786,Vikram Murthy,Retail,P008,Ultrabook Thin & Light,Laptop,1,91510.46,0.15,0.79,Debit Card
TXNA84277DFB6,2023-08-24,BR01,Eluru,Andhra Pradesh,CUST00265,Vikram Sarma,Retail,P016,Washing Machine,Home Appliances,1,31893.64,0.0,0.8,UPI
TXN0150D8E822,2024-11-29,BR01,Eluru,Andhra Pradesh,CUST00375,Arjun Babu,Retail,P003,Flagship Smartphone,Mobile,1,63826.65,0.1,0.75,Debit Card
TXN38ABF4F378,2024-04-08,BR01,Eluru,Andhra Pradesh,CUST01736,Deepika Chowdary,Wholesale,P012,Mobile Charger,Accessories,2,639.31,0.05,0.42,UPI
TXN6679CC50AE,2023-12-08,BR01,Eluru,Andhra Pradesh,CUST01592,Aishwarya Devi,Retail,P010,Wireless Mouse,Accessories,1,686.27,0.05,0.4,UPI
TXNF829A94BE6,2024-07-21,BR01,Eluru,Andhra Pradesh,CUST01029,Aishwarya Chowdary,Retail,P004,Wireless Earbuds,Mobile,2,2150.16,0.15,0.55,Cash
TXN7CE8556714,2024-06-18,BR01,Eluru,Andhra Pradesh,CUST01014,Manoj Babu,Retail,P005,Entry Laptop i3,Laptop,1,36867.22,0.0,0.82,Debit Card
TXN94165FB8FB,2023-11-11,BR01,Eluru,Andhra Pradesh,CUST01709,Srinivas Naidu,Retail,P014,Split AC 1.5 Ton,Home Appliances,1,38666.11,0.25,0.83,Debit Card
TXNB1662260BA,2023-09-13,BR01,Eluru,Andhra Pradesh,CUST00108,Suresh Reddy,Retail,P004,Wireless Earbuds,Mobile,2,5884.55,0.15,0.55,Cash
TXNC80977B82D,2024-11-14,BR01,Eluru,Andhra Pradesh,CUST00265,Vikram Sarma,Retail,P012,Mobile Charger,Accessories,4,1510.6,0.15,0.42,UPI
TXN664D36FCE3,2023-05-05,BR01,Eluru,Andhra Pradesh,CUST01695,Deepika Prasad,Retail,P002,Mid-range Smartphone 5G,Mobile,1,25590.28,0.1,0.78,UPI
TXN97A560D138,2023-07-13,BR01,Eluru,Andhra Pradesh,CUST01925,Kavya Varma,Retail,P001,Budget Smartphone 4G,Mobile,1,13747.86,0.1,0.8,UPI
TXN4B8F6E1D60,2024-12-18,BR01,Eluru,Andhra Pradesh,CUST01358,Ajay Devi,Retail,P012,Mobile Charger,Accessories,1,1405.37,0.1,0.42,UPI
TXN69441ECAB4,2024-11-28,BR01,Eluru,Andhra Pradesh,CUST01432,Suresh Reddy,Retail,P012,Mobile Charger,Accessories,1,1517.04,0.25,0.42,Cash
TXNB985E3E443,2024-10-31,BR01,Eluru,Andhra Pradesh,CUST00979,Manoj Chowdary,Retail,P013,Power Bank,Accessories,4,1302.54,0.15,0.48,UPI
TXN1283A698E3,2023-06-09,BR01,Eluru,Andhra Pradesh,CUST00537,Sandeep Babu,Retail,P011,Bluetooth Speaker,Accessories,2,3437.62,0.15,0.5,Credit Card
TXNB62B3C157B,2024-07-15,BR01,Eluru,Andhra Pradesh,CUST00351,Priya Kumar,Retail,P004,Wireless Earbuds,Mobile,2,3387.87,0.0,0.55,Net Banking
TXN9EBC745A5B,2024-04-05,BR01,Eluru,Andhra Pradesh,CUST00601,Ravi Babu,Retail,P016,Washing Machine,Home Appliances,1,21048.87,0.15,0.8,Credit Card
TXNA5DAE95A02,2024-06-05,BR01,Eluru,Andhra Pradesh,CUST00354,Ramesh Reddy,Retail,P012,Mobile Charger,Accessories,2,429.92,0.1,0.42,UPI
TXNB05ECA199F,2023-02-05,BR01,Eluru,Andhra Pradesh,CUST00295,Sneha Naidu,Wholesale,P004,Wireless Earbuds,Mobile,2,3460.9,0.05,0.55,Credit Card
TXN81055C22FF,2023-10-02,BR01,Eluru,Andhra Pradesh,CUST00398,Arjun Kumar,Retail,P013,Power Bank,Accessories,3,1433.29,0.2,0.48,UPI
TXNEBE277DC65,2024-09-24,BR01,Eluru,Andhra Pradesh,CUST00870,Vikram Reddy,Retail,P011,Bluetooth Speaker,Accessories,2,3764.47,0.1,0.5,Credit Card
TXN7AAA13E8EA,2023-05-12,BR01,Eluru,Andhra Pradesh,CUST01912,Sandeep Sarma,Retail,P012,Mobile Charger,Accessories,1,1778.77,0.1,0.42,UPI
TXN43CA69E9C6,2024-03-18,BR01,Eluru,Andhra Pradesh,CUST01041,Divya Kumar,Retail,P018,LED TV 43-inch,Electronics,1,30202.47,0.0,0.8,Credit Card
TXNEFE5FE908F,2024-01-27,BR01,Eluru,Andhra Pradesh,CUST00836,Meena Chowdary,Retail,P009,Laptop Bag,Accessories,2,1856.45,0.0,0.45,Cash
TXNE29F98857D,2024-12-04,BR01,Eluru,Andhra Pradesh,CUST01733,Swathi Babu,Retail,P020,Home Theatre System,Electronics,1,15894.04,0.0,0.6,Cash
TXN204F34890A,2024-08-08,BR01,Eluru,Andhra Pradesh,CUST01082,Ramesh Babu,Retail,P001,Budget Smartphone 4G,Mobile,1,8752.25,0.05,0.8,UPI
TXND8C447BD03,2024-08-31,BR01,Eluru,Andhra Pradesh,CUST00465,Suresh Rao,Retail,P002,Mid-range Smartphone 5G,Mobile,1,26252.31,0.0,0.78,Net Banking
TXN89C688C267,2024-11-25,BR01,Eluru,Andhra Pradesh,CUST00672,Suresh Kumar,Corporate,P004,Wireless Earbuds,Mobile,1,2175.27,0.15,0.55,UPI
TXN034A74421F,2024-07-17,BR01,Eluru,Andhra Pradesh,CUST00780,Sneha Devi,Retail,P006,Business Laptop i5,Laptop,1,44541.49,0.05,0.8,UPI
TXN37BF18F9F7,2023-03-20,BR01,Eluru,Andhra Pradesh,CUST00080,Harika Sharma,Wholesale,P021,Smart Watch,Electronics,4,9449.46,0.0,0.55,Net Banking
TXN4664DA366D,2024-11-11,BR01,Eluru,Andhra Pradesh,CUST01727,Meena Chowdary,Retail,P006,Business Laptop i5,Laptop,1,53773.41,0.1,0.8,Credit Card
TXN5FD80A048F,2023-11-01,BR01,Eluru,Andhra Pradesh,CUST00455,Ramesh Devi,Retail,P011,Bluetooth Speaker,Accessories,3,1744.24,0.25,0.5,Net Banking
TXNFF0BD09200,2024-11-13,BR01,Eluru,Andhra Pradesh,CUST01161,Ravi Reddy,Wholesale,P012,Mobile Charger,Accessories,2,1040.28,0.2,0.42,UPI
TXN87503EFD2D,2024-03-23,BR01,Eluru,Andhra Pradesh,CUST01271,Sandeep Chowdary,Wholesale,P003,Flagship Smartphone,Mobile,1,65090.73,0.05,0.75,Cash
TXN8B6952722E,2024-05-06,BR01,Eluru,Andhra Pradesh,CUST00425,Deepika Sharma,Retail,P016,Washing Machine,Home Appliances,1,30616.94,0.05,0.8,Credit Card
TXN13A847DA59,2023-11-17,BR01,Eluru,Andhra Pradesh,CUST01063,Anitha Murthy,Retail,P019,LED TV 55-inch,Electronics,1,53718.03,0.25,0.79,UPI
TXN674EC48109,2024-05-10,BR01,Eluru,Andhra Pradesh,CUST01713,Ravi Varma,Retail,P011,Bluetooth Speaker,Accessories,1,4328.38,0.15,0.5,Credit Card
TXNFD946DED19,2024-12-24,BR01,Eluru,Andhra Pradesh,CUST00128,Pooja Murthy,Retail,P011,Bluetooth Speaker,Accessories,2,4695.83,0.0,0.5,UPI
TXN596C33120F,2024-02-04,BR01,Eluru,Andhra Pradesh,CUST01796,Kavya Murthy,Wholesale,P002,Mid-range Smartphone 5G,Mobile,1,19691.58,0.05,0.78,UPI
TXN2B7A7E1F30,2023-01-02,BR01,Eluru,Andhra Pradesh,CUST01043,Pooja Reddy,Retail,P020,Home Theatre System,Electronics,1,16948.35,0.1,0.6,Debit Card
TXN4C22393E76,2024-05-16,BR01,Eluru,Andhra Pradesh,CUST01721,Swathi Sharma,Wholesale,P007,Gaming Laptop i7,Laptop,1,87780.45,0.0,0.78,Debit Card
TXN00B2CA0E77,2024-07-25,BR01,Eluru,Andhra Pradesh,CUST01418,Kavya Sharma,Retail,P001,Budget Smartphone 4G,Mobile,3,10717.84,0.0,0.8,UPI
TXN65FB44A96E,2023-05-29,BR01,Eluru,Andhra Pradesh,CUST00897,Pooja Kumar,Retail,P011,Bluetooth Speaker,Accessories,2,2819.57,0.15,0.5,Debit Card
TXNA277AFB2F9,2024-06-23,BR01,Eluru,Andhra Pradesh,CUST01041,Divya Kumar,Retail,P018,LED TV 43-inch,Electronics,1,22812.59,0.05,0.8,Cash
TXND389242DAC,2024-11-11,BR01,Eluru,Andhra Pradesh,CUST00646,Sandeep Reddy,Retail,P020,Home Theatre System,Electronics,1,7131.01,0.25,0.6,Cash
TXN1A2D43B308,2023-01-24,BR01,Eluru,Andhra Pradesh,CUST01028,Praveen Sharma,Retail,P003,Flagship Smartphone,Mobile,1,79665.4,0.0,0.75,Cash
TXNE7EE5ECA62,2023-03-04,BR01,Eluru,Andhra Pradesh,CUST00732,Sandeep Sharma,Retail,P004,Wireless Earbuds,Mobile,1,4026.7,0.05,0.55,Debit Card
TXN590C1B0EBF,2023-02-26,BR01,Eluru,Andhra Pradesh,CUST01773,Meena Murthy,Retail,P016,Washing Machine,Home Appliances,1,23213.91,0.0,0.8,Credit Card
TXN6D60C9ABD9,2023-10-06,BR01,Eluru,Andhra Pradesh,CUST01939,Lakshmi Rao,Retail,P004,Wireless Earbuds,Mobile,3,3481.24,0.0,0.55,UPI
TXN04ADCC8011,2023-07-13,BR01,Eluru,Andhra Pradesh,CUST01253,Sneha Murthy,Retail,P017,Microwave Oven,Home Appliances,2,7261.36,0.0,0.75,UPI
TXNF1D6B437A7,2023-10-29,BR01,Eluru,Andhra Pradesh,CUST00314,Swathi Sharma,Retail,P005,Entry Laptop i3,Laptop,1,34589.96,0.15,0.82,UPI
TXN7234D4ECE7,2024-12-03,BR01,Eluru,Andhra Pradesh,CUST01113,Swathi Murthy,Retail,P020,Home Theatre System,Electronics,2,10683.89,0.05,0.6,Net Banking
TXN6EE0DD062C,2023-11-06,BR01,Eluru,Andhra Pradesh,CUST01442,Naveen Babu,Retail,P010,Wireless Mouse,Accessories,1,357.13,0.0,0.4,Debit Card
TXNDAF49A40CE,2024-08-03,BR01,Eluru,Andhra Pradesh,CUST01274,Sandeep Rao,Corporate,P015,Refrigerator 300L,Home Appliances,1,28677.03,0.0,0.82,Credit Card
TXN01FE14EC7F,2024-10-31,BR01,Eluru,Andhra Pradesh,CUST00176,Suresh Prasad,Retail,P002,Mid-range Smartphone 5G,Mobile,1,22892.6,0.05,0.78,Debit Card
TXNE93AAFDA42,2024-10-12,BR01,Eluru,Andhra Pradesh,CUST00298,Sneha Babu,Retail,P004,Wireless Earbuds,Mobile,2,4542.29,0.05,0.55,Credit Card
TXN208B08AC04,2023-08-08,BR01,Eluru,Andhra Pradesh,CUST00446,Deepika Devi,Retail,P012,Mobile Charger,Accessories,1,1413.09,0.05,0.42,UPI
TXN170680F2DD,2024-07-14,BR01,Eluru,Andhra Pradesh,CUST01398,Praveen Prasad,Corporate,P003,Flagship Smartphone,Mobile,1,57044.4,0.1,0.75,UPI
TXN745E7FAB8D,2024-12-30,BR01,Eluru,Andhra Pradesh,CUST00396,Anitha Varma,Retail,P011,Bluetooth Speaker,Accessories,2,4024.87,0.05,0.5,Cash
TXNC8D912C644,2023-02-19,BR01,Eluru,Andhra Pradesh,CUST00747,Srinivas Murthy,Corporate,P013,Power Bank,Accessories,1,1271.89,0.0,0.48,UPI
TXNE2AE15ED3C,2024-03-05,BR01,Eluru,Andhra Pradesh,CUST00436,Kiran Kumar,Retail,P014,Split AC 1.5 Ton,Home Appliances,1,42117.61,0.0,0.83,Net Banking
TXNDC7B14E18E,2023-11-01,BR01,Eluru,Andhra Pradesh,CUST01354,Ramesh Varma,Corporate,P013,Power Bank,Accessories,1,1805.92,0.25,0.48,Cash
TXNB5A36058C2,2023-10-10,BR01,Eluru,Andhra Pradesh,CUST00316,Ajay Prasad,Retail,P007,Gaming Laptop i7,Laptop,1,93561.33,0.2,0.78,UPI
TXNB5AC78DC22,2024-05-11,BR01,Eluru,Andhra Pradesh,CUST01192,Suresh Murthy,Retail,P021,Smart Watch,Electronics,1,2440.43,0.05,0.55,Cash
TXNE97480B3E4,2023-01-14,BR01,Eluru,Andhra Pradesh,CUST01942,Vikram Rao,Retail,P001,Budget Smartphone 4G,Mobile,1,11492.83,0.05,0.8,UPI
TXN8EB6E8BB91,2023-09-24,BR01,Eluru,Andhra Pradesh,CUST01750,Arjun Varma,Retail,P004,Wireless Earbuds,Mobile,2,4725.73,0.0,0.55,UPI
TXN6BC0B5FA42,2023-04-06,BR01,Eluru,Andhra Pradesh,CUST00801,Sandeep Reddy,Retail,P019,LED TV 55-inch,Electronics,1,51167.39,0.1,0.79,UPI
TXN690268C126,2024-01-12,BR01,Eluru,Andhra Pradesh,CUST01739,Meena Prasad,Retail,P002,Mid-range Smartphone 5G,Mobile,1,20270.52,0.0,0.78,UPI
TXNFDC31CA960,2024-02-28,BR01,Eluru,Andhra Pradesh,CUST00694,Deepika Chowdary,Retail,P001,Budget Smartphone 4G,Mobile,2,13404.47,0.1,0.8,Cash
TXNA3AA3707D2,2023-07-24,BR01,Eluru,Andhra Pradesh,CUST01226,Aishwarya Murthy,Retail,P011,Bluetooth Speaker,Accessories,1,3019.8,0.1,0.5,UPI
TXN90977DCF93,2023-05-15,BR01,Eluru,Andhra Pradesh,CUST00400,,Retail,P017,Microwave Oven,Home Appliances,1,6827.68,0.05,0.75,Cash
TXNCE0424D966,2024-05-17,BR01,Eluru,Andhra Pradesh,CUST00234,Pooja Devi,Retail,P010,Wireless Mouse,Accessories,1,608.7,0.1,0.4,UPI
TXNA90E575096,2023-01-28,BR01,Eluru,Andhra Pradesh,CUST00459,Swathi Prasad,Wholesale,P004,Wireless Earbuds,Mobile,2,5419.94,0.0,0.55,UPI
TXN4BFF4A7DE7,2024-05-26,BR01,Eluru,Andhra Pradesh,CUST01686,Sneha Devi,Retail,P020,Home Theatre System,Electronics,1,11961.76,0.1,0.6,UPI
TXN81D48A78F4,2023-08-31,BR01,Eluru,Andhra Pradesh,CUST01873,Ravi Devi,Retail,P002,Mid-range Smartphone 5G,Mobile,4,15382.32,0.05,0.78,Credit Card
TXNF4A27AF1EA,2023-10-27,BR01,Eluru,Andhra Pradesh,CUST01280,Arjun Varma,Retail,P010,Wireless Mouse,Accessories,1,637.1,0.25,0.4,Cash
TXND4BFFEBAD5,2023-03-07,BR01,Eluru,Andhra Pradesh,CUST01501,Sneha Devi,Retail,P018,LED TV 43-inch,Electronics,1,29052.67,0.05,0.8,Cash
TXN0201528BC4,2024-08-26,BR01,Eluru,Andhra Pradesh,CUST00143,Vikram Chowdary,Retail,P003,Flagship Smartphone,Mobile,1,58996.77,0.0,0.75,Debit Card
TXN82D7039994,2023-06-19,BR01,Eluru,Andhra Pradesh,CUST01095,Arjun Rao,Retail,P005,Entry Laptop i3,Laptop,1,32220.13,0.1,0.82,Credit Card
TXN6B1A1CED55,2023-01-02,BR01,Eluru,Andhra Pradesh,CUST00032,Vikram Murthy,Wholesale,P019,LED TV 55-inch,Electronics,1,50446.28,0.1,0.79,Net Banking
TXN1DAD33FC95,2024-08-16,BR01,Eluru,Andhra Pradesh,CUST00561,Divya Kumar,Corporate,P002,Mid-range Smartphone 5G,Mobile,1,25876.94,0.0,0.78,UPI
TXN0D62E926CE,2023-05-31,BR01,Eluru,Andhra Pradesh,CUST01991,Naveen Rao,Wholesale,P002,Mid-range Smartphone 5G,Mobile,1,21749.96,0.15,0.78,UPI
TXN0153CBC6B0,2024-11-01,BR01,Eluru,Andhra Pradesh,CUST00679,Ajay Varma,Retail,P008,Ultrabook Thin & Light,Laptop,1,58876.25,0.05,0.79,Debit Card
TXN9351E9D61B,2023-02-21,BR01,Eluru,Andhra Pradesh,CUST01389,Praveen Naidu,Retail,P007,Gaming Laptop i7,Laptop,1,118441.52,0.05,0.78,UPI
TXNACA7CF9DA6,2023-06-06,BR01,Eluru,Andhra Pradesh,CUST00472,Aishwarya Naidu,Retail,P010,Wireless Mouse,Accessories,1,1486.22,0.0,0.4,UPI
TXN7097E737BA,2024-01-28,BR01,Eluru,Andhra Pradesh,CUST00971,Naveen Sharma,Wholesale,P003,Flagship Smartphone,Mobile,1,82480.02,0.0,0.75,UPI
TXN0CE1AD9EE6,2024-10-26,BR01,Eluru,Andhra Pradesh,CUST00712,Priya Reddy,Retail,P012,Mobile Charger,Accessories,1,1743.02,0.05,0.42,Net Banking
TXN4048F049FE,2023-07-03,BR01,Eluru,Andhra Pradesh,CUST00890,Sandeep Sarma,Retail,P021,Smart Watch,Electronics,1,3617.02,0.0,0.55,Debit Card
TXND626B20AFD,2023-12-13,BR01,Eluru,Andhra Pradesh,CUST01785,Anitha Prasad,Retail,P004,Wireless Earbuds,Mobile,3,3125.27,0.0,0.55,UPI
TXN2877B3CC68,2024-01-07,BR01,Eluru,Andhra Pradesh,CUST01787,Harika Babu,Corporate,P005,Entry Laptop i3,Laptop,1,29136.75,0.1,0.82,Credit Card
TXNB245C41156,2024-01-13,BR01,Eluru,Andhra Pradesh,CUST01123,Naveen Naidu,Retail,P012,Mobile Charger,Accessories,3,1481.84,0.05,0.42,Debit Card
TXN171A5600C7,2024-04-15,BR01,Eluru,Andhra Pradesh,CUST00279,Praveen Babu,Retail,P002,Mid-range Smartphone 5G,Mobile,1,18620.26,0.1,0.78,UPI
TXNFE500B496C,2024-01-17,BR01,Eluru,Andhra Pradesh,CUST00014,Aishwarya Naidu,Wholesale,P018,LED TV 43-inch,Electronics,1,28543.89,0.0,0.8,UPI
TXN69E2DA920A,2024-11-27,BR01,Eluru,Andhra Pradesh,CUST01237,Sneha Reddy,Wholesale,P004,Wireless Earbuds,Mobile,1,2977.33,0.05,0.55,UPI
TXNC3CBF8AF87,2024-05-05,BR01,Eluru,Andhra Pradesh,CUST01108,Kiran Babu,Corporate,P012,Mobile Charger,Accessories,3,1016.02,0.0,0.42,UPI
TXN9FB601BF19,2023-09-17,BR01,Eluru,Andhra Pradesh,CUST01695,Deepika Prasad,Retail,P012,Mobile Charger,Accessories,3,1783.7,0.0,0.42,Credit Card
TXN827C034887,2023-12-24,BR01,Eluru,Andhra Pradesh,CUST00192,Srinivas Prasad,Retail,P007,Gaming Laptop i7,Laptop,1,129081.01,0.15,0.78,UPI
TXN3511F2943B,2024-03-02,BR01,Eluru,Andhra Pradesh,CUST00046,Arjun Babu,Retail,P007,Gaming Laptop i7,Laptop,1,95555.43,0.0,0.78,Cash
TXNCAA939D4B6,2024-06-28,BR01,Eluru,Andhra Pradesh,CUST01734,Arjun Devi,Retail,P017,Microwave Oven,Home Appliances,4,6512.67,0.1,0.75,UPI
TXNE12A237982,2024-12-30,BR01,Eluru,Andhra Pradesh,CUST00423,Vikram Prasad,Retail,P020,Home Theatre System,Electronics,2,18501.38,0.05,0.6,UPI
TXN22AA1FAE09,2023-10-21,BR01,Eluru,Andhra Pradesh,CUST01658,Vikram Naidu,Retail,P012,Mobile Charger,Accessories,1,721.26,0.05,0.42,UPI
TXN3A9F1612F4,2023-04-24,BR01,Eluru,Andhra Pradesh,CUST00338,Swathi Sharma,Corporate,P012,Mobile Charger,Accessories,4,1509.06,0.0,0.42,Debit Card
TXN09B01418FB,2024-04-07,BR01,Eluru,Andhra Pradesh,CUST01822,Divya Naidu,Retail,P001,Budget Smartphone 4G,Mobile,2,13171.06,0.0,0.8,Debit Card
TXN62F4DD16F0,2023-06-30,BR01,Eluru,Andhra Pradesh,CUST01640,Suresh Naidu,Retail,P011,Bluetooth Speaker,Accessories,2,4405.82,0.05,0.5,Credit Card
TXN4565CB0295,2024-06-05,BR01,Eluru,Andhra Pradesh,CUST01383,Lakshmi Reddy,Retail,P010,Wireless Mouse,Accessories,2,1260.32,0.15,0.4,Credit Card
TXN722C711710,2024-06-14,BR01,Eluru,Andhra Pradesh,CUST01035,Lakshmi Kumar,Retail,P013,Power Bank,Accessories,1,1504.88,0.05,0.48,Cash
TXNE6AA266E32,2024-07-22,BR01,Eluru,Andhra Pradesh,CUST01195,Manoj Chowdary,Retail,P011,Bluetooth Speaker,Accessories,4,1112.6,0.15,0.5,Debit Card
TXND0639EB114,2024-07-11,BR01,Eluru,Andhra Pradesh,CUST01819,Ravi Kumar,Retail,P018,LED TV 43-inch,Electronics,1,29587.09,0.0,0.8,UPI
TXN5CD6909EC3,2023-10-14,BR01,Eluru,Andhra Pradesh,CUST00599,Praveen Murthy,Retail,P007,Gaming Laptop i7,Laptop,1,119823.81,0.1,0.78,Cash
TXNF5AB379EC8,2023-02-03,BR01,Eluru,Andhra Pradesh,CUST00807,Sneha Varma,Corporate,P001,Budget Smartphone 4G,Mobile,1,11315.33,0.1,0.8,Net Banking
TXNF39CDD8C7D,2023-12-28,BR01,Eluru,Andhra Pradesh,CUST01775,Sneha Sharma,Corporate,P013,Power Bank,Accessories,1,1681.13,0.0,0.48,UPI
TXNF60DEE12B4,2023-08-15,BR01,Eluru,Andhra Pradesh,CUST01109,Kiran Rao,Retail,P013,Power Bank,Accessories,2,1299.14,0.15,0.48,UPI
TXN7270D1CF4C,2024-02-26,BR01,Eluru,Andhra Pradesh,CUST01228,Meena Prasad,Retail,P004,Wireless Earbuds,Mobile,1,3294.86,0.0,0.55,Debit Card
TXNAE157540C9,2023-02-05,BR01,Eluru,Andhra Pradesh,CUST00945,Ramesh Prasad,Retail,P010,Wireless Mouse,Accessories,3,1242.5,0.0,0.4,UPI
TXN4656BEC472,2023-01-09,BR01,Eluru,Andhra Pradesh,CUST00905,Ramesh Sharma,Retail,P003,Flagship Smartphone,Mobile,1,84875.97,0.15,0.75,Cash
TXNF9CA465853,2024-03-07,BR01,Eluru,Andhra Pradesh,CUST00382,Sandeep Sharma,Retail,P017,Microwave Oven,Home Appliances,2,12958.11,0.0,0.75,UPI
TXN112E67B999,2023-04-01,BR01,Eluru,Andhra Pradesh,CUST00955,Anitha Chowdary,Retail,P015,Refrigerator 300L,Home Appliances,1,28846.3,0.1,0.82,UPI
TXN553A836199,2023-10-20,BR01,Eluru,Andhra Pradesh,CUST01296,Swathi Kumar,Retail,P009,Laptop Bag,Accessories,1,1782.1,0.05,0.45,Debit Card
TXN90846CF960,2023-01-06,BR01,Eluru,Andhra Pradesh,CUST01015,Anitha Sarma,Retail,P013,Power Bank,Accessories,3,1002.54,0.05,0.48,Credit Card
TXN7FFAE4194F,2024-07-10,BR01,Eluru,Andhra Pradesh,CUST01768,Vikram Prasad,Corporate,P001,Budget Smartphone 4G,Mobile,1,8358.03,0.0,0.8,UPI
TXN8C0160CDF8,2023-05-21,BR01,Eluru,Andhra Pradesh,CUST00339,Srinivas Naidu,Wholesale,P012,Mobile Charger,Accessories,2,980.63,0.0,0.42,Credit Card
TXNB089022C38,2024-12-15,BR01,Eluru,Andhra Pradesh,CUST00937,Meena Sharma,Retail,P002,Mid-range Smartphone 5G,Mobile,1,21592.86,0.15,0.78,UPI
TXNAF485B1CE6,2023-05-05,BR01,Eluru,Andhra Pradesh,CUST01875,Sneha Kumar,Retail,P019,LED TV 55-inch,Electronics,1,53282.18,0.1,0.79,UPI
TXN22C321DD0B,2023-01-24,BR01,Eluru,Andhra Pradesh,CUST00978,Kavya Murthy,Wholesale,P019,LED TV 55-inch,Electronics,1,49446.47,0.0,0.79,Net Banking
TXN40C3122F8F,2023-06-01,BR01,Eluru,Andhra Pradesh,CUST00512,Aishwarya Prasad,Wholesale,P005,Entry Laptop i3,Laptop,1,28779.59,0.1,0.82,UPI
TXN3746990129,2023-05-11,BR01,Eluru,Andhra Pradesh,CUST01694,Manoj Sarma,Retail,P002,Mid-range Smartphone 5G,Mobile,1,22638.38,0.0,0.78,Debit Card
TXN88480B293F,2024-08-14,BR01,Eluru,Andhra Pradesh,CUST00196,Kiran Varma,Retail,P016,Washing Machine,Home Appliances,1,32677.98,0.15,0.8,UPI
TXNCE1E140F04,2023-06-29,BR01,Eluru,Andhra Pradesh,CUST01215,Praveen Rao,Retail,P003,Flagship Smartphone,Mobile,1,77579.85,0.15,0.75,Credit Card
TXN9CB8D8AFDB,2024-08-12,BR01,Eluru,Andhra Pradesh,CUST00616,Deepika Prasad,Corporate,P010,Wireless Mouse,Accessories,1,818.51,0.0,0.4,UPI
TXN67743F8394,2023-10-02,BR01,Eluru,Andhra Pradesh,CUST00531,Pooja Devi,Retail,P002,Mid-range Smartphone 5G,Mobile,4,15840.44,0.1,0.78,UPI
TXN03772D6C87,2024-05-29,BR01,Eluru,Andhra Pradesh,CUST01570,Ramesh Varma,Corporate,P018,LED TV 43-inch,Electronics,1,23274.24,0.0,0.8,UPI
TXN9523CD5BAA,2024-10-21,BR01,Eluru,Andhra Pradesh,CUST01125,Sneha Prasad,Retail,P011,Bluetooth Speaker,Accessories,1,2111.5,0.0,0.5,UPI
TXN777B8F4495,2024-08-04,BR01,Eluru,Andhra Pradesh,CUST01835,Naveen Murthy,Retail,P004,Wireless Earbuds,Mobile,1,2401.88,0.0,0.55,UPI
TXN32DFD6E317,2023-03-29,BR01,Eluru,Andhra Pradesh,CUST01473,Aishwarya Naidu,Wholesale,P001,Budget Smartphone 4G,Mobile,1,11530.32,0.0,0.8,Cash
TXN4530A731A4,2024-12-06,BR01,Eluru,Andhra Pradesh,CUST01538,Sneha Naidu,Retail,P006,Business Laptop i5,Laptop,1,56165.41,0.05,0.8,Cash
TXN372A36BE9E,2024-01-24,BR01,Eluru,Andhra Pradesh,CUST00268,Lakshmi Varma,Retail,P014,Split AC 1.5 Ton,Home Appliances,1,34443.86,0.05,0.83,UPI
TXNB2953D5C45,2023-11-13,BR01,Eluru,Andhra Pradesh,CUST01449,Praveen Reddy,Retail,P011,Bluetooth Speaker,Accessories,4,4903.82,0.25,0.5,Debit Card
TXN3536D7F59B,2023-04-01,BR01,Eluru,Andhra Pradesh,CUST00234,Pooja Devi,Retail,P019,LED TV 55-inch,Electronics,1,55289.46,0.0,0.79,Debit Card
TXND27AE1FD52,2023-02-06,BR01,Eluru,Andhra Pradesh,CUST01439,Vikram Sarma,Retail,P004,Wireless Earbuds,Mobile,1,5857.48,0.1,0.55,UPI
TXN373414E26B,2023-08-20,BR01,Eluru,Andhra Pradesh,CUST01458,Divya Kumar,Retail,P002,Mid-range Smartphone 5G,Mobile,1,16780.43,0.05,0.78,UPI
TXN73BC551D65,2024-04-30,BR01,Eluru,Andhra Pradesh,CUST01608,Ajay Sarma,Wholesale,P007,Gaming Laptop i7,Laptop,1,113662.34,0.05,0.78,Debit Card
TXN791547BBAC,2023-05-25,BR01,Eluru,Andhra Pradesh,CUST00518,Praveen Rao,Retail,P002,Mid-range Smartphone 5G,Mobile,1,21270.96,0.0,0.78,UPI
TXNB518A67B98,2023-10-27,BR01,Eluru,Andhra Pradesh,CUST01956,Sneha Devi,Retail,P015,Refrigerator 300L,Home Appliances,1,40832.76,0.25,0.82,UPI
TXN5813EDCCCC,2024-02-25,BR01,Eluru,Andhra Pradesh,CUST01564,Sneha Devi,Wholesale,P003,Flagship Smartphone,Mobile,1,86162.61,0.1,0.75,Credit Card
TXN6F7F06A65A,2023-11-25,BR01,Eluru,Andhra Pradesh,CUST00542,Ajay Prasad,Corporate,P018,LED TV 43-inch,Electronics,1,22401.07,0.05,0.8,Credit Card
TXN6BBC01C0A1,2024-12-23,BR01,Eluru,Andhra Pradesh,CUST00335,Meena Kumar,Retail,P020,Home Theatre System,Electronics,1,7800.02,0.1,0.6,UPI
TXN96A938FF08,2024-08-17,BR01,Eluru,Andhra Pradesh,CUST00741,Anitha Devi,Retail,P020,Home Theatre System,Electronics,2,19319.1,0.05,0.6,UPI
TXNC25A9ED115,2024-09-22,BR01,Eluru,Andhra Pradesh,CUST01221,Sandeep Chowdary,Wholesale,P021,Smart Watch,Electronics,1,6556.32,0.0,0.55,Net Banking
TXNFD7368F252,2023-11-19,BR01,Eluru,Andhra Pradesh,CUST01096,Praveen Kumar,Retail,P001,Budget Smartphone 4G,Mobile,3,9713.5,0.1,0.8,UPI
TXNF37DB2C23E,2023-05-27,BR01,Eluru,Andhra Pradesh,CUST00311,Ramesh Naidu,Retail,P016,Washing Machine,Home Appliances,1,34742.92,0.15,0.8,Debit Card
TXNAE18069FF8,2024-12-08,BR01,Eluru,Andhra Pradesh,CUST01596,Sneha Reddy,Retail,P003,Flagship Smartphone,Mobile,1,82557.39,0.1,0.75,UPI
TXNBD8101D55F,2023-05-21,BR01,Eluru,Andhra Pradesh,CUST01230,Vikram Babu,Wholesale,P013,Power Bank,Accessories,1,2079.54,0.1,0.48,UPI
TXN2DFA8A9417,2024-07-05,BR01,Eluru,Andhra Pradesh,CUST00186,Meena Murthy,Retail,P013,Power Bank,Accessories,1,1811.88,0.05,0.48,Credit Card
TXN168E285E8D,2023-04-12,BR01,Eluru,Andhra Pradesh,CUST00546,Deepika Murthy,Retail,P008,Ultrabook Thin & Light,Laptop,1,62870.65,0.0,0.79,Cash
TXN2D8CBA26E3,2024-01-24,BR01,Eluru,Andhra Pradesh,CUST00130,Pooja Reddy,Wholesale,P012,Mobile Charger,Accessories,2,621.7,0.05,0.42,UPI
TXN1459701358,2023-08-20,BR01,Eluru,Andhra Pradesh,CUST00585,Sneha Prasad,Wholesale,P004,Wireless Earbuds,Mobile,1,3098.45,0.05,0.55,Debit Card
TXNF3F9DA8CAA,2024-06-16,BR01,Eluru,Andhra Pradesh,CUST00250,Aishwarya Sarma,Wholesale,P007,Gaming Laptop i7,Laptop,1,82396.23,0.15,0.78,UPI
TXN73BBBD997B,2023-07-14,BR01,Eluru,Andhra Pradesh,CUST00302,Ramesh Sarma,Retail,P003,Flagship Smartphone,Mobile,1,63417.28,0.1,0.75,Debit Card
TXNB9AE7F81C1,2023-10-01,BR01,Eluru,Andhra Pradesh,CUST01646,Ramesh Sharma,Retail,P016,Washing Machine,Home Appliances,1,28511.08,0.25,0.8,Debit Card
TXN3296BC62FB,2024-04-18,BR01,Eluru,Andhra Pradesh,CUST00537,Sandeep Babu,Retail,P012,Mobile Charger,Accessories,2,1691.39,0.0,0.42,Net Banking
TXNFACE730073,2024-06-09,BR01,Eluru,Andhra Pradesh,CUST01916,Praveen Reddy,Retail,P010,Wireless Mouse,Accessories,2,1141.01,0.0,0.4,UPI
TXNFEFAF68D05,2024-09-21,BR01,Eluru,Andhra Pradesh,CUST01124,Sneha Prasad,Retail,P014,Split AC 1.5 Ton,Home Appliances,1,38188.89,0.1,0.83,Cash
TXN037A1FD25E,2024-10-15,BR01,Eluru,Andhra Pradesh,CUST00312,Sandeep Chowdary,Retail,P002,Mid-range Smartphone 5G,Mobile,1,15367.69,0.0,0.78,Net Banking
TXN9924B7EC2A,2024-05-13,BR01,Eluru,Andhra Pradesh,CUST01085,Vikram Prasad,Retail,P011,Bluetooth Speaker,Accessories,2,1339.11,0.0,0.5,UPI
TXNDBB0F6C43B,2024-10-11,BR01,Eluru,Andhra Pradesh,CUST00234,Pooja Devi,Retail,P017,Microwave Oven,Home Appliances,1,9343.85,0.1,0.75,Cash
TXN5374258FE2,2023-03-02,BR01,Eluru,Andhra Pradesh,CUST00656,Kavya Varma,Retail,P013,Power Bank,Accessories,1,2016.64,0.1,0.48,Credit Card
TXN0033F6FCA0,2023-03-12,BR01,Eluru,Andhra Pradesh,CUST00533,Pooja Naidu,Retail,P014,Split AC 1.5 Ton,Home Appliances,1,34685.38,0.15,0.83,UPI
TXNE98BDFA81B,2024-09-01,BR01,Eluru,Andhra Pradesh,CUST01088,Manoj Babu,Wholesale,P003,Flagship Smartphone,Mobile,1,63194.85,0.0,0.75,Credit Card
TXN2230F337E9,2024-10-30,BR01,Eluru,Andhra Pradesh,CUST01965,Deepika Kumar,Retail,P010,Wireless Mouse,Accessories,2,1219.12,0.15,0.4,Debit Card
TXN3FC302C8BE,2024-08-21,BR01,Eluru,Andhra Pradesh,CUST01885,Kavya Varma,Retail,P016,Washing Machine,Home Appliances,1,20236.36,0.0,0.8,Cash
TXNBAA1350164,2024-10-29,BR01,Eluru,Andhra Pradesh,CUST01773,Meena Murthy,Retail,P002,Mid-range Smartphone 5G,Mobile,1,17595.7,0.0,0.78,Net Banking
TXNF133726F42,2023-04-12,BR01,Eluru,Andhra Pradesh,CUST00063,,Retail,P002,Mid-range Smartphone 5G,Mobile,1,26845.94,0.0,0.78,Credit Card
TXN08807F71D2,2024-06-11,BR01,Eluru,Andhra Pradesh,CUST01284,Anitha Chowdary,Retail,P006,Business Laptop i5,Laptop,1,49226.09,0.15,0.8,Net Banking
TXNF928433A61,2023-01-21,BR01,Eluru,Andhra Pradesh,CUST00382,Sandeep Sharma,Retail,P021,Smart Watch,Electronics,1,10882.96,0.1,0.55,Debit Card
TXN6130CD8EEA,2024-10-13,BR01,Eluru,Andhra Pradesh,CUST01135,Swathi Chowdary,Retail,P017,Microwave Oven,Home Appliances,1,6024.94,0.05,0.75,Debit Card
TXN8098678E77,2024-12-28,BR01,Eluru,Andhra Pradesh,CUST00721,Meena Naidu,Wholesale,P001,Budget Smartphone 4G,Mobile,1,10535.48,0.0,0.8,UPI
TXNBCD3550571,2023-10-02,BR01,Eluru,Andhra Pradesh,CUST00334,Kavya Prasad,Retail,P010,Wireless Mouse,Accessories,1,1227.74,0.2,0.4,Debit Card
TXN16385D0852,2023-09-17,BR01,Eluru,Andhra Pradesh,CUST00524,Praveen Prasad,Retail,P003,Flagship Smartphone,Mobile,1,78726.02,0.05,0.75,UPI
TXNBF20CEE994,2023-11-02,BR01,Eluru,Andhra Pradesh,CUST01709,Srinivas Naidu,Retail,P012,Mobile Charger,Accessories,1,1696.87,0.0,0.42,Debit Card
TXND4BC0D2762,2024-05-06,BR01,Eluru,Andhra Pradesh,CUST00636,Priya Sarma,Wholesale,P002,Mid-range Smartphone 5G,Mobile,1,18416.48,0.15,0.78,Debit Card
TXN77D761F928,2023-02-06,BR01,Eluru,Andhra Pradesh,CUST00691,Praveen Reddy,Retail,P009,Laptop Bag,Accessories,4,1529.93,0.15,0.45,Debit Card
TXNB5919A1280,2023-01-27,BR01,Eluru,Andhra Pradesh,CUST01877,Sneha Naidu,Retail,P008,Ultrabook Thin & Light,Laptop,1,57124.4,0.05,0.79,Debit Card
TXNE9C676632E,2024-07-15,BR01,Eluru,Andhra Pradesh,CUST00039,Kiran Devi,Retail,P005,Entry Laptop i3,Laptop,1,33744.66,0.0,0.82,Debit Card
TXN3A5015C0DC,2024-01-09,BR01,Eluru,Andhra Pradesh,CUST00416,Meena Kumar,Retail,P009,Laptop Bag,Accessories,3,1147.97,0.05,0.45,UPI
TXN78A0E06ADE,2023-02-05,BR01,Eluru,Andhra Pradesh,CUST00303,Naveen Naidu,Retail,P013,Power Bank,Accessories,1,1449.6,0.0,0.48,Credit Card
TXN8BD09A0520,2024-04-16,BR01,Eluru,Andhra Pradesh,CUST00883,Pooja Devi,Wholesale,P008,Ultrabook Thin & Light,Laptop,1,68445.21,0.1,0.79,Credit Card
TXN55B1EE5DFE,2024-08-13,BR01,Eluru,Andhra Pradesh,CUST00192,Srinivas Prasad,Retail,P003,Flagship Smartphone,Mobile,1,82205.28,0.0,0.75,UPI
TXN20923BC203,2023-07-23,BR01,Eluru,Andhra Pradesh,CUST00409,Ravi Murthy,Wholesale,P017,Microwave Oven,Home Appliances,1,8252.44,0.05,0.75,Net Banking
TXNE9FC1BA52A,2023-08-24,BR01,Eluru,Andhra Pradesh,CUST00491,Aishwarya Reddy,Retail,P002,Mid-range Smartphone 5G,Mobile,1,23190.7,0.0,0.78,UPI
TXN647E8EF2A0,2024-03-07,BR01,Eluru,Andhra Pradesh,CUST00390,Harika Babu,Retail,P011,Bluetooth Speaker,Accessories,4,3109.68,0.05,0.5,Credit Card
TXN1283C04848,2023-05-24,BR01,Eluru,Andhra Pradesh,CUST01143,Sneha Reddy,Retail,P010,Wireless Mouse,Accessories,1,715.53,0.0,0.4,UPI
TXN9A857DA6CB,2023-05-27,BR01,Eluru,Andhra Pradesh,CUST00985,Divya Sarma,Retail,P020,Home Theatre System,Electronics,2,19731.25,0.0,0.6,Debit Card
TXN9255362A76,2023-06-09,BR01,Eluru,Andhra Pradesh,CUST01521,Ajay Sarma,Retail,P019,LED TV 55-inch,Electronics,1,45570.05,0.05,0.79,Debit Card
TXN79B2F7F218,2024-06-06,BR01,Eluru,Andhra Pradesh,CUST01677,Vikram Devi,Corporate,P001,Budget Smartphone 4G,Mobile,1,12104.37,0.15,0.8,Credit Card
TXN4D5839CA54,2023-12-26,BR01,Eluru,Andhra Pradesh,CUST01718,Suresh Prasad,Retail,P018,LED TV 43-inch,Electronics,1,27607.37,0.0,0.8,UPI
TXN83A4F57876,2024-08-28,BR01,Eluru,Andhra Pradesh,CUST01729,Ravi Murthy,Retail,P012,Mobile Charger,Accessories,1,503.85,0.0,0.42,Net Banking
TXNCC72459680,2024-01-04,BR01,Eluru,Andhra Pradesh,CUST01632,Meena Rao,Retail,P020,Home Theatre System,Electronics,2,6812.18,0.0,0.6,Net Banking
TXN53E2802108,2023-04-07,BR01,Eluru,Andhra Pradesh,CUST00230,Vikram Rao,Retail,P010,Wireless Mouse,Accessories,1,499.25,0.0,0.4,UPI
TXN62D0CDF051,2024-06-08,BR01,Eluru,Andhra Pradesh,CUST00612,Harika Babu,Retail,P006,Business Laptop i5,Laptop,1,52432.28,0.05,0.8,UPI
TXN5C5AD99E56,2024-03-10,BR01,Eluru,Andhra Pradesh,CUST01699,Kiran Babu,Retail,P013,Power Bank,Accessories,1,2475.86,0.1,0.48,Cash
TXNCC50B65E5E,2024-02-27,BR01,Eluru,Andhra Pradesh,CUST01495,Praveen Chowdary,Retail,P017,Microwave Oven,Home Appliances,2,12874.29,0.1,0.75,UPI
TXN6F29F30106,2024-06-12,BR01,Eluru,Andhra Pradesh,CUST00064,Ajay Naidu,Retail,P021,Smart Watch,Electronics,2,5010.7,0.0,0.55,Net Banking
TXN5A53F50703,2023-03-19,BR01,Eluru,Andhra Pradesh,CUST01544,Praveen Varma,Retail,P011,Bluetooth Speaker,Accessories,1,2253.34,0.0,0.5,UPI
TXN9FCAC5F1ED,2023-10-03,BR01,Eluru,Andhra Pradesh,CUST01940,Suresh Reddy,Wholesale,P013,Power Bank,Accessories,2,1341.21,0.2,0.48,Net Banking
TXN7345C4C813,2023-11-13,BR01,Eluru,Andhra Pradesh,CUST00589,Manoj Rao,Wholesale,P020,Home Theatre System,Electronics,2,7375.71,0.25,0.6,UPI
TXN10C159B7C1,2023-08-08,BR01,Eluru,Andhra Pradesh,CUST01547,Ajay Babu,Corporate,P010,Wireless Mouse,Accessories,1,859.52,0.05,0.4,UPI
TXN48D3F4DEA5,2024-10-31,BR01,Eluru,Andhra Pradesh,CUST01101,Sneha Devi,Retail,P004,Wireless Earbuds,Mobile,3,5744.85,0.05,0.55,Debit Card
TXNAA0650052A,2024-11-11,BR01,Eluru,Andhra Pradesh,CUST01891,Vikram Sharma,Retail,P002,Mid-range Smartphone 5G,Mobile,1,24816.52,0.1,0.78,UPI
TXN62CC9E422B,2024-07-07,BR01,Eluru,Andhra Pradesh,CUST01987,Anitha Prasad,Wholesale,P009,Laptop Bag,Accessories,1,1276.83,0.05,0.45,UPI
TXNF05C6B84BE,2023-07-05,BR01,Eluru,Andhra Pradesh,CUST00631,Aishwarya Kumar,Retail,P017,Microwave Oven,Home Appliances,1,8349.27,0.0,0.75,Cash
TXN37919DDC31,2024-01-10,BR01,Eluru,Andhra Pradesh,CUST01527,Deepika Murthy,Retail,P006,Business Laptop i5,Laptop,1,43114.1,0.05,0.8,Credit Card
TXN9D65A38F87,2023-07-18,BR01,Eluru,Andhra Pradesh,CUST01520,Anitha Prasad,Retail,P004,Wireless Earbuds,Mobile,1,4870.34,0.05,0.55,Cash
TXN4A0261C766,2023-09-14,BR01,Eluru,Andhra Pradesh,CUST01348,Divya Naidu,Retail,P016,Washing Machine,Home Appliances,1,24949.38,0.1,0.8,Cash
TXN65D8739F08,2024-02-03,BR01,Eluru,Andhra Pradesh,CUST01039,Meena Sarma,Corporate,P016,Washing Machine,Home Appliances,1,25905.38,0.05,0.8,UPI
TXNABFBF5F876,2023-05-17,BR01,Eluru,Andhra Pradesh,CUST01655,Divya Prasad,Retail,P021,Smart Watch,Electronics,1,5698.89,0.1,0.55,UPI
TXNBA202726D5,2023-04-28,BR01,Eluru,Andhra Pradesh,CUST00035,Arjun Kumar,Retail,P019,LED TV 55-inch,Electronics,1,58486.07,0.15,0.79,UPI
TXNDBFF46228D,2023-09-03,BR01,Eluru,Andhra Pradesh,CUST00293,Sneha Naidu,Retail,P019,LED TV 55-inch,Electronics,1,48384.22,0.0,0.79,UPI
TXN4A26DFEE00,2023-01-02,BR01,Eluru,Andhra Pradesh,CUST01190,Suresh Murthy,Retail,P008,Ultrabook Thin & Light,Laptop,1,72802.35,0.0,0.79,UPI
TXN0FF8FD434E,2023-04-09,BR01,Eluru,Andhra Pradesh,CUST00078,Harika Reddy,Retail,P012,Mobile Charger,Accessories,2,651.88,0.0,0.42,Credit Card
TXN4465FDE183,2024-05-03,BR01,Eluru,Andhra Pradesh,CUST00883,Pooja Devi,Wholesale,P001,Budget Smartphone 4G,Mobile,2,8485.78,0.1,0.8,Cash
TXN6E5A064A49,2024-03-20,BR01,Eluru,Andhra Pradesh,CUST00555,Suresh Naidu,Retail,P017,Microwave Oven,Home Appliances,4,7638.99,0.0,0.75,UPI
TXNDB7436908F,2024-01-22,BR01,Eluru,Andhra Pradesh,CUST01188,Srinivas Chowdary,Retail,P002,Mid-range Smartphone 5G,Mobile,3,15461.88,0.05,0.78,UPI
TXN740EBAB49A,2023-04-17,BR01,Eluru,Andhra Pradesh,CUST01187,Suresh Reddy,Corporate,P009,Laptop Bag,Accessories,2,1335.04,0.15,0.45,Cash
TXN550611134F,2023-11-22,BR01,Eluru,Andhra Pradesh,CUST01055,Priya Sarma,Retail,P009,Laptop Bag,Accessories,1,1328.38,0.05,0.45,UPI
TXN2D14B5D251,2024-12-19,BR01,Eluru,Andhra Pradesh,CUST01048,Sandeep Reddy,Wholesale,P001,Budget Smartphone 4G,Mobile,1,10189.69,0.05,0.8,Net Banking
TXNE781F8072D,2024-05-07,BR01,Eluru,Andhra Pradesh,CUST00571,Sneha Prasad,Retail,P013,Power Bank,Accessories,1,1488.3,0.0,0.48,Cash
TXN3837D05585,2024-11-24,BR01,Eluru,Andhra Pradesh,CUST01201,Swathi Rao,Retail,P011,Bluetooth Speaker,Accessories,1,2027.47,0.1,0.5,UPI
TXNC679FBFC48,2024-12-26,BR01,Eluru,Andhra Pradesh,CUST01278,Suresh Sarma,Retail,P003,Flagship Smartphone,Mobile,1,46183.86,0.15,0.75,Debit Card
TXNC05A82FF58,2023-07-25,BR01,Eluru,Andhra Pradesh,CUST00261,Ajay Prasad,Retail,P009,Laptop Bag,Accessories,1,1557.87,0.0,0.45,Credit Card
TXN8A014E171F,2024-12-30,BR01,Eluru,Andhra Pradesh,CUST00763,Naveen Sharma,Corporate,P004,Wireless Earbuds,Mobile,2,2006.62,0.15,0.55,Cash
TXNAAB7C91B82,2023-12-08,BR01,Eluru,Andhra Pradesh,CUST01239,Kavya Devi,Retail,P004,Wireless Earbuds,Mobile,4,2358.06,0.0,0.55,UPI
TXN9FEFF4BF35,2024-06-08,BR01,Eluru,Andhra Pradesh,CUST00575,Sandeep Prasad,Retail,P019,LED TV 55-inch,Electronics,1,38827.54,0.0,0.79,UPI
TXN803E1E352D,2023-10-02,BR01,Eluru,Andhra Pradesh,CUST01778,Arjun Rao,Retail,P010,Wireless Mouse,Accessories,1,1460.78,0.05,0.4,Credit Card
TXN9645854147,2023-03-27,BR01,Eluru,Andhra Pradesh,CUST01875,Sneha Kumar,Retail,P001,Budget Smartphone 4G,Mobile,1,11538.77,0.05,0.8,UPI
TXNF44DEEFC10,2024-07-25,BR01,Eluru,Andhra Pradesh,CUST00869,Pooja Rao,Retail,P005,Entry Laptop i3,Laptop,1,37269.04,0.15,0.82,UPI
TXN62D865F3BA,2023-01-25,BR01,Eluru,Andhra Pradesh,CUST01405,Pooja Varma,Retail,P009,Laptop Bag,Accessories,1,1759.13,0.0,0.45,Cash
TXN93B9C2EEE0,2023-11-04,BR01,Eluru,Andhra Pradesh,CUST01712,Naveen Chowdary,Retail,P019,LED TV 55-inch,Electronics,1,50338.91,0.0,0.79,Net Banking
TXN472CBB3904,2024-06-17,BR01,Eluru,Andhra Pradesh,CUST01311,Naveen Sharma,Retail,P021,Smart Watch,Electronics,1,2857.67,0.05,0.55,Credit Card
TXNE75BDB2778,2023-08-19,BR01,Eluru,Andhra Pradesh,CUST00116,Lakshmi Kumar,Retail,P018,LED TV 43-inch,Electronics,1,26208.74,0.15,0.8,UPI
TXN44319DB88B,2024-03-25,BR01,Eluru,Andhra Pradesh,CUST00882,Praveen Sharma,Retail,P021,Smart Watch,Electronics,4,4697.56,0.0,0.55,Debit Card
TXN464D04F8E1,2024-10-24,BR01,Eluru,Andhra Pradesh,CUST00330,Sneha Rao,Retail,P012,Mobile Charger,Accessories,1,1024.8,0.1,0.42,Credit Card
TXN5F6F9B77EB,2024-04-21,BR01,Eluru,Andhra Pradesh,CUST01739,Meena Prasad,Retail,P010,Wireless Mouse,Accessories,1,1472.09,0.0,0.4,UPI
TXNC710C2BADA,2024-09-16,BR01,Eluru,Andhra Pradesh,CUST00776,Anitha Chowdary,Retail,P001,Budget Smartphone 4G,Mobile,3,13467.88,0.0,0.8,Cash
TXN12ABA62B60,2023-10-09,BR01,Eluru,Andhra Pradesh,CUST01291,Anitha Chowdary,Retail,P002,Mid-range Smartphone 5G,Mobile,1,16519.02,0.1,0.78,UPI
TXNAADADB3050,2024-04-29,BR01,Eluru,Andhra Pradesh,CUST00920,Suresh Babu,Corporate,P018,LED TV 43-inch,Electronics,1,26025.5,0.0,0.8,UPI
TXN0FFD234893,2024-06-28,BR01,Eluru,Andhra Pradesh,CUST00395,Divya Sharma,Retail,P001,Budget Smartphone 4G,Mobile,1,10772.92,0.0,0.8,Credit Card
TXNAD79419252,2023-04-25,BR01,Eluru,Andhra Pradesh,CUST01998,Sandeep Kumar,Retail,P001,Budget Smartphone 4G,Mobile,1,10418.69,0.0,0.8,Cash
TXN85D9119589,2023-02-23,BR01,Eluru,Andhra Pradesh,CUST01279,Harika Sharma,Retail,P002,Mid-range Smartphone 5G,Mobile,1,21043.64,0.0,0.78,UPI
TXND40A2E4F14,2024-07-06,BR01,Eluru,Andhra Pradesh,CUST01501,Sneha Devi,Retail,P011,Bluetooth Speaker,Accessories,1,1155.08,0.15,0.5,UPI
TXNC248DC3221,2024-07-23,BR01,Eluru,Andhra Pradesh,CUST00082,Meena Prasad,Retail,P008,Ultrabook Thin & Light,Laptop,1,90809.35,0.15,0.79,Debit Card
TXN33AF5BF1D7,2024-05-29,BR01,Eluru,Andhra Pradesh,CUST01264,Praveen Prasad,Retail,P001,Budget Smartphone 4G,Mobile,4,9240.14,0.0,0.8,UPI
TXN0CBC2743BA,2024-11-23,BR01,Eluru,Andhra Pradesh,CUST00957,Ravi Rao,Retail,P020,Home Theatre System,Electronics,1,11522.41,0.1,0.6,Net Banking
TXN15FDA00C9E,2023-10-26,BR01,Eluru,Andhra Pradesh,CUST00639,Priya Rao,Retail,P009,Laptop Bag,Accessories,2,674.65,0.15,0.45,UPI
TXNDA96238418,2023-06-29,BR01,Eluru,Andhra Pradesh,CUST01085,Vikram Prasad,Retail,P018,LED TV 43-inch,Electronics,1,29001.47,0.1,0.8,Credit Card
TXN56687FB94A,2023-12-16,BR01,Eluru,Andhra Pradesh,CUST00301,Sandeep Naidu,Retail,P016,Washing Machine,Home Appliances,1,18550.15,0.05,0.8,Credit Card
TXN489486E274,2023-11-29,BR01,Eluru,Andhra Pradesh,CUST00580,Pooja Devi,Corporate,P009,Laptop Bag,Accessories,2,757.52,0.2,0.45,UPI
TXN8EA9E09D4B,2023-11-29,BR01,Eluru,Andhra Pradesh,CUST00348,Kavya Sarma,Corporate,P014,Split AC 1.5 Ton,Home Appliances,1,34631.23,0.1,0.83,Net Banking
TXN09CFF82238,2023-07-05,BR01,Eluru,Andhra Pradesh,CUST00723,Kiran Rao,Retail,P010,Wireless Mouse,Accessories,2,1435.11,0.0,0.4,Debit Card
TXNA159664ABC,2024-12-09,BR01,Eluru,Andhra Pradesh,CUST00775,Kiran Reddy,Corporate,P001,Budget Smartphone 4G,Mobile,1,11550.37,0.1,0.8,UPI
TXN08BD82EEF4,2024-12-11,BR01,Eluru,Andhra Pradesh,CUST00256,Ravi Rao,Retail,P013,Power Bank,Accessories,1,1993.16,0.0,0.48,UPI
TXN5641D02962,2023-12-13,BR01,Eluru,Andhra Pradesh,CUST01907,Pooja Reddy,Wholesale,P002,Mid-range Smartphone 5G,Mobile,1,25856.64,0.05,0.78,Cash
TXNDBF3ED05CE,2024-05-21,BR01,Eluru,Andhra Pradesh,CUST01658,Vikram Naidu,Retail,P019,LED TV 55-inch,Electronics,1,38723.79,0.0,0.79,UPI
TXN62E0BE8740,2023-07-21,BR01,Eluru,Andhra Pradesh,CUST01045,Srinivas Babu,Retail,P021,Smart Watch,Electronics,1,7899.29,0.1,0.55,UPI
TXND0D5B9A3F5,2023-04-25,BR01,Eluru,Andhra Pradesh,CUST00674,Deepika Devi,Retail,P012,Mobile Charger,Accessories,1,1444.85,0.1,0.42,Cash
TXN5AD26A7EEE,2024-05-22,BR01,Eluru,Andhra Pradesh,CUST00969,Aishwarya Murthy,Retail,P016,Washing Machine,Home Appliances,1,31033.59,0.15,0.8,UPI
TXN537909AD43,2024-03-08,BR01,Eluru,Andhra Pradesh,CUST00549,Naveen Naidu,Retail,P010,Wireless Mouse,Accessories,3,433.82,0.15,0.4,UPI
TXN8DA73B040E,2023-09-03,BR01,Eluru,Andhra Pradesh,CUST01941,Kiran Kumar,Wholesale,P010,Wireless Mouse,Accessories,1,631.95,0.15,0.4,UPI
TXN4A92CBCCAA,2024-06-24,BR01,Eluru,Andhra Pradesh,CUST00785,Ravi Naidu,Retail,P007,Gaming Laptop i7,Laptop,1,104351.84,0.05,0.78,UPI
TXNDFA3B7B1F5,2024-12-30,BR01,Eluru,Andhra Pradesh,CUST01947,Ajay Rao,Retail,P003,Flagship Smartphone,Mobile,1,65966.22,0.05,0.75,UPI
TXN689B147C41,2023-10-28,BR01,Eluru,Andhra Pradesh,CUST01607,Swathi Rao,Retail,P012,Mobile Charger,Accessories,1,1512.33,0.1,0.42,UPI
TXN5AE9B4E0B2,2024-01-14,BR01,Eluru,Andhra Pradesh,CUST00349,Naveen Chowdary,Corporate,P002,Mid-range Smartphone 5G,Mobile,1,27879.85,0.05,0.78,Debit Card
TXN4BC9D8C73C,2024-11-10,BR01,Eluru,Andhra Pradesh,CUST00836,Meena Chowdary,Retail,P018,LED TV 43-inch,Electronics,1,32634.3,0.15,0.8,UPI
TXN969729DD09,2024-11-30,BR01,Eluru,Andhra Pradesh,CUST01659,Praveen Rao,Retail,P009,Laptop Bag,Accessories,1,858.06,0.1,0.45,Cash
TXN7C171F8E89,2024-05-01,BR01,Eluru,Andhra Pradesh,CUST01367,Kavya Murthy,Retail,P007,Gaming Laptop i7,Laptop,1,108402.96,0.15,0.78,Debit Card
TXN3C23E9A481,2023-11-05,BR01,Eluru,Andhra Pradesh,CUST01716,Kavya Murthy,Retail,P009,Laptop Bag,Accessories,4,1415.56,0.1,0.45,UPI
TXNCDEC6147EA,2024-05-11,BR01,Eluru,Andhra Pradesh,CUST01555,Ravi Chowdary,Retail,P013,Power Bank,Accessories,2,972.32,0.0,0.48,Debit Card
TXN4FB981623A,2023-12-28,BR01,Eluru,Andhra Pradesh,CUST01285,Naveen Sharma,Retail,P007,Gaming Laptop i7,Laptop,1,119850.56,0.0,0.78,Cash
TXN58F9F7F068,2024-03-22,BR01,Eluru,Andhra Pradesh,CUST01427,Srinivas Varma,Retail,P012,Mobile Charger,Accessories,1,866.72,0.0,0.42,UPI
TXN51ABC9E9A1,2023-05-05,BR01,Eluru,Andhra Pradesh,CUST00092,Harika Devi,Retail,P009,Laptop Bag,Accessories,2,1701.45,0.15,0.45,Credit Card
TXNFF6F4E387B,2024-11-03,BR01,Eluru,Andhra Pradesh,CUST00600,Lakshmi Prasad,Retail,P011,Bluetooth Speaker,Accessories,1,2918.28,0.25,0.5,UPI
TXND67F0482F3,2023-10-10,BR01,Eluru,Andhra Pradesh,CUST00292,Aishwarya Prasad,Retail,P019,LED TV 55-inch,Electronics,1,51191.55,0.0,0.79,UPI
TXNF11A710EA5,2024-12-25,BR01,Eluru,Andhra Pradesh,CUST00475,Lakshmi Sharma,Wholesale,P010,Wireless Mouse,Accessories,2,594.74,0.0,0.4,UPI
TXN2D8CE01E23,2023-07-22,BR01,Eluru,Andhra Pradesh,CUST01984,Divya Rao,Retail,P003,Flagship Smartphone,Mobile,1,66837.48,0.05,0.75,Credit Card
TXN20D34AE158,2023-11-04,BR01,Eluru,Andhra Pradesh,CUST00053,Anitha Devi,Corporate,P021,Smart Watch,Electronics,1,10967.96,0.25,0.55,UPI
TXN41F5C5DF8A,2023-02-19,BR01,Eluru,Andhra Pradesh,CUST01865,Pooja Prasad,Retail,P010,Wireless Mouse,Accessories,1,661.01,0.0,0.4,UPI
TXN5EE36B4930,2024-08-17,BR01,Eluru,Andhra Pradesh,CUST01591,Manoj Sharma,Retail,P009,Laptop Bag,Accessories,2,1198.93,0.0,0.45,Debit Card
TXN7FEA7249F8,2024-01-06,BR01,Eluru,Andhra Pradesh,CUST00259,Meena Devi,Retail,P012,Mobile Charger,Accessories,2,476.44,0.15,0.42,UPI
TXN374CAF4A92,2023-05-28,BR01,Eluru,Andhra Pradesh,CUST01405,Pooja Varma,Retail,P006,Business Laptop i5,Laptop,1,47295.35,0.0,0.8,Cash
TXNE5B0C8C6B8,2023-12-07,BR01,Eluru,Andhra Pradesh,CUST01897,Arjun Chowdary,Wholesale,P008,Ultrabook Thin & Light,Laptop,1,93499.75,0.0,0.79,Net Banking
TXNA9B451D14B,2023-08-09,BR01,Eluru,Andhra Pradesh,CUST00314,Swathi Sharma,Retail,P020,Home Theatre System,Electronics,1,8348.09,0.0,0.6,UPI
TXN4AD85E85F7,2024-07-19,BR01,Eluru,Andhra Pradesh,CUST00354,Ramesh Reddy,Retail,P018,LED TV 43-inch,Electronics,1,30195.35,0.05,0.8,UPI
TXNEDFDF9B102,2023-10-18,BR01,Eluru,Andhra Pradesh,CUST00587,Srinivas Sharma,Retail,P013,Power Bank,Accessories,1,1993.74,0.25,0.48,Debit Card
TXN35E1068968,2024-08-13,BR01,Eluru,Andhra Pradesh,CUST01872,Swathi Naidu,Retail,P001,Budget Smartphone 4G,Mobile,1,9521.63,0.15,0.8,Cash
TXN1CD6DABBF3,2023-09-09,BR01,Eluru,Andhra Pradesh,CUST01296,Swathi Kumar,Retail,P019,LED TV 55-inch,Electronics,1,54605.9,0.05,0.79,UPI
TXN6FAB219CA6,2023-09-04,BR01,Eluru,Andhra Pradesh,CUST01083,Pooja Rao,Wholesale,P002,Mid-range Smartphone 5G,Mobile,1,23507.7,0.0,0.78,Cash
TXN808136B078,2023-11-20,BR01,Eluru,Andhra Pradesh,CUST01532,Kavya Devi,Wholesale,P020,Home Theatre System,Electronics,1,8673.17,0.1,0.6,Net Banking
TXN05D272FD99,2024-06-15,BR01,Eluru,Andhra Pradesh,CUST01456,Vikram Naidu,Wholesale,P010,Wireless Mouse,Accessories,1,931.1,0.15,0.4,Cash
TXNF098859A8A,2023-01-28,BR01,Eluru,Andhra Pradesh,CUST00484,Naveen Rao,Retail,P009,Laptop Bag,Accessories,1,1909.32,0.0,0.45,UPI
TXND603174441,2023-03-12,BR01,Eluru,Andhra Pradesh,CUST00011,Manoj Naidu,Retail,P004,Wireless Earbuds,Mobile,1,3941.15,0.0,0.55,UPI
TXNAFAACDC660,2023-12-22,BR01,Eluru,Andhra Pradesh,CUST00070,Praveen Reddy,Retail,P004,Wireless Earbuds,Mobile,3,1620.22,0.0,0.55,Net Banking
TXN2DFCD9567C,2023-11-28,BR01,Eluru,Andhra Pradesh,CUST01982,Arjun Sharma,Wholesale,P003,Flagship Smartphone,Mobile,1,67884.0,0.05,0.75,Credit Card
TXN9CF01E974D,2023-08-26,BR01,Eluru,Andhra Pradesh,CUST00346,Sneha Murthy,Retail,P002,Mid-range Smartphone 5G,Mobile,1,26387.95,0.05,0.78,UPI
TXNBEFCE65643,2023-03-08,BR01,Eluru,Andhra Pradesh,CUST00339,Srinivas Naidu,Wholesale,P002,Mid-range Smartphone 5G,Mobile,1,22190.35,0.05,0.78,Credit Card
TXNA2ED03A4D6,2023-06-14,BR01,Eluru,Andhra Pradesh,CUST01596,Sneha Reddy,Retail,P011,Bluetooth Speaker,Accessories,1,4059.35,0.0,0.5,UPI
TXN93909B7567,2023-03-11,BR01,Eluru,Andhra Pradesh,CUST01526,Swathi Reddy,Corporate,P010,Wireless Mouse,Accessories,2,670.29,0.1,0.4,UPI
TXN53EF026378,2024-09-21,BR01,Eluru,Andhra Pradesh,CUST01513,Manoj Devi,Wholesale,P014,Split AC 1.5 Ton,Home Appliances,1,44636.63,0.05,0.83,UPI
TXN96B4BD2A6E,2023-09-30,BR01,Eluru,Andhra Pradesh,CUST01322,Ajay Reddy,Retail,P012,Mobile Charger,Accessories,3,1238.5,0.15,0.42,Debit Card
TXN58FDE820E1,2024-05-06,BR01,Eluru,Andhra Pradesh,CUST00773,Priya Rao,Retail,P004,Wireless Earbuds,Mobile,3,4311.94,0.0,0.55,Credit Card
TXNCA72BAFF45,2024-03-18,BR01,Eluru,Andhra Pradesh,CUST00539,Priya Prasad,Retail,P008,Ultrabook Thin & Light,Laptop,1,64323.69,0.05,0.79,Debit Card
TXNCB27DF09CB,2024-03-10,BR01,Eluru,Andhra Pradesh,CUST01695,Deepika Prasad,Retail,P001,Budget Smartphone 4G,Mobile,1,8964.44,0.0,0.8,Credit Card
TXNC84C374A74,2023-10-30,BR01,Eluru,Andhra Pradesh,CUST01865,Pooja Prasad,Retail,P001,Budget Smartphone 4G,Mobile,1,13374.52,0.05,0.8,Cash
TXN931220970A,2024-04-23,BR01,Eluru,Andhra Pradesh,CUST01710,Deepika Sharma,Corporate,P012,Mobile Charger,Accessories,1,681.25,0.0,0.42,Cash
TXNDED99CA200,2023-01-02,BR01,Eluru,Andhra Pradesh,CUST00307,Sneha Babu,Wholesale,P020,Home Theatre System,Electronics,2,5854.28,0.1,0.6,UPI
TXN306D2BDD0F,2024-12-26,BR01,Eluru,Andhra Pradesh,CUST00851,,Retail,P021,Smart Watch,Electronics,2,6211.37,0.0,0.55,Debit Card
TXN94C3AA34FF,2023-10-22,BR01,Eluru,Andhra Pradesh,CUST00667,Sandeep Sharma,Retail,P001,Budget Smartphone 4G,Mobile,2,12078.37,0.25,0.8,Credit Card
TXNF54399CD2C,2023-03-29,BR01,Eluru,Andhra Pradesh,CUST01145,Aishwarya Reddy,Retail,P012,Mobile Charger,Accessories,1,1586.36,0.0,0.42,UPI
TXN223E2B35B9,2023-08-09,BR01,Eluru,Andhra Pradesh,CUST00468,Meena Devi,Retail,P012,Mobile Charger,Accessories,1,1631.35,0.05,0.42,Credit Card
TXNE848439BFE,2023-07-04,BR01,Eluru,Andhra Pradesh,CUST00691,Praveen Reddy,Retail,P018,LED TV 43-inch,Electronics,1,28860.96,0.15,0.8,UPI
TXNFAEFC5972B,2023-03-29,BR01,Eluru,Andhra Pradesh,CUST00380,Divya Varma,Corporate,P005,Entry Laptop i3,Laptop,1,36961.63,0.1,0.82,UPI
TXN0AB13392E4,2024-10-23,BR01,Eluru,Andhra Pradesh,CUST00672,Suresh Kumar,Corporate,P004,Wireless Earbuds,Mobile,3,5571.14,0.2,0.55,UPI
TXN99FF40EE2F,2023-06-14,BR01,Eluru,Andhra Pradesh,CUST00715,Lakshmi Chowdary,Retail,P001,Budget Smartphone 4G,Mobile,4,13849.9,0.15,0.8,Credit Card
TXN5574F05E88,2024-01-24,BR01,Eluru,Andhra Pradesh,CUST00702,Arjun Prasad,Retail,P012,Mobile Charger,Accessories,3,517.44,0.0,0.42,Net Banking
TXNDA61D68296,2023-01-31,BR01,Eluru,Andhra Pradesh,CUST01301,Priya Chowdary,Retail,P009,Laptop Bag,Accessories,1,1216.59,0.0,0.45,UPI
TXNC71B627091,2024-01-25,BR01,Eluru,Andhra Pradesh,CUST01694,Manoj Sarma,Retail,P002,Mid-range Smartphone 5G,Mobile,1,21980.65,0.1,0.78,UPI
TXNFB45C9CC90,2024-11-27,BR01,Eluru,Andhra Pradesh,CUST01313,Arjun Varma,Wholesale,P017,Microwave Oven,Home Appliances,1,13146.1,0.1,0.75,Debit Card
TXNDCCB3BB142,2024-10-30,BR01,Eluru,Andhra Pradesh,CUST01042,Ramesh Murthy,Retail,P021,Smart Watch,Electronics,3,2957.79,0.2,0.55,UPI
TXNC8A88C4FA9,2024-12-20,BR01,Eluru,Andhra Pradesh,CUST00920,Suresh Babu,Corporate,P005,Entry Laptop i3,Laptop,1,31678.98,0.0,0.82,Debit Card
TXN2B7EEE5E9B,2023-11-22,BR01,Eluru,Andhra Pradesh,CUST01585,Meena Sharma,Retail,P008,Ultrabook Thin & Light,Laptop,1,85407.28,0.1,0.79,UPI
TXN1B8B116228,2024-05-20,BR01,Eluru,Andhra Pradesh,CUST00483,Anitha Kumar,Retail,P011,Bluetooth Speaker,Accessories,2,3797.91,0.0,0.5,UPI
TXN1015A18F31,2023-11-30,BR01,Eluru,Andhra Pradesh,CUST01817,Vikram Kumar,Wholesale,P006,Business Laptop i5,Laptop,1,55020.21,0.1,0.8,Cash
TXN8549BA9D5B,2023-01-16,BR01,Eluru,Andhra Pradesh,CUST00042,Suresh Chowdary,Retail,P009,Laptop Bag,Accessories,1,1135.24,0.0,0.45,Cash
TXN06F1A10F78,2023-09-12,BR01,Eluru,Andhra Pradesh,CUST01753,Divya Sarma,Corporate,P001,Budget Smartphone 4G,Mobile,1,13200.94,0.05,0.8,Debit Card
TXNCD39C1031D,2023-08-05,BR01,Eluru,Andhra Pradesh,CUST01341,Sandeep Murthy,Retail,P012,Mobile Charger,Accessories,4,693.56,0.1,0.42,UPI
TXN91D9C53D55,2023-03-02,BR01,Eluru,Andhra Pradesh,CUST00108,Suresh Reddy,Retail,P002,Mid-range Smartphone 5G,Mobile,1,23293.48,0.1,0.78,UPI
TXN02C239C589,2024-10-10,BR01,Eluru,Andhra Pradesh,CUST01048,Sandeep Reddy,Wholesale,P016,Washing Machine,Home Appliances,1,18318.69,0.0,0.8,Cash
TXN9409256DF9,2024-10-02,BR01,Eluru,Andhra Pradesh,CUST01298,Swathi Sarma,Retail,P012,Mobile Charger,Accessories,1,1440.48,0.25,0.42,Credit Card
TXNF0447CB4DF,2023-02-11,BR01,Eluru,Andhra Pradesh,CUST00771,Sneha Reddy,Retail,P003,Flagship Smartphone,Mobile,1,80548.55,0.05,0.75,Cash
TXN149047DEB0,2023-11-29,BR01,Eluru,Andhra Pradesh,CUST01626,Naveen Devi,Retail,P018,LED TV 43-inch,Electronics,1,32268.19,0.1,0.8,Cash
TXN7D7673CE8F,2023-01-01,BR01,Eluru,Andhra Pradesh,CUST00473,Sandeep Devi,Retail,P009,Laptop Bag,Accessories,1,1830.47,0.0,0.45,UPI
TXND1D07C6C09,2023-06-23,BR01,Eluru,Andhra Pradesh,CUST00585,Sneha Prasad,Wholesale,P016,Washing Machine,Home Appliances,1,22644.37,0.15,0.8,Debit Card
TXNFDF587A6FB,2024-10-15,BR01,Eluru,Andhra Pradesh,CUST01583,Praveen Murthy,Wholesale,P003,Flagship Smartphone,Mobile,1,49962.34,0.1,0.75,Debit Card
TXN2811DA935A,2023-03-20,BR01,Eluru,Andhra Pradesh,CUST00900,Srinivas Reddy,Wholesale,P007,Gaming Laptop i7,Laptop,1,82822.14,0.0,0.78,Cash
TXN508202A7D7,2023-05-16,BR01,Eluru,Andhra Pradesh,CUST00260,Harika Devi,Retail,P002,Mid-range Smartphone 5G,Mobile,1,25890.28,0.1,0.78,Debit Card
TXN0C19B3691E,2024-05-30,BR01,Eluru,Andhra Pradesh,CUST00828,Priya Rao,Corporate,P004,Wireless Earbuds,Mobile,1,4600.31,0.1,0.55,UPI
TXNCAA108084C,2024-04-25,BR01,Eluru,Andhra Pradesh,CUST00520,Praveen Kumar,Retail,P014,Split AC 1.5 Ton,Home Appliances,1,32337.11,0.1,0.83,UPI
TXNBEA0A43711,2023-01-02,BR01,Eluru,Andhra Pradesh,CUST01634,Pooja Varma,Retail,P020,Home Theatre System,Electronics,3,18228.46,0.1,0.6,Cash
TXNB21461D755,2024-04-08,BR01,Eluru,Andhra Pradesh,CUST01387,Manoj Naidu,Retail,P011,Bluetooth Speaker,Accessories,3,4354.68,0.15,0.5,UPI
TXNADDE574DE1,2024-04-06,BR01,Eluru,Andhra Pradesh,CUST00822,Swathi Prasad,Retail,P009,Laptop Bag,Accessories,1,1012.53,0.1,0.45,Debit Card
TXN5004394EE7,2024-06-28,BR01,eluru  ,Andhra Pradesh,CUST00212,Ravi Rao,Retail,P002,Mid-range Smartphone 5G,Mobile,1,25610.69,0.0,0.78,UPI
TXNBA2ECDF168,2024-10-23,BR01,Eluru,Andhra Pradesh,CUST01282,Lakshmi Sarma,Retail,P011,Bluetooth Speaker,Accessories,3,2992.9,0.2,0.5,Debit Card
TXN3D27402514,2024-04-26,BR01,Eluru,Andhra Pradesh,CUST00941,Swathi Varma,Wholesale,P002,Mid-range Smartphone 5G,Mobile,1,21463.96,0.0,0.78,UPI
TXNF50E48C10B,2024-08-21,BR01,Eluru,Andhra Pradesh,CUST00401,Suresh Kumar,Wholesale,P013,Power Bank,Accessories,3,1370.64,0.15,0.48,UPI
TXN17DB4C607A,2024-07-16,BR01,Eluru,Andhra Pradesh,CUST00771,Sneha Reddy,Retail,P012,Mobile Charger,Accessories,1,1513.09,0.0,0.42,Net Banking
TXN2D51D7F7D4,2024-11-30,BR01,Eluru,Andhra Pradesh,CUST01561,Lakshmi Murthy,Wholesale,P006,Business Laptop i5,Laptop,1,48734.14,0.05,0.8,Debit Card
TXN3F5FDA0881,2024-05-16,BR01,Eluru,Andhra Pradesh,CUST01700,Sandeep Kumar,Retail,P004,Wireless Earbuds,Mobile,2,1975.37,0.0,0.55,UPI
TXNE65C5AD5C5,2024-06-28,BR01,Eluru,Andhra Pradesh,CUST01155,Ajay Murthy,Retail,P012,Mobile Charger,Accessories,2,1609.41,0.0,0.42,Net Banking
TXN7F02875A31,2024-06-22,BR01,Eluru,Andhra Pradesh,CUST01889,Ramesh Sarma,Retail,P006,Business Laptop i5,Laptop,1,59716.9,0.15,0.8,Net Banking
TXN1D2B449387,2023-10-15,BR01,Eluru,Andhra Pradesh,CUST00499,Aishwarya Reddy,Retail,P012,Mobile Charger,Accessories,1,1450.72,0.15,0.42,UPI
TXN5E28927884,2023-08-08,BR01,Eluru,Andhra Pradesh,CUST00840,Naveen Varma,Retail,P021,Smart Watch,Electronics,2,11518.12,0.15,0.55,Net Banking
TXN22EAD22B0E,2024-10-29,BR01,Eluru,Andhra Pradesh,CUST01386,,Retail,P007,Gaming Laptop i7,Laptop,1,119746.79,0.0,0.78,Debit Card
TXNEF95C04D56,2023-10-11,BR01,Eluru,Andhra Pradesh,CUST00291,Ravi Chowdary,Retail,P015,Refrigerator 300L,Home Appliances,1,31296.08,0.25,0.82,Credit Card
TXN5AD4AAE438,2024-06-19,BR01,Eluru,Andhra Pradesh,CUST01585,Meena Sharma,Retail,P013,Power Bank,Accessories,1,1224.69,0.0,0.48,UPI
TXN304FADB0EC,2023-11-02,BR01,Eluru,Andhra Pradesh,CUST01214,Naveen Sharma,Retail,P009,Laptop Bag,Accessories,4,704.75,0.1,0.45,UPI
TXNBB16329FC3,2024-09-08,BR01,Eluru,Andhra Pradesh,CUST00175,Sneha Prasad,Retail,P018,LED TV 43-inch,Electronics,1,29240.26,0.0,0.8,Debit Card
TXN629058C8F6,2024-12-09,BR01,Eluru,Andhra Pradesh,CUST01117,Manoj Kumar,Retail,P001,Budget Smartphone 4G,Mobile,1,9199.13,0.1,0.8,UPI
TXNBC6791A611,2024-11-12,BR01,Eluru,Andhra Pradesh,CUST01660,Ravi Devi,Retail,P010,Wireless Mouse,Accessories,2,305.22,0.05,0.4,Cash
TXN9C783F94CD,2023-10-02,BR01,Eluru,Andhra Pradesh,CUST00991,Meena Devi,Corporate,P019,LED TV 55-inch,Electronics,1,46386.9,0.0,0.79,Credit Card
TXNE24349D3C8,2023-02-12,BR01,Eluru,Andhra Pradesh,CUST00620,Priya Varma,Wholesale,P005,Entry Laptop i3,Laptop,1,29044.55,0.0,0.82,UPI
TXN07D8444F0F,2024-06-12,BR01,Eluru,Andhra Pradesh,CUST01822,Divya Naidu,Retail,P009,Laptop Bag,Accessories,1,1883.93,0.05,0.45,UPI
TXN8ADDAAB667,2024-06-17,BR01,Eluru,Andhra Pradesh,CUST00866,Meena Devi,Retail,P021,Smart Watch,Electronics,1,3645.18,0.15,0.55,UPI
TXNA166CF36F1,2023-12-11,BR01,Eluru,Andhra Pradesh,CUST00549,Naveen Naidu,Retail,P004,Wireless Earbuds,Mobile,4,3741.51,0.0,0.55,UPI
TXN1FBB2B6E1E,2024-08-09,BR01,Eluru,Andhra Pradesh,CUST00441,Harika Chowdary,Retail,P013,Power Bank,Accessories,1,2259.01,0.05,0.48,Credit Card
TXN5D2EFFF847,2023-02-11,BR01,Eluru,Andhra Pradesh,CUST01344,Naveen Reddy,Retail,P009,Laptop Bag,Accessories,1,1971.62,0.0,0.45,Debit Card
TXNCE7E859530,2024-05-24,BR01,Eluru,Andhra Pradesh,CUST01395,Harika Reddy,Retail,P005,Entry Laptop i3,Laptop,1,34638.2,0.15,0.82,UPI
TXNF402705A5B,2024-11-28,BR01,Eluru,Andhra Pradesh,CUST01080,Manoj Murthy,Retail,P011,Bluetooth Speaker,Accessories,1,3960.98,0.05,0.5,Net Banking
TXN8BB83F0794,2023-10-15,BR01,Eluru,Andhra Pradesh,CUST01267,Sneha Babu,Retail,P004,Wireless Earbuds,Mobile,2,5299.83,0.0,0.55,Credit Card
TXN6B4739698F,2024-06-09,BR01,Eluru,Andhra Pradesh,CUST01534,Harika Kumar,Retail,P019,LED TV 55-inch,Electronics,1,47345.27,0.15,0.79,Net Banking
TXNAA192A9080,2024-11-03,BR01,Eluru,Andhra Pradesh,CUST00937,Meena Sharma,Retail,P015,Refrigerator 300L,Home Appliances,1,40425.68,0.0,0.82,Credit Card
TXN21112429B3,2024-09-28,BR01,Eluru,Andhra Pradesh,CUST01426,Pooja Reddy,Wholesale,P005,Entry Laptop i3,Laptop,1,33202.64,0.1,0.82,UPI
TXNB790824692,2024-01-21,BR01,Eluru,Andhra Pradesh,CUST00846,Aishwarya Babu,Retail,P003,Flagship Smartphone,Mobile,1,51219.7,0.0,0.75,UPI
TXN6D0FE7C319,2023-02-10,BR01,Eluru,Andhra Pradesh,CUST00277,Kavya Rao,Wholesale,P007,Gaming Laptop i7,Laptop,1,127251.43,0.1,0.78,Credit Card
TXN4485D00B69,2023-08-04,BR01,Eluru,Andhra Pradesh,CUST01334,Ravi Sarma,Retail,P011,Bluetooth Speaker,Accessories,4,3971.25,0.15,0.5,UPI
TXNA76C35FC1F,2023-04-26,BR01,Eluru,Andhra Pradesh,CUST00707,Anitha Prasad,Corporate,P004,Wireless Earbuds,Mobile,1,4599.31,0.0,0.55,Credit Card
TXN2365FA9B0B,2023-03-12,BR01,Eluru,Andhra Pradesh,CUST00456,Lakshmi Sarma,Retail,P013,Power Bank,Accessories,1,1365.22,0.0,0.48,UPI
TXNB76D9F5FE5,2024-06-09,BR01,Eluru,Andhra Pradesh,CUST00035,Arjun Kumar,Retail,P010,Wireless Mouse,Accessories,2,606.24,0.15,0.4,Cash
TXN1755CFB195,2024-06-22,BR01,Eluru,Andhra Pradesh,CUST00527,Aishwarya Sharma,Wholesale,P014,Split AC 1.5 Ton,Home Appliances,1,42947.08,0.0,0.83,Credit Card
TXNBBF1F34420,2023-08-03,BR01,Eluru,Andhra Pradesh,CUST00621,Manoj Naidu,Retail,P001,Budget Smartphone 4G,Mobile,1,12789.13,0.0,0.8,Debit Card
TXNBA3DEF13EA,2024-07-20,BR01,Eluru,Andhra Pradesh,CUST01099,Ajay Rao,Retail,P011,Bluetooth Speaker,Accessories,1,2425.38,0.05,0.5,UPI
TXN4C68FDC84F,2024-06-03,BR01,Eluru,Andhra Pradesh,CUST00988,Deepika Kumar,Retail,P010,Wireless Mouse,Accessories,1,332.84,0.05,0.4,UPI
TXN408F0AC6FF,2023-01-25,BR01,Eluru,Andhra Pradesh,CUST01525,Vikram Sarma,Retail,P009,Laptop Bag,Accessories,1,1889.42,0.15,0.45,UPI
TXN4937ED55F1,2023-10-12,BR01,Eluru,Andhra Pradesh,CUST01169,Srinivas Babu,Corporate,P019,LED TV 55-inch,Electronics,1,49806.33,0.05,0.79,Debit Card
TXN2A854D6642,2023-01-29,BR01,Eluru,Andhra Pradesh,CUST00562,Manoj Prasad,Retail,P008,Ultrabook Thin & Light,Laptop,1,83422.27,0.15,0.79,Debit Card
TXN4AE74EB305,2024-11-28,BR01,Eluru,Andhra Pradesh,CUST00771,Sneha Reddy,Retail,P011,Bluetooth Speaker,Accessories,2,2978.75,0.2,0.5,Debit Card
TXN6690249CDC,2023-03-12,BR01,Eluru,Andhra Pradesh,CUST00902,Ravi Chowdary,Retail,P014,Split AC 1.5 Ton,Home Appliances,1,35212.4,0.0,0.83,UPI
TXN2483AA49A6,2024-08-15,BR01,Eluru,Andhra Pradesh,CUST00461,Naveen Chowdary,Retail,P021,Smart Watch,Electronics,1,10714.01,0.1,0.55,UPI
TXN3A082A05F1,2024-11-08,BR01,Eluru,Andhra Pradesh,CUST01212,Kiran Rao,Retail,P020,Home Theatre System,Electronics,2,10317.47,0.15,0.6,Net Banking
TXNA613EFB3C0,2023-04-19,BR01,Eluru,Andhra Pradesh,CUST00461,Naveen Chowdary,Retail,P003,Flagship Smartphone,Mobile,1,83844.98,0.05,0.75,UPI
TXN7485365844,2023-01-02,BR01,Eluru,Andhra Pradesh,CUST01760,Praveen Reddy,Corporate,P001,Budget Smartphone 4G,Mobile,1,12385.11,0.1,0.8,UPI
TXN5DB8F20D2A,2023-05-07,BR01,Eluru,Andhra Pradesh,CUST01571,Ajay Sarma,Retail,P002,Mid-range Smartphone 5G,Mobile,3,17906.13,0.15,0.78,Cash
TXN63B5BDF04C,2024-03-02,BR01,Eluru,Andhra Pradesh,CUST00841,Pooja Kumar,Retail,P020,Home Theatre System,Electronics,4,18015.45,0.1,0.6,Credit Card
TXN88239A6EB0,2024-10-27,BR01,Eluru,Andhra Pradesh,CUST00942,Manoj Murthy,Wholesale,P012,Mobile Charger,Accessories,1,471.69,0.05,0.42,UPI
TXNB5D6A4B0D0,2023-11-22,BR01,Eluru,Andhra Pradesh,CUST01007,Suresh Rao,Wholesale,P004,Wireless Earbuds,Mobile,3,5888.38,0.2,0.55,Net Banking
TXN76450BD1B6,2023-06-06,BR01,Eluru,Andhra Pradesh,CUST00841,Pooja Kumar,Retail,P020,Home Theatre System,Electronics,2,7162.96,0.1,0.6,UPI
TXNAD8FB09032,2024-11-25,BR01,Eluru,Andhra Pradesh,CUST01864,Praveen Babu,Retail,P019,LED TV 55-inch,Electronics,1,47970.87,0.15,0.79,UPI
TXN5ADCDDC4E2,2024-07-10,BR01,Eluru,Andhra Pradesh,CUST00774,Ajay Prasad,Retail,P001,Budget Smartphone 4G,Mobile,2,8664.69,0.1,0.8,Net Banking
TXN06B44C23BB,2024-12-29,BR01,Eluru,Andhra Pradesh,CUST00190,Harika Prasad,Retail,P001,Budget Smartphone 4G,Mobile,2,11663.44,0.0,0.8,Credit Card
TXN7C4E4EB6D2,2024-05-18,BR01,Eluru,Andhra Pradesh,CUST00606,Pooja Rao,Corporate,P011,Bluetooth Speaker,Accessories,1,1731.12,0.0,0.5,Debit Card
TXN95BB65828F,2024-08-28,BR01,Eluru,Andhra Pradesh,CUST01888,Divya Naidu,Retail,P008,Ultrabook Thin & Light,Laptop,1,86357.38,0.05,0.79,UPI
TXN9C891BAC6C,2024-11-02,BR01,Eluru,Andhra Pradesh,CUST00687,Manoj Murthy,Retail,P004,Wireless Earbuds,Mobile,1,3526.67,0.2,0.55,Debit Card
TXNA39440E3B7,2023-12-27,BR01,Eluru,Andhra Pradesh,CUST01887,Ravi Kumar,Corporate,P005,Entry Laptop i3,Laptop,1,32469.24,0.05,0.82,Credit Card
TXN87B1190B40,2024-08-05,BR01,Eluru,Andhra Pradesh,CUST01796,Kavya Murthy,Wholesale,P012,Mobile Charger,Accessories,1,539.87,0.0,0.42,Debit Card
TXNF7775D6A2E,2023-11-10,BR01,Eluru,Andhra Pradesh,CUST00961,Harika Devi,Corporate,P013,Power Bank,Accessories,1,1684.08,0.15,0.48,UPI
TXN3BCAC0BBF8,2023-12-03,BR01,Eluru,Andhra Pradesh,CUST01497,Praveen Kumar,Retail,P013,Power Bank,Accessories,1,945.97,0.05,0.48,Net Banking
TXN3E73C3DF15,2023-09-01,BR01,Eluru,Andhra Pradesh,CUST01918,Lakshmi Kumar,Retail,P013,Power Bank,Accessories,1,2395.55,0.15,0.48,Net Banking
TXN25CBA7FE41,2024-01-22,BR01,Eluru,Andhra Pradesh,CUST00970,Lakshmi Kumar,Retail,P001,Budget Smartphone 4G,Mobile,4,13021.98,0.15,0.8,UPI
TXN80931BE227,2024-06-15,BR01,Eluru,Andhra Pradesh,CUST00252,Vikram Rao,Retail,P010,Wireless Mouse,Accessories,1,549.87,0.05,0.4,Debit Card
TXNA3930E7483,2024-01-13,BR01,Eluru,Andhra Pradesh,CUST01430,Divya Kumar,Retail,P018,LED TV 43-inch,Electronics,1,29552.82,0.0,0.8,UPI
TXNE72D68BA1E,2023-12-07,BR01,Eluru,Andhra Pradesh,CUST01783,Naveen Babu,Retail,P020,Home Theatre System,Electronics,1,19731.34,0.0,0.6,Cash
TXN26FA33AA7B,2024-12-25,BR01,Eluru,Andhra Pradesh,CUST00060,Kiran Babu,Retail,P015,Refrigerator 300L,Home Appliances,1,38620.85,0.0,0.82,Credit Card
TXN46BBB9F3DF,2023-11-20,BR01,Eluru,Andhra Pradesh,CUST01940,Suresh Reddy,Wholesale,P011,Bluetooth Speaker,Accessories,1,4620.49,0.2,0.5,UPI
TXN7385209239,2023-01-29,BR01,Eluru,Andhra Pradesh,CUST01886,Kiran Reddy,Corporate,P018,LED TV 43-inch,Electronics,1,34960.57,0.1,0.8,UPI
TXN8C6C7FDF3F,2024-11-29,BR01,Eluru,Andhra Pradesh,CUST00973,Swathi Babu,Corporate,P010,Wireless Mouse,Accessories,4,1443.07,0.25,0.4,Cash
TXN2DB3BEAE28,2024-02-25,BR01,Eluru,Andhra Pradesh,CUST00101,Sandeep Varma,Retail,P015,Refrigerator 300L,Home Appliances,1,37006.98,0.05,0.82,UPI
TXNA623FC0607,2023-04-28,BR01,Eluru,Andhra Pradesh,CUST01388,Arjun Naidu,Retail,P009,Laptop Bag,Accessories,4,1179.78,0.05,0.45,Debit Card
TXN13238A51C1,2023-02-16,BR01,Eluru,Andhra Pradesh,CUST01355,Swathi Sarma,Retail,P001,Budget Smartphone 4G,Mobile,1,10097.16,0.15,0.8,UPI
TXN9BFC59F29C,2024-07-27,BR01,Eluru,Andhra Pradesh,CUST01789,Sneha Sarma,Retail,P001,Budget Smartphone 4G,Mobile,1,11234.07,0.05,0.8,UPI
TXN1733E55E58,2023-02-19,BR01,Eluru,Andhra Pradesh,CUST00366,Ajay Naidu,Corporate,P004,Wireless Earbuds,Mobile,1,5246.36,0.1,0.55,Debit Card
TXNC62FF5074C,2023-12-26,BR01,Eluru,Andhra Pradesh,CUST00048,Ravi Sarma,Wholesale,P016,Washing Machine,Home Appliances,1,27101.77,0.0,0.8,Credit Card
TXN7D33A988A5,2023-09-21,BR01,Eluru,Andhra Pradesh,CUST01650,Manoj Varma,Wholesale,P010,Wireless Mouse,Accessories,1,987.93,0.0,0.4,Net Banking
TXN9A20B17BE7,2023-09-10,BR01,Eluru,Andhra Pradesh,CUST00936,Sandeep Chowdary,Retail,P010,Wireless Mouse,Accessories,3,604.98,0.1,0.4,UPI
TXN00028110D1,2024-08-19,BR01,Eluru,Andhra Pradesh,CUST01858,Pooja Sharma,Wholesale,P020,Home Theatre System,Electronics,2,7965.71,0.0,0.6,Credit Card
TXNA3D6EC3BDF,2023-12-16,BR01,Eluru,Andhra Pradesh,CUST01680,Praveen Sharma,Retail,P012,Mobile Charger,Accessories,1,331.82,0.0,0.42,UPI
TXN02A3DA6032,2024-05-06,BR01,Eluru,Andhra Pradesh,CUST01492,Ajay Sarma,Retail,P020,Home Theatre System,Electronics,1,5647.1,0.0,0.6,UPI
TXN42DCF4DBDC,2024-10-04,BR01,Eluru,Andhra Pradesh,CUST00713,Aishwarya Babu,Retail,P019,LED TV 55-inch,Electronics,1,45263.64,0.0,0.79,UPI
TXNA7E8B9C7A9,2023-01-01,BR01,Eluru,Andhra Pradesh,CUST00331,Lakshmi Babu,Wholesale,P020,Home Theatre System,Electronics,1,7353.9,0.15,0.6,Cash
TXN371D3B0503,2023-03-05,BR01,Eluru,Andhra Pradesh,CUST00015,Harika Prasad,Retail,P020,Home Theatre System,Electronics,2,12962.77,0.0,0.6,UPI
TXN60DA5B9307,2024-04-13,BR01,Eluru,Andhra Pradesh,CUST01314,Sandeep Reddy,Retail,P018,LED TV 43-inch,Electronics,1,27630.88,0.1,0.8,UPI
TXN475C682E1E,2023-07-19,BR01,Eluru,Andhra Pradesh,CUST00575,Sandeep Prasad,Retail,P020,Home Theatre System,Electronics,1,17497.91,0.1,0.6,Debit Card
TXN7022045840,2024-11-27,BR01,Eluru,Andhra Pradesh,CUST01438,Sneha Sarma,Corporate,P018,LED TV 43-inch,Electronics,1,34184.69,0.0,0.8,Debit Card
TXN7F81896F6E,2023-10-24,BR01,Eluru,Andhra Pradesh,CUST01249,Pooja Murthy,Retail,P012,Mobile Charger,Accessories,2,1722.77,0.25,0.42,UPI
TXN9D27AD91F5,2024-06-28,BR01,Eluru,Andhra Pradesh,CUST00376,Ramesh Naidu,Retail,P013,Power Bank,Accessories,2,1270.07,0.0,0.48,Net Banking
TXNECA94724CF,2024-11-17,BR01,Eluru,Andhra Pradesh,CUST01753,Divya Sarma,Corporate,P019,LED TV 55-inch,Electronics,1,55422.44,0.1,0.79,UPI
TXN7C8A99E84E,2024-12-12,BR01,Eluru,Andhra Pradesh,CUST01811,Ajay Sharma,Retail,P005,Entry Laptop i3,Laptop,1,32724.91,0.15,0.82,Net Banking
TXN25EA0E61D8,2023-02-17,BR01,Eluru,Andhra Pradesh,CUST00843,Deepika Chowdary,Retail,P006,Business Laptop i5,Laptop,1,54331.35,0.1,0.8,UPI
TXN9839A598F3,2024-10-08,BR01,Eluru,Andhra Pradesh,CUST00496,Divya Babu,Retail,P001,Budget Smartphone 4G,Mobile,1,11070.53,0.0,0.8,Debit Card
TXN73FA65D1C1,2024-06-16,BR01,Eluru,Andhra Pradesh,CUST00349,Naveen Chowdary,Corporate,P018,LED TV 43-inch,Electronics,1,29687.78,0.0,0.8,Credit Card
TXN4472DAA5A0,2024-07-17,BR01,Eluru,Andhra Pradesh,CUST00582,Divya Rao,Wholesale,P012,Mobile Charger,Accessories,4,1126.11,0.05,0.42,Credit Card
TXN6F3AD814D4,2024-04-16,BR01,Eluru,Andhra Pradesh,CUST00726,Naveen Devi,Retail,P020,Home Theatre System,Electronics,1,6964.58,0.15,0.6,Debit Card
TXN21206B7C9A,2024-08-10,BR01,Eluru,Andhra Pradesh,CUST00041,Anitha Babu,Retail,P001,Budget Smartphone 4G,Mobile,1,8339.34,0.0,0.8,Cash
TXN888071813B,2024-09-09,BR01,Eluru,Andhra Pradesh,CUST01612,Priya Kumar,Wholesale,P003,Flagship Smartphone,Mobile,1,57561.82,0.0,0.75,Credit Card
TXN63BDF20AE7,2024-02-19,BR01,Eluru,Andhra Pradesh,CUST00532,Ramesh Prasad,Retail,P011,Bluetooth Speaker,Accessories,3,4543.47,0.1,0.5,UPI
TXNBDF708CEC6,2024-06-24,BR01,Eluru,Andhra Pradesh,CUST01749,Aishwarya Chowdary,Retail,P002,Mid-range Smartphone 5G,Mobile,4,16752.98,0.1,0.78,Cash
TXNE46265949C,2024-03-27,BR01,Eluru,Andhra Pradesh,CUST01379,Praveen Naidu,Retail,P005,Entry Laptop i3,Laptop,1,30763.88,0.15,0.82,Credit Card
TXNAD8CAB63AA,2024-10-17,BR01,Eluru,Andhra Pradesh,CUST01419,Anitha Sharma,Retail,P013,Power Bank,Accessories,1,853.53,0.1,0.48,Debit Card
TXN0A5F1BD777,2023-10-14,BR01,Eluru,Andhra Pradesh,CUST01906,Kavya Babu,Retail,P009,Laptop Bag,Accessories,2,1599.77,0.15,0.45,Credit Card
TXNDD8F0C8CEC,2023-03-24,BR01,Eluru,Andhra Pradesh,CUST01554,Swathi Reddy,Retail,P011,Bluetooth Speaker,Accessories,1,2412.01,0.0,0.5,Debit Card
TXNDE01BAAC07,2023-04-12,BR01,Eluru,Andhra Pradesh,CUST00900,Srinivas Reddy,Wholesale,P012,Mobile Charger,Accessories,1,1038.06,0.15,0.42,UPI
TXN72612C1F8A,2024-11-17,BR01,Eluru,Andhra Pradesh,CUST01360,Vikram Varma,Wholesale,P002,Mid-range Smartphone 5G,Mobile,1,15879.97,0.1,0.78,UPI
TXN1A128FEBF4,2024-01-27,BR01,Eluru,Andhra Pradesh,CUST00344,Meena Chowdary,Retail,P011,Bluetooth Speaker,Accessories,1,2273.03,0.1,0.5,UPI
TXNE2BF71E65D,2023-12-02,BR01,Eluru,Andhra Pradesh,CUST00258,Deepika Murthy,Retail,P011,Bluetooth Speaker,Accessories,1,1619.67,0.15,0.5,UPI
TXN3BDA87D486,2023-12-13,BR01,Eluru,Andhra Pradesh,CUST00474,Deepika Prasad,Retail,P003,Flagship Smartphone,Mobile,1,79443.11,0.0,0.75,UPI
TXNBB6DE12D3C,2024-07-29,BR01,Eluru,Andhra Pradesh,CUST01537,Swathi Murthy,Corporate,P021,Smart Watch,Electronics,2,6836.62,0.15,0.55,Net Banking
TXN3182122D1D,2024-02-01,BR01,Eluru,Andhra Pradesh,CUST00517,Manoj Kumar,Retail,P007,Gaming Laptop i7,Laptop,1,77646.29,0.15,0.78,Cash
TXNCBDE4447F4,2024-06-17,BR01,Eluru,Andhra Pradesh,CUST00260,Harika Devi,Retail,P004,Wireless Earbuds,Mobile,3,5133.31,0.0,0.55,UPI
TXN98F080F022,2024-01-14,BR01,Eluru,Andhra Pradesh,CUST00601,Ravi Babu,Retail,P006,Business Laptop i5,Laptop,1,44128.31,0.15,0.8,UPI
TXN28BFE3D314,2024-07-09,BR01,Eluru,Andhra Pradesh,CUST00196,Kiran Varma,Retail,P014,Split AC 1.5 Ton,Home Appliances,1,43283.89,0.05,0.83,Credit Card
TXN10F028EC28,2024-08-10,BR01,Eluru,Andhra Pradesh,CUST00836,Meena Chowdary,Retail,P013,Power Bank,Accessories,2,1727.31,0.1,0.48,UPI
TXN4B69DAE233,2024-08-08,BR01,Eluru,Andhra Pradesh,CUST01752,Naveen Murthy,Retail,P021,Smart Watch,Electronics,1,9829.94,0.1,0.55,Net Banking
TXN3C0589C61D,2023-11-07,BR01,Eluru,Andhra Pradesh,CUST00140,Priya Prasad,Retail,P012,Mobile Charger,Accessories,1,571.18,0.15,0.42,UPI
TXN826108CC83,2024-05-10,BR01,Eluru,Andhra Pradesh,CUST00281,Suresh Varma,Retail,P002,Mid-range Smartphone 5G,Mobile,1,19395.58,0.0,0.78,Debit Card
TXNEF420C0858,2024-04-04,BR01,Eluru,Andhra Pradesh,CUST00506,Harika Reddy,Retail,P006,Business Laptop i5,Laptop,1,50810.13,0.15,0.8,Debit Card
TXN8F3CED8DD9,2023-06-14,BR01,Eluru,Andhra Pradesh,CUST00998,Praveen Babu,Retail,P018,LED TV 43-inch,Electronics,1,22940.37,0.1,0.8,Debit Card
TXN8EE2F5D539,2024-01-25,BR01,Eluru,Andhra Pradesh,CUST00434,Sneha Sharma,Wholesale,P009,Laptop Bag,Accessories,1,1957.32,0.1,0.45,UPI
TXND66F621A19,2023-02-10,BR01,Eluru,Andhra Pradesh,CUST01280,Arjun Varma,Retail,P001,Budget Smartphone 4G,Mobile,2,11358.6,0.05,0.8,Cash
TXNA1C0994A27,2024-07-28,BR01,Eluru,Andhra Pradesh,CUST01030,Pooja Sharma,Wholesale,P001,Budget Smartphone 4G,Mobile,1,13433.58,0.1,0.8,Net Banking
TXN1F9977B5C3,2023-05-16,BR01,Eluru,Andhra Pradesh,CUST00848,Naveen Prasad,Retail,P009,Laptop Bag,Accessories,3,1004.3,0.05,0.45,UPI
TXN728F9EBE3F,2024-05-24,BR01,Eluru,Andhra Pradesh,CUST01104,Kavya Rao,Retail,P014,Split AC 1.5 Ton,Home Appliances,1,33347.11,0.0,0.83,UPI
TXN6CACEDEDB3,2024-05-18,BR01,Eluru,Andhra Pradesh,CUST01526,Swathi Reddy,Corporate,P020,Home Theatre System,Electronics,1,12735.01,0.05,0.6,Credit Card
TXN943FE4D813,2023-02-16,BR01,Eluru,Andhra Pradesh,CUST01850,Kavya Devi,Retail,P004,Wireless Earbuds,Mobile,2,4675.91,0.15,0.55,Credit Card
TXN4DD3F830E2,2024-10-26,BR01,Eluru,Andhra Pradesh,CUST00912,Deepika Chowdary,Wholesale,P003,Flagship Smartphone,Mobile,1,62029.15,0.0,0.75,Credit Card
TXNC0339655A9,2024-11-02,BR01,Eluru,Andhra Pradesh,CUST01854,Naveen Naidu,Retail,P006,Business Laptop i5,Laptop,1,49650.71,0.25,0.8,UPI
TXN707118CDC3,2024-11-16,BR01,Eluru,Andhra Pradesh,CUST00148,Arjun Reddy,Retail,P020,Home Theatre System,Electronics,1,9620.82,0.15,0.6,UPI
TXN0A03F6C1A5,2023-12-28,BR01,Eluru,Andhra Pradesh,CUST00311,Ramesh Naidu,Retail,P008,Ultrabook Thin & Light,Laptop,1,63519.85,0.1,0.79,Cash
TXNE6427F0F59,2024-10-22,BR01,Eluru,Andhra Pradesh,CUST00274,Sandeep Naidu,Retail,P007,Gaming Laptop i7,Laptop,1,101526.86,0.25,0.78,UPI
TXN97B26518F4,2024-01-30,BR01,Eluru,Andhra Pradesh,CUST01198,Vikram Kumar,Wholesale,P009,Laptop Bag,Accessories,1,1703.69,0.15,0.45,UPI
TXN02A4B184DA,2024-08-24,BR01,Eluru,Andhra Pradesh,CUST01338,Sandeep Rao,Wholesale,P016,Washing Machine,Home Appliances,1,23151.68,0.0,0.8,Debit Card
TXN7F49425735,2024-11-03,BR01,Eluru,Andhra Pradesh,CUST00869,Pooja Rao,Retail,P019,LED TV 55-inch,Electronics,1,55994.67,0.15,0.79,Debit Card
TXN052F2CEE0B,2023-12-21,BR01,Eluru,Andhra Pradesh,CUST01675,Kavya Varma,Retail,P005,Entry Laptop i3,Laptop,1,29481.99,0.1,0.82,Net Banking
TXND11F76226F,2023-05-14,BR01,Eluru,Andhra Pradesh,CUST01938,Manoj Chowdary,Retail,P010,Wireless Mouse,Accessories,2,606.31,0.1,0.4,UPI
TXN113BC941EC,2024-12-12,BR01,Eluru,Andhra Pradesh,CUST01425,Priya Devi,Retail,P009,Laptop Bag,Accessories,1,896.93,0.0,0.45,Credit Card
TXN422AC113D2,2024-03-16,BR01,Eluru,Andhra Pradesh,CUST01549,Praveen Sharma,Retail,P010,Wireless Mouse,Accessories,1,441.23,0.15,0.4,Credit Card
TXNF1E34DDE74,2024-10-12,BR01,Eluru,Andhra Pradesh,CUST01367,Kavya Murthy,Retail,P003,Flagship Smartphone,Mobile,1,55090.93,0.05,0.75,Debit Card
TXN0122944D80,2024-05-10,BR01,Eluru,Andhra Pradesh,CUST00748,Harika Sarma,Retail,P013,Power Bank,Accessories,1,2351.97,0.15,0.48,Debit Card
TXN24A82CA550,2024-11-01,BR01,Eluru,Andhra Pradesh,CUST01747,Naveen Babu,Retail,P007,Gaming Laptop i7,Laptop,1,88162.76,0.05,0.78,UPI
TXNBA475F1568,2024-04-25,BR01,Eluru,Andhra Pradesh,CUST00741,Anitha Devi,Retail,P019,LED TV 55-inch,Electronics,1,40764.79,0.0,0.79,UPI
TXNF503647C46,2024-10-01,BR01,Eluru,Andhra Pradesh,CUST01280,Arjun Varma,Retail,P012,Mobile Charger,Accessories,1,1549.51,0.25,0.42,Cash
TXN5E874B9ED2,2024-12-21,BR01,Eluru,Andhra Pradesh,CUST01349,Kavya Sarma,Retail,P019,LED TV 55-inch,Electronics,1,56595.58,0.05,0.79,UPI
TXNC9E7D4A5FA,2023-11-23,BR01,Eluru,Andhra Pradesh,CUST01042,Ramesh Murthy,Retail,P013,Power Bank,Accessories,2,1758.75,0.15,0.48,UPI
TXN75A8B8C311,2023-03-08,BR01,Eluru,Andhra Pradesh,CUST01517,Manoj Sharma,Wholesale,P020,Home Theatre System,Electronics,1,6082.38,0.05,0.6,UPI
TXN027039CE91,2024-07-21,BR01,Eluru,Andhra Pradesh,CUST01049,Sneha Naidu,Retail,P003,Flagship Smartphone,Mobile,1,50416.56,0.0,0.75,Cash
TXN6601FC4139,2024-12-27,BR01,Eluru,Andhra Pradesh,CUST01727,Meena Chowdary,Retail,P003,Flagship Smartphone,Mobile,1,89711.5,0.1,0.75,UPI
TXN8FA9E59781,2024-05-30,BR01,Eluru,Andhra Pradesh,CUST01683,Sandeep Kumar,Retail,P010,Wireless Mouse,Accessories,1,1468.45,0.1,0.4,UPI
TXNBEB0A61BEC,2024-08-13,BR01,Eluru,Andhra Pradesh,CUST00880,Sneha Devi,Retail,P008,Ultrabook Thin & Light,Laptop,1,56532.19,0.15,0.79,UPI
TXNDCF554E5F4,2023-12-23,BR01,Eluru,Andhra Pradesh,CUST01175,Divya Murthy,Wholesale,P012,Mobile Charger,Accessories,1,372.63,0.15,0.42,Credit Card
TXNE7DFBF1C97,2024-08-19,BR01,Eluru,Andhra Pradesh,CUST01783,Naveen Babu,Retail,P008,Ultrabook Thin & Light,Laptop,1,87363.51,0.0,0.79,UPI
TXN99B2BF9374,2023-03-04,BR01,Eluru,Andhra Pradesh,CUST00486,,Retail,P010,Wireless Mouse,Accessories,1,1407.79,0.05,0.4,UPI
TXNB27249C398,2024-05-23,BR01,Eluru,Andhra Pradesh,CUST00533,Pooja Naidu,Retail,P018,LED TV 43-inch,Electronics,1,29902.4,0.1,0.8,UPI
TXNB130AF3499,2024-11-21,BR01,Eluru,Andhra Pradesh,CUST01726,Sneha Rao,Retail,P003,Flagship Smartphone,Mobile,1,55175.41,0.0,0.75,UPI
TXND4FA9DAD30,2023-06-17,BR01,Eluru,Andhra Pradesh,CUST00518,Praveen Rao,Retail,P002,Mid-range Smartphone 5G,Mobile,1,21753.53,0.15,0.78,Debit Card
TXNA68E74F331,2024-02-16,BR01,Eluru,Andhra Pradesh,CUST00955,Anitha Chowdary,Retail,P003,Flagship Smartphone,Mobile,1,61472.26,0.1,0.75,Cash
TXN35EAB47435,2024-10-11,BR01,Eluru,Andhra Pradesh,CUST00329,Ravi Devi,Retail,P004,Wireless Earbuds,Mobile,1,3178.08,0.25,0.55,Debit Card
TXNDC3A770917,2023-04-16,BR01,Eluru,Andhra Pradesh,CUST00768,Meena Naidu,Corporate,P003,Flagship Smartphone,Mobile,1,73181.87,0.15,0.75,UPI
TXN7ED78A22D3,2024-08-11,BR01,Eluru,Andhra Pradesh,CUST01363,Pooja Prasad,Retail,P004,Wireless Earbuds,Mobile,1,4730.84,0.15,0.55,UPI
TXNECE76DD855,2023-03-13,BR01,Eluru,Andhra Pradesh,CUST01061,Harika Murthy,Retail,P001,Budget Smartphone 4G,Mobile,1,10267.09,0.0,0.8,Debit Card
TXNA8A7068E57,2023-07-25,BR01,Eluru,Andhra Pradesh,CUST01325,Ramesh Kumar,Corporate,P001,Budget Smartphone 4G,Mobile,1,12217.78,0.0,0.8,Cash
TXN0FD9C25365,2024-01-23,BR01,Eluru,Andhra Pradesh,CUST01683,Sandeep Kumar,Retail,P003,Flagship Smartphone,Mobile,1,72535.7,0.1,0.75,Cash
TXN58CBD9FB64,2023-12-03,BR01,Eluru,Andhra Pradesh,CUST01071,Praveen Kumar,Retail,P016,Washing Machine,Home Appliances,1,34240.0,0.1,0.8,Cash
TXND9A2E82298,2024-12-31,BR01,Eluru,Andhra Pradesh,CUST00301,Sandeep Naidu,Retail,P011,Bluetooth Speaker,Accessories,1,3464.24,0.0,0.5,Debit Card
TXN42F6F7536C,2023-08-08,BR01,Eluru,Andhra Pradesh,CUST01599,Harika Naidu,Retail,P009,Laptop Bag,Accessories,1,1633.56,0.0,0.45,UPI
TXN4A6C9DDD17,2023-08-12,BR01,Eluru,Andhra Pradesh,CUST01033,Sandeep Rao,Retail,P004,Wireless Earbuds,Mobile,2,3906.59,0.0,0.55,Debit Card
TXN82893C97B0,2023-10-10,BR01,Eluru,Andhra Pradesh,CUST01549,Praveen Sharma,Retail,P013,Power Bank,Accessories,1,1391.71,0.2,0.48,Cash
TXNEE3009B608,2023-11-02,BR01,Eluru,Andhra Pradesh,CUST01803,Lakshmi Sarma,Retail,P008,Ultrabook Thin & Light,Laptop,1,59337.8,0.05,0.79,Credit Card
TXNF12E9920F3,2023-12-22,BR01,Eluru,Andhra Pradesh,CUST00484,Naveen Rao,Retail,P004,Wireless Earbuds,Mobile,4,4952.16,0.1,0.55,Cash
TXN078C08521D,2024-11-28,BR01,Eluru,Andhra Pradesh,CUST01916,Praveen Reddy,Retail,P020,Home Theatre System,Electronics,1,11449.62,0.15,0.6,Debit Card
TXN14EF714EA3,2024-05-07,BR01,Eluru,Andhra Pradesh,CUST01797,Kavya Kumar,Corporate,P010,Wireless Mouse,Accessories,1,611.9,0.0,0.4,UPI
TXN31A5FC8DD3,2024-12-23,BR01,Eluru,Andhra Pradesh,CUST00905,Ramesh Sharma,Retail,P020,Home Theatre System,Electronics,1,19180.57,0.0,0.6,UPI
TXN77977628DB,2024-05-24,BR01,Eluru,Andhra Pradesh,CUST00057,Sneha Murthy,Corporate,P003,Flagship Smartphone,Mobile,1,54548.38,0.05,0.75,UPI
TXNCB84A222B3,2023-09-25,BR01,Eluru,Andhra Pradesh,CUST00671,Swathi Chowdary,Wholesale,P018,LED TV 43-inch,Electronics,1,34567.1,0.0,0.8,UPI
TXN95232CF005,2024-07-08,BR01,Eluru,Andhra Pradesh,CUST00154,Meena Babu,Retail,P001,Budget Smartphone 4G,Mobile,2,9794.29,0.15,0.8,Credit Card
TXNE16F09BBD3,2024-12-09,BR01,Eluru,Andhra Pradesh,CUST00679,Ajay Varma,Retail,P013,Power Bank,Accessories,1,1878.98,0.1,0.48,Debit Card
TXN85983E853E,2023-12-17,BR01,Eluru,Andhra Pradesh,CUST01203,Arjun Rao,Retail,P004,Wireless Earbuds,Mobile,4,2985.84,0.0,0.55,UPI
TXN4C676AF190,2024-06-29,BR01,Eluru,Andhra Pradesh,CUST01892,Kavya Sharma,Retail,P011,Bluetooth Speaker,Accessories,1,3917.27,0.0,0.5,Net Banking
TXN2F9E6BB995,2023-02-09,BR01,Eluru,Andhra Pradesh,CUST01143,Sneha Reddy,Retail,P005,Entry Laptop i3,Laptop,1,32530.59,0.0,0.82,UPI
TXN54AFB97033,2023-09-02,BR01,Eluru,Andhra Pradesh,CUST00724,Manoj Devi,Corporate,P011,Bluetooth Speaker,Accessories,2,3333.93,0.0,0.5,Debit Card
TXNAE0F51502E,2024-05-30,BR01,Eluru,Andhra Pradesh,CUST00156,Pooja Chowdary,Retail,P012,Mobile Charger,Accessories,2,993.84,0.05,0.42,UPI
TXN1C0957F585,2023-03-18,BR01,Eluru,Andhra Pradesh,CUST01489,Srinivas Sarma,Retail,P019,LED TV 55-inch,Electronics,1,40481.32,0.0,0.79,UPI
TXN2E066486FB,2023-08-10,BR01,Eluru,Andhra Pradesh,CUST00013,Lakshmi Sharma,Wholesale,P004,Wireless Earbuds,Mobile,2,3795.84,0.0,0.55,Cash
TXNE847DD51E9,2024-10-27,BR01,Eluru,Andhra Pradesh,CUST00760,Kavya Sharma,Retail,P009,Laptop Bag,Accessories,3,671.34,0.0,0.45,Cash
TXN4FD16014C7,2023-05-12,BR01,Eluru,Andhra Pradesh,CUST01102,Ravi Reddy,Retail,P006,Business Laptop i5,Laptop,1,51303.11,0.1,0.8,UPI
TXN596D488FB6,2024-01-01,BR01,Eluru,Andhra Pradesh,CUST01324,Aishwarya Kumar,Retail,P008,Ultrabook Thin & Light,Laptop,1,62538.89,0.0,0.79,UPI
TXNCCDDA7F147,2023-08-03,BR01,Eluru,Andhra Pradesh,CUST01262,Manoj Naidu,Retail,P021,Smart Watch,Electronics,2,2027.78,0.0,0.55,Debit Card
TXN1CEF9674B5,2024-10-14,BR01,Eluru,Andhra Pradesh,CUST01855,Harika Naidu,Retail,P010,Wireless Mouse,Accessories,1,515.2,0.05,0.4,UPI
TXNAE697831CC,2024-01-29,BR01,Eluru,Andhra Pradesh,CUST00697,Vikram Sharma,Retail,P010,Wireless Mouse,Accessories,1,743.53,0.0,0.4,Net Banking
TXN24AF53C3E9,2023-05-04,BR01,Eluru,Andhra Pradesh,CUST01170,Anitha Varma,Wholesale,P010,Wireless Mouse,Accessories,1,724.94,0.15,0.4,Cash
TXN6BDBC85118,2023-08-28,BR01,Eluru,Andhra Pradesh,CUST00918,Ramesh Murthy,Retail,P007,Gaming Laptop i7,Laptop,1,100167.93,0.15,0.78,UPI
TXN91660B6469,2024-03-27,BR01,Eluru,Andhra Pradesh,CUST01746,Deepika Sarma,Retail,P010,Wireless Mouse,Accessories,2,322.85,0.0,0.4,Credit Card
TXN51DDAFF226,2024-03-06,BR01,Eluru,Andhra Pradesh,CUST00581,Ajay Devi,Wholesale,P020,Home Theatre System,Electronics,4,19845.35,0.1,0.6,Cash
TXN5D89DA27F7,2023-10-06,BR01,Eluru,Andhra Pradesh,CUST01352,Manoj Naidu,Retail,P020,Home Theatre System,Electronics,1,15865.43,0.25,0.6,Credit Card
TXND28950A9D3,2024-08-25,BR01,Eluru,Andhra Pradesh,CUST00036,Meena Devi,Retail,P002,Mid-range Smartphone 5G,Mobile,1,25012.03,0.05,0.78,Debit Card
TXN8B9011A6C2,2024-03-20,BR01,Eluru,Andhra Pradesh,CUST01411,Suresh Prasad,Wholesale,P011,Bluetooth Speaker,Accessories,2,2586.65,0.05,0.5,Net Banking
TXNFF3C4186DA,2024-02-11,BR01,Eluru,Andhra Pradesh,CUST00478,Meena Murthy,Retail,P006,Business Laptop i5,Laptop,1,51517.55,0.1,0.8,UPI
TXN35A81C1435,2023-12-05,BR01,Eluru,Andhra Pradesh,CUST00714,Divya Devi,Retail,P010,Wireless Mouse,Accessories,2,388.03,0.05,0.4,UPI
TXNAD7143E3E4,2023-11-10,BR01,Eluru,Andhra Pradesh,CUST00450,Ramesh Rao,Wholesale,P006,Business Laptop i5,Laptop,1,55583.43,0.15,0.8,Credit Card
TXNA1F455488D,2023-01-28,BR01,Eluru,Andhra Pradesh,CUST01316,Deepika Sharma,Wholesale,P010,Wireless Mouse,Accessories,4,1154.45,0.15,0.4,Cash
TXNF94871FCD8,2023-10-07,BR01,Eluru,Andhra Pradesh,CUST00264,Meena Sarma,Retail,P010,Wireless Mouse,Accessories,4,865.53,0.1,0.4,Credit Card
TXN6597C4D5DF,2024-04-04,BR01,Eluru,Andhra Pradesh,CUST00828,Priya Rao,Corporate,P013,Power Bank,Accessories,1,1874.96,0.0,0.48,UPI
TXNFEFE99C110,2024-03-05,BR01,Eluru,Andhra Pradesh,CUST01664,Meena Prasad,Retail,P014,Split AC 1.5 Ton,Home Appliances,1,42998.66,0.05,0.83,Net Banking
TXND19E832163,2023-03-07,BR01,Eluru,Andhra Pradesh,CUST00627,Naveen Sharma,Corporate,P003,Flagship Smartphone,Mobile,1,63998.86,0.0,0.75,Net Banking
TXN75BB417D48,2023-12-16,BR01,Eluru,Andhra Pradesh,CUST00787,Praveen Devi,Retail,P020,Home Theatre System,Electronics,1,12528.32,0.15,0.6,UPI
TXNF76BE8AE40,2023-04-16,BR01,Eluru,Andhra Pradesh,CUST01395,Harika Reddy,Retail,P008,Ultrabook Thin & Light,Laptop,1,65288.06,0.15,0.79,UPI
TXN1E4535A6B7,2023-03-13,BR01,Eluru,Andhra Pradesh,CUST01084,Naveen Varma,Corporate,P015,Refrigerator 300L,Home Appliances,1,38156.87,0.05,0.82,Cash
TXN8F70C32F1C,2023-06-16,BR01,Eluru,Andhra Pradesh,CUST00442,Harika Rao,Retail,P017,Microwave Oven,Home Appliances,1,11338.29,0.0,0.75,Debit Card
TXNF1187CFB13,2023-06-19,BR01,Eluru,Andhra Pradesh,CUST00884,Ramesh Rao,Wholesale,P001,Budget Smartphone 4G,Mobile,1,12939.85,0.15,0.8,UPI
TXNC237CEFCCF,2024-10-25,BR01,Eluru,Andhra Pradesh,CUST01539,Manoj Naidu,Retail,P013,Power Bank,Accessories,4,1110.97,0.05,0.48,Net Banking
TXNFEA002A912,2023-02-04,BR01,Eluru,Andhra Pradesh,CUST01194,Sneha Naidu,Retail,P018,LED TV 43-inch,Electronics,1,30144.25,0.15,0.8,UPI
TXN945E6BF62B,2023-08-05,BR01,Eluru,Andhra Pradesh,CUST01732,Swathi Sharma,Retail,P012,Mobile Charger,Accessories,1,594.76,0.15,0.42,Cash
TXN17DEA1C134,2024-10-24,BR01,Eluru,Andhra Pradesh,CUST01365,Sneha Sharma,Retail,P021,Smart Watch,Electronics,2,10988.23,0.25,0.55,UPI
TXNA8DA5F8B99,2024-09-11,BR01,Eluru,Andhra Pradesh,CUST00932,Manoj Reddy,Corporate,P006,Business Laptop i5,Laptop,1,50768.26,0.0,0.8,UPI
TXN6D8039EEB0,2023-11-04,BR01,Eluru,Andhra Pradesh,CUST01861,Ajay Devi,Retail,P003,Flagship Smartphone,Mobile,1,47778.77,0.2,0.75,UPI
TXN078DEA39A2,2024-12-29,BR01,Eluru,Andhra Pradesh,CUST01800,Swathi Prasad,Corporate,P017,Microwave Oven,Home Appliances,1,7183.17,0.0,0.75,Credit Card
TXNFE13BA8721,2023-02-20,BR01,Eluru,Andhra Pradesh,CUST01616,Manoj Reddy,Retail,P011,Bluetooth Speaker,Accessories,1,3156.93,0.1,0.5,UPI
TXN54D4F160D6,2023-07-12,BR01,Eluru,Andhra Pradesh,CUST00598,Lakshmi Reddy,Retail,P006,Business Laptop i5,Laptop,1,52752.96,0.15,0.8,UPI
TXNF7BFB75002,2023-12-04,BR01,Eluru,Andhra Pradesh,CUST01246,Anitha Kumar,Retail,P012,Mobile Charger,Accessories,2,616.06,0.0,0.42,UPI
TXN100A78B2AF,2023-11-21,BR01,Eluru,Andhra Pradesh,CUST01481,Sandeep Prasad,Wholesale,P001,Budget Smartphone 4G,Mobile,2,13593.88,0.0,0.8,UPI
TXN8284051BF4,2024-04-15,BR01,Eluru,Andhra Pradesh,CUST00404,Naveen Reddy,Retail,P008,Ultrabook Thin & Light,Laptop,1,65173.13,0.05,0.79,UPI
TXNFC14B04DA7,2023-07-19,BR01,Eluru,Andhra Pradesh,CUST00423,Vikram Prasad,Retail,P001,Budget Smartphone 4G,Mobile,2,8253.86,0.0,0.8,Cash
TXN66DFFE446A,2024-07-10,BR01,Eluru,Andhra Pradesh,CUST00018,Pooja Murthy,Retail,P018,LED TV 43-inch,Electronics,1,31802.83,0.05,0.8,UPI
TXN98B7E069BF,2023-01-25,BR01,Eluru,Andhra Pradesh,CUST00503,Anitha Kumar,Retail,P013,Power Bank,Accessories,2,836.1,0.0,0.48,Cash
TXNBB3FF53623,2023-04-02,BR01,Eluru,Andhra Pradesh,CUST00889,Arjun Devi,Corporate,P014,Split AC 1.5 Ton,Home Appliances,1,42988.05,0.0,0.83,UPI
TXN03D085ED81,2023-12-08,BR01,Eluru,Andhra Pradesh,CUST00260,Harika Devi,Retail,P019,LED TV 55-inch,Electronics,1,44823.49,0.0,0.79,Net Banking
TXN4E10D973CF,2024-05-11,BR01,Eluru,Andhra Pradesh,CUST01331,Suresh Rao,Retail,P006,Business Laptop i5,Laptop,1,50401.5,0.15,0.8,Net Banking
TXN4668C795F1,2024-06-28,BR01,Eluru,Andhra Pradesh,CUST00580,Pooja Devi,Corporate,P009,Laptop Bag,Accessories,1,1516.44,0.0,0.45,Debit Card
TXNCC6B8E0D74,2024-04-10,BR01,Eluru,Andhra Pradesh,CUST01838,Aishwarya Murthy,Retail,P010,Wireless Mouse,Accessories,1,1452.86,0.05,0.4,UPI
TXN010EAB5184,2024-10-29,BR01,Eluru,Andhra Pradesh,CUST01158,Anitha Sharma,Retail,P013,Power Bank,Accessories,2,2405.32,0.0,0.48,Credit Card
TXN8FAC1C7CDF,2023-08-28,BR01,Eluru,Andhra Pradesh,CUST00172,Aishwarya Sharma,Retail,P016,Washing Machine,Home Appliances,1,28653.45,0.0,0.8,Debit Card
TXN06DB1DA90A,2023-01-25,BR01,Eluru,Andhra Pradesh,CUST00224,Sandeep Varma,Retail,P009,Laptop Bag,Accessories,2,1957.4,0.0,0.45,UPI
TXN456004F2DD,2024-03-11,BR01,Eluru,Andhra Pradesh,CUST01499,Suresh Prasad,Retail,P003,Flagship Smartphone,Mobile,1,53047.78,0.0,0.75,UPI
TXNC58D6D7C02,2023-04-16,BR01,Eluru,Andhra Pradesh,CUST00849,Vikram Reddy,Retail,P015,Refrigerator 300L,Home Appliances,1,36817.36,0.0,0.82,UPI
TXNB1ABB5DD7E,2023-10-31,BR01,Eluru,Andhra Pradesh,CUST00146,Meena Sharma,Corporate,P005,Entry Laptop i3,Laptop,1,36317.74,0.25,0.82,Net Banking
TXN3921AF5F19,2023-06-03,BR01,Eluru,Andhra Pradesh,CUST01689,Kiran Prasad,Retail,P004,Wireless Earbuds,Mobile,1,1765.03,0.0,0.55,Net Banking
TXNEBF6E8A6DB,2023-08-05,BR01,Eluru,Andhra Pradesh,CUST00334,Kavya Prasad,Retail,P001,Budget Smartphone 4G,Mobile,1,9063.14,0.05,0.8,Credit Card
TXN8019A15F75,2023-09-11,BR01,Eluru,Andhra Pradesh,CUST00407,Naveen Babu,Corporate,P009,Laptop Bag,Accessories,2,811.77,0.1,0.45,Debit Card
TXN9379A02842,2024-03-06,BR01,Eluru,Andhra Pradesh,CUST00460,Swathi Sharma,Wholesale,P020,Home Theatre System,Electronics,1,7412.9,0.05,0.6,Debit Card
TXND5F44DA2D7,2024-10-29,BR01,Eluru,Andhra Pradesh,CUST00882,Praveen Sharma,Retail,P020,Home Theatre System,Electronics,3,10534.18,0.05,0.6,Net Banking
TXNE826F12CDE,2023-10-29,BR01,Eluru,Andhra Pradesh,CUST01574,Divya Prasad,Retail,P018,LED TV 43-inch,Electronics,1,29567.2,0.2,0.8,UPI
TXNB9C79F45B0,2024-06-03,BR01,Eluru,Andhra Pradesh,CUST00823,Meena Prasad,Retail,P006,Business Laptop i5,Laptop,1,51910.62,0.0,0.8,Credit Card
TXN277C56ECA2,2024-04-05,BR01,Eluru,Andhra Pradesh,CUST00772,Srinivas Varma,Retail,P004,Wireless Earbuds,Mobile,2,5730.42,0.1,0.55,UPI
TXNC7E16163A2,2023-12-18,BR01,Eluru,Andhra Pradesh,CUST01714,Srinivas Babu,Retail,P012,Mobile Charger,Accessories,1,965.73,0.0,0.42,UPI
TXNBB48553EFE,2024-04-14,BR01,Eluru,Andhra Pradesh,CUST01025,Meena Kumar,Retail,P004,Wireless Earbuds,Mobile,2,1938.92,0.05,0.55,Net Banking
TXN631E6995F6,2024-06-02,BR01,Eluru,Andhra Pradesh,CUST01795,Kavya Sharma,Retail,P011,Bluetooth Speaker,Accessories,4,4845.74,0.1,0.5,UPI
TXNB0FB3ECBB2,2023-12-22,BR01,Eluru,Andhra Pradesh,CUST00766,Ramesh Babu,Retail,P012,Mobile Charger,Accessories,2,500.5,0.0,0.42,UPI
TXN4C80D5FF2B,2024-07-27,BR01,Eluru,Andhra Pradesh,CUST00623,Praveen Varma,Retail,P019,LED TV 55-inch,Electronics,1,54862.45,0.0,0.79,Cash
TXNA04001CDB9,2024-05-12,BR01,Eluru,Andhra Pradesh,CUST00549,Naveen Naidu,Retail,P012,Mobile Charger,Accessories,4,623.73,0.05,0.42,Credit Card
TXN248BD7FAD2,2023-03-22,BR01,Eluru,Andhra Pradesh,CUST01693,Lakshmi Babu,Retail,P011,Bluetooth Speaker,Accessories,2,2409.94,0.0,0.5,Debit Card
TXNFEDCE51E05,2023-06-21,BR01,Eluru,Andhra Pradesh,CUST00256,Ravi Rao,Retail,P008,Ultrabook Thin & Light,Laptop,1,84207.05,0.1,0.79,UPI
TXNCBBDD26360,2023-01-22,BR01,Eluru,Andhra Pradesh,CUST00862,Anitha Devi,Retail,P018,LED TV 43-inch,Electronics,1,27123.66,0.1,0.8,Debit Card
TXN043FCFEB3F,2024-09-13,BR01,Eluru,Andhra Pradesh,CUST01835,Naveen Murthy,Retail,P010,Wireless Mouse,Accessories,2,1130.48,0.0,0.4,Cash
TXNF66CDE88AF,2024-09-28,BR01,Eluru,Andhra Pradesh,CUST00255,Ajay Prasad,Retail,P017,Microwave Oven,Home Appliances,4,6906.58,0.0,0.75,UPI
TXN1F4C73F683,2024-03-31,BR01,Eluru,Andhra Pradesh,CUST01542,Ajay Devi,Wholesale,P012,Mobile Charger,Accessories,1,483.39,0.15,0.42,UPI
TXNCAFF4E2422,2023-10-11,BR01,Eluru,Andhra Pradesh,CUST00931,Priya Kumar,Corporate,P004,Wireless Earbuds,Mobile,2,3098.86,0.0,0.55,UPI
TXNCB66A428CA,2024-03-09,BR01,Eluru,Andhra Pradesh,CUST00349,Naveen Chowdary,Corporate,P019,LED TV 55-inch,Electronics,1,43403.84,0.0,0.79,UPI
TXNFA05A7EA22,2024-04-27,BR01,Eluru,Andhra Pradesh,CUST00599,Praveen Murthy,Retail,P009,Laptop Bag,Accessories,1,1162.04,0.1,0.45,Credit Card
TXNCF2DA8E3B7,2024-09-13,BR01,Eluru,Andhra Pradesh,CUST01140,Naveen Murthy,Retail,P004,Wireless Earbuds,Mobile,2,3047.31,0.05,0.55,UPI
TXN8F1403519E,2023-10-02,BR01,Eluru,Andhra Pradesh,CUST00710,Naveen Devi,Retail,P012,Mobile Charger,Accessories,3,322.76,0.15,0.42,UPI
TXN3CEBE684B2,2024-01-24,BR01,Eluru,Andhra Pradesh,CUST01812,Naveen Naidu,Retail,P003,Flagship Smartphone,Mobile,1,60196.99,0.1,0.75,Credit Card
TXNF75CC4AB79,2024-11-11,BR01,Eluru,Andhra Pradesh,CUST01803,Lakshmi Sarma,Retail,P011,Bluetooth Speaker,Accessories,2,4666.96,0.1,0.5,UPI
TXN03D3A31497,2023-08-13,BR01,Eluru,Andhra Pradesh,CUST00815,Sandeep Rao,Retail,P006,Business Laptop i5,Laptop,1,57434.18,0.1,0.8,UPI
TXN031584E27F,2024-03-05,BR01,Eluru,Andhra Pradesh,CUST00024,Ajay Babu,Retail,P009,Laptop Bag,Accessories,4,1068.5,0.0,0.45,Net Banking
TXNF690B961C9,2024-01-02,BR01,Eluru,Andhra Pradesh,CUST01008,Harika Kumar,Retail,P020,Home Theatre System,Electronics,2,10232.76,0.15,0.6,Net Banking
TXN19D95730AB,2024-09-11,BR01,Eluru,Andhra Pradesh,CUST01744,Lakshmi Varma,Retail,P013,Power Bank,Accessories,1,1246.97,0.15,0.48,Debit Card
TXNE25A0A10C7,2024-03-11,BR01,Eluru,Andhra Pradesh,CUST00353,Ramesh Rao,Retail,P004,Wireless Earbuds,Mobile,1,4840.11,0.15,0.55,UPI
TXN5B3B974606,2024-04-27,BR01,Eluru,Andhra Pradesh,CUST00146,Meena Sharma,Corporate,P002,Mid-range Smartphone 5G,Mobile,1,23193.85,0.1,0.78,Credit Card
TXNC1CD20CD5F,2024-11-06,BR01,Eluru,Andhra Pradesh,CUST01392,Deepika Kumar,Retail,P009,Laptop Bag,Accessories,1,776.55,0.1,0.45,Cash
TXN7ABDF340E6,2023-09-06,BR01,Eluru,Andhra Pradesh,CUST01740,Divya Murthy,Retail,P018,LED TV 43-inch,Electronics,1,26362.81,0.1,0.8,UPI
TXND0985609E0,2024-05-12,BR01,Eluru,Andhra Pradesh,CUST01586,Ajay Sharma,Retail,P001,Budget Smartphone 4G,Mobile,1,10611.19,0.0,0.8,Cash
TXNC251B792B1,2023-02-23,BR01,Eluru,Andhra Pradesh,CUST00267,Srinivas Murthy,Retail,P003,Flagship Smartphone,Mobile,1,72170.89,0.05,0.75,UPI
TXN88F3135B06,2023-01-13,BR01,Eluru,Andhra Pradesh,CUST01248,Sandeep Reddy,Retail,P003,Flagship Smartphone,Mobile,1,50552.56,0.15,0.75,Cash
TXNAF68E87544,2023-04-06,BR01,Eluru,Andhra Pradesh,CUST01940,Suresh Reddy,Wholesale,P006,Business Laptop i5,Laptop,1,58731.44,0.15,0.8,UPI
TXN51D2581B3A,2024-11-15,BR01,Eluru,Andhra Pradesh,CUST00984,Ramesh Sarma,Retail,P001,Budget Smartphone 4G,Mobile,1,10684.29,0.1,0.8,Debit Card
TXNC1CFD5C7D7,2024-12-27,BR01,Eluru,Andhra Pradesh,CUST00702,Arjun Prasad,Retail,P003,Flagship Smartphone,Mobile,1,52551.74,0.0,0.75,UPI
TXNA94A9CA32B,2023-09-18,BR01,Eluru,Andhra Pradesh,CUST01407,Manoj Sharma,Retail,P006,Business Laptop i5,Laptop,1,56932.73,0.0,0.8,UPI
TXN3900698272,2023-07-08,BR01,Eluru,Andhra Pradesh,CUST01507,,Retail,P003,Flagship Smartphone,Mobile,1,54651.4,0.0,0.75,Credit Card
TXNCB08720A1C,2024-03-01,BR01,Eluru,Andhra Pradesh,CUST00044,Meena Reddy,Retail,P013,Power Bank,Accessories,1,2219.32,0.15,0.48,Net Banking
TXN237AC71D46,2023-10-25,BR01,Eluru,Andhra Pradesh,CUST00525,Sandeep Murthy,Retail,P002,Mid-range Smartphone 5G,Mobile,1,25647.79,0.0,0.78,Credit Card
TXN92AD26757D,2023-04-15,BR01,Eluru,Andhra Pradesh,CUST00524,Praveen Prasad,Retail,P013,Power Bank,Accessories,1,902.16,0.15,0.48,Credit Card
TXNDDB50CD638,2024-02-23,BR01,Eluru,Andhra Pradesh,CUST01306,Anitha Babu,Retail,P018,LED TV 43-inch,Electronics,1,22461.27,0.1,0.8,UPI
TXN5840AB8D3B,2023-11-10,BR01,Eluru,Andhra Pradesh,CUST01284,Anitha Chowdary,Retail,P011,Bluetooth Speaker,Accessories,1,2306.6,0.2,0.5,UPI
TXND8E24E89F2,2023-01-08,BR01,Eluru,Andhra Pradesh,CUST01842,Praveen Chowdary,Retail,P010,Wireless Mouse,Accessories,3,390.56,0.1,0.4,Net Banking
TXN0F75FDCEC8,2024-03-01,BR01,Eluru,Andhra Pradesh,CUST00348,Kavya Sarma,Corporate,P016,Washing Machine,Home Appliances,1,26196.24,0.15,0.8,Credit Card
TXNF450DA68B9,2024-01-08,BR01,Eluru,Andhra Pradesh,CUST00540,Manoj Sarma,Retail,P001,Budget Smartphone 4G,Mobile,1,13097.5,0.0,0.8,Debit Card
TXN8E722565D9,2024-12-08,BR01,Eluru,Andhra Pradesh,CUST00968,Sneha Sarma,Retail,P004,Wireless Earbuds,Mobile,3,5539.19,0.05,0.55,Cash
TXN6B0C9DB244,2023-10-18,BR01,Eluru,Andhra Pradesh,CUST00745,Ramesh Sharma,Retail,P006,Business Laptop i5,Laptop,1,54039.12,0.0,0.8,UPI
TXN99433B70C9,2024-04-22,BR01,Eluru,Andhra Pradesh,CUST00708,Ramesh Prasad,Wholesale,P013,Power Bank,Accessories,1,1606.65,0.05,0.48,Net Banking
TXN9BAAA9F2E3,2023-07-30,BR01,Eluru,Andhra Pradesh,CUST01469,Manoj Chowdary,Retail,P019,LED TV 55-inch,Electronics,1,45860.83,0.1,0.79,Credit Card
TXNF221F20B0A,2024-12-09,BR01,Eluru,Andhra Pradesh,CUST01625,Meena Varma,Retail,P002,Mid-range Smartphone 5G,Mobile,1,27440.31,0.0,0.78,Cash
TXN55B21389FC,2024-03-28,BR01,Eluru,Andhra Pradesh,CUST00290,Anitha Devi,Retail,P015,Refrigerator 300L,Home Appliances,1,26486.89,0.0,0.82,Debit Card
TXN5A3C2978BA,2024-10-04,BR01,Eluru,Andhra Pradesh,CUST00343,Kavya Sharma,Retail,P009,Laptop Bag,Accessories,1,1417.3,0.05,0.45,UPI
TXN9CAC134646,2024-09-10,BR01,Eluru,Andhra Pradesh,CUST01255,Aishwarya Varma,Wholesale,P011,Bluetooth Speaker,Accessories,2,2687.8,0.1,0.5,UPI
TXN425DF5B2EF,2024-01-15,BR01,Eluru,Andhra Pradesh,CUST01615,Ramesh Babu,Retail,P003,Flagship Smartphone,Mobile,1,78368.65,0.0,0.75,Cash
TXN1E5809E1C6,2024-11-14,BR01,Eluru,Andhra Pradesh,CUST01618,Harika Murthy,Retail,P010,Wireless Mouse,Accessories,2,842.49,0.0,0.4,Cash
TXN05F5C220C1,2024-06-13,BR01,Eluru,Andhra Pradesh,CUST00382,Sandeep Sharma,Retail,P002,Mid-range Smartphone 5G,Mobile,2,15308.75,0.0,0.78,UPI
TXN71AAF873D2,2023-09-29,BR01,Eluru,Andhra Pradesh,CUST00547,Praveen Babu,Retail,P007,Gaming Laptop i7,Laptop,1,97052.23,0.05,0.78,UPI
TXN45668476CE,2024-05-13,BR01,Eluru,Andhra Pradesh,CUST01449,Praveen Reddy,Retail,P020,Home Theatre System,Electronics,4,10425.18,0.0,0.6,Debit Card
TXN7BC805A910,2024-07-15,BR01,Eluru,Andhra Pradesh,CUST00001,Praveen Rao,Retail,P020,Home Theatre System,Electronics,1,6793.46,0.0,0.6,UPI
TXN028E24D212,2023-05-05,BR01,Eluru,Andhra Pradesh,CUST00284,Naveen Prasad,Corporate,P012,Mobile Charger,Accessories,4,1596.49,0.15,0.42,Cash
TXN6912C022D6,2024-07-31,BR01,Eluru,Andhra Pradesh,CUST01107,Divya Kumar,Retail,P011,Bluetooth Speaker,Accessories,2,4411.88,0.0,0.5,Net Banking
TXNEE577FE6F7,2024-03-26,BR01,Eluru,Andhra Pradesh,CUST01852,Suresh Rao,Retail,P013,Power Bank,Accessories,1,2109.07,0.0,0.48,Debit Card
TXNF5FE604784,2023-07-01,BR01,Eluru,Andhra Pradesh,CUST01635,Praveen Devi,Retail,P010,Wireless Mouse,Accessories,1,981.68,0.1,0.4,UPI
TXNA4831900DF,2023-03-26,BR01,Eluru,Andhra Pradesh,CUST01704,Harika Babu,Wholesale,P009,Laptop Bag,Accessories,1,1454.62,0.05,0.45,Cash
TXN0CB4086C59,2023-12-19,BR01,Eluru,Andhra Pradesh,CUST00283,Aishwarya Varma,Wholesale,P001,Budget Smartphone 4G,Mobile,1,8691.97,0.0,0.8,Net Banking
TXNFE4094FFF5,2024-07-31,BR01,Eluru,Andhra Pradesh,CUST01876,Praveen Chowdary,Wholesale,P010,Wireless Mouse,Accessories,1,1089.88,0.1,0.4,Credit Card
TXND4B2E30A26,2023-09-06,BR01,Eluru,Andhra Pradesh,CUST00019,Suresh Reddy,Retail,P011,Bluetooth Speaker,Accessories,3,1879.05,0.15,0.5,UPI
TXNE38409685D,2023-05-31,BR01,Eluru,Andhra Pradesh,CUST01360,Vikram Varma,Wholesale,P016,Washing Machine,Home Appliances,1,20585.83,0.0,0.8,Cash
TXN54A37BB2F7,2024-06-30,BR01,Eluru,Andhra Pradesh,CUST01167,Harika Sharma,Retail,P005,Entry Laptop i3,Laptop,1,29385.52,0.05,0.82,Debit Card
TXN969DAE234C,2023-05-21,BR01,Eluru,Andhra Pradesh,CUST00366,Ajay Naidu,Corporate,P003,Flagship Smartphone,Mobile,1,65399.42,0.05,0.75,UPI
TXNB07B6FD78E,2023-09-17,BR01,Eluru,Andhra Pradesh,CUST01242,Arjun Devi,Wholesale,P010,Wireless Mouse,Accessories,4,1165.37,0.05,0.4,Cash
TXN0DD0C0B137,2024-04-29,BR01,Eluru,Andhra Pradesh,CUST01699,Kiran Babu,Retail,P011,Bluetooth Speaker,Accessories,2,2762.93,0.05,0.5,UPI
TXN7D7C0093E4,2023-01-06,BR01,Eluru,Andhra Pradesh,CUST00624,Priya Babu,Retail,P001,Budget Smartphone 4G,Mobile,1,8234.14,0.0,0.8,Cash
TXN1EC2F30137,2023-02-21,BR01,Eluru,Andhra Pradesh,CUST01418,Kavya Sharma,Retail,P020,Home Theatre System,Electronics,1,16199.46,0.0,0.6,Cash
TXN4C360F1BAC,2024-02-07,BR01,Eluru,Andhra Pradesh,CUST01781,Srinivas Devi,Retail,P004,Wireless Earbuds,Mobile,1,5803.15,0.0,0.55,Credit Card
TXN6B4FCEDF3D,2024-08-21,BR01,Eluru,Andhra Pradesh,CUST00344,Meena Chowdary,Retail,P018,LED TV 43-inch,Electronics,1,22907.87,0.05,0.8,UPI
TXNA9B886F82B,2024-06-24,BR01,Eluru,Andhra Pradesh,CUST01712,Naveen Chowdary,Retail,P010,Wireless Mouse,Accessories,1,633.29,0.0,0.4,Cash
TXNB77C0AD269,2024-04-03,BR01,Eluru,Andhra Pradesh,CUST00337,Kiran Rao,Retail,P013,Power Bank,Accessories,2,1018.11,0.05,0.48,UPI
TXND95C17C926,2023-10-12,BR01,Eluru,Andhra Pradesh,CUST01949,Suresh Prasad,Wholesale,P019,LED TV 55-inch,Electronics,1,44139.29,0.2,0.79,UPI
TXNB6760B5848,2024-06-22,BR01,Eluru,Andhra Pradesh,CUST01915,Suresh Babu,Retail,P013,Power Bank,Accessories,1,1602.04,0.0,0.48,UPI
TXN64FD910DCC,2023-12-03,BR01,Eluru,Andhra Pradesh,CUST00369,Kiran Varma,Retail,P004,Wireless Earbuds,Mobile,1,3069.41,0.0,0.55,Cash
TXNE5B2678CE8,2023-08-10,BR01,Eluru,Andhra Pradesh,CUST01530,Ravi Devi,Retail,P012,Mobile Charger,Accessories,1,437.63,0.05,0.42,Debit Card
TXNFE43CD3699,2024-10-08,BR01,Eluru,Andhra Pradesh,CUST01932,Harika Kumar,Wholesale,P019,LED TV 55-inch,Electronics,1,48259.13,0.1,0.79,UPI
TXN8F21F0F76F,2023-03-05,BR01,Eluru,Andhra Pradesh,CUST00102,Priya Murthy,Retail,P002,Mid-range Smartphone 5G,Mobile,1,27766.31,0.15,0.78,UPI
TXNA0B62074D1,2023-01-19,BR01,Eluru,Andhra Pradesh,CUST01810,Kavya Chowdary,Retail,P010,Wireless Mouse,Accessories,2,367.65,0.0,0.4,Net Banking
TXNC4148EC3D2,2024-10-29,BR01,Eluru,Andhra Pradesh,CUST01710,Deepika Sharma,Corporate,P002,Mid-range Smartphone 5G,Mobile,1,27884.23,0.1,0.78,Credit Card
TXN60E466EBD6,2024-05-21,BR01,Eluru,Andhra Pradesh,CUST00814,Ajay Sharma,Retail,P013,Power Bank,Accessories,1,877.01,0.05,0.48,UPI
TXN89AEF8C2B5,2024-10-16,BR01,Eluru,Andhra Pradesh,CUST00832,Pooja Chowdary,Retail,P001,Budget Smartphone 4G,Mobile,3,13969.41,0.25,0.8,Net Banking
TXN1B6C6D4AAC,2024-09-05,BR01,Eluru,Andhra Pradesh,CUST01278,Suresh Sarma,Retail,P009,Laptop Bag,Accessories,1,1369.32,0.1,0.45,UPI
TXNBD62C97C77,2024-05-21,BR01,Eluru,Andhra Pradesh,CUST00623,Praveen Varma,Retail,P010,Wireless Mouse,Accessories,2,721.09,0.05,0.4,Credit Card
TXN962AC45BF7,2024-10-28,BR01,Eluru,Andhra Pradesh,CUST00438,Ravi Kumar,Retail,P012,Mobile Charger,Accessories,3,1776.32,0.0,0.42,Cash
TXNE9EC88C35F,2023-03-16,BR01,Eluru,Andhra Pradesh,CUST00627,Naveen Sharma,Corporate,P002,Mid-range Smartphone 5G,Mobile,1,27920.67,0.15,0.78,Net Banking
TXNC2C737E5BB,2024-04-03,BR01,Eluru,Andhra Pradesh,CUST00198,Swathi Chowdary,Retail,P005,Entry Laptop i3,Laptop,1,36160.38,0.05,0.82,UPI
TXN8C9FA7983B,2024-06-06,BR01,Eluru,Andhra Pradesh,CUST01297,Manoj Varma,Corporate,P016,Washing Machine,Home Appliances,1,30986.97,0.05,0.8,UPI
TXNC244690201,2024-05-19,BR01,Eluru,Andhra Pradesh,CUST00946,Meena Chowdary,Retail,P007,Gaming Laptop i7,Laptop,1,126262.93,0.0,0.78,Debit Card
TXN668A11F512,2024-11-04,BR01,Eluru,Andhra Pradesh,CUST01203,Arjun Rao,Retail,P004,Wireless Earbuds,Mobile,3,2185.38,0.0,0.55,Credit Card
TXNC1C65F7801,2024-03-07,BR01,Eluru,Andhra Pradesh,CUST01562,Harika Devi,Wholesale,P013,Power Bank,Accessories,4,2215.92,0.15,0.48,UPI
TXNE46C131510,2024-12-15,BR01,Eluru,Andhra Pradesh,CUST00278,Naveen Prasad,Retail,P006,Business Laptop i5,Laptop,1,50834.47,0.0,0.8,Credit Card
TXNCBB8B29CCA,2023-10-31,BR01,Eluru,Andhra Pradesh,CUST01685,Suresh Devi,Retail,P004,Wireless Earbuds,Mobile,3,3368.57,0.15,0.55,UPI
TXNF713E61775,2023-04-22,BR01,Eluru,Andhra Pradesh,CUST01780,Manoj Chowdary,Corporate,P013,Power Bank,Accessories,1,2016.71,0.0,0.48,UPI
TXN829AB4F66B,2023-09-08,BR01,Eluru,Andhra Pradesh,CUST00287,Aishwarya Sarma,Retail,P011,Bluetooth Speaker,Accessories,1,3639.82,0.15,0.5,Cash
TXN72A09C5CCB,2024-11-29,BR01,Eluru,Andhra Pradesh,CUST01360,Vikram Varma,Wholesale,P018,LED TV 43-inch,Electronics,1,30012.9,0.05,0.8,Credit Card
TXN18B763B39C,2023-07-16,BR01,Eluru,Andhra Pradesh,CUST01051,Ramesh Murthy,Retail,P019,LED TV 55-inch,Electronics,1,58064.01,0.05,0.79,UPI
TXNEA014D145E,2023-11-11,BR01,Eluru,Andhra Pradesh,CUST00116,Lakshmi Kumar,Retail,P001,Budget Smartphone 4G,Mobile,2,11156.21,0.2,0.8,Net Banking
TXN6ACCD3E430,2023-10-05,BR01,Eluru,Andhra Pradesh,CUST01202,Vikram Prasad,Retail,P009,Laptop Bag,Accessories,2,1529.52,0.2,0.45,Debit Card
TXN830DB1FD0C,2023-08-08,BR01,Eluru,Andhra Pradesh,CUST00081,Lakshmi Varma,Retail,P021,Smart Watch,Electronics,4,9448.76,0.0,0.55,Credit Card
TXN7666E272AC,2023-04-06,BR01,Eluru,Andhra Pradesh,CUST01642,Sandeep Prasad,Corporate,P012,Mobile Charger,Accessories,2,1370.83,0.1,0.42,Debit Card
TXN610AF22641,2023-07-14,BR01,Eluru,Andhra Pradesh,CUST01221,Sandeep Chowdary,Wholesale,P006,Business Laptop i5,Laptop,1,50749.74,0.0,0.8,UPI
TXN67005ECC53,2024-11-12,BR01,Eluru,Andhra Pradesh,CUST01536,Manoj Devi,Wholesale,P008,Ultrabook Thin & Light,Laptop,1,58066.9,0.25,0.79,Credit Card
TXNF9572B7354,2024-01-19,BR01,Eluru,Andhra Pradesh,CUST01190,Suresh Murthy,Retail,P011,Bluetooth Speaker,Accessories,1,1599.99,0.05,0.5,Debit Card
TXN1BFE860CAB,2023-02-27,BR01,Eluru,Andhra Pradesh,CUST00848,Naveen Prasad,Retail,P001,Budget Smartphone 4G,Mobile,4,13966.35,0.15,0.8,UPI
TXNE3CB9450C5,2024-09-11,BR01,Eluru,Andhra Pradesh,CUST00631,Aishwarya Kumar,Retail,P016,Washing Machine,Home Appliances,1,32475.83,0.1,0.8,Net Banking
TXN4559706715,2023-09-11,BR01,Eluru,Andhra Pradesh,CUST01060,Lakshmi Varma,Retail,P011,Bluetooth Speaker,Accessories,2,1918.15,0.05,0.5,Cash
TXN1955A38F8B,2023-08-13,BR01,Eluru,Andhra Pradesh,CUST01072,Kiran Varma,Retail,P004,Wireless Earbuds,Mobile,1,3338.07,0.1,0.55,Cash
TXN8A80DEE0AF,2023-07-24,BR01,Eluru,Andhra Pradesh,CUST00948,Suresh Murthy,Retail,P009,Laptop Bag,Accessories,2,1624.87,0.15,0.45,UPI
TXN86EDB6D410,2023-11-03,BR01,Eluru,Andhra Pradesh,CUST01038,Swathi Kumar,Retail,P010,Wireless Mouse,Accessories,1,1067.3,0.0,0.4,Debit Card
TXNBAED6D5902,2024-09-11,BR01,Eluru,Andhra Pradesh,CUST01189,Pooja Prasad,Corporate,P002,Mid-range Smartphone 5G,Mobile,4,15818.37,0.15,0.78,UPI
TXN968942A73C,2024-09-23,BR01,Eluru,Andhra Pradesh,CUST00621,Manoj Naidu,Retail,P007,Gaming Laptop i7,Laptop,1,83280.66,0.15,0.78,Credit Card
TXN611BBB674B,2023-11-17,BR01,Eluru,Andhra Pradesh,CUST00697,Vikram Sharma,Retail,P015,Refrigerator 300L,Home Appliances,1,32410.13,0.1,0.82,UPI
TXNA846BA592E,2023-12-10,BR01,Eluru,Andhra Pradesh,CUST00282,Swathi Murthy,Retail,P015,Refrigerator 300L,Home Appliances,1,33467.29,0.1,0.82,Cash
TXN9DE0407171,2024-05-04,BR01,Eluru,Andhra Pradesh,CUST00126,Ravi Rao,Retail,P015,Refrigerator 300L,Home Appliances,1,30742.31,0.15,0.82,Net Banking
TXN2036F603FB,2023-06-20,BR01,Eluru,Andhra Pradesh,CUST01456,Vikram Naidu,Wholesale,P021,Smart Watch,Electronics,3,6738.2,0.0,0.55,UPI
TXN93C5579DC3,2023-11-19,BR01,Eluru,Andhra Pradesh,CUST00864,Kiran Prasad,Corporate,P014,Split AC 1.5 Ton,Home Appliances,1,45155.67,0.15,0.83,UPI
TXN4EFF404D28,2023-10-07,BR01,Eluru,Andhra Pradesh,CUST01270,Harika Reddy,Corporate,P014,Split AC 1.5 Ton,Home Appliances,1,41849.49,0.15,0.83,Debit Card
TXNB58F253095,2023-10-02,BR01,Eluru,Andhra Pradesh,CUST00752,Ramesh Devi,Retail,P009,Laptop Bag,Accessories,1,1652.54,0.15,0.45,Debit Card
TXNA1D9E0965C,2024-11-23,BR01,Eluru,Andhra Pradesh,CUST00447,Praveen Reddy,Retail,P009,Laptop Bag,Accessories,4,1915.92,0.15,0.45,UPI
TXN0A70BBA3EA,2024-10-22,BR01,Eluru,Andhra Pradesh,CUST01876,Praveen Chowdary,Wholesale,P003,Flagship Smartphone,Mobile,1,58099.73,0.05,0.75,UPI
TXNA3820F7EB3,2023-04-28,BR01,Eluru,Andhra Pradesh,CUST00513,Pooja Rao,Retail,P014,Split AC 1.5 Ton,Home Appliances,1,35498.52,0.0,0.83,Debit Card
TXN1176671FF8,2023-03-12,BR01,Eluru,Andhra Pradesh,CUST00021,Lakshmi Chowdary,Retail,P004,Wireless Earbuds,Mobile,1,4910.55,0.0,0.55,UPI
TXN93CFDE2976,2024-10-07,BR01,Eluru,Andhra Pradesh,CUST01226,Aishwarya Murthy,Retail,P001,Budget Smartphone 4G,Mobile,1,8784.62,0.25,0.8,UPI
TXNF2A73E856C,2023-12-16,BR01,Eluru,Andhra Pradesh,CUST01903,Divya Sharma,Retail,P004,Wireless Earbuds,Mobile,1,4983.71,0.0,0.55,UPI
TXNE05E2BFFC5,2023-03-06,BR01,Eluru,Andhra Pradesh,CUST00250,Aishwarya Sarma,Wholesale,P009,Laptop Bag,Accessories,4,933.57,0.0,0.45,UPI
TXN228E4CBE99,2023-01-23,BR01,Eluru,Andhra Pradesh,CUST01873,Ravi Devi,Retail,P007,Gaming Laptop i7,Laptop,1,124577.23,0.15,0.78,UPI
TXN1D3275BF95,2023-03-10,BR01,Eluru,Andhra Pradesh,CUST00660,Ajay Rao,Retail,P021,Smart Watch,Electronics,1,5873.71,0.0,0.55,UPI
TXNC2B0708693,2024-03-24,BR01,Eluru,Andhra Pradesh,CUST00981,Sandeep Varma,Retail,P013,Power Bank,Accessories,3,2225.4,0.0,0.48,Net Banking
TXN6C351989E1,2023-06-27,BR01,Eluru,Andhra Pradesh,CUST01968,Manoj Sharma,Retail,P013,Power Bank,Accessories,1,1925.7,0.05,0.48,Cash
TXN9E86E6A6AF,2023-03-24,BR01,Eluru,Andhra Pradesh,CUST01658,Vikram Naidu,Retail,P007,Gaming Laptop i7,Laptop,1,99503.15,0.05,0.78,UPI
TXNFEE4EE2928,2024-06-04,BR01,Eluru,Andhra Pradesh,CUST00503,Anitha Kumar,Retail,P011,Bluetooth Speaker,Accessories,1,3842.42,0.15,0.5,Cash
TXNAC73E6DCA5,2024-01-21,BR01,Eluru,Andhra Pradesh,CUST00895,Kavya Sarma,Retail,P018,LED TV 43-inch,Electronics,1,34086.37,0.0,0.8,Debit Card
TXN89F26EAD25,2024-05-04,BR01,Eluru,Andhra Pradesh,CUST00019,Suresh Reddy,Retail,P007,Gaming Laptop i7,Laptop,1,90436.97,0.1,0.78,UPI
TXNCDA85D5640,2024-07-04,BR01,Eluru,Andhra Pradesh,CUST00270,Ajay Devi,Retail,P018,LED TV 43-inch,Electronics,1,27350.74,0.1,0.8,Cash
TXN0B53585132,2024-11-06,BR01,Eluru,Andhra Pradesh,CUST00331,Lakshmi Babu,Wholesale,P003,Flagship Smartphone,Mobile,1,58751.97,0.0,0.75,UPI
TXNA203B36713,2023-07-14,BR01,Eluru,Andhra Pradesh,CUST00605,Deepika Babu,Retail,P002,Mid-range Smartphone 5G,Mobile,1,21258.56,0.15,0.78,UPI
TXN9373A199B7,2023-07-18,BR01,Eluru,Andhra Pradesh,CUST00540,Manoj Sarma,Retail,P003,Flagship Smartphone,Mobile,1,89761.94,0.0,0.75,UPI
TXNC293521982,2023-08-26,BR01,Eluru,Andhra Pradesh,CUST01537,Swathi Murthy,Corporate,P014,Split AC 1.5 Ton,Home Appliances,1,37863.19,0.0,0.83,Net Banking
TXNF3F17235DF,2024-10-14,BR01,Eluru,Andhra Pradesh,CUST00737,Harika Sarma,Retail,P002,Mid-range Smartphone 5G,Mobile,1,22438.78,0.25,0.78,Cash
TXNEEB697645C,2024-01-05,BR01,Eluru,Andhra Pradesh,CUST00793,Vikram Kumar,Retail,P009,Laptop Bag,Accessories,1,1468.67,0.0,0.45,UPI
TXN75F9F0D831,2024-12-07,BR01,Eluru,Andhra Pradesh,CUST00027,Naveen Naidu,Corporate,P003,Flagship Smartphone,Mobile,1,70527.08,0.0,0.75,UPI
TXN45B233B3FF,2024-07-23,BR01,Eluru,Andhra Pradesh,CUST01526,Swathi Reddy,Corporate,P021,Smart Watch,Electronics,1,4593.92,0.0,0.55,Debit Card
TXN4A61931F2D,2023-11-24,BR01,Eluru,Andhra Pradesh,CUST00289,Deepika Rao,Retail,P012,Mobile Charger,Accessories,1,1648.34,0.0,0.42,Cash
TXN02801F78BA,2024-11-24,BR01,Eluru,Andhra Pradesh,CUST00873,Sandeep Sarma,Retail,P001,Budget Smartphone 4G,Mobile,1,8288.36,0.1,0.8,UPI
TXNB75496BA4F,2024-10-20,BR01,Eluru,Andhra Pradesh,CUST00149,Swathi Sharma,Retail,P007,Gaming Laptop i7,Laptop,1,128254.63,0.1,0.78,UPI
TXN7848BD92EC,2023-02-16,BR01,Eluru,Andhra Pradesh,CUST00544,Pooja Sharma,Corporate,P004,Wireless Earbuds,Mobile,1,3394.77,0.1,0.55,Debit Card
TXN5156906C2A,2024-08-08,BR01,Eluru,Andhra Pradesh,CUST01856,Kiran Kumar,Retail,P002,Mid-range Smartphone 5G,Mobile,1,24955.02,0.0,0.78,Credit Card
TXN3639DD7FBE,2024-07-07,BR01,Eluru,Andhra Pradesh,CUST00558,Harika Babu,Corporate,P009,Laptop Bag,Accessories,2,1030.51,0.0,0.45,Credit Card
TXN07717DD1D3,2024-04-10,BR01,Eluru,Andhra Pradesh,CUST00791,Ajay Kumar,Retail,P020,Home Theatre System,Electronics,4,17126.55,0.0,0.6,UPI
TXNB0D3466621,2024-06-16,BR01,Eluru,Andhra Pradesh,CUST00302,Ramesh Sarma,Retail,P006,Business Laptop i5,Laptop,1,58090.38,0.15,0.8,UPI
TXNBFAE71603E,2024-08-10,BR01,Eluru,Andhra Pradesh,CUST00211,Naveen Murthy,Retail,P007,Gaming Laptop i7,Laptop,1,119451.94,0.05,0.78,UPI
TXNA3B5915837,2024-09-14,BR01,Eluru,Andhra Pradesh,CUST01964,Meena Chowdary,Retail,P006,Business Laptop i5,Laptop,1,56968.36,0.1,0.8,Credit Card
TXN07212B476B,2023-11-04,BR01,Eluru,Andhra Pradesh,CUST01189,Pooja Prasad,Corporate,P018,LED TV 43-inch,Electronics,1,22376.2,0.1,0.8,UPI
TXN50B5AC5784,2023-09-03,BR01,Eluru,Andhra Pradesh,CUST01964,Meena Chowdary,Retail,P011,Bluetooth Speaker,Accessories,3,3238.0,0.0,0.5,Credit Card
TXNDA63B53150,2023-05-24,BR01,Eluru,Andhra Pradesh,CUST01004,Deepika Murthy,Retail,P004,Wireless Earbuds,Mobile,1,5926.41,0.0,0.55,UPI
TXN4D004DEBDC,2023-09-11,BR01,Eluru,Andhra Pradesh,CUST00157,Deepika Sharma,Retail,P003,Flagship Smartphone,Mobile,1,69218.24,0.0,0.75,Credit Card
TXNEDB2C1F98C,2024-02-03,BR01,Eluru,Andhra Pradesh,CUST00343,Kavya Sharma,Retail,P007,Gaming Laptop i7,Laptop,1,82506.23,0.05,0.78,Debit Card
TXNA36E53D673,2023-11-19,BR01,Eluru,Andhra Pradesh,CUST01058,Priya Prasad,Retail,P010,Wireless Mouse,Accessories,4,1052.37,0.2,0.4,UPI
TXN1D697C42CF,2023-10-08,BR01,Eluru,Andhra Pradesh,CUST00185,Ramesh Babu,Retail,P013,Power Bank,Accessories,2,1965.03,0.25,0.48,Cash
TXN152CF0A1E0,2024-07-07,BR01,Eluru,Andhra Pradesh,CUST01400,Anitha Babu,Wholesale,P018,LED TV 43-inch,Electronics,1,23365.33,0.0,0.8,Credit Card
TXN9A6922AE62,2024-03-28,BR01,Eluru,Andhra Pradesh,CUST00569,Anitha Sarma,Retail,P017,Microwave Oven,Home Appliances,2,9470.89,0.15,0.75,Net Banking
TXNBB3F58A54B,2023-01-25,BR01,Eluru,Andhra Pradesh,CUST01974,Ravi Sarma,Retail,P002,Mid-range Smartphone 5G,Mobile,2,17683.62,0.05,0.78,UPI
TXN45740DAE22,2024-09-01,BR01,Eluru,Andhra Pradesh,CUST00783,Naveen Prasad,Retail,P006,Business Laptop i5,Laptop,1,44945.64,0.0,0.8,Debit Card
TXN6019983BCE,2024-10-19,BR01,Eluru,Andhra Pradesh,CUST00823,Meena Prasad,Retail,P020,Home Theatre System,Electronics,1,9309.36,0.0,0.6,UPI
TXN9F9447E312,2024-12-22,BR01,Eluru,Andhra Pradesh,CUST01114,Vikram Rao,Wholesale,P008,Ultrabook Thin & Light,Laptop,1,84589.33,0.05,0.79,Credit Card
TXN7AA0468A54,2023-10-26,BR01,Eluru,Andhra Pradesh,CUST00124,Arjun Kumar,Retail,P012,Mobile Charger,Accessories,1,733.26,0.25,0.42,Credit Card
TXNB83657A882,2024-10-10,BR01,Eluru,Andhra Pradesh,CUST01145,Aishwarya Reddy,Retail,P002,Mid-range Smartphone 5G,Mobile,1,25006.56,0.25,0.78,UPI
TXN39648C9D4E,2023-05-06,BR01,Eluru,Andhra Pradesh,CUST01336,Kiran Kumar,Retail,P012,Mobile Charger,Accessories,1,1184.83,0.1,0.42,UPI
TXN9B89E162A5,2024-03-08,BR01,Eluru,Andhra Pradesh,CUST01872,Swathi Naidu,Retail,P014,Split AC 1.5 Ton,Home Appliances,1,34818.51,0.05,0.83,UPI
TXN67ACFA888A,2024-08-20,BR01,Eluru,Andhra Pradesh,CUST00258,Deepika Murthy,Retail,P019,LED TV 55-inch,Electronics,1,38619.6,0.15,0.79,UPI
TXN12DA979531,2023-08-23,BR01,Eluru,Andhra Pradesh,CUST00151,Srinivas Rao,Retail,P008,Ultrabook Thin & Light,Laptop,1,55976.63,0.0,0.79,Debit Card
TXN27FE0C0B64,2024-10-28,BR01,Eluru,Andhra Pradesh,CUST00849,Vikram Reddy,Retail,P002,Mid-range Smartphone 5G,Mobile,2,19651.98,0.05,0.78,UPI
TXN9D8BB81023,2023-06-24,BR01,Eluru,Andhra Pradesh,CUST00832,Pooja Chowdary,Retail,P010,Wireless Mouse,Accessories,1,435.42,0.1,0.4,UPI
TXN9B0CB3605D,2023-09-11,BR01,Eluru,Andhra Pradesh,CUST00951,Praveen Kumar,Retail,P001,Budget Smartphone 4G,Mobile,1,11547.58,0.0,0.8,Cash
TXN64DE547E6C,2023-04-26,BR01,Eluru,Andhra Pradesh,CUST00560,Srinivas Sharma,Retail,P021,Smart Watch,Electronics,1,2776.08,0.15,0.55,Debit Card
TXNE497F8B8C8,2023-12-16,BR01,Eluru,Andhra Pradesh,CUST01229,Arjun Chowdary,Retail,P011,Bluetooth Speaker,Accessories,1,2416.36,0.05,0.5,Credit Card
TXNAE18A7AB52,2023-09-09,BR01,Eluru,Andhra Pradesh,CUST01566,Priya Chowdary,Retail,P004,Wireless Earbuds,Mobile,0,5165.93,0.1,0.55,UPI
TXN690B21A87D,2024-07-19,BR01,Eluru,Andhra Pradesh,CUST00544,Pooja Sharma,Corporate,P012,Mobile Charger,Accessories,2,1661.56,0.1,0.42,UPI
TXN2C597ADFDC,2023-04-04,BR01,Eluru,Andhra Pradesh,CUST01503,Ramesh Murthy,Retail,P006,Business Laptop i5,Laptop,1,54035.95,0.0,0.8,Net Banking
TXNC632C2E9EC,2023-08-27,BR01,Eluru,Andhra Pradesh,CUST00407,Naveen Babu,Corporate,P018,LED TV 43-inch,Electronics,1,30470.59,0.15,0.8,UPI
TXN1915CDCB3E,2023-01-09,BR01,Eluru,Andhra Pradesh,CUST00916,Pooja Naidu,Wholesale,P010,Wireless Mouse,Accessories,1,1448.53,0.15,0.4,Cash
TXN552C441B30,2023-10-16,BR01,Eluru,Andhra Pradesh,CUST01520,Anitha Prasad,Retail,P016,Washing Machine,Home Appliances,1,19980.96,0.25,0.8,Credit Card
TXN0FE2E438EF,2023-09-05,BR01,Eluru,Andhra Pradesh,CUST01003,Pooja Chowdary,Retail,P021,Smart Watch,Electronics,1,2412.2,0.0,0.55,Net Banking
TXNBCF8F2051B,2023-04-30,BR01,Eluru,Andhra Pradesh,CUST00425,Deepika Sharma,Retail,P011,Bluetooth Speaker,Accessories,2,1508.49,0.0,0.5,Net Banking
TXN6EB8604361,2023-04-23,BR01,Eluru,Andhra Pradesh,CUST00010,Ravi Kumar,Retail,P002,Mid-range Smartphone 5G,Mobile,4,19408.51,0.0,0.78,UPI
TXN523EB108A3,2023-02-21,BR01,Eluru,Andhra Pradesh,CUST01676,Pooja Varma,Retail,P012,Mobile Charger,Accessories,2,1275.35,0.15,0.42,UPI
TXNFC50C238F0,2024-12-09,BR01,Eluru,Andhra Pradesh,CUST00225,Arjun Sharma,Retail,P001,Budget Smartphone 4G,Mobile,1,11924.71,0.1,0.8,UPI
TXN309DD88076,2024-08-08,BR01,Eluru,Andhra Pradesh,CUST01503,Ramesh Murthy,Retail,P003,Flagship Smartphone,Mobile,1,54514.53,0.0,0.75,Cash
TXND6C3F020CD,2024-01-08,BR01,Eluru,Andhra Pradesh,CUST00606,Pooja Rao,Corporate,P002,Mid-range Smartphone 5G,Mobile,1,24752.53,0.1,0.78,UPI
TXN2255939001,2023-01-09,BR01,Eluru,Andhra Pradesh,CUST00839,Harika Devi,Retail,P014,Split AC 1.5 Ton,Home Appliances,1,44686.3,0.0,0.83,UPI
TXN9E3C1E7C20,2024-10-25,BR01,Eluru,Andhra Pradesh,CUST01313,Arjun Varma,Wholesale,P004,Wireless Earbuds,Mobile,3,1743.08,0.15,0.55,Cash
TXNCF38030D14,2023-05-21,BR01,Eluru,Andhra Pradesh,CUST01398,Praveen Prasad,Corporate,P004,Wireless Earbuds,Mobile,1,5927.39,0.0,0.55,UPI
TXNCA29C8334A,2023-07-19,BR01,Eluru,Andhra Pradesh,CUST01803,Lakshmi Sarma,Retail,P004,Wireless Earbuds,Mobile,1,4102.4,0.1,0.55,Cash
TXNC74EF8B1A6,2024-03-13,BR01,Eluru,Andhra Pradesh,CUST00899,Meena Babu,Corporate,P013,Power Bank,Accessories,3,1650.03,0.15,0.48,UPI
TXN744B388BAE,2024-10-08,BR01,Eluru,Andhra Pradesh,CUST01793,Deepika Babu,Retail,P002,Mid-range Smartphone 5G,Mobile,1,24090.37,0.05,0.78,UPI
TXN6AD3D08FFD,2024-08-28,BR01,Eluru,Andhra Pradesh,CUST01060,Lakshmi Varma,Retail,P013,Power Bank,Accessories,1,2482.19,0.15,0.48,UPI
TXN414BE0C811,2023-05-24,BR01,Eluru,Andhra Pradesh,CUST00297,Vikram Chowdary,Retail,P018,LED TV 43-inch,Electronics,1,25803.71,0.15,0.8,UPI
TXNE61EC36A4B,2023-02-17,BR01,Eluru,Andhra Pradesh,CUST01899,Ramesh Varma,Retail,P002,Mid-range Smartphone 5G,Mobile,1,23031.09,0.0,0.78,UPI
TXN8BADE671C4,2023-11-19,BR01,Eluru,Andhra Pradesh,CUST01205,Ajay Murthy,Retail,P010,Wireless Mouse,Accessories,2,1050.46,0.0,0.4,Cash
TXN55F5062DE7,2024-07-04,BR01,Eluru,Andhra Pradesh,CUST00373,Kavya Murthy,Retail,P019,LED TV 55-inch,Electronics,1,42425.21,0.05,0.79,Debit Card
TXN93517798AB,2024-09-14,BR01,Eluru,Andhra Pradesh,CUST00115,Meena Naidu,Corporate,P010,Wireless Mouse,Accessories,4,699.87,0.05,0.4,UPI
TXN52F0570F12,2024-09-24,BR01,Eluru,Andhra Pradesh,CUST00296,Praveen Murthy,Retail,P011,Bluetooth Speaker,Accessories,1,1659.14,0.15,0.5,UPI
TXNE129E5E96B,2024-11-07,BR01,Eluru,Andhra Pradesh,CUST01853,Kiran Rao,Retail,P011,Bluetooth Speaker,Accessories,1,1011.66,0.0,0.5,UPI
TXN6046CF168A,2023-11-26,BR01,Eluru,Andhra Pradesh,CUST01155,Ajay Murthy,Retail,P015,Refrigerator 300L,Home Appliances,1,31609.12,0.1,0.82,UPI
TXNB81BAB9781,2024-07-03,BR01,Eluru,Andhra Pradesh,CUST00521,Kiran Naidu,Retail,P013,Power Bank,Accessories,4,2058.81,0.0,0.48,Debit Card
TXNB44E1FAE8F,2024-11-14,BR01,Eluru,Andhra Pradesh,CUST00943,Aishwarya Chowdary,Corporate,P006,Business Laptop i5,Laptop,1,49027.83,0.2,0.8,Credit Card
TXN947B71D251,2024-11-20,BR01,Eluru,Andhra Pradesh,CUST00695,Suresh Sarma,Retail,P014,Split AC 1.5 Ton,Home Appliances,1,39418.38,0.15,0.83,Debit Card
TXN7C9A38BF8C,2024-11-27,BR01,Eluru,Andhra Pradesh,CUST00814,Ajay Sharma,Retail,P006,Business Laptop i5,Laptop,1,50129.51,0.15,0.8,UPI
TXN389F9B6D66,2024-09-16,BR01,Eluru,Andhra Pradesh,CUST01226,Aishwarya Murthy,Retail,P017,Microwave Oven,Home Appliances,1,9597.87,,0.75,UPI
TXN3DD90DD2D8,2024-06-11,BR01,Eluru,Andhra Pradesh,CUST00384,Deepika Chowdary,Retail,P019,LED TV 55-inch,Electronics,1,48402.56,0.05,0.79,UPI
TXN162969D957,2024-06-02,BR01,Eluru,Andhra Pradesh,CUST00922,Naveen Chowdary,Retail,P008,Ultrabook Thin & Light,Laptop,1,88002.74,0.15,0.79,Debit Card
TXN8BBC81DC34,2023-09-25,BR01,Eluru,Andhra Pradesh,CUST00343,Kavya Sharma,Retail,P009,Laptop Bag,Accessories,2,942.85,0.15,0.45,UPI
TXN1042D539A4,2023-09-27,BR01,Eluru,Andhra Pradesh,CUST01587,Anitha Devi,Retail,P012,Mobile Charger,Accessories,3,1205.62,0.15,0.42,Net Banking
TXNA8B35E6CF5,2024-01-07,BR01,Eluru,Andhra Pradesh,CUST01467,Lakshmi Kumar,Wholesale,P002,Mid-range Smartphone 5G,Mobile,2,18617.64,0.0,0.78,Cash
TXN7482573A06,2023-12-11,BR01,Eluru,Andhra Pradesh,CUST01917,Praveen Kumar,Retail,P012,Mobile Charger,Accessories,2,625.4,0.0,0.42,Debit Card
TXN86B49F9CD7,2024-06-15,BR01,Eluru,Andhra Pradesh,CUST00783,Naveen Prasad,Retail,P004,Wireless Earbuds,Mobile,4,5012.24,0.05,0.55,UPI
TXNAE5967D472,2024-01-03,BR01,Eluru,Andhra Pradesh,CUST01287,Sandeep Babu,Wholesale,P012,Mobile Charger,Accessories,1,1299.56,0.05,0.42,Cash
TXN1EE7704286,2023-10-31,BR01,Eluru,Andhra Pradesh,CUST00344,Meena Chowdary,Retail,P001,Budget Smartphone 4G,Mobile,1,11829.77,0.1,0.8,Credit Card
TXN3CB4D863F7,2023-04-06,BR01,Eluru,Andhra Pradesh,CUST01083,Pooja Rao,Wholesale,P015,Refrigerator 300L,Home Appliances,1,29555.52,0.0,0.82,Cash
TXNF9570EB017,2023-07-22,BR01,Eluru,Andhra Pradesh,CUST00597,Lakshmi Naidu,Retail,P010,Wireless Mouse,Accessories,1,409.79,0.0,0.4,Debit Card
TXN8D36ADB1EA,2023-04-07,BR01,Eluru,Andhra Pradesh,CUST00136,Harika Sharma,Wholesale,P011,Bluetooth Speaker,Accessories,1,2954.52,0.05,0.5,UPI
TXNE9DC4DCF86,2024-05-17,BR01,Eluru,Andhra Pradesh,CUST00361,Kavya Devi,Retail,P009,Laptop Bag,Accessories,1,773.17,0.05,0.45,Cash
TXNA01DB1A297,2024-11-20,BR01,Eluru,Andhra Pradesh,CUST00236,Manoj Reddy,Wholesale,P001,Budget Smartphone 4G,Mobile,1,8032.94,0.1,0.8,UPI
TXN410A2578CA,2023-06-07,BR01,Eluru,Andhra Pradesh,CUST01757,Priya Murthy,Retail,P004,Wireless Earbuds,Mobile,4,1569.71,0.0,0.55,Credit Card
TXN235D95E739,2024-12-16,BR01,Eluru,Andhra Pradesh,CUST00196,Kiran Varma,Retail,P004,Wireless Earbuds,Mobile,1,3032.76,0.15,0.55,UPI
TXNB15EB96BFF,2024-10-12,BR01,Eluru,Andhra Pradesh,CUST00100,Sneha Chowdary,Retail,P021,Smart Watch,Electronics,1,3233.26,0.2,0.55,Debit Card
TXNA4E37B5168,2024-03-15,BR01,Eluru,Andhra Pradesh,CUST00086,Meena Reddy,Corporate,P013,Power Bank,Accessories,1,2296.03,0.05,0.48,Credit Card
TXN6533DC4EB6,2023-09-24,BR01,Eluru,Andhra Pradesh,CUST01810,Kavya Chowdary,Retail,P012,Mobile Charger,Accessories,1,1151.69,0.05,0.42,Debit Card
TXN6593EC1771,2024-10-20,BR01,Eluru,Andhra Pradesh,CUST00950,Arjun Kumar,Retail,P011,Bluetooth Speaker,Accessories,1,4624.93,0.1,0.5,Net Banking
TXN43AC00C970,2023-08-19,BR01,Eluru,Andhra Pradesh,CUST01240,Sandeep Varma,Corporate,P003,Flagship Smartphone,Mobile,1,72120.5,0.0,0.75,Credit Card
TXN9DA962D226,2024-04-30,BR01,Eluru,Andhra Pradesh,CUST01237,Sneha Reddy,Wholesale,P009,Laptop Bag,Accessories,1,1439.31,0.15,0.45,UPI
TXN9DF53D59E8,2024-12-10,BR01,Eluru,Andhra Pradesh,CUST00811,Deepika Varma,Wholesale,P007,Gaming Laptop i7,Laptop,1,91084.97,0.15,0.78,UPI
TXN86B0738A7B,2023-03-17,BR01,Eluru,Andhra Pradesh,CUST01047,Ramesh Prasad,Retail,P014,Split AC 1.5 Ton,Home Appliances,1,40535.65,0.05,0.83,UPI
TXN2C7384CB01,2023-04-09,BR01,Eluru,Andhra Pradesh,CUST00876,Ravi Varma,Corporate,P017,Microwave Oven,Home Appliances,1,12613.86,0.0,0.75,Credit Card
TXN9FE575A891,2023-02-12,BR01,Eluru,Andhra Pradesh,CUST00656,Kavya Varma,Retail,P004,Wireless Earbuds,Mobile,2,5589.87,0.0,0.55,Credit Card
TXN2975B02A74,2024-02-29,BR01,Eluru,Andhra Pradesh,CUST01178,Vikram Sarma,Corporate,P020,Home Theatre System,Electronics,1,8533.54,0.1,0.6,Cash
TXNFA55F008C9,2024-12-02,BR01,Eluru,Andhra Pradesh,CUST00567,Naveen Kumar,Retail,P018,LED TV 43-inch,Electronics,1,22764.9,0.1,0.8,Cash
TXND72CDC0B5A,2023-10-02,BR01,Eluru,Andhra Pradesh,CUST00466,Harika Sarma,Retail,P009,Laptop Bag,Accessories,1,662.31,0.15,0.45,UPI
TXN7194A9B4AF,2023-10-25,BR01,Eluru,Andhra Pradesh,CUST01707,Swathi Murthy,Retail,P021,Smart Watch,Electronics,1,4167.0,0.15,0.55,UPI
TXNF5071791E9,2024-08-31,BR01,Eluru,Andhra Pradesh,CUST00842,Harika Rao,Retail,P014,Split AC 1.5 Ton,Home Appliances,1,35058.06,0.0,0.83,UPI
TXN3B45DF6226,2024-09-03,BR01,Eluru,Andhra Pradesh,CUST01806,Lakshmi Sharma,Retail,P011,Bluetooth Speaker,Accessories,2,3705.39,0.05,0.5,UPI
TXNEDF40D80FD,2023-03-04,BR01,Eluru,Andhra Pradesh,CUST01224,Vikram Kumar,Retail,P019,LED TV 55-inch,Electronics,1,59081.61,0.15,0.79,UPI
TXN1D96336C4E,2024-04-14,BR01,Eluru,Andhra Pradesh,CUST01442,Naveen Babu,Retail,P021,Smart Watch,Electronics,3,10763.33,0.0,0.55,Net Banking
TXNF46D07298D,2024-07-08,BR01,Eluru,Andhra Pradesh,CUST01483,Naveen Sharma,Retail,P001,Budget Smartphone 4G,Mobile,1,13768.65,0.0,0.8,Credit Card
TXN610CB616C0,2024-05-30,BR01,Eluru,Andhra Pradesh,CUST00958,Suresh Murthy,Retail,P009,Laptop Bag,Accessories,4,1961.02,0.0,0.45,Credit Card
TXNB9132121AB,2023-11-09,BR01,Eluru,Andhra Pradesh,CUST01588,Srinivas Kumar,Retail,P010,Wireless Mouse,Accessories,1,661.87,0.25,0.4,Cash
TXN85EBE03CC5,2023-06-23,BR01,Eluru,Andhra Pradesh,CUST01263,Anitha Sarma,Corporate,P009,Laptop Bag,Accessories,1,1355.1,0.0,0.45,Debit Card
TXND59AA27478,2024-08-24,BR01,Eluru,Andhra Pradesh,CUST01610,Kiran Reddy,Retail,P011,Bluetooth Speaker,Accessories,2,2891.59,0.15,0.5,Credit Card
TXND02FA8DC12,2024-04-05,BR01,Eluru,Andhra Pradesh,CUST00361,Kavya Devi,Retail,P003,Flagship Smartphone,Mobile,1,46473.05,0.0,0.75,UPI
TXN3CE3B8464A,2023-11-15,BR01,Eluru,Andhra Pradesh,CUST01135,Swathi Chowdary,Retail,P002,Mid-range Smartphone 5G,Mobile,1,17830.44,0.25,0.78,UPI
TXN559E72F8EA,2024-10-19,BR01,Eluru,Andhra Pradesh,CUST01422,Kavya Rao,Retail,P021,Smart Watch,Electronics,3,3734.33,0.25,0.55,Cash
TXN7B99F2074B,2024-09-19,BR01,Eluru,Andhra Pradesh,CUST01047,Ramesh Prasad,Retail,P010,Wireless Mouse,Accessories,1,414.77,0.05,0.4,Cash
TXN391F1E13FA,2024-11-02,BR01,Eluru,Andhra Pradesh,CUST00636,Priya Sarma,Wholesale,P001,Budget Smartphone 4G,Mobile,1,11460.61,0.25,0.8,Credit Card
TXN18DB46BA0F,2023-12-07,BR01,Eluru,Andhra Pradesh,CUST01285,Naveen Sharma,Retail,P003,Flagship Smartphone,Mobile,1,83194.23,0.1,0.75,Credit Card
TXN1081C30846,2024-03-18,BR01,Eluru,Andhra Pradesh,CUST00247,Manoj Reddy,Retail,P011,Bluetooth Speaker,Accessories,1,2005.15,0.0,0.5,UPI
TXNFC3E09B692,2023-03-28,BR01,Eluru,Andhra Pradesh,CUST01066,Aishwarya Devi,Retail,P017,Microwave Oven,Home Appliances,1,12097.56,0.0,0.75,UPI
TXN9D32B5FB87,2024-03-06,BR01,Eluru,Andhra Pradesh,CUST00728,Kavya Devi,Retail,P003,Flagship Smartphone,Mobile,1,62146.69,0.0,0.75,Debit Card
TXN1C85BCDB75,2023-11-27,BR01,Eluru,Andhra Pradesh,CUST00187,Ramesh Murthy,Wholesale,P021,Smart Watch,Electronics,1,10169.26,0.1,0.55,UPI
TXN7E0C008954,2023-03-16,BR01,Eluru,Andhra Pradesh,CUST01384,Deepika Sharma,Retail,P009,Laptop Bag,Accessories,1,1305.94,0.0,0.45,UPI
TXN8463CEA683,2024-08-20,BR01,Eluru,Andhra Pradesh,CUST01035,Lakshmi Kumar,Retail,P005,Entry Laptop i3,Laptop,1,33110.87,0.05,0.82,UPI
TXN5A6B3DFC14,2023-10-25,BR01,Eluru,Andhra Pradesh,CUST00946,Meena Chowdary,Retail,P009,Laptop Bag,Accessories,1,1215.21,0.0,0.45,UPI
TXNA7F85CC70A,2023-06-21,BR01,Eluru,Andhra Pradesh,CUST00612,Harika Babu,Retail,P009,Laptop Bag,Accessories,1,1831.68,0.0,0.45,Cash
TXN8A181C5FBD,2023-08-04,BR01,Eluru,Andhra Pradesh,CUST01829,Swathi Rao,Retail,P010,Wireless Mouse,Accessories,1,1177.31,0.0,0.4,UPI
TXNA6A31BF257,2023-07-15,BR01,Eluru,Andhra Pradesh,CUST01811,Ajay Sharma,Retail,P011,Bluetooth Speaker,Accessories,1,1642.13,0.0,0.5,Debit Card
TXNAEAC3E0029,2023-11-04,BR01,Eluru,Andhra Pradesh,CUST01889,Ramesh Sarma,Retail,P010,Wireless Mouse,Accessories,1,1142.4,0.25,0.4,UPI
TXN858BB9017A,2023-06-02,BR01,Eluru,Andhra Pradesh,CUST00454,Naveen Murthy,Retail,P013,Power Bank,Accessories,1,2069.09,0.0,0.48,UPI
TXND241055DB1,2023-04-15,BR01,Eluru,Andhra Pradesh,CUST01352,Manoj Naidu,Retail,P021,Smart Watch,Electronics,4,2268.79,0.0,0.55,UPI
TXN85B8D25BD1,2024-04-25,BR01,Eluru,Andhra Pradesh,CUST01888,Divya Naidu,Retail,P010,Wireless Mouse,Accessories,2,1047.32,0.1,0.4,Cash
TXNBEB0F39EAF,2023-03-28,BR01,Eluru,Andhra Pradesh,CUST01123,Naveen Naidu,Retail,P016,Washing Machine,Home Appliances,1,31081.42,0.05,0.8,Cash
TXN638189E6E1,2023-04-12,BR01,Eluru,Andhra Pradesh,CUST01245,Naveen Sharma,Corporate,P020,Home Theatre System,Electronics,2,8594.88,0.0,0.6,Cash
TXNCDE414A234,2024-11-01,BR01,Eluru,Andhra Pradesh,CUST01804,Manoj Sarma,Retail,P002,Mid-range Smartphone 5G,Mobile,1,15845.78,0.1,0.78,UPI
TXNE10A642083,2024-07-20,BR01,Eluru,Andhra Pradesh,CUST01576,Anitha Sarma,Retail,P015,Refrigerator 300L,Home Appliances,1,25055.53,0.05,0.82,UPI
TXN17E66645D3,2024-04-10,BR01,Eluru,Andhra Pradesh,CUST01430,Divya Kumar,Retail,P012,Mobile Charger,Accessories,1,383.76,0.0,0.42,Credit Card
TXNA4F1253EE2,2024-03-20,BR01,Eluru,Andhra Pradesh,CUST01185,Srinivas Varma,Retail,P013,Power Bank,Accessories,2,2488.82,0.05,0.48,UPI
TXNE656CFE777,2023-07-15,BR01,Eluru,Andhra Pradesh,CUST00098,Srinivas Rao,Wholesale,P013,Power Bank,Accessories,2,1181.82,0.15,0.48,UPI
TXN41E7F333CB,2024-02-03,BR01,Eluru,Andhra Pradesh,CUST00704,Naveen Murthy,Retail,P009,Laptop Bag,Accessories,1,621.85,0.1,0.45,Credit Card
TXN8092B033B7,2024-07-07,BR01,Eluru,Andhra Pradesh,CUST01026,Vikram Prasad,Retail,P012,Mobile Charger,Accessories,2,533.47,0.0,0.42,Credit Card
TXN287B857C91,2023-01-15,BR01,Eluru,Andhra Pradesh,CUST01159,Lakshmi Murthy,Retail,P012,Mobile Charger,Accessories,1,1664.99,0.0,0.42,UPI
TXN7FE168A73B,2024-01-30,BR01,Eluru,Andhra Pradesh,CUST00221,Ravi Varma,Retail,P019,LED TV 55-inch,Electronics,1,41523.75,0.1,0.79,UPI
TXN86E6A07488,2023-05-23,BR01,Eluru,Andhra Pradesh,CUST01823,Sandeep Reddy,Retail,P016,Washing Machine,Home Appliances,1,22163.11,0.1,0.8,Net Banking
TXN827BCF713D,2023-01-17,BR01,Eluru,Andhra Pradesh,CUST01920,Pooja Prasad,Retail,P002,Mid-range Smartphone 5G,Mobile,1,19327.3,0.0,0.78,Debit Card
TXN256045BB3A,2024-12-15,BR01,Eluru,Andhra Pradesh,CUST01937,Meena Kumar,Retail,P010,Wireless Mouse,Accessories,2,938.61,0.0,0.4,UPI
TXN4BC2F61F30,2023-10-27,BR01,Eluru,Andhra Pradesh,CUST00119,Ajay Sharma,Retail,P011,Bluetooth Speaker,Accessories,4,3706.32,0.05,0.5,Credit Card
TXN9C4C73087A,2023-05-17,BR01,Eluru,Andhra Pradesh,CUST00812,Deepika Murthy,Wholesale,P014,Split AC 1.5 Ton,Home Appliances,1,43498.19,0.05,0.83,Debit Card
TXND300B7074B,2024-08-31,BR01,Eluru,Andhra Pradesh,CUST00013,Lakshmi Sharma,Wholesale,P010,Wireless Mouse,Accessories,3,1414.34,0.15,0.4,Cash
TXNB90C132B31,2023-12-17,BR01,Eluru,Andhra Pradesh,CUST00532,Ramesh Prasad,Retail,P008,Ultrabook Thin & Light,Laptop,1,63958.83,0.05,0.79,UPI
TXNE46BBA3DE1,2024-01-16,BR01,Eluru,Andhra Pradesh,CUST01023,Vikram Naidu,Wholesale,P020,Home Theatre System,Electronics,2,16378.37,0.05,0.6,Cash
TXNA86D424608,2024-05-12,BR01,Eluru,Andhra Pradesh,CUST01737,Swathi Devi,Wholesale,P009,Laptop Bag,Accessories,4,806.6,0.1,0.45,Debit Card
TXNFC0B0A6FD4,2024-10-12,BR01,Eluru,Andhra Pradesh,CUST01139,Vikram Kumar,Retail,P004,Wireless Earbuds,Mobile,2,4842.44,0.15,0.55,UPI
TXN615E416174,2023-11-20,BR01,Eluru,Andhra Pradesh,CUST00580,Pooja Devi,Corporate,P012,Mobile Charger,Accessories,1,1164.95,0.05,0.42,Debit Card
TXN56534212F4,2023-11-20,BR01,Eluru,Andhra Pradesh,CUST00551,Manoj Rao,Retail,P001,Budget Smartphone 4G,Mobile,4,12341.97,0.2,0.8,UPI
TXNF1DB661D3A,2023-07-01,BR01,Eluru,Andhra Pradesh,CUST00891,Kiran Varma,Retail,P005,Entry Laptop i3,Laptop,1,29982.99,0.0,0.82,Net Banking
TXN135DF8E648,2023-10-21,BR01,Eluru,Andhra Pradesh,CUST00145,Srinivas Chowdary,Retail,P021,Smart Watch,Electronics,1,7945.95,0.1,0.55,Cash
TXN923DE385A1,2024-11-06,BR01,Eluru,Andhra Pradesh,CUST01878,,Retail,P002,Mid-range Smartphone 5G,Mobile,1,15946.72,0.15,0.78,UPI
TXNE983427E65,2023-11-15,BR01,Eluru,Andhra Pradesh,CUST00018,Pooja Murthy,Retail,P001,Budget Smartphone 4G,Mobile,2,9764.59,0.1,0.8,Credit Card
TXN989A332E4B,2024-01-07,BR01,Eluru,Andhra Pradesh,CUST01941,Kiran Kumar,Wholesale,P020,Home Theatre System,Electronics,1,17835.3,0.1,0.6,Cash
TXN3922D33BCF,2023-11-29,BR01,Eluru,Andhra Pradesh,CUST01302,Kavya Kumar,Retail,P019,LED TV 55-inch,Electronics,1,40893.54,0.05,0.79,Credit Card
TXN41630234E9,2023-03-31,BR01,Eluru,Andhra Pradesh,CUST01044,Vikram Chowdary,Corporate,P018,LED TV 43-inch,Electronics,1,29715.38,0.0,0.8,Debit Card
TXN214174C796,2024-01-31,BR01,Eluru,Andhra Pradesh,CUST01038,Swathi Kumar,Retail,P002,Mid-range Smartphone 5G,Mobile,1,20613.63,0.0,0.78,Credit Card
TXN6D2CCB2B0B,2023-11-26,BR01,Eluru,Andhra Pradesh,CUST00464,Deepika Prasad,Retail,P020,Home Theatre System,Electronics,1,15177.9,0.05,0.6,Cash
TXNEAAB4338CB,2024-02-02,BR01,Eluru,Andhra Pradesh,CUST01445,Ravi Reddy,Retail,P018,LED TV 43-inch,Electronics,1,30488.14,0.05,0.8,Debit Card
TXN2AAA858E64,2023-05-06,BR01,Eluru,Andhra Pradesh,CUST00111,Pooja Rao,Wholesale,P013,Power Bank,Accessories,1,2289.04,0.0,0.48,Net Banking
TXN20182A8661,2024-08-28,BR01,Eluru,Andhra Pradesh,CUST01534,Harika Kumar,Retail,P013,Power Bank,Accessories,1,2411.15,0.0,0.48,UPI
TXN29971BC8F0,2024-10-03,BR01,Eluru,Andhra Pradesh,CUST01710,Deepika Sharma,Corporate,P012,Mobile Charger,Accessories,3,535.95,0.2,0.42,Net Banking
TXN9CC903861B,2024-06-25,BR01,Eluru,Andhra Pradesh,CUST00244,Sneha Rao,Retail,P013,Power Bank,Accessories,4,1888.04,0.05,0.48,UPI
TXN3D14AA7A96,2024-10-09,BR01,Eluru,Andhra Pradesh,CUST01661,Sandeep Murthy,Retail,P019,LED TV 55-inch,Electronics,1,38431.94,0.0,0.79,Net Banking
TXN577C9A4F8E,2024-11-02,BR01,Eluru,Andhra Pradesh,CUST00829,Kavya Reddy,Retail,P012,Mobile Charger,Accessories,1,1533.55,0.25,0.42,Debit Card
TXN2B52675076,2024-11-20,BR01,Eluru,Andhra Pradesh,CUST00693,Divya Prasad,Retail,P013,Power Bank,Accessories,2,2484.07,0.25,0.48,Cash
TXN612F8461D5,2024-07-25,BR01,Eluru,Andhra Pradesh,CUST01586,Ajay Sharma,Retail,P015,Refrigerator 300L,Home Appliances,1,37311.68,0.1,0.82,UPI
TXNF69113BE3D,2023-07-11,BR01,Eluru,Andhra Pradesh,CUST01728,Ravi Sarma,Retail,P012,Mobile Charger,Accessories,2,436.1,0.0,0.42,Credit Card
TXNC513B41611,2024-10-01,BR01,Eluru,Andhra Pradesh,CUST00019,Suresh Reddy,Retail,P009,Laptop Bag,Accessories,1,1646.68,0.25,0.45,Cash
TXN47EE6016E3,2023-02-04,BR01,Eluru,Andhra Pradesh,CUST01562,Harika Devi,Wholesale,P009,Laptop Bag,Accessories,2,1376.54,0.0,0.45,Credit Card
TXN6067030576,2023-01-24,BR01,Eluru,Andhra Pradesh,CUST01874,Swathi Devi,Retail,P010,Wireless Mouse,Accessories,1,733.65,0.0,0.4,Credit Card
TXN7DB2E21F99,2024-01-25,BR01,Eluru,Andhra Pradesh,CUST01398,Praveen Prasad,Corporate,P010,Wireless Mouse,Accessories,1,980.44,0.0,0.4,Credit Card
TXNCED49240EB,2024-11-24,BR01,Eluru,Andhra Pradesh,CUST01144,Swathi Rao,Retail,P020,Home Theatre System,Electronics,2,8318.38,0.25,0.6,Credit Card
TXN87E4FA366B,2023-06-28,BR01,Eluru,Andhra Pradesh,CUST01325,Ramesh Kumar,Corporate,P021,Smart Watch,Electronics,3,7826.08,0.0,0.55,Credit Card
TXN72FC9BBD55,2024-06-15,BR01,Eluru,Andhra Pradesh,CUST01146,Harika Babu,Retail,P012,Mobile Charger,Accessories,1,1265.78,0.0,0.42,UPI
TXN511AA4DF70,2024-04-22,BR01,Eluru,Andhra Pradesh,CUST01008,Harika Kumar,Retail,P001,Budget Smartphone 4G,Mobile,3,13068.21,0.0,0.8,Credit Card
TXN4163737BF5,2024-09-30,BR01,Eluru,Andhra Pradesh,CUST00836,Meena Chowdary,Retail,P003,Flagship Smartphone,Mobile,1,75709.38,0.05,0.75,Credit Card
TXN1FD9623F98,2024-06-23,BR01,Eluru,Andhra Pradesh,CUST01806,Lakshmi Sharma,Retail,P008,Ultrabook Thin & Light,Laptop,1,80283.96,0.05,0.79,Net Banking
TXNCD6673F1E6,2023-08-24,BR01,Eluru,Andhra Pradesh,CUST01399,Deepika Sharma,Retail,P003,Flagship Smartphone,Mobile,1,82454.55,0.0,0.75,UPI
TXN8354832896,2023-11-08,BR01,Eluru,Andhra Pradesh,CUST00262,Arjun Varma,Retail,P015,Refrigerator 300L,Home Appliances,1,34931.93,0.0,0.82,UPI
TXNB86166F6D7,2023-09-14,BR01,Eluru,Andhra Pradesh,CUST00457,Praveen Babu,Wholesale,P019,LED TV 55-inch,Electronics,1,40670.44,0.15,0.79,Debit Card
TXNE02721E8CD,2023-07-01,BR01,Eluru,Andhra Pradesh,CUST01019,Anitha Babu,Retail,P010,Wireless Mouse,Accessories,1,473.14,0.0,0.4,UPI
TXN7FB913067A,2023-07-26,BR01,Eluru,Andhra Pradesh,CUST00279,Praveen Babu,Retail,P004,Wireless Earbuds,Mobile,2,4266.07,0.15,0.55,Credit Card
TXNF7C90155FC,2024-09-24,BR01,Eluru,Andhra Pradesh,CUST00028,Praveen Sarma,Retail,P015,Refrigerator 300L,Home Appliances,1,27664.39,0.05,0.82,Debit Card
TXN8AFFB60ED5,2024-01-25,BR01,Eluru,Andhra Pradesh,CUST01673,Deepika Kumar,Retail,P006,Business Laptop i5,Laptop,1,48971.08,0.05,0.8,Debit Card
TXN9D3637352D,2023-09-23,BR01,Eluru,Andhra Pradesh,CUST01005,Kiran Sharma,Corporate,P002,Mid-range Smartphone 5G,Mobile,1,19447.12,0.05,0.78,Cash
TXN8116C4036B,2023-08-15,BR01,Eluru,Andhra Pradesh,CUST00940,Harika Sharma,Retail,P003,Flagship Smartphone,Mobile,1,64934.45,0.05,0.75,Debit Card
TXN7CD0340B1F,2023-10-17,BR01,Eluru,Andhra Pradesh,CUST01259,Lakshmi Devi,Wholesale,P014,Split AC 1.5 Ton,Home Appliances,1,34540.33,0.0,0.83,UPI
TXN7381D3BE5D,2024-01-19,BR01,Eluru,Andhra Pradesh,CUST00494,Arjun Varma,Wholesale,P020,Home Theatre System,Electronics,3,6509.18,0.05,0.6,UPI
TXN4C0C561C10,2024-12-24,BR01,Eluru,Andhra Pradesh,CUST01259,Lakshmi Devi,Wholesale,P009,Laptop Bag,Accessories,2,1558.97,0.0,0.45,UPI
TXN7D2739E43A,2023-02-20,BR01,Eluru,Andhra Pradesh,CUST00703,Lakshmi Reddy,Retail,P001,Budget Smartphone 4G,Mobile,1,8735.33,0.1,0.8,UPI
TXN716E5FEE46,2023-07-15,BR01,Eluru,Andhra Pradesh,CUST01573,Vikram Sarma,Corporate,P013,Power Bank,Accessories,2,1923.0,0.0,0.48,Credit Card
TXNCFA2E2C326,2024-06-21,BR01,Eluru,Andhra Pradesh,CUST00065,Deepika Babu,Retail,P008,Ultrabook Thin & Light,Laptop,1,56523.35,0.15,0.79,Debit Card
TXNE9370BC65E,2023-05-01,BR01,Eluru,Andhra Pradesh,CUST00506,Harika Reddy,Retail,P016,Washing Machine,Home Appliances,1,26866.87,0.15,0.8,UPI
TXN334D378CD4,2023-06-07,BR01,Eluru,Andhra Pradesh,CUST00263,Vikram Sharma,Retail,P009,Laptop Bag,Accessories,1,1548.21,0.1,0.45,UPI
TXN7E645839BB,2023-01-04,BR01,Eluru,Andhra Pradesh,CUST00336,Aishwarya Devi,Retail,P005,Entry Laptop i3,Laptop,1,33810.6,0.1,0.82,Credit Card
TXN8AD741A255,2023-07-17,BR01,Eluru,Andhra Pradesh,CUST00826,Sandeep Rao,Retail,P011,Bluetooth Speaker,Accessories,2,3135.16,0.15,0.5,Debit Card
TXN569A8A7948,2023-10-25,BR01,Eluru,Andhra Pradesh,CUST01887,Ravi Kumar,Corporate,P010,Wireless Mouse,Accessories,2,1319.5,0.25,0.4,UPI
TXNCD99164928,2023-05-15,BR01,Eluru,Andhra Pradesh,CUST01592,Aishwarya Devi,Retail,P007,Gaming Laptop i7,Laptop,1,87896.49,0.1,0.78,UPI
TXN010A341A5C,2023-03-28,BR01,Eluru,Andhra Pradesh,CUST01541,Ajay Sarma,Retail,P002,Mid-range Smartphone 5G,Mobile,1,19390.73,0.0,0.78,Debit Card
TXNAC678E514B,2023-03-30,BR01,Eluru,Andhra Pradesh,CUST00071,Priya Sharma,Retail,P009,Laptop Bag,Accessories,4,1293.51,0.05,0.45,UPI
TXN77A9BAF0FF,2023-08-11,BR01,Eluru,Andhra Pradesh,CUST01184,Harika Naidu,Retail,P008,Ultrabook Thin & Light,Laptop,1,73183.23,0.0,0.79,UPI
TXN5ABC01F038,2023-12-08,BR01,Eluru,Andhra Pradesh,CUST00247,Manoj Reddy,Retail,P010,Wireless Mouse,Accessories,2,560.25,0.15,0.4,Net Banking
TXNB320549ADE,2024-12-23,BR01,Eluru,Andhra Pradesh,CUST01268,Anitha Chowdary,Retail,P018,LED TV 43-inch,Electronics,1,25081.02,0.15,0.8,Net Banking
TXN037E78BAD3,2023-08-30,BR01,Eluru,Andhra Pradesh,CUST01462,Lakshmi Murthy,Retail,P018,LED TV 43-inch,Electronics,1,34448.12,0.1,0.8,Net Banking
TXND2F7F54536,2023-10-07,BR01,Eluru,Andhra Pradesh,CUST00075,Kavya Chowdary,Retail,P002,Mid-range Smartphone 5G,Mobile,4,15508.27,0.2,0.78,UPI
TXNC4FD885BB9,2024-10-02,BR01,Eluru,Andhra Pradesh,CUST00851,Harika Murthy,Retail,P013,Power Bank,Accessories,3,800.77,0.2,0.48,Net Banking
TXN64DED4C034,2024-10-15,BR01,Eluru,Andhra Pradesh,CUST01423,Swathi Babu,Retail,P010,Wireless Mouse,Accessories,1,1356.03,0.25,0.4,UPI
TXN46A021BED3,2023-05-02,BR01,Eluru,Andhra Pradesh,CUST00085,Meena Rao,Retail,P003,Flagship Smartphone,Mobile,1,87534.07,0.0,0.75,Net Banking
TXNA30ECBF00E,2023-07-10,BR01,Eluru,Andhra Pradesh,CUST01277,Anitha Babu,Wholesale,P016,Washing Machine,Home Appliances,1,27596.09,0.05,0.8,UPI
TXN42F3E295EC,2024-01-15,BR01,Eluru,Andhra Pradesh,CUST01169,Srinivas Babu,Corporate,P004,Wireless Earbuds,Mobile,1,2499.65,0.15,0.55,UPI
TXN08390C5E70,2023-12-20,BR01,Eluru,Andhra Pradesh,CUST01724,Harika Sarma,Retail,P003,Flagship Smartphone,Mobile,1,87308.91,0.15,0.75,Net Banking
TXN5BEE372147,2023-06-25,BR01,Eluru,Andhra Pradesh,CUST00163,Deepika Sarma,Corporate,P009,Laptop Bag,Accessories,1,709.73,0.1,0.45,UPI
TXN1BECC9116D,2024-02-27,BR01,Eluru,Andhra Pradesh,CUST00257,Naveen Sarma,Retail,P019,LED TV 55-inch,Electronics,1,42784.8,0.15,0.79,UPI
TXN7E9E29A98C,2023-02-25,BR01,Eluru,Andhra Pradesh,CUST00334,Kavya Prasad,Retail,P001,Budget Smartphone 4G,Mobile,1,12966.9,0.0,0.8,Credit Card
TXN52A60F3FEB,2023-04-04,BR01,Eluru,Andhra Pradesh,CUST00106,Naveen Kumar,Retail,P005,Entry Laptop i3,Laptop,1,29518.98,0.0,0.82,Debit Card
TXNA1F610FC97,2024-11-16,BR01,Eluru,Andhra Pradesh,CUST01839,Suresh Rao,Retail,P009,Laptop Bag,Accessories,1,1822.97,0.2,0.45,UPI
TXN22097B86E3,2024-12-08,BR01,Eluru,Andhra Pradesh,CUST01873,Ravi Devi,Retail,P005,Entry Laptop i3,Laptop,1,34292.38,0.15,0.82,UPI
TXN3DD2B67F6C,2023-06-10,BR01,Eluru,Andhra Pradesh,CUST01607,Swathi Rao,Retail,P012,Mobile Charger,Accessories,3,1088.84,0.0,0.42,Debit Card
TXN2EDB859E1C,2023-04-10,BR01,Eluru,Andhra Pradesh,CUST01562,Harika Devi,Wholesale,P007,Gaming Laptop i7,Laptop,1,122315.56,0.1,0.78,Cash
TXN49A232F4BC,2024-06-22,BR01,Eluru,Andhra Pradesh,CUST00907,Kavya Babu,Retail,P010,Wireless Mouse,Accessories,2,1195.24,0.1,0.4,Debit Card
TXN1FE46AD34F,2023-02-06,BR01,Eluru,Andhra Pradesh,CUST00199,Ramesh Chowdary,Retail,P016,Washing Machine,Home Appliances,1,18276.11,0.0,0.8,UPI
TXN550A369956,2023-06-17,BR01,Eluru,Andhra Pradesh,CUST00884,Ramesh Rao,Wholesale,P018,LED TV 43-inch,Electronics,1,33882.33,0.1,0.8,Net Banking
TXN0BB6FE90B2,2023-02-08,BR01,Eluru,Andhra Pradesh,CUST01932,Harika Kumar,Wholesale,P014,Split AC 1.5 Ton,Home Appliances,1,45546.66,0.05,0.83,UPI
TXNE6380FE5F3,2023-05-29,BR01,Eluru,Andhra Pradesh,CUST01486,Lakshmi Chowdary,Retail,P010,Wireless Mouse,Accessories,2,1285.17,0.05,0.4,UPI
TXN4B7692E791,2023-02-07,BR01,Eluru,Andhra Pradesh,CUST00556,Praveen Sharma,Wholesale,P007,Gaming Laptop i7,Laptop,1,90916.34,0.15,0.78,UPI
TXND76AAB6D64,2024-12-02,BR01,Eluru,Andhra Pradesh,CUST00131,Vikram Babu,Retail,P009,Laptop Bag,Accessories,1,1912.73,0.1,0.45,Cash
TXN4125E1EA94,2023-05-04,BR01,Eluru,Andhra Pradesh,CUST00469,Lakshmi Chowdary,Retail,P002,Mid-range Smartphone 5G,Mobile,1,21493.16,0.1,0.78,UPI
TXNB0877A2C02,2023-07-21,BR01,Eluru,Andhra Pradesh,CUST00353,Ramesh Rao,Retail,P010,Wireless Mouse,Accessories,2,1216.89,0.0,0.4,Cash
TXNF34F2B1BCD,2024-07-04,BR01,Eluru,Andhra Pradesh,CUST00386,Priya Murthy,Retail,P014,Split AC 1.5 Ton,Home Appliances,1,41711.12,0.05,0.83,UPI
TXN9EA0409E50,2023-08-13,BR01,Eluru,Andhra Pradesh,CUST01624,Deepika Reddy,Retail,P001,Budget Smartphone 4G,Mobile,1,8735.47,0.05,0.8,UPI
TXNF1BE2431EC,2023-02-06,BR01,Eluru,Andhra Pradesh,CUST01756,Deepika Devi,Retail,P002,Mid-range Smartphone 5G,Mobile,1,26405.26,0.0,0.78,Cash
TXNBE1DB65D87,2024-08-05,BR01,Eluru,Andhra Pradesh,CUST01119,Aishwarya Murthy,Retail,P018,LED TV 43-inch,Electronics,1,26128.3,0.05,0.8,Credit Card
TXNFD89431722,2024-03-19,BR01,Eluru,Andhra Pradesh,CUST00008,Ajay Devi,Retail,P019,LED TV 55-inch,Electronics,1,50836.84,0.15,0.79,UPI
TXN4906D41523,2024-02-10,BR01,Eluru,Andhra Pradesh,CUST00242,Meena Prasad,Retail,P012,Mobile Charger,Accessories,2,1380.87,0.1,0.42,UPI
TXNAF6CE60CFE,2023-01-24,BR01,Eluru,Andhra Pradesh,CUST00090,Naveen Naidu,Corporate,P010,Wireless Mouse,Accessories,1,615.69,0.0,0.4,UPI
TXN9F6C849B33,2023-06-02,BR01,Eluru,Andhra Pradesh,CUST01578,Meena Naidu,Retail,P002,Mid-range Smartphone 5G,Mobile,1,19364.44,0.1,0.78,UPI
TXN57FB713B9C,2024-04-03,BR01,Eluru,Andhra Pradesh,CUST01748,Suresh Kumar,Retail,P008,Ultrabook Thin & Light,Laptop,1,79509.41,0.05,0.79,UPI
TXND9A5FB02F0,2023-09-24,BR01,Eluru,Andhra Pradesh,CUST01416,Sandeep Prasad,Retail,P003,Flagship Smartphone,Mobile,1,84253.32,0.0,0.75,UPI
TXNB11F37F939,2023-04-20,BR01,Eluru,Andhra Pradesh,CUST00716,Arjun Sarma,Retail,P021,Smart Watch,Electronics,3,7580.21,0.1,0.55,Credit Card
TXN2DDDA24730,2023-02-24,BR01,Eluru,Andhra Pradesh,CUST00506,Harika Reddy,Retail,P005,Entry Laptop i3,Laptop,1,30762.48,0.0,0.82,UPI
TXN97B7D0583B,2023-02-01,BR01,Eluru,Andhra Pradesh,CUST01221,Sandeep Chowdary,Wholesale,P001,Budget Smartphone 4G,Mobile,4,13704.89,0.1,0.8,Cash
TXN0A84DA0207,2023-12-13,BR01,Eluru,Andhra Pradesh,CUST00641,Harika Babu,Retail,P016,Washing Machine,Home Appliances,1,23302.19,0.0,0.8,UPI
TXN42154D4150,2023-09-30,BR01,Eluru,Andhra Pradesh,CUST00779,Priya Rao,Retail,P005,Entry Laptop i3,Laptop,1,36599.75,0.0,0.82,UPI
TXNA34E3BCB02,2023-10-19,BR01,Eluru,Andhra Pradesh,CUST01231,Srinivas Varma,Retail,P020,Home Theatre System,Electronics,3,5575.39,0.05,0.6,UPI
TXN1535386F94,2023-05-31,BR01,Eluru,Andhra Pradesh,CUST00202,Sandeep Chowdary,Retail,P004,Wireless Earbuds,Mobile,1,5025.45,0.0,0.55,UPI
TXNC65126D733,2023-03-04,BR01,Eluru,Andhra Pradesh,CUST01648,Sandeep Murthy,Retail,P021,Smart Watch,Electronics,2,2065.49,0.15,0.55,Cash
TXNEDF0796C4D,2023-02-07,BR01,Eluru,Andhra Pradesh,CUST00516,Divya Sarma,Retail,P010,Wireless Mouse,Accessories,2,1446.64,0.05,0.4,Cash
TXN679B107B19,2023-01-24,BR01,Eluru,Andhra Pradesh,CUST00458,Meena Sarma,Wholesale,P013,Power Bank,Accessories,4,1039.35,0.15,0.48,UPI
TXNCCB02BF426,2024-09-16,BR01,Eluru,Andhra Pradesh,CUST00292,Aishwarya Prasad,Retail,P011,Bluetooth Speaker,Accessories,1,4072.44,0.15,0.5,Credit Card
TXNC94772FFEB,2024-01-31,BR01,Eluru,Andhra Pradesh,CUST01556,Deepika Reddy,Retail,P001,Budget Smartphone 4G,Mobile,2,8103.3,0.0,0.8,UPI
TXN009337F27E,2023-07-11,BR01,Eluru,Andhra Pradesh,CUST01759,Deepika Reddy,Retail,P003,Flagship Smartphone,Mobile,1,65606.23,0.05,0.75,Cash
TXNF5AAF332C4,2024-01-27,BR01,Eluru,Andhra Pradesh,CUST00659,Deepika Sharma,Retail,P006,Business Laptop i5,Laptop,1,45984.18,0.1,0.8,Cash
TXN04CAD1F399,2024-09-22,BR01,Eluru,Andhra Pradesh,CUST01713,Ravi Varma,Retail,P005,Entry Laptop i3,Laptop,1,34370.96,0.1,0.82,UPI
TXN21F85A36ED,2024-03-06,BR01,Eluru,Andhra Pradesh,CUST01982,Arjun Sharma,Wholesale,P012,Mobile Charger,Accessories,2,977.44,0.1,0.42,UPI
TXN1FC5116B39,2023-03-18,BR01,Eluru,Andhra Pradesh,CUST01105,Suresh Sarma,Wholesale,P008,Ultrabook Thin & Light,Laptop,1,82667.25,0.0,0.79,UPI
TXNABE2ABE323,2024-03-14,BR01,Eluru,Andhra Pradesh,CUST00332,Kavya Sarma,Retail,P021,Smart Watch,Electronics,3,3030.59,0.05,0.55,Net Banking
TXN8CF3986EC4,2023-11-18,BR01,Eluru,Andhra Pradesh,CUST01608,Ajay Sarma,Wholesale,P019,LED TV 55-inch,Electronics,1,47174.24,0.25,0.79,Net Banking
TXNFD5C7D796C,2023-06-12,BR01,Eluru,Andhra Pradesh,CUST01622,Divya Murthy,Retail,P011,Bluetooth Speaker,Accessories,2,1965.43,0.15,0.5,Credit Card
TXN667DAE338F,2024-10-07,BR01,Eluru,Andhra Pradesh,CUST01276,Sneha Sharma,Corporate,P020,Home Theatre System,Electronics,2,10306.7,0.0,0.6,Cash
TXNFAFA8D7EA7,2024-03-01,BR01,Eluru,Andhra Pradesh,CUST01831,Sandeep Babu,Retail,P002,Mid-range Smartphone 5G,Mobile,2,17909.63,0.15,0.78,UPI
TXN5029E97C0B,2023-12-16,BR01,Eluru,Andhra Pradesh,CUST00623,Praveen Varma,Retail,P011,Bluetooth Speaker,Accessories,2,3044.13,0.1,0.5,UPI
TXN1D6FCBDD22,2023-12-29,BR01,Eluru,Andhra Pradesh,CUST01718,Suresh Prasad,Retail,P004,Wireless Earbuds,Mobile,2,4076.69,0.0,0.55,UPI
TXNFC614F034C,2023-10-03,BR01,Eluru,Andhra Pradesh,CUST00598,Lakshmi Reddy,Retail,P008,Ultrabook Thin & Light,Laptop,1,87097.58,0.05,0.79,Debit Card
TXN8825798FA7,2024-06-29,BR01,Eluru,Andhra Pradesh,CUST01935,Deepika Devi,Wholesale,P001,Budget Smartphone 4G,Mobile,2,10076.82,0.05,0.8,UPI
TXN515AE95E37,2024-03-11,BR01,Eluru,Andhra Pradesh,CUST01402,Kiran Sarma,Retail,P004,Wireless Earbuds,Mobile,2,3758.55,0.0,0.55,UPI
TXN623FEFB885,2024-03-23,BR01,Eluru,Andhra Pradesh,CUST00534,Suresh Murthy,Retail,P004,Wireless Earbuds,Mobile,1,3138.92,0.05,0.55,Credit Card
TXN4F5EBE3A7F,2024-04-28,BR01,Eluru,Andhra Pradesh,CUST00658,Ajay Prasad,Corporate,P004,Wireless Earbuds,Mobile,1,5998.06,0.0,0.55,UPI
TXNAA9C72D6D4,2023-03-27,BR01,Eluru,Andhra Pradesh,CUST01021,Vikram Prasad,Retail,P002,Mid-range Smartphone 5G,Mobile,1,23199.34,0.0,0.78,UPI
TXNE0B196BA7A,2023-05-17,BR01,Eluru,Andhra Pradesh,CUST00229,Naveen Chowdary,Corporate,P003,Flagship Smartphone,Mobile,1,48994.07,0.1,0.75,UPI
TXN65B5E8035A,2024-06-26,BR01,Eluru,Andhra Pradesh,CUST00638,Arjun Babu,Corporate,P021,Smart Watch,Electronics,1,3621.84,0.1,0.55,Credit Card
TXNCA35BE5F36,2024-06-21,BR01,Eluru,Andhra Pradesh,CUST01486,Lakshmi Chowdary,Retail,P005,Entry Laptop i3,Laptop,1,35593.08,0.1,0.82,UPI
TXN0B75B20AFD,2023-01-29,BR01,Eluru,Andhra Pradesh,CUST00479,Praveen Devi,Retail,P019,LED TV 55-inch,Electronics,1,47295.67,0.0,0.79,Cash
TXN4B0DD83554,2024-11-27,BR01,Eluru,Andhra Pradesh,CUST00236,Manoj Reddy,Wholesale,P008,Ultrabook Thin & Light,Laptop,1,91132.81,0.0,0.79,UPI
TXNE86ACF4A78,2024-06-13,BR01,Eluru,Andhra Pradesh,CUST01346,Harika Prasad,Corporate,P002,Mid-range Smartphone 5G,Mobile,1,20422.48,0.1,0.78,Net Banking
TXNC7946ECD8F,2024-10-26,BR01,Eluru,Andhra Pradesh,CUST01545,Aishwarya Sarma,Retail,P003,Flagship Smartphone,Mobile,1,66398.93,0.0,0.75,Credit Card
TXN02581CA017,2024-03-05,BR01,Eluru,Andhra Pradesh,CUST01506,Lakshmi Chowdary,Retail,P003,Flagship Smartphone,Mobile,1,77886.87,0.15,0.75,UPI
TXN20FEBC132A,2023-10-30,BR01,Eluru,Andhra Pradesh,CUST00341,Sandeep Murthy,Corporate,P018,LED TV 43-inch,Electronics,1,22082.4,0.2,0.8,Cash
TXNE157257664,2023-07-30,BR01,Eluru,Andhra Pradesh,CUST00791,Ajay Kumar,Retail,P012,Mobile Charger,Accessories,2,436.45,0.05,0.42,Net Banking
TXN9A4883A10B,2023-03-01,BR01,Eluru,Andhra Pradesh,CUST00610,Pooja Naidu,Retail,P019,LED TV 55-inch,Electronics,1,55680.73,0.05,0.79,Net Banking
TXNB4F7BC770D,2024-11-19,BR01,Eluru,Andhra Pradesh,CUST01583,Praveen Murthy,Wholesale,P008,Ultrabook Thin & Light,Laptop,1,57694.31,0.25,0.79,Net Banking
TXNA1143F13A9,2023-09-28,BR01,Eluru,Andhra Pradesh,CUST00901,Suresh Babu,Retail,P002,Mid-range Smartphone 5G,Mobile,1,23524.84,0.15,0.78,Net Banking
TXN938DCD441A,2023-04-19,BR01,Eluru,Andhra Pradesh,CUST00540,Manoj Sarma,Retail,P007,Gaming Laptop i7,Laptop,1,103203.03,0.0,0.78,UPI
TXN661F0C30C6,2023-11-02,BR01,Eluru,Andhra Pradesh,CUST01238,Arjun Reddy,Wholesale,P013,Power Bank,Accessories,1,1895.94,0.15,0.48,Cash
TXN44036A1DD6,2023-10-22,BR01,Eluru,Andhra Pradesh,CUST01840,Sneha Sharma,Retail,P003,Flagship Smartphone,Mobile,1,76518.57,0.0,0.75,UPI
TXNAD7FCCC33C,2023-05-25,BR01,Eluru,Andhra Pradesh,CUST00577,Swathi Kumar,Wholesale,P014,Split AC 1.5 Ton,Home Appliances,1,40940.9,0.0,0.83,Debit Card
TXNEECA42478F,2023-11-08,BR01,Eluru,Andhra Pradesh,CUST00604,Sneha Murthy,Retail,P010,Wireless Mouse,Accessories,3,1249.7,0.1,0.4,Cash
TXN945ADE6DB9,2023-12-02,BR01,Eluru,Andhra Pradesh,CUST00558,Harika Babu,Corporate,P019,LED TV 55-inch,Electronics,1,50118.3,0.0,0.79,Cash
TXN8C4E80E5E1,2023-05-16,BR01,Eluru,Andhra Pradesh,CUST00892,Naveen Murthy,Wholesale,P017,Microwave Oven,Home Appliances,2,12737.0,0.1,0.75,Net Banking
TXN2D1CDB0F61,2024-09-10,BR01,Eluru,Andhra Pradesh,CUST01913,Aishwarya Kumar,Retail,P003,Flagship Smartphone,Mobile,1,80101.1,0.15,0.75,Net Banking
TXN214ABA33FE,2024-03-07,BR01,Eluru,Andhra Pradesh,CUST00529,Suresh Prasad,Retail,P011,Bluetooth Speaker,Accessories,1,4098.96,0.05,0.5,Debit Card
TXNCF93877815,2024-10-31,BR01,Eluru,Andhra Pradesh,CUST00375,Arjun Babu,Retail,P019,LED TV 55-inch,Electronics,1,47607.32,0.2,0.79,UPI
TXN5F1E2E48D5,2024-08-25,BR01,Eluru,Andhra Pradesh,CUST00197,Kiran Sarma,Retail,P017,Microwave Oven,Home Appliances,1,11947.93,0.0,0.75,UPI
TXNABF9AFCEE0,2023-07-22,BR01,Eluru,Andhra Pradesh,CUST00355,Swathi Babu,Corporate,P021,Smart Watch,Electronics,1,9540.98,0.1,0.55,UPI
TXN4077C62F04,2024-10-08,BR01,Eluru,Andhra Pradesh,CUST00477,Sandeep Varma,Wholesale,P011,Bluetooth Speaker,Accessories,1,2715.67,0.05,0.5,Cash
TXNAECBCA32AD,2024-06-10,BR01,Eluru,Andhra Pradesh,CUST00078,Harika Reddy,Retail,P001,Budget Smartphone 4G,Mobile,4,11208.98,0.0,0.8,Credit Card
TXN5CE62964A2,2024-12-01,BR01,Eluru,Andhra Pradesh,CUST01457,Vikram Sharma,Retail,P007,Gaming Laptop i7,Laptop,1,101751.57,0.1,0.78,UPI
TXN587FDF64CD,2023-08-18,BR01,Eluru,Andhra Pradesh,CUST01196,Harika Sharma,Retail,P018,LED TV 43-inch,Electronics,1,28659.22,0.0,0.8,UPI
TXN2036425866,2023-01-08,BR01,Eluru,Andhra Pradesh,CUST01513,Manoj Devi,Wholesale,P002,Mid-range Smartphone 5G,Mobile,1,22527.8,0.0,0.78,Credit Card
TXNBC9EDC226A,2023-01-17,BR01,Eluru,Andhra Pradesh,CUST00346,Sneha Murthy,Retail,P003,Flagship Smartphone,Mobile,1,73267.3,0.05,0.75,Credit Card
TXN5D2B3A410D,2024-06-23,BR01,Eluru,Andhra Pradesh,CUST01620,Suresh Sharma,Corporate,P001,Budget Smartphone 4G,Mobile,2,10385.06,0.1,0.8,UPI
TXN0800D47876,2024-07-23,BR01,Eluru,Andhra Pradesh,CUST01055,Priya Sarma,Retail,P001,Budget Smartphone 4G,Mobile,4,8657.98,0.15,0.8,Cash
TXN47C843F861,2024-04-26,BR01,Eluru,Andhra Pradesh,CUST01475,Anitha Rao,Retail,P004,Wireless Earbuds,Mobile,2,2551.83,0.0,0.55,Credit Card
TXN33EF0A6C54,2024-10-18,BR01,Eluru,Andhra Pradesh,CUST01830,Deepika Murthy,Retail,P020,Home Theatre System,Electronics,1,8902.68,0.05,0.6,UPI
TXN05BF986B8F,2023-03-07,BR01,Eluru,Andhra Pradesh,CUST00926,Sandeep Rao,Wholesale,P004,Wireless Earbuds,Mobile,2,2456.72,0.1,0.55,Credit Card
TXNE538A3B92B,2023-10-07,BR01,Eluru,Andhra Pradesh,CUST00239,Ramesh Sarma,Retail,P004,Wireless Earbuds,Mobile,1,5526.38,0.15,0.55,UPI
TXN517C2D8EA7,2024-08-12,BR01,Eluru,Andhra Pradesh,CUST00049,Arjun Devi,Wholesale,P009,Laptop Bag,Accessories,3,1580.83,0.15,0.45,UPI
TXN9670FCD428,2023-05-01,BR01,Eluru,Andhra Pradesh,CUST00229,Naveen Chowdary,Corporate,P002,Mid-range Smartphone 5G,Mobile,1,21823.04,0.1,0.78,Net Banking
TXN3C4642F625,2024-02-11,BR01,Eluru,Andhra Pradesh,CUST00408,Lakshmi Babu,Retail,P012,Mobile Charger,Accessories,3,1397.83,0.05,0.42,UPI
TXND3DF093A1E,2024-11-30,BR01,Eluru,Andhra Pradesh,CUST00990,Aishwarya Prasad,Retail,P011,Bluetooth Speaker,Accessories,4,1251.58,0.0,0.5,Debit Card
TXNADCAE0EE90,2024-08-14,BR01,Eluru,Andhra Pradesh,CUST00344,Meena Chowdary,Retail,P002,Mid-range Smartphone 5G,Mobile,2,16583.65,0.0,0.78,UPI
TXN03A269CBAB,2024-11-17,BR01,Eluru,Andhra Pradesh,CUST00857,Praveen Babu,Retail,P009,Laptop Bag,Accessories,2,1631.47,0.0,0.45,UPI
TXN0558176871,2023-05-22,BR01,Eluru,Andhra Pradesh,CUST01492,Ajay Sarma,Retail,P020,Home Theatre System,Electronics,1,13977.46,0.0,0.6,Credit Card
TXN8EDC01E4C4,2023-04-15,BR01,Eluru,Andhra Pradesh,CUST01433,Divya Prasad,Retail,P001,Budget Smartphone 4G,Mobile,1,8617.1,0.15,0.8,Credit Card
TXN03B195A6EB,2024-05-01,BR01,Eluru,Andhra Pradesh,CUST01308,Divya Chowdary,Retail,P005,Entry Laptop i3,Laptop,1,37835.59,0.0,0.82,Net Banking
TXNB50CDA5B7D,2023-06-23,BR01,Eluru,Andhra Pradesh,CUST00503,Anitha Kumar,Retail,P020,Home Theatre System,Electronics,4,8046.87,0.0,0.6,Credit Card
TXNC683F2075E,2023-07-24,BR01,Eluru,Andhra Pradesh,CUST01917,Praveen Kumar,Retail,P021,Smart Watch,Electronics,1,2909.11,0.15,0.55,UPI
TXNB12584AD4F,2024-06-16,BR01,Eluru,Andhra Pradesh,CUST00120,Praveen Naidu,Retail,P002,Mid-range Smartphone 5G,Mobile,1,19967.93,0.0,0.78,Net Banking
TXN9132AACEA8,2024-10-22,BR01,Eluru,Andhra Pradesh,CUST01899,Ramesh Varma,Retail,P006,Business Laptop i5,Laptop,1,58125.93,0.0,0.8,Debit Card
TXNB90A43FA5B,2023-12-18,BR01,Eluru,Andhra Pradesh,CUST01017,Meena Chowdary,Corporate,P016,Washing Machine,Home Appliances,1,31868.47,0.1,0.8,UPI
TXN2B8C59CB42,2023-05-16,BR01,Eluru,Andhra Pradesh,CUST01670,Aishwarya Babu,Retail,P019,LED TV 55-inch,Electronics,1,44359.89,0.0,0.79,Debit Card
TXNDD8D28B308,2023-10-19,BR01,Eluru,Andhra Pradesh,CUST01754,Priya Kumar,Retail,P001,Budget Smartphone 4G,Mobile,3,8014.41,0.1,0.8,Credit Card
TXNA91381A360,2023-11-05,BR01,Eluru,Andhra Pradesh,CUST01688,Aishwarya Reddy,Retail,P003,Flagship Smartphone,Mobile,1,75026.47,0.1,0.75,Cash
TXN0E2F615DF3,2024-08-26,BR01,Eluru,Andhra Pradesh,CUST00365,Ajay Rao,Retail,P019,LED TV 55-inch,Electronics,1,53068.1,0.15,0.79,Credit Card
TXNCD56E0AB21,2023-11-03,BR01,Eluru,Andhra Pradesh,CUST00495,Lakshmi Sharma,Retail,P004,Wireless Earbuds,Mobile,2,3515.65,0.0,0.55,UPI
TXN0ECE41E897,2023-08-27,BR01,Eluru,Andhra Pradesh,CUST00864,Kiran Prasad,Corporate,P021,Smart Watch,Electronics,2,5893.63,0.05,0.55,Debit Card
TXN7C54997554,2023-06-01,BR01,Eluru,Andhra Pradesh,CUST00459,Swathi Prasad,Wholesale,P010,Wireless Mouse,Accessories,1,597.88,0.0,0.4,UPI
TXNC925FDA1E6,2024-08-11,BR01,Eluru,Andhra Pradesh,CUST00224,Sandeep Varma,Retail,P007,Gaming Laptop i7,Laptop,1,83079.35,0.0,0.78,Credit Card
TXN00A83ED67C,2023-12-08,BR01,Eluru,Andhra Pradesh,CUST00303,Naveen Naidu,Retail,P021,Smart Watch,Electronics,1,8260.96,0.15,0.55,UPI
TXN7A26C3F9C3,2024-06-12,BR01,Eluru,Andhra Pradesh,CUST00486,Srinivas Varma,Retail,P013,Power Bank,Accessories,2,1095.21,0.0,0.48,Credit Card
TXN73D96F8F5D,2024-12-15,BR01,Eluru,Andhra Pradesh,CUST00376,Ramesh Naidu,Retail,P007,Gaming Laptop i7,Laptop,1,107898.44,0.15,0.78,UPI
TXNFFD3D36088,2024-07-04,BR01,Eluru,Andhra Pradesh,CUST00360,Naveen Sharma,Retail,P006,Business Laptop i5,Laptop,1,48818.71,0.15,0.8,UPI
TXNBDBC10592D,2023-06-08,BR01,Eluru,Andhra Pradesh,CUST01725,Swathi Kumar,Retail,P018,LED TV 43-inch,Electronics,1,23026.36,0.0,0.8,Debit Card
TXNDB7097A2B0,2023-12-31,BR01,Eluru,Andhra Pradesh,CUST01112,Praveen Sarma,Retail,P010,Wireless Mouse,Accessories,1,783.31,0.15,0.4,Net Banking
TXN71EE89A0FB,2024-05-22,BR01,Eluru,Andhra Pradesh,CUST00082,Meena Prasad,Retail,P020,Home Theatre System,Electronics,1,12688.87,0.0,0.6,Credit Card
TXN152DFD1864,2023-04-09,BR01,Eluru,Andhra Pradesh,CUST00216,Naveen Naidu,Wholesale,P003,Flagship Smartphone,Mobile,1,57797.8,0.0,0.75,Cash
TXND074C6D201,2024-07-23,BR01,Eluru,Andhra Pradesh,CUST01088,Manoj Babu,Wholesale,P013,Power Bank,Accessories,1,985.59,0.05,0.48,Debit Card
TXN9DBE93F23E,2024-09-14,BR01,Eluru,Andhra Pradesh,CUST00104,Manoj Naidu,Retail,P017,Microwave Oven,Home Appliances,2,14070.84,0.1,0.75,Credit Card
TXNA6415BF65D,2024-01-24,BR01,Eluru,Andhra Pradesh,CUST00066,Srinivas Prasad,Retail,P005,Entry Laptop i3,Laptop,1,29836.44,0.0,0.82,UPI
TXN98AE215407,2024-11-16,BR01,Eluru,Andhra Pradesh,CUST00698,Manoj Sarma,Retail,P001,Budget Smartphone 4G,Mobile,1,13522.41,0.25,0.8,UPI
TXN013C6E5B18,2024-11-15,BR01,Eluru,Andhra Pradesh,CUST00450,Ramesh Rao,Wholesale,P008,Ultrabook Thin & Light,Laptop,1,80868.07,0.0,0.79,UPI
TXNC68676B09C,2024-11-23,BR01,Eluru,Andhra Pradesh,CUST00895,Kavya Sarma,Retail,P001,Budget Smartphone 4G,Mobile,4,11628.04,0.25,0.8,UPI
TXN80327269B6,2024-03-26,BR01,Eluru,Andhra Pradesh,CUST01415,Vikram Sharma,Retail,P011,Bluetooth Speaker,Accessories,1,1324.41,0.15,0.5,UPI
TXNE726E336AB,2024-07-28,BR01,Eluru,Andhra Pradesh,CUST01079,Pooja Prasad,Corporate,P007,Gaming Laptop i7,Laptop,1,116293.58,0.15,0.78,UPI
TXNEEC4D93C63,2023-09-02,BR01,Eluru,Andhra Pradesh,CUST00962,Sneha Murthy,Retail,P021,Smart Watch,Electronics,1,7717.93,0.1,0.55,UPI
TXN0E6A772154,2024-08-22,BR01,Eluru,Andhra Pradesh,CUST00143,Vikram Chowdary,Retail,P007,Gaming Laptop i7,Laptop,1,99547.21,0.15,0.78,Net Banking
TXN168BAA89E4,2024-08-03,BR01,Eluru,Andhra Pradesh,CUST00843,Deepika Chowdary,Retail,P011,Bluetooth Speaker,Accessories,2,3865.04,0.05,0.5,UPI
TXN08764AACD3,2024-07-09,BR01,Eluru,Andhra Pradesh,CUST00226,Aishwarya Sarma,Retail,P007,Gaming Laptop i7,Laptop,1,114914.44,0.0,0.78,Debit Card
TXNBD2C95066E,2023-10-17,BR01,Eluru,Andhra Pradesh,CUST01417,Ajay Kumar,Wholesale,P007,Gaming Laptop i7,Laptop,1,124656.86,0.2,0.78,UPI
TXN451B488AEC,2024-06-11,BR01,Eluru,Andhra Pradesh,CUST00167,Aishwarya Babu,Retail,P019,LED TV 55-inch,Electronics,1,47572.42,0.1,0.79,Credit Card
TXN63F93F5E40,2024-08-03,BR01,Eluru,Andhra Pradesh,CUST00601,Ravi Babu,Retail,P018,LED TV 43-inch,Electronics,1,23099.91,0.0,0.8,UPI
TXNF2308B35AE,2024-12-04,BR01,Eluru,Andhra Pradesh,CUST01372,Vikram Varma,Retail,P008,Ultrabook Thin & Light,Laptop,1,85655.74,0.1,0.79,UPI
TXN344E9ED799,2023-06-19,BR01,Eluru,Andhra Pradesh,CUST01337,Sandeep Rao,Corporate,P002,Mid-range Smartphone 5G,Mobile,1,18630.09,0.05,0.78,Cash
TXN11934D92DA,2024-11-01,BR01,Eluru,Andhra Pradesh,CUST00386,Priya Murthy,Retail,P012,Mobile Charger,Accessories,2,1056.38,0.15,0.42,Cash
TXNC65C60592C,2023-06-20,BR01,Eluru,Andhra Pradesh,CUST00299,Arjun Kumar,Retail,P018,LED TV 43-inch,Electronics,1,32830.56,0.0,0.8,Credit Card
TXN01822F2FD6,2023-08-30,BR01,Eluru,Andhra Pradesh,CUST00807,Sneha Varma,Corporate,P009,Laptop Bag,Accessories,3,939.49,0.15,0.45,Credit Card
TXNA80A5BB4D2,2023-11-09,BR01,Eluru,Andhra Pradesh,CUST00576,Divya Chowdary,Retail,P003,Flagship Smartphone,Mobile,1,45298.58,0.1,0.75,Net Banking
TXNE4122DAFA0,2023-01-19,BR01,Eluru,Andhra Pradesh,CUST01743,Ramesh Sarma,Corporate,P021,Smart Watch,Electronics,1,6598.04,0.05,0.55,UPI
TXN429E1B9593,2024-06-05,BR01,Eluru,Andhra Pradesh,CUST00267,Srinivas Murthy,Retail,P011,Bluetooth Speaker,Accessories,2,2116.57,0.0,0.5,UPI
TXN7EE7463967,2023-01-01,BR01,Eluru,Andhra Pradesh,CUST00673,Praveen Rao,Retail,P012,Mobile Charger,Accessories,1,1051.53,0.1,0.42,Credit Card
TXND0DBED2F77,2024-09-07,BR01,Eluru,Andhra Pradesh,CUST00551,Manoj Rao,Retail,P018,LED TV 43-inch,Electronics,1,23434.38,0.05,0.8,UPI
TXN74C32E1D5C,2023-10-21,BR01,Eluru,Andhra Pradesh,CUST01276,Sneha Sharma,Corporate,P012,Mobile Charger,Accessories,1,1725.89,0.0,0.42,UPI
TXND9149277BF,2024-11-26,BR01,Eluru,Andhra Pradesh,CUST01748,Suresh Kumar,Retail,P003,Flagship Smartphone,Mobile,1,84405.52,0.15,0.75,Debit Card
TXN11CDD79F2E,2023-03-01,BR01,Eluru,Andhra Pradesh,CUST01862,Aishwarya Prasad,Retail,P018,LED TV 43-inch,Electronics,1,30531.38,0.15,0.8,UPI
TXNDDA3AD8D8D,2024-02-06,BR01,Eluru,Andhra Pradesh,CUST01533,Anitha Sarma,Retail,P010,Wireless Mouse,Accessories,2,1158.56,0.0,0.4,Net Banking
TXNB639092F79,2024-04-24,BR01,Eluru,Andhra Pradesh,CUST01827,Arjun Sharma,Retail,P010,Wireless Mouse,Accessories,4,364.86,0.0,0.4,Cash
TXN920924D591,2023-12-07,BR01,Eluru,Andhra Pradesh,CUST01223,Deepika Chowdary,Retail,P010,Wireless Mouse,Accessories,3,711.47,0.05,0.4,Debit Card
TXNF9E3B32068,2024-06-28,BR01,Eluru,Andhra Pradesh,CUST00020,Divya Rao,Wholesale,P010,Wireless Mouse,Accessories,1,1244.97,0.15,0.4,UPI
TXNE468B413B7,2024-09-11,BR01,Eluru,Andhra Pradesh,CUST00747,Srinivas Murthy,Corporate,P018,LED TV 43-inch,Electronics,1,28235.84,0.1,0.8,UPI
TXN09FF6D4E50,2023-09-18,BR01,Eluru,Andhra Pradesh,CUST01052,Kavya Devi,Retail,P008,Ultrabook Thin & Light,Laptop,1,86389.34,0.1,0.79,Net Banking
TXN8D347EC614,2023-03-14,BR01,Eluru,Andhra Pradesh,CUST01013,Priya Sarma,Retail,P016,Washing Machine,Home Appliances,1,24015.46,0.05,0.8,UPI
TXNC845C58FA2,2023-10-13,BR01,Eluru,Andhra Pradesh,CUST00686,Aishwarya Sarma,Corporate,P001,Budget Smartphone 4G,Mobile,1,9340.03,0.0,0.8,UPI
TXN8C0E744D26,2024-01-08,BR01,Eluru,Andhra Pradesh,CUST01234,Kavya Sharma,Corporate,P012,Mobile Charger,Accessories,1,1112.21,0.0,0.42,Net Banking
TXN0597A6C4B1,2024-05-24,BR01,Eluru,Andhra Pradesh,CUST00027,Naveen Naidu,Corporate,P009,Laptop Bag,Accessories,1,907.02,0.0,0.45,Cash
TXND7E21007E1,2024-10-08,BR01,Eluru,Andhra Pradesh,CUST00584,Kiran Chowdary,Retail,P004,Wireless Earbuds,Mobile,2,4377.82,0.05,0.55,Debit Card
TXN9E32566520,2023-05-11,BR01,Eluru,Andhra Pradesh,CUST00802,Pooja Sarma,Retail,P002,Mid-range Smartphone 5G,Mobile,1,21510.24,0.0,0.78,Debit Card
TXN6A3B0661AF,2024-08-31,BR01,Eluru,Andhra Pradesh,CUST00585,Sneha Prasad,Wholesale,P004,Wireless Earbuds,Mobile,1,4231.18,0.15,0.55,UPI
TXN107365A2DF,2024-07-04,BR01,Eluru,Andhra Pradesh,CUST01000,Lakshmi Naidu,Retail,P021,Smart Watch,Electronics,1,10366.06,0.05,0.55,Net Banking
TXNED13FB7EC6,2023-03-01,BR01,Eluru,Andhra Pradesh,CUST00333,Ajay Naidu,Retail,P003,Flagship Smartphone,Mobile,1,88689.92,0.05,0.75,Cash
TXNE463B52F7A,2024-11-30,BR01,Eluru,Andhra Pradesh,CUST00987,Praveen Naidu,Retail,P002,Mid-range Smartphone 5G,Mobile,1,16979.3,0.05,0.78,Cash
TXN642238C275,2024-02-11,BR01,Eluru,Andhra Pradesh,CUST00157,Deepika Sharma,Retail,P010,Wireless Mouse,Accessories,3,865.93,0.0,0.4,Cash
TXNA9ECA2D4D3,2023-07-15,BR01,Eluru,Andhra Pradesh,CUST01834,Harika Prasad,Wholesale,P020,Home Theatre System,Electronics,3,6458.3,0.0,0.6,UPI
TXN0FCA60BBDC,2023-05-13,BR01,Eluru,Andhra Pradesh,CUST01311,Naveen Sharma,Retail,P004,Wireless Earbuds,Mobile,1,3052.94,0.1,0.55,Cash
TXN38E01D31CC,2023-05-20,BR01,Eluru,Andhra Pradesh,CUST01903,Divya Sharma,Retail,P011,Bluetooth Speaker,Accessories,1,3067.18,0.0,0.5,Credit Card
TXNB980247677,2024-08-31,BR01,Eluru,Andhra Pradesh,CUST00871,Deepika Murthy,Retail,P010,Wireless Mouse,Accessories,2,815.38,0.05,0.4,Credit Card
TXN199B6D8382,2023-05-27,BR01,Eluru,Andhra Pradesh,CUST00211,Naveen Murthy,Retail,P018,LED TV 43-inch,Electronics,1,24262.01,0.1,0.8,Cash
TXN557AD1042C,2024-05-19,BR01,Eluru,Andhra Pradesh,CUST01910,Arjun Murthy,Retail,P004,Wireless Earbuds,Mobile,1,2247.84,0.0,0.55,UPI
TXN4F76CAB55E,2023-09-27,BR01,Eluru,Andhra Pradesh,CUST00303,Naveen Naidu,Retail,P012,Mobile Charger,Accessories,2,647.99,0.0,0.42,UPI
TXN71CB65DF89,2023-10-08,BR01,Eluru,Andhra Pradesh,CUST01661,Sandeep Murthy,Retail,P003,Flagship Smartphone,Mobile,1,65025.98,0.0,0.75,Credit Card
TXN0C87EE7C65,2024-06-22,BR01,Eluru,Andhra Pradesh,CUST01507,Meena Devi,Retail,P010,Wireless Mouse,Accessories,3,850.31,0.0,0.4,Debit Card
TXNAED0A23F31,2023-03-14,BR01,Eluru,Andhra Pradesh,CUST00779,Priya Rao,Retail,P001,Budget Smartphone 4G,Mobile,2,11290.95,0.15,0.8,Debit Card
TXN8B7D205CA1,2024-01-23,BR01,Eluru,Andhra Pradesh,CUST00047,Divya Chowdary,Retail,P007,Gaming Laptop i7,Laptop,1,105531.72,0.15,0.78,UPI
TXN1A10D65138,2023-12-04,BR01,Eluru,Andhra Pradesh,CUST01829,Swathi Rao,Retail,P005,Entry Laptop i3,Laptop,1,32866.41,0.05,0.82,UPI
TXN33A35F3B4B,2023-09-18,BR01,Eluru,Andhra Pradesh,CUST00752,Ramesh Devi,Retail,P019,LED TV 55-inch,Electronics,1,54892.94,0.05,0.79,Credit Card
TXNA9F43FCE0F,2023-07-07,BR01,Eluru,Andhra Pradesh,CUST01634,Pooja Varma,Retail,P010,Wireless Mouse,Accessories,2,445.9,0.15,0.4,Debit Card
TXNB35F414FAA,2024-10-07,BR01,Eluru,Andhra Pradesh,CUST01085,Vikram Prasad,Retail,P012,Mobile Charger,Accessories,1,507.14,0.0,0.42,UPI
TXN381C4A29B0,2023-03-01,BR01,Eluru,Andhra Pradesh,CUST01269,Ajay Naidu,Retail,P021,Smart Watch,Electronics,2,5540.8,0.0,0.55,Debit Card
TXN3FBD2E3F94,2023-01-20,BR01,Eluru,Andhra Pradesh,CUST00038,Naveen Sharma,Retail,P001,Budget Smartphone 4G,Mobile,2,13912.49,0.05,0.8,UPI
TXN00650037B2,2024-03-09,BR01,Eluru,Andhra Pradesh,CUST00133,Swathi Murthy,Retail,P011,Bluetooth Speaker,Accessories,1,1387.56,0.15,0.5,UPI
TXN12BC006F55,2023-03-19,BR01,Eluru,Andhra Pradesh,CUST00821,Priya Prasad,Retail,P012,Mobile Charger,Accessories,2,1095.67,0.05,0.42,UPI
TXNCFBB1C5AE0,2023-02-08,BR01,Eluru,Andhra Pradesh,CUST01211,Sneha Rao,Retail,P002,Mid-range Smartphone 5G,Mobile,1,23501.84,0.05,0.78,UPI
TXN6E86E55EBC,2024-07-06,BR01,Eluru,Andhra Pradesh,CUST00804,Anitha Chowdary,Retail,P021,Smart Watch,Electronics,3,8846.18,0.1,0.55,Cash
TXN65BCB9B73C,2023-06-06,BR01,Eluru,Andhra Pradesh,CUST01952,Priya Murthy,Retail,P009,Laptop Bag,Accessories,1,687.45,0.05,0.45,Credit Card
TXN2A44D1CD7E,2024-09-03,BR01,Eluru,Andhra Pradesh,CUST01690,Suresh Devi,Retail,P001,Budget Smartphone 4G,Mobile,1,10483.72,0.1,0.8,Net Banking
TXN40DC0312BB,2023-11-30,BR01,Eluru,Andhra Pradesh,CUST00396,Anitha Varma,Retail,P001,Budget Smartphone 4G,Mobile,1,8874.07,0.25,0.8,UPI
TXNAD06FEE4F4,2023-09-29,BR01,Eluru,Andhra Pradesh,CUST01485,Kiran Prasad,Corporate,P021,Smart Watch,Electronics,2,8040.96,0.1,0.55,UPI
TXNB60529DB35,2024-05-07,BR01,Eluru,Andhra Pradesh,CUST01620,Suresh Sharma,Corporate,P002,Mid-range Smartphone 5G,Mobile,2,17619.04,0.1,0.78,Net Banking
TXN9E0E464B93,2023-05-20,BR01,Eluru,Andhra Pradesh,CUST00478,Meena Murthy,Retail,P011,Bluetooth Speaker,Accessories,1,1554.14,0.0,0.5,Credit Card
TXN21DED729DF,2023-11-14,BR01,Eluru,Andhra Pradesh,CUST00773,Priya Rao,Retail,P018,LED TV 43-inch,Electronics,1,31304.14,0.05,0.8,UPI
TXN80463A9037,2024-01-26,BR01,Eluru,Andhra Pradesh,CUST01028,Praveen Sharma,Retail,P005,Entry Laptop i3,Laptop,1,36670.88,0.0,0.82,Net Banking
TXNACA22A8668,2024-10-22,BR01,Eluru,Andhra Pradesh,CUST01477,Ajay Prasad,Wholesale,P009,Laptop Bag,Accessories,1,1630.8,0.05,0.45,Net Banking
TXN287E750B1A,2023-11-14,BR01,Eluru,Andhra Pradesh,CUST00950,Arjun Kumar,Retail,P003,Flagship Smartphone,Mobile,1,73492.87,0.2,0.75,Credit Card
TXN3CF3E0505F,2023-10-13,BR01,Eluru,Andhra Pradesh,CUST01828,Meena Naidu,Retail,P003,Flagship Smartphone,Mobile,1,56847.36,0.2,0.75,UPI
TXNE092FEDD47,2024-02-09,BR01,Eluru,Andhra Pradesh,CUST00303,Naveen Naidu,Retail,P018,LED TV 43-inch,Electronics,1,27371.75,0.1,0.8,Cash
TXN7079265737,2024-12-17,BR01,Eluru,Andhra Pradesh,CUST00303,Naveen Naidu,Retail,P011,Bluetooth Speaker,Accessories,2,3421.86,0.1,0.5,Cash
TXNF053C30179,2024-08-11,BR01,Eluru,Andhra Pradesh,CUST00129,Swathi Kumar,Retail,P011,Bluetooth Speaker,Accessories,1,3141.44,0.0,0.5,Cash
TXNFD2230124A,2024-06-09,BR01,Eluru,Andhra Pradesh,CUST00043,Ramesh Devi,Retail,P008,Ultrabook Thin & Light,Laptop,1,58935.74,0.0,0.79,Credit Card
TXN48546234DC,2024-02-07,BR01,Eluru,Andhra Pradesh,CUST01997,Srinivas Reddy,Retail,P007,Gaming Laptop i7,Laptop,1,103073.27,0.1,0.78,UPI
TXNA36BACAC23,2024-09-01,BR01,Eluru,Andhra Pradesh,CUST01270,Harika Reddy,Corporate,P003,Flagship Smartphone,Mobile,1,81023.86,0.15,0.75,Cash
TXN1507F493BF,2024-05-29,BR01,Eluru,Andhra Pradesh,CUST01251,Kavya Devi,Retail,P001,Budget Smartphone 4G,Mobile,1,11196.73,0.1,0.8,UPI
TXNB28462D439,2023-01-29,BR01,Eluru,Andhra Pradesh,CUST00420,Swathi Babu,Retail,P001,Budget Smartphone 4G,Mobile,1,12462.13,0.0,0.8,UPI
TXN9D145A0994,2023-11-06,BR01,Eluru,Andhra Pradesh,CUST00464,Deepika Prasad,Retail,P011,Bluetooth Speaker,Accessories,1,1142.5,0.05,0.5,Net Banking
TXN10106FF7E0,2023-04-09,BR01,Eluru,Andhra Pradesh,CUST00497,Kavya Devi,Retail,P010,Wireless Mouse,Accessories,2,1392.23,0.1,0.4,Cash
TXN173D83113D,2024-06-03,BR01,Eluru,Andhra Pradesh,CUST01944,Naveen Babu,Retail,P005,Entry Laptop i3,Laptop,1,30471.1,0.0,0.82,Credit Card
TXN1F7E4EB0DE,2023-12-08,BR01,Eluru,Andhra Pradesh,CUST01664,Meena Prasad,Retail,P011,Bluetooth Speaker,Accessories,1,4461.73,0.0,0.5,Cash
TXND31BB65B36,2023-11-16,BR01,Eluru,Andhra Pradesh,CUST01407,Manoj Sharma,Retail,P002,Mid-range Smartphone 5G,Mobile,1,20117.02,0.05,0.78,UPI
TXN556CF4B131,2023-11-07,BR01,Eluru,Andhra Pradesh,CUST01704,Harika Babu,Wholesale,P007,Gaming Laptop i7,Laptop,1,120590.1,0.15,0.78,UPI
TXN52789DC4B7,2023-02-07,BR01,Eluru,Andhra Pradesh,CUST01064,Vikram Varma,Wholesale,P010,Wireless Mouse,Accessories,4,1492.67,0.0,0.4,Credit Card
TXNEC5277FBD3,2023-12-15,BR01,Eluru,Andhra Pradesh,CUST00940,Harika Sharma,Retail,P004,Wireless Earbuds,Mobile,1,5744.83,0.15,0.55,Net Banking
TXN15BF5BCE7F,2023-07-17,BR01,Eluru,Andhra Pradesh,CUST01077,Praveen Rao,Retail,P019,LED TV 55-inch,Electronics,1,43525.15,0.1,0.79,UPI
TXNBD728C11F6,2023-02-12,BR01,Eluru,Andhra Pradesh,CUST00234,Pooja Devi,Retail,P004,Wireless Earbuds,Mobile,3,1869.91,0.0,0.55,Cash
TXND652A559F7,2023-01-17,BR01,Eluru,Andhra Pradesh,CUST00560,Srinivas Sharma,Retail,P010,Wireless Mouse,Accessories,1,1397.51,0.05,0.4,Cash
TXNBD411C0F7A,2024-04-30,BR01,Eluru,Andhra Pradesh,CUST01492,Ajay Sarma,Retail,P007,Gaming Laptop i7,Laptop,1,123213.24,0.1,0.78,UPI
TXNF0E7530282,2024-03-27,BR01,Eluru,Andhra Pradesh,CUST00681,Arjun Varma,Retail,P020,Home Theatre System,Electronics,1,9507.38,0.1,0.6,Credit Card
TXND98D1FD0B2,2024-04-28,BR01,Eluru,Andhra Pradesh,CUST00959,Manoj Chowdary,Retail,P003,Flagship Smartphone,Mobile,1,78260.76,0.15,0.75,UPI
TXN0860288E18,2024-12-22,BR01,Eluru,Andhra Pradesh,CUST00190,Harika Prasad,Retail,P011,Bluetooth Speaker,Accessories,1,1704.61,0.15,0.5,UPI
TXN1178AF8348,2023-03-01,BR01,Eluru,Andhra Pradesh,CUST01242,Arjun Devi,Wholesale,P011,Bluetooth Speaker,Accessories,1,2072.48,0.05,0.5,Debit Card
TXN84644F4CC9,2023-04-10,BR01,Eluru,Andhra Pradesh,CUST01684,Naveen Sharma,Retail,P013,Power Bank,Accessories,1,829.6,0.15,0.48,Net Banking
TXN15C9A6D814,2023-11-02,BR01,Eluru,Andhra Pradesh,CUST01997,Srinivas Reddy,Retail,P009,Laptop Bag,Accessories,1,1894.99,0.05,0.45,UPI
TXN234F770096,2024-11-03,BR01,Eluru,Andhra Pradesh,CUST00901,Suresh Babu,Retail,P017,Microwave Oven,Home Appliances,1,13943.17,0.25,0.75,Credit Card
TXN9B4D59DF84,2023-07-23,BR01,Eluru,Andhra Pradesh,CUST01442,Naveen Babu,Retail,P002,Mid-range Smartphone 5G,Mobile,1,26894.69,0.15,0.78,UPI
TXNE628C4562A,2024-02-14,BR01,Eluru,Andhra Pradesh,CUST01925,Kavya Varma,Retail,P009,Laptop Bag,Accessories,2,1914.68,0.0,0.45,Credit Card
TXN6AC06D848F,2024-05-04,BR01,Eluru,Andhra Pradesh,CUST01769,Sandeep Reddy,Retail,P007,Gaming Laptop i7,Laptop,1,75279.8,0.0,0.78,Credit Card
TXNE72480B4E4,2023-02-26,BR01,Eluru,Andhra Pradesh,CUST01481,Sandeep Prasad,Wholesale,P013,Power Bank,Accessories,1,1873.78,0.05,0.48,UPI
TXN6D4E690F88,2023-10-16,BR01,Eluru,Andhra Pradesh,CUST01375,Deepika Reddy,Retail,P009,Laptop Bag,Accessories,2,1995.57,0.0,0.45,Credit Card
TXN3D0F31BCB8,2023-08-23,BR01,Eluru,Andhra Pradesh,CUST01073,Manoj Varma,Wholesale,P009,Laptop Bag,Accessories,1,806.85,0.0,0.45,Net Banking
TXNF926B2B0E4,2024-03-18,BR01,Eluru,Andhra Pradesh,CUST00217,Swathi Naidu,Wholesale,P007,Gaming Laptop i7,Laptop,1,107916.76,0.1,0.78,UPI
TXN33E8F15297,2023-01-02,BR01,Eluru,Andhra Pradesh,CUST00233,Lakshmi Murthy,Wholesale,P001,Budget Smartphone 4G,Mobile,1,12564.81,0.1,0.8,UPI
TXN9C05D28EE5,2023-03-15,BR01,Eluru,Andhra Pradesh,CUST00532,Ramesh Prasad,Retail,P009,Laptop Bag,Accessories,1,1100.48,0.1,0.45,Cash
TXN0E928B1358,2023-06-29,BR01,Eluru,Andhra Pradesh,CUST01740,Divya Murthy,Retail,P011,Bluetooth Speaker,Accessories,1,2258.98,0.0,0.5,Credit Card
TXNEAEB36E117,2024-11-19,BR01,Eluru,Andhra Pradesh,CUST00450,Ramesh Rao,Wholesale,P020,Home Theatre System,Electronics,3,10383.69,0.05,0.6,UPI
TXN5079374EFC,2024-11-29,BR01,Eluru,Andhra Pradesh,CUST00980,Naveen Sharma,Retail,P002,Mid-range Smartphone 5G,Mobile,2,17124.07,0.05,0.78,Credit Card
TXND022700CA5,2024-02-12,BR01,Eluru,Andhra Pradesh,CUST01559,Divya Varma,Wholesale,P021,Smart Watch,Electronics,1,6990.99,0.0,0.55,UPI
TXNC759FBFE15,2024-10-09,BR01,Eluru,Andhra Pradesh,CUST00627,Naveen Sharma,Corporate,P002,Mid-range Smartphone 5G,Mobile,1,25949.69,0.2,0.78,UPI
TXNF12BB5B57D,2024-05-28,BR01,Eluru,Andhra Pradesh,CUST01132,Ravi Naidu,Retail,P011,Bluetooth Speaker,Accessories,3,4308.72,0.15,0.5,UPI
TXNCBC46E79ED,2023-09-10,BR01,Eluru,Andhra Pradesh,CUST01323,Srinivas Murthy,Retail,P011,Bluetooth Speaker,Accessories,1,4751.45,0.0,0.5,Credit Card
TXN2315F22E5F,2023-12-18,BR01,Eluru,Andhra Pradesh,CUST00140,Priya Prasad,Retail,P008,Ultrabook Thin & Light,Laptop,1,76586.63,0.1,0.79,UPI
TXN78B331E666,2024-07-29,BR01,Eluru,Andhra Pradesh,CUST00440,Anitha Naidu,Retail,P017,Microwave Oven,Home Appliances,1,12296.68,0.05,0.75,UPI
TXNDF368AB706,2023-12-05,BR01,Eluru,Andhra Pradesh,CUST00472,Aishwarya Naidu,Retail,P001,Budget Smartphone 4G,Mobile,3,10072.73,0.1,0.8,UPI
TXND93A47BCB4,2023-06-25,BR01,Eluru,Andhra Pradesh,CUST00683,Divya Murthy,Retail,P002,Mid-range Smartphone 5G,Mobile,1,22716.0,0.0,0.78,UPI
TXN47581119AE,2024-08-18,BR01,Eluru,Andhra Pradesh,CUST00229,Naveen Chowdary,Corporate,P006,Business Laptop i5,Laptop,1,55159.82,0.05,0.8,UPI
TXN604A1B219C,2024-09-10,BR01,Eluru,Andhra Pradesh,CUST01669,Ravi Babu,Retail,P003,Flagship Smartphone,Mobile,1,67717.03,0.05,0.75,Cash
TXNE7ACC2F4A7,2024-12-11,BR01,Eluru,Andhra Pradesh,CUST01022,Naveen Reddy,Retail,P018,LED TV 43-inch,Electronics,1,34939.79,0.05,0.8,Cash
TXNC59B14D604,2024-04-14,BR01,Eluru,Andhra Pradesh,CUST01642,Sandeep Prasad,Corporate,P020,Home Theatre System,Electronics,1,18208.72,0.0,0.6,Net Banking
TXN5FC21C102A,2024-04-12,BR01,Eluru,Andhra Pradesh,CUST01978,Ravi Sarma,Wholesale,P012,Mobile Charger,Accessories,1,1786.82,0.05,0.42,Net Banking
TXN5C2A0EABDD,2024-04-22,BR01,Eluru,Andhra Pradesh,CUST00365,Ajay Rao,Retail,P004,Wireless Earbuds,Mobile,1,1719.45,0.1,0.55,Net Banking
TXNE94C31FC47,2023-02-10,BR01,Eluru,Andhra Pradesh,CUST00131,Vikram Babu,Retail,P018,LED TV 43-inch,Electronics,1,29700.71,0.1,0.8,Credit Card
TXN75B0A27F19,2024-02-18,BR01,Eluru,Andhra Pradesh,CUST01972,Meena Sarma,Retail,P003,Flagship Smartphone,Mobile,1,82595.3,0.1,0.75,Debit Card
TXN304B651130,2023-06-22,BR01,Eluru,Andhra Pradesh,CUST01747,Naveen Babu,Retail,P017,Microwave Oven,Home Appliances,1,8281.66,0.05,0.75,UPI
TXN5A870C3F8D,2024-12-14,BR01,Eluru,Andhra Pradesh,CUST01218,Ramesh Kumar,Retail,P006,Business Laptop i5,Laptop,1,42055.26,0.15,0.8,UPI
TXN943BD830E9,2023-01-10,BR01,Eluru,Andhra Pradesh,CUST01895,Naveen Rao,Retail,P011,Bluetooth Speaker,Accessories,1,2455.73,0.05,0.5,Cash
TXN8B61B24E2F,2024-10-12,BR01,Eluru,Andhra Pradesh,CUST01260,Suresh Sharma,Retail,P009,Laptop Bag,Accessories,1,1870.39,0.15,0.45,UPI
TXN7F9ED1FE7D,2023-05-06,BR01,Eluru,Andhra Pradesh,CUST01649,Manoj Chowdary,Retail,P013,Power Bank,Accessories,1,1965.96,0.05,0.48,Cash
TXN205A8F1B91,2023-11-05,BR01,Eluru,Andhra Pradesh,CUST01399,Deepika Sharma,Retail,P020,Home Theatre System,Electronics,1,17815.11,0.0,0.6,UPI
TXN947E00F7E6,2024-07-20,BR01,Eluru,Andhra Pradesh,CUST00706,Harika Sharma,Retail,P012,Mobile Charger,Accessories,1,1294.44,0.05,0.42,Net Banking
TXN959DA46C11,2024-06-17,BR01,Eluru,Andhra Pradesh,CUST00874,Vikram Prasad,Retail,P009,Laptop Bag,Accessories,1,1299.39,0.0,0.45,UPI
TXNA42EF04BF5,2023-06-18,BR01,Eluru,Andhra Pradesh,CUST00029,Deepika Sharma,Wholesale,P020,Home Theatre System,Electronics,2,19390.28,0.15,0.6,Credit Card
TXN58735F2D8E,2023-01-11,BR01,Eluru,Andhra Pradesh,CUST00287,Aishwarya Sarma,Retail,P007,Gaming Laptop i7,Laptop,1,129401.52,0.15,0.78,UPI
TXN48FFE56819,2024-10-16,BR01,Eluru,Andhra Pradesh,CUST00129,Swathi Kumar,Retail,P003,Flagship Smartphone,Mobile,1,51226.83,0.25,0.75,Net Banking
TXNA2E2FD5AB8,2023-07-16,BR01,Eluru,Andhra Pradesh,CUST00708,Ramesh Prasad,Wholesale,P015,Refrigerator 300L,Home Appliances,1,39076.94,0.0,0.82,UPI
TXN7E50975632,2023-06-04,BR01,Eluru,Andhra Pradesh,CUST00232,Divya Babu,Retail,P001,Budget Smartphone 4G,Mobile,1,11934.3,0.0,0.8,UPI
TXN0E291FF477,2023-02-11,BR01,Eluru,Andhra Pradesh,CUST01749,Aishwarya Chowdary,Retail,P010,Wireless Mouse,Accessories,1,1217.7,0.05,0.4,Cash
TXN9F3FF36688,2023-12-27,BR01,Eluru,Andhra Pradesh,CUST00823,Meena Prasad,Retail,P011,Bluetooth Speaker,Accessories,3,1965.05,0.1,0.5,UPI
TXNC605D8BAA8,2023-11-23,BR01,Eluru,Andhra Pradesh,CUST00235,Pooja Rao,Retail,P002,Mid-range Smartphone 5G,Mobile,1,15311.19,0.15,0.78,UPI
TXNF439A43C92,2023-02-13,BR01,Eluru,Andhra Pradesh,CUST00178,Ajay Chowdary,Retail,P021,Smart Watch,Electronics,2,7500.39,0.1,0.55,UPI
TXN1F1A714824,2023-10-07,BR01,Eluru,Andhra Pradesh,CUST01411,Suresh Prasad,Wholesale,P003,Flagship Smartphone,Mobile,1,73391.92,0.25,0.75,UPI
TXN3C3EE903DE,2023-10-14,BR01,Eluru,Andhra Pradesh,CUST01838,Aishwarya Murthy,Retail,P008,Ultrabook Thin & Light,Laptop,1,89749.15,0.1,0.79,Debit Card
TXN9EAD292F58,2023-10-28,BR01,Eluru,Andhra Pradesh,CUST00440,Anitha Naidu,Retail,P003,Flagship Smartphone,Mobile,1,56080.5,0.25,0.75,Cash
TXN3D81B81456,2024-03-05,BR01,Eluru,Andhra Pradesh,CUST00023,Pooja Varma,Retail,P001,Budget Smartphone 4G,Mobile,2,9714.53,0.0,0.8,Cash
TXNDD30A4E6C0,2024-03-30,BR01,Eluru,Andhra Pradesh,CUST01901,Lakshmi Devi,Retail,P011,Bluetooth Speaker,Accessories,1,4977.64,0.0,0.5,UPI
TXN1843ED254B,2024-10-03,BR01,Eluru,Andhra Pradesh,CUST00025,Aishwarya Babu,Retail,P006,Business Laptop i5,Laptop,1,50632.13,0.1,0.8,Debit Card
TXNCDD8B43C6E,2024-05-18,BR01,Eluru,Andhra Pradesh,CUST01079,Pooja Prasad,Corporate,P013,Power Bank,Accessories,2,1832.94,0.0,0.48,Credit Card
TXN7C6E6305E4,2024-11-15,BR01,Eluru,Andhra Pradesh,CUST01726,Sneha Rao,Retail,P011,Bluetooth Speaker,Accessories,3,4602.42,0.2,0.5,UPI
TXN22CB2273A3,2024-11-12,BR01,Eluru,Andhra Pradesh,CUST01715,Kiran Murthy,Retail,P003,Flagship Smartphone,Mobile,1,65339.28,0.2,0.75,Credit Card
TXNAF6C034833,2024-05-10,BR01,Eluru,Andhra Pradesh,CUST00065,Deepika Babu,Retail,P010,Wireless Mouse,Accessories,4,699.01,0.15,0.4,Net Banking
TXN65C92C26F4,2023-07-18,BR01,Eluru,Andhra Pradesh,CUST00179,Sneha Kumar,Retail,P009,Laptop Bag,Accessories,1,1021.03,0.1,0.45,Cash
TXNF8ACC1BAB4,2024-02-24,BR01,Eluru,Andhra Pradesh,CUST01713,Ravi Varma,Retail,P005,Entry Laptop i3,Laptop,1,35827.12,0.0,0.82,UPI
TXND229711C2E,2023-09-07,BR01,Eluru,Andhra Pradesh,CUST00940,Harika Sharma,Retail,P002,Mid-range Smartphone 5G,Mobile,1,22664.37,0.15,0.78,UPI
TXNE23848C881,2023-03-18,BR01,Eluru,Andhra Pradesh,CUST01094,Arjun Rao,Retail,P004,Wireless Earbuds,Mobile,1,3156.06,0.0,0.55,UPI
TXN9888E76DBD,2023-11-05,BR01,Eluru,Andhra Pradesh,CUST00101,Sandeep Varma,Retail,P019,LED TV 55-inch,Electronics,1,49397.7,0.1,0.79,Debit Card
TXN49B392AC63,2024-06-09,BR01,Eluru,Andhra Pradesh,CUST01974,Ravi Sarma,Retail,P010,Wireless Mouse,Accessories,3,1438.61,0.1,0.4,Net Banking
TXNC490838485,2024-07-21,BR01,Eluru,Andhra Pradesh,CUST00599,Praveen Murthy,Retail,P010,Wireless Mouse,Accessories,1,783.56,0.1,0.4,UPI
TXN0744F83F2B,2023-07-13,BR01,Eluru,Andhra Pradesh,CUST01557,Anitha Naidu,Retail,P009,Laptop Bag,Accessories,1,1545.26,0.1,0.45,Cash
TXN5883A48EC6,2024-06-24,BR01,Eluru,Andhra Pradesh,CUST00262,Arjun Varma,Retail,P009,Laptop Bag,Accessories,1,1494.36,0.0,0.45,Net Banking
TXNC71137C3F0,2024-03-07,BR01,Eluru,Andhra Pradesh,CUST00450,Ramesh Rao,Wholesale,P018,LED TV 43-inch,Electronics,1,30898.73,0.05,0.8,Credit Card
TXNBB470B75E4,2023-10-03,BR01,Eluru,Andhra Pradesh,CUST01912,Sandeep Sarma,Retail,P003,Flagship Smartphone,Mobile,1,81057.53,0.1,0.75,Cash
TXN6F0DD3563E,2023-03-14,BR01,Eluru,Andhra Pradesh,CUST01256,Manoj Sarma,Retail,P006,Business Laptop i5,Laptop,1,47253.09,0.0,0.8,Net Banking
TXN35B6C85725,2023-05-12,BR01,Eluru,Andhra Pradesh,CUST01182,Ravi Sharma,Retail,P021,Smart Watch,Electronics,3,10782.53,0.15,0.55,Debit Card
TXN45930EDBB1,2023-11-30,BR01,Eluru,Andhra Pradesh,CUST00709,Kavya Reddy,Retail,P002,Mid-range Smartphone 5G,Mobile,1,27803.78,0.05,0.78,UPI
TXN8CEF79E2BF,2023-10-19,BR01,Eluru,Andhra Pradesh,CUST00552,Kiran Sharma,Retail,P020,Home Theatre System,Electronics,2,13367.95,0.0,0.6,UPI
TXN93A6E7342B,2023-02-07,BR01,Eluru,Andhra Pradesh,CUST01949,Suresh Prasad,Wholesale,P016,Washing Machine,Home Appliances,1,30937.99,0.0,0.8,UPI
TXN4B381F0ED1,2023-07-02,BR01,Eluru,Andhra Pradesh,CUST00364,Swathi Rao,Wholesale,P010,Wireless Mouse,Accessories,1,956.53,0.0,0.4,UPI
TXN418B716012,2024-07-30,BR01,Eluru,Andhra Pradesh,CUST01916,Praveen Reddy,Retail,P001,Budget Smartphone 4G,Mobile,3,8651.08,0.0,0.8,Debit Card
TXN6563FF4BBD,2023-10-19,BR01,Eluru,Andhra Pradesh,CUST01585,Meena Sharma,Retail,P007,Gaming Laptop i7,Laptop,1,86504.36,0.25,0.78,UPI
TXNC25EC2090D,2024-11-06,BR01,Eluru,Andhra Pradesh,CUST01882,Suresh Kumar,Retail,P005,Entry Laptop i3,Laptop,1,37604.61,0.0,0.82,UPI
TXNC981C4BC03,2023-10-05,BR01,Eluru,Andhra Pradesh,CUST00496,Divya Babu,Retail,P011,Bluetooth Speaker,Accessories,2,3004.97,0.0,0.5,Net Banking
TXNAE268462CE,2023-09-18,BR01,Eluru,Andhra Pradesh,CUST00657,Suresh Prasad,Retail,P020,Home Theatre System,Electronics,2,6453.12,0.1,0.6,UPI
TXNC96C277625,2023-05-19,BR01,Eluru,Andhra Pradesh,CUST01085,Vikram Prasad,Retail,P005,Entry Laptop i3,Laptop,1,33101.07,0.05,0.82,UPI
TXN646BEA4BF3,2024-12-05,BR01,Eluru,Andhra Pradesh,CUST01515,Pooja Sarma,Retail,P011,Bluetooth Speaker,Accessories,1,1721.07,0.0,0.5,Credit Card
TXN795A7BAD90,2024-12-20,BR01,Eluru,Andhra Pradesh,CUST00183,Meena Varma,Corporate,P016,Washing Machine,Home Appliances,2,18303.92,0.0,0.8,UPI
TXNE0C49F4D45,2024-04-02,BR01,Eluru,Andhra Pradesh,CUST01243,Harika Reddy,Wholesale,P004,Wireless Earbuds,Mobile,1,5564.57,0.15,0.55,Cash
TXN65D224B201,2024-11-10,BR01,Eluru,Andhra Pradesh,CUST00267,Srinivas Murthy,Retail,P009,Laptop Bag,Accessories,2,1769.61,0.2,0.45,Credit Card
TXN86F28C9576,2023-05-24,BR01,Eluru,Andhra Pradesh,CUST01487,Suresh Naidu,Retail,P020,Home Theatre System,Electronics,1,16102.59,0.15,0.6,UPI
TXN519E8D8170,2023-09-29,BR01,Eluru,Andhra Pradesh,CUST00553,Praveen Sarma,Retail,P002,Mid-range Smartphone 5G,Mobile,1,27370.61,0.1,0.78,UPI
TXN248899B7F6,2024-12-22,BR01,Eluru,Andhra Pradesh,CUST01555,Ravi Chowdary,Retail,P007,Gaming Laptop i7,Laptop,1,124070.78,0.1,0.78,UPI
TXNBA79C5A34C,2024-08-27,BR01,Eluru,Andhra Pradesh,CUST00248,Manoj Kumar,Retail,P002,Mid-range Smartphone 5G,Mobile,1,25684.97,0.0,0.78,Credit Card
TXN6C38EC59B4,2023-03-12,BR01,Eluru,Andhra Pradesh,CUST00319,Lakshmi Chowdary,Wholesale,P003,Flagship Smartphone,Mobile,1,53412.55,0.0,0.75,UPI
TXN846E6AED5D,2024-11-02,BR01,Eluru,Andhra Pradesh,CUST00774,Ajay Prasad,Retail,P013,Power Bank,Accessories,4,1976.01,0.25,0.48,UPI
TXN1E20885190,2024-11-02,BR01,Eluru,Andhra Pradesh,CUST00028,Praveen Sarma,Retail,P019,LED TV 55-inch,Electronics,1,41969.58,0.1,0.79,Cash
TXN6329B120FB,2024-12-22,BR01,Eluru,Andhra Pradesh,CUST00845,Lakshmi Murthy,Retail,P017,Microwave Oven,Home Appliances,1,6087.61,0.15,0.75,Cash
TXN3E59BB3919,2024-10-10,BR01,Eluru,Andhra Pradesh,CUST01318,Priya Chowdary,Wholesale,P011,Bluetooth Speaker,Accessories,3,1085.41,0.25,0.5,Cash
TXN276FB6C563,2024-07-02,BR01,Eluru,Andhra Pradesh,CUST00439,Sneha Murthy,Retail,P002,Mid-range Smartphone 5G,Mobile,1,24432.6,0.0,0.78,Debit Card
TXN9E98C50FAE,2024-11-10,BR01,Eluru,Andhra Pradesh,CUST01278,Suresh Sarma,Retail,P004,Wireless Earbuds,Mobile,1,3094.06,0.2,0.55,UPI
TXN717DC2921D,2023-05-16,BR01,Eluru,Andhra Pradesh,CUST01218,Ramesh Kumar,Retail,P009,Laptop Bag,Accessories,1,1512.52,0.0,0.45,UPI
TXN9C42CA00FF,2024-03-24,BR01,Eluru,Andhra Pradesh,CUST00548,Manoj Rao,Retail,P010,Wireless Mouse,Accessories,4,674.19,0.05,0.4,UPI
TXN9CA13E0288,2024-12-29,BR01,Eluru,Andhra Pradesh,CUST00390,Harika Babu,Retail,P020,Home Theatre System,Electronics,3,11400.95,0.15,0.6,UPI
TXNB127A71CA6,2023-11-15,BR01,Eluru,Andhra Pradesh,CUST00126,Ravi Rao,Retail,P004,Wireless Earbuds,Mobile,1,3360.92,0.05,0.55,Cash
TXN35FF02CE4D,2024-05-02,BR01,Eluru,Andhra Pradesh,CUST01584,Divya Prasad,Wholesale,P015,Refrigerator 300L,Home Appliances,1,30220.98,0.0,0.82,Debit Card
TXN129CF6AAE6,2024-09-07,BR01,Eluru,Andhra Pradesh,CUST00888,Sneha Sarma,Retail,P011,Bluetooth Speaker,Accessories,2,1129.66,0.1,0.5,Debit Card
TXN8A6BC2AC35,2024-07-07,BR01,Eluru,Andhra Pradesh,CUST01373,Deepika Varma,Retail,P018,LED TV 43-inch,Electronics,1,28583.58,0.1,0.8,UPI
TXN3EC1ED5324,2024-05-23,BR01,Eluru,Andhra Pradesh,CUST00706,Harika Sharma,Retail,P002,Mid-range Smartphone 5G,Mobile,1,25826.78,0.1,0.78,Debit Card
TXN9055ABF2DE,2023-08-29,BR01,Eluru,Andhra Pradesh,CUST01713,Ravi Varma,Retail,P003,Flagship Smartphone,Mobile,1,81313.92,0.0,0.75,Cash
TXN21C62B9F32,2023-05-04,BR01,Eluru,Andhra Pradesh,CUST00523,Praveen Rao,Retail,P010,Wireless Mouse,Accessories,1,765.97,0.1,0.4,UPI
TXN363B4835BF,2023-06-19,BR01,Eluru,Andhra Pradesh,CUST00992,Ajay Chowdary,Retail,P013,Power Bank,Accessories,1,958.48,0.05,0.48,UPI
TXND83F15B234,2024-01-30,BR01,Eluru,Andhra Pradesh,CUST00088,Kavya Varma,Wholesale,P010,Wireless Mouse,Accessories,3,1354.57,0.0,0.4,Credit Card
TXN292ED05493,2024-08-24,BR01,Eluru,Andhra Pradesh,CUST01015,Anitha Sarma,Retail,P010,Wireless Mouse,Accessories,3,1173.44,0.1,0.4,Cash
TXN6811FBAD1C,2024-12-16,BR01,Eluru,Andhra Pradesh,CUST01602,Divya Babu,Retail,P002,Mid-range Smartphone 5G,Mobile,1,23385.36,0.05,0.78,Debit Card
TXN97844E0035,2024-07-25,BR01,Eluru,Andhra Pradesh,CUST00433,Meena Varma,Retail,P012,Mobile Charger,Accessories,1,1388.74,0.05,0.42,UPI
TXNA0B4A414BA,2024-08-28,BR01,Eluru,Andhra Pradesh,CUST01756,Deepika Devi,Retail,P021,Smart Watch,Electronics,2,4856.15,0.15,0.55,Credit Card
TXN6313889C77,2024-06-25,BR01,Eluru,Andhra Pradesh,CUST00288,Vikram Babu,Retail,P020,Home Theatre System,Electronics,2,19668.68,0.1,0.6,Credit Card
TXN72A569FC41,2024-09-16,BR01,Eluru,Andhra Pradesh,CUST01835,Naveen Murthy,Retail,P020,Home Theatre System,Electronics,1,18803.36,0.1,0.6,UPI
TXN2BF38F5379,2024-07-31,BR01,Eluru,Andhra Pradesh,CUST00335,Meena Kumar,Retail,P018,LED TV 43-inch,Electronics,1,33819.65,0.0,0.8,Cash
TXN6C30CF8E14,2023-12-07,BR01,Eluru,Andhra Pradesh,CUST01181,Pooja Babu,Wholesale,P009,Laptop Bag,Accessories,1,1404.93,0.05,0.45,UPI
TXN4A4AAED26D,2024-12-02,BR01,Eluru,Andhra Pradesh,CUST01512,Priya Varma,Wholesale,P017,Microwave Oven,Home Appliances,3,11055.1,0.05,0.75,UPI
TXN3A25F47A2C,2024-09-19,BR01,Eluru,Andhra Pradesh,CUST01379,Praveen Naidu,Retail,P009,Laptop Bag,Accessories,1,894.37,0.0,0.45,UPI
TXN86E6CCCAEC,2024-06-16,BR01,Eluru,Andhra Pradesh,CUST00453,,Retail,P013,Power Bank,Accessories,4,1506.13,0.0,0.48,UPI
TXNAD5F44839D,2024-12-27,BR01,Eluru,Andhra Pradesh,CUST01580,Ramesh Sarma,Corporate,P013,Power Bank,Accessories,1,997.49,0.15,0.48,Debit Card
TXNC8519EB292,2023-11-14,BR01,Eluru,Andhra Pradesh,CUST00435,Aishwarya Reddy,Retail,P021,Smart Watch,Electronics,4,5830.34,0.0,0.55,UPI
TXN8D53300317,2024-08-03,BR01,Eluru,Andhra Pradesh,CUST01979,Meena Devi,Retail,P004,Wireless Earbuds,Mobile,1,4639.47,0.1,0.55,UPI
TXNED2C9A323B,2023-05-17,BR01,Eluru,Andhra Pradesh,CUST00744,Ajay Rao,Retail,P015,Refrigerator 300L,Home Appliances,1,33445.12,0.05,0.82,UPI
TXND6CF098C10,2023-02-12,BR01,Eluru,Andhra Pradesh,CUST00820,Suresh Devi,Retail,P004,Wireless Earbuds,Mobile,1,2525.43,0.1,0.55,UPI
TXN149D398C34,2023-08-07,BR01,Eluru,Andhra Pradesh,CUST00666,Kavya Reddy,Retail,P018,LED TV 43-inch,Electronics,1,29195.1,0.05,0.8,Net Banking
TXNFFAC37AD4E,2023-05-27,BR01,Eluru,Andhra Pradesh,CUST00419,Harika Sarma,Retail,P017,Microwave Oven,Home Appliances,3,14230.93,0.0,0.75,UPI
TXNE2B785C2A8,2023-01-08,BR01,Eluru,Andhra Pradesh,CUST00522,Aishwarya Kumar,Wholesale,P004,Wireless Earbuds,Mobile,1,3294.2,0.15,0.55,UPI
TXN3F78800116,2023-07-11,BR01,Eluru,Andhra Pradesh,CUST00865,Meena Chowdary,Corporate,P012,Mobile Charger,Accessories,3,934.62,0.05,0.42,UPI
TXN82EB41BA0D,2023-09-03,BR01,Eluru,Andhra Pradesh,CUST01736,Deepika Chowdary,Wholesale,P001,Budget Smartphone 4G,Mobile,1,11144.94,0.15,0.8,UPI
TXN59E86BF992,2024-01-19,BR01,Eluru,Andhra Pradesh,CUST00724,Manoj Devi,Corporate,P016,Washing Machine,Home Appliances,1,22723.2,0.1,0.8,UPI
TXN8B25870C6A,2024-12-31,BR01,Eluru,Andhra Pradesh,CUST00199,Ramesh Chowdary,Retail,P001,Budget Smartphone 4G,Mobile,4,13926.24,0.0,0.8,Net Banking
TXN90E7EEF872,2024-05-24,BR01,Eluru,Andhra Pradesh,CUST00957,Ravi Rao,Retail,P009,Laptop Bag,Accessories,1,606.33,0.0,0.45,UPI
TXN0147F53210,2024-10-20,BR01,Eluru,Andhra Pradesh,CUST01702,Naveen Murthy,Corporate,P011,Bluetooth Speaker,Accessories,3,1859.73,0.0,0.5,Credit Card
TXN9E25115207,2023-11-20,BR01,Eluru,Andhra Pradesh,CUST01726,Sneha Rao,Retail,P004,Wireless Earbuds,Mobile,2,5155.9,0.0,0.55,Credit Card
TXN72CFA8ECEC,2024-05-29,BR01,Eluru,Andhra Pradesh,CUST00790,Harika Prasad,Retail,P011,Bluetooth Speaker,Accessories,2,4067.31,0.1,0.5,UPI
TXN8519B94E0E,2023-06-13,BR01,Eluru,Andhra Pradesh,CUST00044,Meena Reddy,Retail,P012,Mobile Charger,Accessories,2,670.18,0.1,0.42,Cash
TXN53EE0CDDD8,2024-05-14,BR01,Eluru,Andhra Pradesh,CUST00487,Ramesh Sharma,Retail,P010,Wireless Mouse,Accessories,1,1022.03,0.05,0.4,Credit Card
TXN4C81D15242,2023-11-10,BR01,Eluru,Andhra Pradesh,CUST00566,Manoj Murthy,Retail,P010,Wireless Mouse,Accessories,2,1184.91,0.1,0.4,UPI
TXND2D619CE38,2023-03-24,BR01,Eluru,Andhra Pradesh,CUST00713,Aishwarya Babu,Retail,P018,LED TV 43-inch,Electronics,1,31418.19,0.0,0.8,UPI
TXNCCABB5713D,2023-10-05,BR01,Eluru,Andhra Pradesh,CUST00485,Praveen Reddy,Retail,P002,Mid-range Smartphone 5G,Mobile,1,27144.67,0.1,0.78,UPI
TXNF138C50725,2024-07-07,BR01,Eluru,Andhra Pradesh,CUST01846,Sneha Babu,Retail,P005,Entry Laptop i3,Laptop,1,28317.56,0.05,0.82,Debit Card
TXN3ACB259E51,2023-02-17,BR01,Eluru,Andhra Pradesh,CUST00513,Pooja Rao,Retail,P012,Mobile Charger,Accessories,1,1313.5,0.0,0.42,Net Banking
TXN8020F57814,2024-11-01,BR01,Eluru,Andhra Pradesh,CUST00435,Aishwarya Reddy,Retail,P009,Laptop Bag,Accessories,2,1302.94,0.05,0.45,UPI
TXN0B761E3D44,2024-10-10,BR01,Eluru,Andhra Pradesh,CUST00305,Priya Chowdary,Retail,P011,Bluetooth Speaker,Accessories,2,2032.72,0.15,0.5,UPI
TXNE9DC0D8EF4,2024-04-20,BR01,Eluru,Andhra Pradesh,CUST00861,Swathi Kumar,Retail,P005,Entry Laptop i3,Laptop,1,31953.06,0.0,0.82,Credit Card
TXN3617EC3C61,2023-03-11,BR01,Eluru,Andhra Pradesh,CUST01193,Swathi Babu,Corporate,P009,Laptop Bag,Accessories,1,1652.38,0.0,0.45,Credit Card
TXND0ECBC56E5,2024-02-08,BR01,Eluru,Andhra Pradesh,CUST01810,Kavya Chowdary,Retail,P004,Wireless Earbuds,Mobile,3,1663.19,0.05,0.55,Debit Card
TXN6E8270CD4E,2024-04-28,BR01,Eluru,Andhra Pradesh,CUST01664,Meena Prasad,Retail,P010,Wireless Mouse,Accessories,1,1397.03,0.15,0.4,Debit Card
TXN5553AFE0FA,2023-02-26,BR01,Eluru,Andhra Pradesh,CUST01247,Manoj Sarma,Retail,P010,Wireless Mouse,Accessories,1,418.9,0.0,0.4,UPI
TXN4FC7B013C2,2023-06-02,BR01,Eluru,Andhra Pradesh,CUST00728,Kavya Devi,Retail,P012,Mobile Charger,Accessories,2,369.22,0.0,0.42,UPI
TXN7AB30E49FF,2024-11-03,BR01,Eluru,Andhra Pradesh,CUST00432,Vikram Rao,Wholesale,P002,Mid-range Smartphone 5G,Mobile,4,19909.54,0.25,0.78,Net Banking
TXN7500C095CB,2024-08-14,BR01,Eluru,Andhra Pradesh,CUST00580,Pooja Devi,Corporate,P001,Budget Smartphone 4G,Mobile,1,9035.41,0.0,0.8,Credit Card
TXN4139C88CFA,2023-03-27,BR01,Eluru,Andhra Pradesh,CUST01454,Lakshmi Naidu,Retail,P001,Budget Smartphone 4G,Mobile,1,11673.17,0.05,0.8,Debit Card
TXN97C0542A37,2024-03-19,BR01,Eluru,Andhra Pradesh,CUST00801,Sandeep Reddy,Retail,P013,Power Bank,Accessories,3,975.13,0.05,0.48,Cash
TXN30C2432B7E,2024-07-26,BR01,Eluru,Andhra Pradesh,CUST01004,Deepika Murthy,Retail,P003,Flagship Smartphone,Mobile,1,56486.39,0.1,0.75,UPI
TXNDC42D84405,2024-10-25,BR01,Eluru,Andhra Pradesh,CUST01160,Lakshmi Varma,Retail,P003,Flagship Smartphone,Mobile,1,88535.21,0.1,0.75,Credit Card
TXNB542B79146,2023-03-15,BR01,Eluru,Andhra Pradesh,CUST00523,Praveen Rao,Retail,P007,Gaming Laptop i7,Laptop,1,99236.98,0.0,0.78,Debit Card
TXN6D2129AF74,2023-08-17,BR01,Eluru,Andhra Pradesh,CUST01471,Kiran Babu,Retail,P003,Flagship Smartphone,Mobile,1,87671.21,0.15,0.75,Credit Card
TXNF8DB184512,2023-12-19,BR01,Eluru,Andhra Pradesh,CUST00015,Harika Prasad,Retail,P021,Smart Watch,Electronics,2,8896.54,0.05,0.55,Debit Card
TXN44640D8332,2023-08-03,BR01,Eluru,Andhra Pradesh,CUST00141,Ramesh Sharma,Retail,P006,Business Laptop i5,Laptop,1,55488.45,0.0,0.8,UPI
TXNFE682A6AA8,2023-10-08,BR01,Eluru,Andhra Pradesh,CUST01560,Priya Sharma,Wholesale,P003,Flagship Smartphone,Mobile,1,65038.39,0.2,0.75,Cash
TXNA4A311323B,2024-10-18,BR01,Eluru,Andhra Pradesh,CUST01298,Swathi Sarma,Retail,P010,Wireless Mouse,Accessories,2,980.81,0.2,0.4,Cash
TXN728F0E5627,2024-06-30,BR01,Eluru,Andhra Pradesh,CUST01619,Harika Murthy,Retail,P013,Power Bank,Accessories,2,1885.25,0.15,0.48,Debit Card
TXNBEB77CDA26,2024-05-25,BR01,Eluru,Andhra Pradesh,CUST01497,Praveen Kumar,Retail,P016,Washing Machine,Home Appliances,1,22386.19,0.15,0.8,UPI
TXN52FA0D9FAD,2023-06-04,BR01,Eluru,Andhra Pradesh,CUST00243,Harika Murthy,Retail,P002,Mid-range Smartphone 5G,Mobile,1,21693.61,0.0,0.78,Debit Card
TXNE0F19D8004,2023-11-20,BR01,Eluru,Andhra Pradesh,CUST00142,Sneha Varma,Retail,P013,Power Bank,Accessories,2,2330.65,0.1,0.48,Credit Card
TXN2717F10B8B,2023-06-21,BR01,Eluru,Andhra Pradesh,CUST00330,Sneha Rao,Retail,P006,Business Laptop i5,Laptop,1,59416.38,0.05,0.8,UPI
TXNE49BA18649,2024-12-07,BR01,Eluru,Andhra Pradesh,CUST01203,Arjun Rao,Retail,P018,LED TV 43-inch,Electronics,1,33951.53,0.05,0.8,UPI
TXNDA237DD43D,2024-05-11,BR01,Eluru,Andhra Pradesh,CUST01776,Ramesh Babu,Retail,P012,Mobile Charger,Accessories,1,1383.81,0.0,0.42,Debit Card
TXNCE59443DEB,2023-11-27,BR01,Eluru,Andhra Pradesh,CUST01893,Priya Sharma,Retail,P009,Laptop Bag,Accessories,1,1609.74,0.1,0.45,Credit Card
TXNE9AB8FC6D9,2024-07-16,BR01,Eluru,Andhra Pradesh,CUST00370,Sandeep Babu,Wholesale,P008,Ultrabook Thin & Light,Laptop,1,65058.31,0.1,0.79,UPI
TXN239FA441A7,2023-09-14,BR01,Eluru,Andhra Pradesh,CUST00949,Sneha Sarma,Retail,P001,Budget Smartphone 4G,Mobile,3,9912.96,0.15,0.8,Debit Card
TXN2A98243555,2024-01-21,BR01,Eluru,Andhra Pradesh,CUST01842,Praveen Chowdary,Retail,P009,Laptop Bag,Accessories,1,668.93,0.15,0.45,UPI
TXN762779151F,2024-02-25,BR01,Eluru,Andhra Pradesh,CUST01786,Vikram Murthy,Retail,P005,Entry Laptop i3,Laptop,1,28305.72,0.0,0.82,Cash
TXNB914F3DEAE,2024-06-04,BR01,Eluru,Andhra Pradesh,CUST01184,Harika Naidu,Retail,P020,Home Theatre System,Electronics,2,5755.16,0.15,0.6,Net Banking
TXNA6F68FB9EC,2023-04-13,BR01,Eluru,Andhra Pradesh,CUST01010,Srinivas Prasad,Retail,P006,Business Laptop i5,Laptop,1,46152.74,0.05,0.8,Debit Card
TXN389D31E8E8,2023-02-11,BR01,Eluru,Andhra Pradesh,CUST00970,Lakshmi Kumar,Retail,P016,Washing Machine,Home Appliances,1,29157.57,0.15,0.8,Cash
TXN256E0F8376,2023-08-02,BR01,Eluru,Andhra Pradesh,CUST01242,Arjun Devi,Wholesale,P011,Bluetooth Speaker,Accessories,4,1463.24,0.1,0.5,UPI
TXN72218611F3,2023-01-17,BR01,Eluru,Andhra Pradesh,CUST01145,Aishwarya Reddy,Retail,P013,Power Bank,Accessories,4,1750.93,0.0,0.48,UPI
TXN29A44C7CAF,2024-01-19,BR01,Eluru,Andhra Pradesh,CUST01057,Praveen Varma,Retail,P021,Smart Watch,Electronics,1,4895.92,0.15,0.55,Debit Card
TXN2EB2478F36,2023-08-11,BR01,Eluru,Andhra Pradesh,CUST00561,Divya Kumar,Corporate,P013,Power Bank,Accessories,1,1183.78,0.15,0.48,Credit Card
TXN45367EA4FB,2023-12-02,BR01,Eluru,Andhra Pradesh,CUST00096,Priya Reddy,Retail,P003,Flagship Smartphone,Mobile,1,56570.26,0.1,0.75,Cash
TXNE1A235C9D7,2024-05-05,BR01,Eluru,Andhra Pradesh,CUST01521,Ajay Sarma,Retail,P017,Microwave Oven,Home Appliances,2,14365.93,0.15,0.75,UPI
TXN05CA49D0DA,2024-08-31,BR01,Eluru,Andhra Pradesh,CUST01662,Sandeep Varma,Corporate,P011,Bluetooth Speaker,Accessories,1,4771.54,0.05,0.5,Cash
TXNE828D0809A,2024-04-09,BR01,Eluru,Andhra Pradesh,CUST01550,Pooja Devi,Retail,P015,Refrigerator 300L,Home Appliances,1,25063.17,0.15,0.82,Credit Card
TXN1498E9A2C2,2024-08-14,BR01,Eluru,Andhra Pradesh,CUST00978,Kavya Murthy,Wholesale,P011,Bluetooth Speaker,Accessories,4,3910.27,0.0,0.5,UPI
TXNAB33DE0858,2023-06-28,BR01,Eluru,Andhra Pradesh,CUST01388,Arjun Naidu,Retail,P012,Mobile Charger,Accessories,1,870.82,0.15,0.42,UPI
TXN6194D14FCF,2024-11-21,BR01,Eluru,Andhra Pradesh,CUST01874,Swathi Devi,Retail,P001,Budget Smartphone 4G,Mobile,2,11416.53,0.2,0.8,UPI
TXN5B92ED5A35,2023-10-07,BR01,Eluru,Andhra Pradesh,CUST01752,Naveen Murthy,Retail,P012,Mobile Charger,Accessories,1,338.02,0.2,0.42,UPI
TXNC3D262D407,2023-04-30,BR01,Eluru,Andhra Pradesh,CUST00915,Aishwarya Devi,Retail,P010,Wireless Mouse,Accessories,1,1031.25,0.0,0.4,Net Banking
TXN9F57F38DA3,2024-04-19,BR01,Eluru,Andhra Pradesh,CUST00198,Swathi Chowdary,Retail,P012,Mobile Charger,Accessories,1,793.46,0.0,0.42,Debit Card
TXN4305687DFC,2024-11-04,BR01,Eluru,Andhra Pradesh,CUST01324,Aishwarya Kumar,Retail,P011,Bluetooth Speaker,Accessories,2,1507.02,0.2,0.5,UPI
TXNCA728F3CEE,2024-09-28,BR01,Eluru,Andhra Pradesh,CUST00543,Srinivas Devi,Retail,P004,Wireless Earbuds,Mobile,2,3787.5,0.0,0.55,UPI
TXN2C50A3C775,2024-01-06,BR01,Eluru,Andhra Pradesh,CUST01030,Pooja Sharma,Wholesale,P003,Flagship Smartphone,Mobile,1,67042.4,0.0,0.75,UPI
TXNEF0DF53761,2023-06-06,BR01,Eluru,Andhra Pradesh,CUST01403,Meena Kumar,Corporate,P009,Laptop Bag,Accessories,1,1546.38,0.1,0.45,UPI
TXNE8A8F1ACF5,2023-08-12,BR01,Eluru,Andhra Pradesh,CUST00850,Divya Varma,Wholesale,P018,LED TV 43-inch,Electronics,1,27587.67,0.05,0.8,Cash
TXN8663C4C76F,2023-02-22,BR01,Eluru,Andhra Pradesh,CUST00569,Anitha Sarma,Retail,P004,Wireless Earbuds,Mobile,1,2181.1,0.0,0.55,UPI
TXNC5B931ED0C,2023-01-28,BR01,Eluru,Andhra Pradesh,CUST00407,Naveen Babu,Corporate,P019,LED TV 55-inch,Electronics,1,53653.79,0.05,0.79,UPI
TXN19057101DF,2023-12-02,BR01,Eluru,Andhra Pradesh,CUST00408,Lakshmi Babu,Retail,P011,Bluetooth Speaker,Accessories,2,2983.96,0.0,0.5,Credit Card
TXNFDA3958925,2023-11-07,BR01,Eluru,Andhra Pradesh,CUST00582,Divya Rao,Wholesale,P014,Split AC 1.5 Ton,Home Appliances,1,34408.39,0.1,0.83,Debit Card
TXNA1ECA02D6C,2023-12-24,BR01,Eluru,Andhra Pradesh,CUST00854,Deepika Devi,Retail,P004,Wireless Earbuds,Mobile,1,1550.32,0.05,0.55,UPI
TXN498BB16967,2023-11-27,BR01,Eluru,Andhra Pradesh,CUST00198,Swathi Chowdary,Retail,P021,Smart Watch,Electronics,2,10105.85,0.1,0.55,Credit Card
TXN2A1567D51B,2023-12-30,BR01,Eluru,Andhra Pradesh,CUST00605,Deepika Babu,Retail,P016,Washing Machine,Home Appliances,1,19057.58,0.1,0.8,Credit Card
TXNF19A4491B0,2023-06-03,BR01,Eluru,Andhra Pradesh,CUST00871,Deepika Murthy,Retail,P007,Gaming Laptop i7,Laptop,1,83461.42,0.0,0.78,UPI
TXNC05C71DD32,2023-11-07,BR01,Eluru,Andhra Pradesh,CUST00891,Kiran Varma,Retail,P013,Power Bank,Accessories,1,1475.08,0.15,0.48,UPI
TXN04E11180C5,2024-03-20,BR01,Eluru,Andhra Pradesh,CUST01110,Ravi Murthy,Retail,P012,Mobile Charger,Accessories,1,1292.16,0.0,0.42,UPI
TXN67EA871DA8,2024-11-02,BR01,Eluru,Andhra Pradesh,CUST01616,Manoj Reddy,Retail,P003,Flagship Smartphone,Mobile,1,49767.26,0.15,0.75,Debit Card
TXNABAD98568D,2024-10-12,BR01,Eluru,Andhra Pradesh,CUST00797,Kiran Prasad,Retail,P019,LED TV 55-inch,Electronics,1,49766.81,0.05,0.79,UPI
TXNACA2D83C3C,2024-05-13,BR01,Eluru,Andhra Pradesh,CUST00138,Sneha Naidu,Retail,P001,Budget Smartphone 4G,Mobile,1,8566.25,0.0,0.8,UPI
TXN497BCB0EEC,2023-04-25,BR01,Eluru,Andhra Pradesh,CUST01786,Vikram Murthy,Retail,P012,Mobile Charger,Accessories,1,332.63,0.05,0.42,UPI
TXN9B506F91AB,2024-11-16,BR01,Eluru,Andhra Pradesh,CUST00214,Arjun Chowdary,Retail,P004,Wireless Earbuds,Mobile,4,2195.49,0.15,0.55,UPI
TXNF5BB05DF2F,2023-09-19,BR01,Eluru,Andhra Pradesh,CUST00557,Deepika Sarma,Wholesale,P011,Bluetooth Speaker,Accessories,1,1449.8,0.1,0.5,Debit Card
TXNC41F8B2AA4,2024-11-19,BR01,Eluru,Andhra Pradesh,CUST00447,Praveen Reddy,Retail,P001,Budget Smartphone 4G,Mobile,1,12549.92,0.15,0.8,Debit Card
TXN377285FC61,2024-06-02,BR01,Eluru,Andhra Pradesh,CUST01329,Praveen Kumar,Wholesale,P011,Bluetooth Speaker,Accessories,1,4099.67,0.0,0.5,UPI
TXN09C04FB4DC,2023-03-06,BR01,Eluru,Andhra Pradesh,CUST00497,Kavya Devi,Retail,P005,Entry Laptop i3,Laptop,1,29695.54,0.0,0.82,Debit Card
TXN0FCA9B9830,2024-02-18,BR01,Eluru,Andhra Pradesh,CUST01412,Srinivas Rao,Wholesale,P007,Gaming Laptop i7,Laptop,1,93593.6,0.1,0.78,Credit Card
TXN893E0DFE97,2024-11-14,BR01,Eluru,Andhra Pradesh,CUST00057,Sneha Murthy,Corporate,P019,LED TV 55-inch,Electronics,1,56203.94,0.15,0.79,UPI
TXN05B0883228,2023-06-05,BR01,Eluru,Andhra Pradesh,CUST01569,Vikram Murthy,Wholesale,P004,Wireless Earbuds,Mobile,1,1749.58,0.15,0.55,Debit Card
TXN963530740D,2023-04-13,BR01,Eluru,Andhra Pradesh,CUST01646,Ramesh Sharma,Retail,P007,Gaming Laptop i7,Laptop,1,120473.96,0.05,0.78,UPI
TXNBC740B1B09,2023-03-25,BR01,Eluru,Andhra Pradesh,CUST01124,Sneha Prasad,Retail,P012,Mobile Charger,Accessories,4,794.17,0.05,0.42,UPI
TXN2A98B9713C,2023-06-20,BR01,Eluru,Andhra Pradesh,CUST00397,Meena Sharma,Retail,P002,Mid-range Smartphone 5G,Mobile,1,19564.36,0.05,0.78,Debit Card
TXND29246CA77,2024-03-23,BR01,Eluru,Andhra Pradesh,CUST00175,Sneha Prasad,Retail,P005,Entry Laptop i3,Laptop,1,30078.61,0.0,0.82,Credit Card
TXN88F188B582,2023-08-05,BR01,Eluru,Andhra Pradesh,CUST00863,Sneha Naidu,Wholesale,P013,Power Bank,Accessories,1,1901.94,0.0,0.48,Debit Card
TXN7F0E493BB2,2023-11-28,BR01,Eluru,Andhra Pradesh,CUST00689,Praveen Murthy,Retail,P012,Mobile Charger,Accessories,3,1050.24,0.0,0.42,Credit Card
TXN984827AEC0,2023-06-10,BR01,Eluru,Andhra Pradesh,CUST00721,Meena Naidu,Wholesale,P010,Wireless Mouse,Accessories,2,784.61,0.0,0.4,Net Banking
TXN9451EB7ACA,2024-03-03,BR01,Eluru,Andhra Pradesh,CUST01265,Anitha Sarma,Corporate,P005,Entry Laptop i3,Laptop,1,34965.5,0.1,0.82,UPI
TXNFBF63EEB15,2024-11-04,BR01,Eluru,Andhra Pradesh,CUST00013,Lakshmi Sharma,Wholesale,P006,Business Laptop i5,Laptop,1,44980.61,0.05,0.8,Debit Card
TXNAF814A6EC8,2023-07-10,BR01,Eluru,Andhra Pradesh,CUST01544,Praveen Varma,Retail,P012,Mobile Charger,Accessories,4,1322.88,0.15,0.42,UPI
TXN890936BD1A,2024-01-08,BR01,Eluru,Andhra Pradesh,CUST00413,Swathi Rao,Retail,P009,Laptop Bag,Accessories,4,710.3,0.15,0.45,Credit Card
TXN487CE2AFD1,2023-06-07,BR01,Eluru,Andhra Pradesh,CUST01321,Kavya Naidu,Retail,P009,Laptop Bag,Accessories,3,1136.41,0.0,0.45,UPI
TXNCB025AFBAC,2024-07-14,BR01,Eluru,Andhra Pradesh,CUST00783,Naveen Prasad,Retail,P006,Business Laptop i5,Laptop,1,55797.63,0.05,0.8,Credit Card
TXN182DFB78E8,2024-01-18,BR01,Eluru,Andhra Pradesh,CUST01311,Naveen Sharma,Retail,P009,Laptop Bag,Accessories,1,1943.23,0.05,0.45,Debit Card
TXND5ADC0D74F,2024-11-27,BR01,Eluru,Andhra Pradesh,CUST00104,Manoj Naidu,Retail,P018,LED TV 43-inch,Electronics,1,34083.25,0.1,0.8,Debit Card
TXN5EB4410C1C,2023-10-23,BR01,Eluru,Andhra Pradesh,CUST00542,Ajay Prasad,Corporate,P004,Wireless Earbuds,Mobile,2,3422.34,0.1,0.55,Credit Card
TXNE7F3298B11,2024-10-26,BR01,Eluru,Andhra Pradesh,CUST01573,Vikram Sarma,Corporate,P007,Gaming Laptop i7,Laptop,1,105388.58,0.15,0.78,Net Banking
TXNCA7D319613,2024-08-28,BR01,Eluru,Andhra Pradesh,CUST00136,Harika Sharma,Wholesale,P002,Mid-range Smartphone 5G,Mobile,2,19499.39,0.05,0.78,UPI
TXN982911B1DC,2024-11-23,BR01,Eluru,Andhra Pradesh,CUST01947,Ajay Rao,Retail,P007,Gaming Laptop i7,Laptop,1,78492.52,0.25,0.78,Net Banking
TXN932EFD64D8,2023-09-26,BR01,Eluru,Andhra Pradesh,CUST01949,Suresh Prasad,Wholesale,P004,Wireless Earbuds,Mobile,2,4196.55,0.0,0.55,Debit Card
TXNE39FD041DF,2024-10-01,BR01,Eluru,Andhra Pradesh,CUST00439,Sneha Murthy,Retail,P021,Smart Watch,Electronics,1,10706.38,0.1,0.55,Credit Card
TXNDAFF488C27,2023-02-12,BR01,Eluru,Andhra Pradesh,CUST01082,Ramesh Babu,Retail,P010,Wireless Mouse,Accessories,2,1439.06,0.15,0.4,Credit Card
TXNF6CFDE7BAB,2023-07-07,BR01,Eluru,Andhra Pradesh,CUST01914,Suresh Varma,Retail,P012,Mobile Charger,Accessories,1,939.22,0.0,0.42,Credit Card
TXN471CD8B9F6,2023-03-24,BR01,Eluru,Andhra Pradesh,CUST01115,Kiran Rao,Retail,P014,Split AC 1.5 Ton,Home Appliances,1,46382.48,0.0,0.83,Net Banking
TXNF10BBF8C5C,2024-03-02,BR01,Eluru,Andhra Pradesh,CUST01354,Ramesh Varma,Corporate,P020,Home Theatre System,Electronics,2,17151.53,0.15,0.6,Credit Card
TXN6BC2DF7D7A,2023-09-06,BR01,Eluru,Andhra Pradesh,CUST01341,Sandeep Murthy,Retail,P008,Ultrabook Thin & Light,Laptop,1,76396.65,0.15,0.79,Cash
TXN3B14316C48,2023-11-26,BR01,Eluru,Andhra Pradesh,CUST00203,Pooja Naidu,Wholesale,P001,Budget Smartphone 4G,Mobile,1,12091.4,0.0,0.8,UPI
TXN6E18728843,2023-11-09,BR01,Eluru,Andhra Pradesh,CUST00344,Meena Chowdary,Retail,P013,Power Bank,Accessories,1,1294.94,0.1,0.48,UPI
TXN3C7F13AEA8,2024-05-30,BR01,Eluru,Andhra Pradesh,CUST01823,Sandeep Reddy,Retail,P002,Mid-range Smartphone 5G,Mobile,3,15108.58,0.1,0.78,Debit Card
TXND7CAF60656,2023-06-02,BR01,Eluru,Andhra Pradesh,CUST01471,Kiran Babu,Retail,P018,LED TV 43-inch,Electronics,1,26941.32,0.05,0.8,UPI
TXNF0125545CD,2023-11-11,BR01,Eluru,Andhra Pradesh,CUST01627,Praveen Kumar,Retail,P021,Smart Watch,Electronics,3,11131.71,0.1,0.55,Net Banking
TXN1B7CD063CC,2024-10-06,BR01,Eluru,Andhra Pradesh,CUST01501,Sneha Devi,Retail,P021,Smart Watch,Electronics,4,11860.84,0.25,0.55,Net Banking
TXN0EE09F4398,2024-03-11,BR01,Eluru,Andhra Pradesh,CUST01346,Harika Prasad,Corporate,P010,Wireless Mouse,Accessories,1,1019.63,0.05,0.4,Cash
TXNC8FDB7AE7E,2024-07-23,BR01,Eluru,Andhra Pradesh,CUST01209,Anitha Reddy,Corporate,P001,Budget Smartphone 4G,Mobile,3,8183.25,0.05,0.8,Debit Card
TXNF252755E87,2023-03-20,BR01,Eluru,Andhra Pradesh,CUST00369,Kiran Varma,Retail,P008,Ultrabook Thin & Light,Laptop,1,69717.7,0.0,0.79,Net Banking
TXND5F83D9FCB,2023-11-15,BR01,Eluru,Andhra Pradesh,CUST01726,Sneha Rao,Retail,P011,Bluetooth Speaker,Accessories,1,3279.14,0.2,0.5,Debit Card
TXNE42B527E8C,2023-05-11,BR01,Eluru,Andhra Pradesh,CUST01777,Sandeep Reddy,Retail,P018,LED TV 43-inch,Electronics,1,33110.88,0.0,0.8,Credit Card
TXN4EA2C0B4F9,2023-02-14,BR01,Eluru,Andhra Pradesh,CUST01601,Srinivas Prasad,Retail,P007,Gaming Laptop i7,Laptop,1,100077.69,0.0,0.78,Net Banking
TXNBB319C7252,2023-03-27,BR01,Eluru,Andhra Pradesh,CUST00474,Deepika Prasad,Retail,P021,Smart Watch,Electronics,1,2204.25,0.15,0.55,Cash
TXN9FBD72333A,2024-04-25,BR01,Eluru,Andhra Pradesh,CUST00419,Harika Sarma,Retail,P011,Bluetooth Speaker,Accessories,3,1321.46,0.1,0.5,Debit Card
TXN052C0C430A,2024-02-25,BR01,Eluru,Andhra Pradesh,CUST01693,Lakshmi Babu,Retail,P009,Laptop Bag,Accessories,1,1358.9,0.1,0.45,UPI
TXN22D00966EC,2024-08-17,BR01,Eluru,Andhra Pradesh,CUST01067,Ajay Naidu,Retail,P021,Smart Watch,Electronics,1,7424.1,0.05,0.55,Net Banking
TXND984E03987,2023-11-19,BR01,Eluru,Andhra Pradesh,CUST01125,Sneha Prasad,Retail,P008,Ultrabook Thin & Light,Laptop,1,71189.97,0.1,0.79,Cash
TXNB040A18B24,2024-10-23,BR01,Eluru,Andhra Pradesh,CUST01068,Arjun Devi,Corporate,P011,Bluetooth Speaker,Accessories,1,3501.78,0.1,0.5,Cash
TXNC3D80FA6F6,2024-10-12,BR01,Eluru,Andhra Pradesh,CUST00884,Ramesh Rao,Wholesale,P017,Microwave Oven,Home Appliances,3,7340.42,0.05,0.75,UPI
TXND4C7893766,2023-03-31,BR01,Eluru,Andhra Pradesh,CUST01312,Priya Naidu,Retail,P011,Bluetooth Speaker,Accessories,1,2696.03,0.0,0.5,UPI
TXN2D1ADAFFA7,2024-09-29,BR01,Eluru,Andhra Pradesh,CUST01617,Lakshmi Devi,Retail,P010,Wireless Mouse,Accessories,1,978.97,0.0,0.4,UPI
TXND6FA50FEA3,2024-07-29,BR01,Eluru,Andhra Pradesh,CUST01936,Vikram Devi,Retail,P009,Laptop Bag,Accessories,3,1802.72,0.15,0.45,Cash
TXN142D6BD50F,2024-09-05,BR01,Eluru,Andhra Pradesh,CUST01736,Deepika Chowdary,Wholesale,P007,Gaming Laptop i7,Laptop,1,97726.05,0.05,0.78,Debit Card
TXN5B7FF520E0,2023-09-20,BR01,Eluru,Andhra Pradesh,CUST00608,Srinivas Devi,Retail,P020,Home Theatre System,Electronics,2,19206.38,0.15,0.6,UPI
TXNFE1FCC2236,2023-11-14,BR01,Eluru,Andhra Pradesh,CUST00386,Priya Murthy,Retail,P001,Budget Smartphone 4G,Mobile,1,11774.31,0.0,0.8,Cash
TXND3480C3F11,2023-07-23,BR01,Eluru,Andhra Pradesh,CUST00954,Arjun Rao,Retail,P007,Gaming Laptop i7,Laptop,1,75397.59,0.0,0.78,UPI
TXN1944DCF4F4,2023-12-11,BR01,Eluru,Andhra Pradesh,CUST00519,Vikram Sharma,Retail,P002,Mid-range Smartphone 5G,Mobile,1,24207.85,0.0,0.78,Credit Card
TXN58E46295D4,2023-06-06,BR01,Eluru,Andhra Pradesh,CUST01457,Vikram Sharma,Retail,P012,Mobile Charger,Accessories,1,1421.75,0.15,0.42,Cash
TXN01BA3EDB50,2024-03-11,BR01,Eluru,Andhra Pradesh,CUST00743,Deepika Varma,Retail,P003,Flagship Smartphone,Mobile,1,76577.88,0.15,0.75,Credit Card
TXNEA7914D8C2,2024-04-02,BR01,Eluru,Andhra Pradesh,CUST01487,Suresh Naidu,Retail,P002,Mid-range Smartphone 5G,Mobile,1,27536.34,0.1,0.78,Credit Card
TXN549528CDDA,2023-04-04,BR01,Eluru,Andhra Pradesh,CUST00803,Deepika Rao,Retail,P007,Gaming Laptop i7,Laptop,1,125075.31,0.0,0.78,Net Banking
TXN667E47F934,2023-09-19,BR01,Eluru,Andhra Pradesh,CUST00618,Kiran Rao,Retail,P003,Flagship Smartphone,Mobile,1,84698.98,0.1,0.75,UPI
TXN88D67BCAFA,2023-10-14,BR01,Eluru,Andhra Pradesh,CUST00462,Manoj Chowdary,Retail,P021,Smart Watch,Electronics,1,7766.06,0.2,0.55,UPI
TXN030EE1B983,2024-11-12,BR01,Eluru,Andhra Pradesh,CUST01474,Suresh Sharma,Wholesale,P019,LED TV 55-inch,Electronics,1,48137.17,0.15,0.79,Credit Card
TXNE86B276DDD,2024-11-05,BR01,Eluru,Andhra Pradesh,CUST00622,Meena Prasad,Retail,P003,Flagship Smartphone,Mobile,1,45752.45,0.05,0.75,UPI
TXN5475990374,2024-03-17,BR01,Eluru,Andhra Pradesh,CUST00107,Divya Prasad,Retail,P016,Washing Machine,Home Appliances,1,22618.6,0.0,0.8,Net Banking
TXNE9E58D6E7C,2024-06-21,BR01,Eluru,Andhra Pradesh,CUST00368,Divya Sharma,Retail,P002,Mid-range Smartphone 5G,Mobile,1,22508.25,0.0,0.78,Debit Card
TXN56A68CAFEF,2023-12-26,BR01,Eluru,Andhra Pradesh,CUST00540,Manoj Sarma,Retail,P002,Mid-range Smartphone 5G,Mobile,1,20422.03,0.15,0.78,Debit Card
TXNC4F5247FED,2023-09-13,BR01,Eluru,Andhra Pradesh,CUST01263,Anitha Sarma,Corporate,P019,LED TV 55-inch,Electronics,1,47058.64,0.05,0.79,UPI
TXN96901350D8,2023-01-15,BR01,Eluru,Andhra Pradesh,CUST00344,Meena Chowdary,Retail,P008,Ultrabook Thin & Light,Laptop,1,85249.43,0.0,0.79,Debit Card
TXN2ACA94655B,2023-07-15,BR01,Eluru,Andhra Pradesh,CUST01309,Deepika Naidu,Retail,P007,Gaming Laptop i7,Laptop,1,80148.03,0.0,0.78,Net Banking
TXN7235CD41C3,2024-02-17,BR01,Eluru,Andhra Pradesh,CUST01206,Manoj Kumar,Retail,P008,Ultrabook Thin & Light,Laptop,1,57099.04,0.05,0.79,Debit Card
TXN5683DB1F53,2024-08-30,BR01,Eluru,Andhra Pradesh,CUST01832,Anitha Naidu,Retail,P015,Refrigerator 300L,Home Appliances,1,29755.71,0.15,0.82,Net Banking
TXN118B7F9C7A,2024-12-13,BR01,Eluru,Andhra Pradesh,CUST01408,Divya Prasad,Wholesale,P002,Mid-range Smartphone 5G,Mobile,1,16414.51,0.0,0.78,Net Banking
TXN3B34547F1A,2024-12-14,BR01,Eluru,Andhra Pradesh,CUST00630,Harika Chowdary,Retail,P002,Mid-range Smartphone 5G,Mobile,1,20261.24,0.1,0.78,Credit Card
TXNBC2D3354AA,2023-08-27,BR01,Eluru,Andhra Pradesh,CUST00614,Kiran Reddy,Retail,P013,Power Bank,Accessories,2,1249.57,0.0,0.48,UPI
TXN2E0C158C69,2023-06-25,BR01,Eluru,Andhra Pradesh,CUST00013,Lakshmi Sharma,Wholesale,P021,Smart Watch,Electronics,1,3380.0,0.1,0.55,Credit Card
TXNFA72EBC269,2023-07-24,BR01,Eluru,Andhra Pradesh,CUST00109,Sandeep Rao,Retail,P002,Mid-range Smartphone 5G,Mobile,1,24471.21,0.15,0.78,Credit Card
TXN1E1C5261A5,2024-07-24,BR01,Eluru,Andhra Pradesh,CUST01374,Swathi Devi,Retail,P002,Mid-range Smartphone 5G,Mobile,1,25390.15,0.1,0.78,Debit Card
TXN29D8D5FA63,2023-05-06,BR01,Eluru,Andhra Pradesh,CUST00084,Suresh Prasad,Wholesale,P013,Power Bank,Accessories,2,1454.15,0.0,0.48,UPI
TXN976DFA53A9,2023-10-05,BR01,Eluru,Andhra Pradesh,CUST01560,Priya Sharma,Wholesale,P005,Entry Laptop i3,Laptop,1,33983.92,0.2,0.82,UPI
TXN1616FE9F4D,2024-12-11,BR01,Eluru,Andhra Pradesh,CUST00185,Ramesh Babu,Retail,P017,Microwave Oven,Home Appliances,1,9890.05,0.0,0.75,Debit Card
TXNFBCAD638FB,2023-03-18,BR01,Eluru,Andhra Pradesh,CUST00462,Manoj Chowdary,Retail,P018,LED TV 43-inch,Electronics,1,26412.29,0.0,0.8,UPI
TXN9D60006179,2023-10-31,BR01,Eluru,Andhra Pradesh,CUST01419,Anitha Sharma,Retail,P014,Split AC 1.5 Ton,Home Appliances,1,37838.38,0.25,0.83,Net Banking
TXN5DDCBD1916,2024-12-09,BR01,Eluru,Andhra Pradesh,CUST01809,Aishwarya Sharma,Retail,P010,Wireless Mouse,Accessories,2,890.63,0.0,0.4,Cash
TXNA8AEA50FA7,2023-11-17,BR01,Eluru,Andhra Pradesh,CUST00414,Priya Naidu,Corporate,P010,Wireless Mouse,Accessories,1,887.9,0.05,0.4,UPI
TXN72C19F777C,2024-04-24,BR01,Eluru,Andhra Pradesh,CUST00391,Kiran Babu,Retail,P010,Wireless Mouse,Accessories,1,529.18,0.05,0.4,Cash
TXN6385998CE4,2023-03-13,BR01,Eluru,Andhra Pradesh,CUST00865,Meena Chowdary,Corporate,P020,Home Theatre System,Electronics,1,13427.04,0.1,0.6,UPI
TXN97BE440BAA,2024-08-17,BR01,Eluru,Andhra Pradesh,CUST01352,Manoj Naidu,Retail,P001,Budget Smartphone 4G,Mobile,1,10138.01,0.0,0.8,UPI
TXNA35969DA4A,2023-02-07,BR01,Eluru,Andhra Pradesh,CUST00333,Ajay Naidu,Retail,P006,Business Laptop i5,Laptop,1,50165.12,0.0,0.8,UPI
TXN72A25B2153,2024-07-11,BR01,Eluru,Andhra Pradesh,CUST01998,Sandeep Kumar,Retail,P001,Budget Smartphone 4G,Mobile,1,8611.36,0.0,0.8,UPI
TXNDEFF37DD2E,2023-10-03,BR01,Eluru,Andhra Pradesh,CUST00312,Sandeep Chowdary,Retail,P020,Home Theatre System,Electronics,2,17573.2,0.25,0.6,UPI
TXN3D87A22C5D,2024-06-23,BR01,Eluru,Andhra Pradesh,CUST01737,Swathi Devi,Wholesale,P005,Entry Laptop i3,Laptop,1,34748.69,0.0,0.82,Debit Card
TXN5759E21861,2024-07-01,BR01,Eluru,Andhra Pradesh,CUST01023,Vikram Naidu,Wholesale,P003,Flagship Smartphone,Mobile,1,68027.28,,0.75,UPI
TXN9BDEE40952,2024-06-25,BR01,Eluru,Andhra Pradesh,CUST00694,Deepika Chowdary,Retail,P004,Wireless Earbuds,Mobile,1,3170.85,0.0,0.55,UPI
TXNE74494210C,2023-01-08,BR01,Eluru,Andhra Pradesh,CUST00549,Naveen Naidu,Retail,P017,Microwave Oven,Home Appliances,4,8584.22,0.1,0.75,Debit Card
TXN0078621C45,2024-09-21,BR01,Eluru,Andhra Pradesh,CUST00508,Sandeep Chowdary,Retail,P021,Smart Watch,Electronics,3,7759.34,0.0,0.55,Cash
TXNEB1040EA00,2024-10-03,BR01,Eluru,Andhra Pradesh,CUST00438,Ravi Kumar,Retail,P004,Wireless Earbuds,Mobile,2,5926.69,0.0,0.55,Credit Card
TXNBB32AE9466,2024-04-09,BR01,Eluru,Andhra Pradesh,CUST00978,Kavya Murthy,Wholesale,P002,Mid-range Smartphone 5G,Mobile,1,17673.98,0.1,0.78,Net Banking
TXN2CB4DA78E8,2023-06-18,BR01,Eluru,Andhra Pradesh,CUST01152,Arjun Sarma,Wholesale,P012,Mobile Charger,Accessories,1,1447.24,0.05,0.42,UPI
TXN8CB32D2A0C,2023-11-14,BR01,Eluru,Andhra Pradesh,CUST01374,Swathi Devi,Retail,P001,Budget Smartphone 4G,Mobile,1,12706.12,0.0,0.8,Net Banking
TXNC4CE2BD943,2023-11-08,BR01,Eluru,Andhra Pradesh,CUST01637,Arjun Varma,Retail,P020,Home Theatre System,Electronics,1,18778.7,0.05,0.6,Cash
TXN3DEBB78540,2024-06-08,BR01,Eluru,Andhra Pradesh,CUST01923,Priya Prasad,Retail,P002,Mid-range Smartphone 5G,Mobile,1,18630.47,0.15,0.78,Debit Card
TXN055466B65D,2024-12-06,BR01,Eluru,Andhra Pradesh,CUST00441,Harika Chowdary,Retail,P003,Flagship Smartphone,Mobile,1,49824.07,0.0,0.75,Cash
TXN18ADF2881A,2024-10-13,BR01,Eluru,Andhra Pradesh,CUST01085,Vikram Prasad,Retail,P001,Budget Smartphone 4G,Mobile,2,9484.13,0.25,0.8,Net Banking
TXN85089FC739,2024-06-06,BR01,Eluru,Andhra Pradesh,CUST00354,Ramesh Reddy,Retail,P002,Mid-range Smartphone 5G,Mobile,1,23301.75,0.0,0.78,Debit Card
TXN330431ABBC,2024-09-29,BR01,Eluru,Andhra Pradesh,CUST01593,Meena Babu,Retail,P002,Mid-range Smartphone 5G,Mobile,4,16716.86,0.05,0.78,Cash
TXNEAC158975A,2024-02-23,BR01,Eluru,Andhra Pradesh,CUST00493,Kavya Murthy,Retail,P003,Flagship Smartphone,Mobile,1,83064.84,0.1,0.75,UPI
TXNBF023528C6,2023-12-30,BR01,Eluru,Andhra Pradesh,CUST01089,Priya Rao,Retail,P018,LED TV 43-inch,Electronics,1,26271.69,0.05,0.8,Net Banking
TXN1C77E3A0BE,2023-05-14,BR01,Eluru,Andhra Pradesh,CUST00579,Priya Babu,Retail,P002,Mid-range Smartphone 5G,Mobile,1,22874.64,0.0,0.78,UPI
TXNBDA2E2B151,2023-10-05,BR01,Eluru,Andhra Pradesh,CUST01892,Kavya Sharma,Retail,P010,Wireless Mouse,Accessories,1,846.99,0.05,0.4,UPI
TXNB3680F1303,2023-05-26,BR01,Eluru,Andhra Pradesh,CUST01337,Sandeep Rao,Corporate,P001,Budget Smartphone 4G,Mobile,1,8039.55,0.05,0.8,UPI
TXNFAD4854107,2024-02-26,BR01,Eluru,Andhra Pradesh,CUST00511,Manoj Kumar,Wholesale,P020,Home Theatre System,Electronics,4,18721.35,0.0,0.6,UPI
TXN321094D87B,2024-02-19,BR01,Eluru,Andhra Pradesh,CUST01285,Naveen Sharma,Retail,P002,Mid-range Smartphone 5G,Mobile,1,22126.03,0.1,0.78,Cash
TXN658868C85F,2024-11-27,BR01,Eluru,Andhra Pradesh,CUST01727,Meena Chowdary,Retail,P013,Power Bank,Accessories,3,1776.46,0.2,0.48,Debit Card
TXN794FABDB91,2023-08-24,BR01,Eluru,Andhra Pradesh,CUST01378,Divya Sarma,Corporate,P001,Budget Smartphone 4G,Mobile,1,11216.61,0.1,0.8,Credit Card
TXNAB981CB944,2024-12-18,BR01,Eluru,Andhra Pradesh,CUST00246,Sandeep Murthy,Retail,P010,Wireless Mouse,Accessories,1,732.44,0.05,0.4,Debit Card
TXNBBA4D96C9A,2023-04-24,BR01,Eluru,Andhra Pradesh,CUST00597,Lakshmi Naidu,Retail,P012,Mobile Charger,Accessories,1,1774.79,0.05,0.42,Credit Card
TXN622E1C3E14,2023-03-13,BR01,Eluru,Andhra Pradesh,CUST00501,Arjun Naidu,Retail,P019,LED TV 55-inch,Electronics,1,40686.65,0.15,0.79,Credit Card
TXN9E5805F975,2023-11-19,BR01,Eluru,Andhra Pradesh,CUST00720,Naveen Devi,Retail,P018,LED TV 43-inch,Electronics,1,25352.25,0.25,0.8,UPI
TXNFDE093881E,2023-08-20,BR01,Eluru,Andhra Pradesh,CUST01835,Naveen Murthy,Retail,P002,Mid-range Smartphone 5G,Mobile,3,16479.12,0.0,0.78,UPI
TXN56059FFF17,2024-02-13,BR01,Eluru,Andhra Pradesh,CUST00364,Swathi Rao,Wholesale,P011,Bluetooth Speaker,Accessories,1,4662.34,0.1,0.5,UPI
TXN572D260894,2024-05-14,BR01,Eluru,Andhra Pradesh,CUST00673,Praveen Rao,Retail,P004,Wireless Earbuds,Mobile,2,1570.18,0.0,0.55,Net Banking
TXNC1ECDF886E,2023-07-31,BR01,Eluru,Andhra Pradesh,CUST00252,Vikram Rao,Retail,P011,Bluetooth Speaker,Accessories,3,3205.7,0.0,0.5,Debit Card
TXND7F4115E94,2023-11-10,BR01,Eluru,Andhra Pradesh,CUST01189,Pooja Prasad,Corporate,P020,Home Theatre System,Electronics,1,15748.04,0.2,0.6,Net Banking
TXN3C00103EE6,2024-11-28,BR01,Eluru,Andhra Pradesh,CUST01266,Ajay Murthy,Wholesale,P012,Mobile Charger,Accessories,1,1682.73,0.05,0.42,UPI
TXN1C109FD620,2023-02-11,BR01,Eluru,Andhra Pradesh,CUST00772,Srinivas Varma,Retail,P005,Entry Laptop i3,Laptop,1,33909.01,0.0,0.82,UPI
TXN712454CD1D,2024-08-03,BR01,Eluru,Andhra Pradesh,CUST00527,Aishwarya Sharma,Wholesale,P008,Ultrabook Thin & Light,Laptop,1,57861.05,0.0,0.79,UPI
TXN3207E3E927,2023-11-08,BR01,Eluru,Andhra Pradesh,CUST00324,Priya Varma,Retail,P004,Wireless Earbuds,Mobile,1,3110.58,0.05,0.55,UPI
TXN124BD4767E,2024-02-29,BR01,Eluru,Andhra Pradesh,CUST00308,Sandeep Murthy,Corporate,P018,LED TV 43-inch,Electronics,1,31081.08,,0.8,Net Banking
TXN3402CF2B50,2024-12-29,BR01,eluru  ,Andhra Pradesh,CUST00228,Ravi Naidu,Retail,P005,Entry Laptop i3,Laptop,1,28359.24,0.0,0.82,UPI
TXN046A0992CB,2023-05-08,BR01,Eluru,Andhra Pradesh,CUST01052,Kavya Devi,Retail,P012,Mobile Charger,Accessories,1,696.3,0.05,0.42,Cash
TXN2496D4C3B4,2023-08-30,BR01,Eluru,Andhra Pradesh,CUST01265,Anitha Sarma,Corporate,P004,Wireless Earbuds,Mobile,4,4600.45,0.15,0.55,UPI
TXN6EEEBF9D99,2024-03-07,BR01,Eluru,Andhra Pradesh,CUST01828,Meena Naidu,Retail,P004,Wireless Earbuds,Mobile,3,4174.55,0.1,0.55,UPI
TXN841D221478,2024-09-16,BR01,Eluru,Andhra Pradesh,CUST00721,Meena Naidu,Wholesale,P014,Split AC 1.5 Ton,Home Appliances,1,40817.67,0.1,0.83,Net Banking
TXN1AA53610E4,2024-11-11,BR01,Eluru,Andhra Pradesh,CUST00921,Praveen Reddy,Retail,P011,Bluetooth Speaker,Accessories,2,4096.69,0.2,0.5,UPI
TXN043A3397CD,2024-04-28,BR01,Eluru,Andhra Pradesh,CUST01805,Deepika Varma,Retail,P019,LED TV 55-inch,Electronics,1,44719.24,0.0,0.79,UPI
TXN807E7F18FA,2023-03-06,BR01,Eluru,Andhra Pradesh,CUST00606,Pooja Rao,Corporate,P003,Flagship Smartphone,Mobile,1,62247.03,0.1,0.75,Credit Card
TXN6E5EBB6CBB,2024-11-04,BR01,Eluru,Andhra Pradesh,CUST01229,Arjun Chowdary,Retail,P011,Bluetooth Speaker,Accessories,4,2720.89,0.2,0.5,Credit Card
TXN73781EA71E,2024-10-05,BR01,Eluru,Andhra Pradesh,CUST00908,Ravi Devi,Retail,P008,Ultrabook Thin & Light,Laptop,1,87768.29,0.2,0.79,Credit Card
TXNEC44B40BCA,2024-10-30,BR01,Eluru,Andhra Pradesh,CUST00445,Aishwarya Reddy,Retail,P003,Flagship Smartphone,Mobile,1,75880.13,0.2,0.75,Credit Card
TXN197E7C5754,2023-09-23,BR01,Eluru,Andhra Pradesh,CUST00911,Ravi Devi,Wholesale,P019,LED TV 55-inch,Electronics,1,52896.59,0.1,0.79,Credit Card
TXN8913EC68FB,2024-03-11,BR01,Eluru,Andhra Pradesh,CUST01687,Pooja Prasad,Wholesale,P001,Budget Smartphone 4G,Mobile,3,13285.66,0.15,0.8,Net Banking
TXN571B0C594A,2023-07-28,BR01,Eluru,Andhra Pradesh,CUST00590,Praveen Sharma,Wholesale,P013,Power Bank,Accessories,2,895.71,0.0,0.48,Debit Card
TXNF94B178929,2023-07-20,BR01,Eluru,Andhra Pradesh,CUST01405,Pooja Varma,Retail,P004,Wireless Earbuds,Mobile,4,5030.05,0.15,0.55,UPI
TXN10E1228DAD,2024-02-19,BR01,Eluru,Andhra Pradesh,CUST00481,Anitha Naidu,Retail,P010,Wireless Mouse,Accessories,4,401.67,0.05,0.4,Debit Card
TXNBBC2932CDA,2023-02-22,BR01,Eluru,Andhra Pradesh,CUST01617,Lakshmi Devi,Retail,P012,Mobile Charger,Accessories,1,324.96,0.05,0.42,UPI
TXNFD67DDEDFD,2024-09-03,BR01,Eluru,Andhra Pradesh,CUST00194,Divya Varma,Retail,P003,Flagship Smartphone,Mobile,1,88273.89,0.15,0.75,UPI
TXN59F381978D,2024-11-22,BR01,Eluru,Andhra Pradesh,CUST01485,Kiran Prasad,Corporate,P012,Mobile Charger,Accessories,2,676.81,0.25,0.42,UPI
TXN7369E91C96,2023-01-07,BR01,Eluru,Andhra Pradesh,CUST01389,Praveen Naidu,Retail,P013,Power Bank,Accessories,1,1746.33,0.15,0.48,Debit Card
TXN28C6174C67,2023-07-16,BR01,Eluru,Andhra Pradesh,CUST01085,Vikram Prasad,Retail,P014,Split AC 1.5 Ton,Home Appliances,1,38733.72,0.0,0.83,UPI
TXNE66FF6E9D3,2023-04-19,BR01,Eluru,Andhra Pradesh,CUST01304,Deepika Babu,Retail,P007,Gaming Laptop i7,Laptop,1,113208.78,0.0,0.78,Net Banking
TXN78C40787EE,2023-04-12,BR01,Eluru,Andhra Pradesh,CUST01694,Manoj Sarma,Retail,P004,Wireless Earbuds,Mobile,1,2282.37,0.0,0.55,Debit Card
TXN4374B81420,2024-11-30,BR01,Eluru,Andhra Pradesh,CUST01092,Swathi Varma,Corporate,P003,Flagship Smartphone,Mobile,1,49307.42,0.15,0.75,UPI
TXN2207AFB2A3,2023-10-31,BR01,Eluru,Andhra Pradesh,CUST00086,Meena Reddy,Corporate,P019,LED TV 55-inch,Electronics,1,47268.17,0.0,0.79,Debit Card
TXN77CF04DC48,2023-09-20,BR01,Eluru,Andhra Pradesh,CUST01499,Suresh Prasad,Retail,P011,Bluetooth Speaker,Accessories,1,4426.76,0.15,0.5,Net Banking
TXN85216B17AB,2024-02-06,BR01,Eluru,Andhra Pradesh,CUST01060,Lakshmi Varma,Retail,P003,Flagship Smartphone,Mobile,1,63214.81,0.0,0.75,UPI
TXNA0449DBE56,2023-07-16,BR01,Eluru,Andhra Pradesh,CUST00990,Aishwarya Prasad,Retail,P008,Ultrabook Thin & Light,Laptop,1,57488.23,0.05,0.79,Debit Card
TXNA35F8265E8,2023-09-02,BR01,Eluru,Andhra Pradesh,CUST01182,Ravi Sharma,Retail,P007,Gaming Laptop i7,Laptop,1,82171.12,0.15,0.78,UPI
TXNAEC71D2258,2023-03-19,BR01,Eluru,Andhra Pradesh,CUST00013,Lakshmi Sharma,Wholesale,P021,Smart Watch,Electronics,1,3101.25,0.1,0.55,Cash
TXNE8BB6E929A,2024-03-05,BR01,Eluru,Andhra Pradesh,CUST01600,Srinivas Sharma,Retail,P005,Entry Laptop i3,Laptop,1,31454.38,0.0,0.82,Credit Card
TXNC7C7957DA1,2023-02-05,BR01,Eluru,Andhra Pradesh,CUST00237,Kavya Rao,Retail,P013,Power Bank,Accessories,1,1888.67,0.0,0.48,Cash
TXN6C2A907DE3,2024-12-29,BR01,Eluru,Andhra Pradesh,CUST00261,Ajay Prasad,Retail,P008,Ultrabook Thin & Light,Laptop,1,71621.55,0.0,0.79,UPI
TXN003B1114ED,2023-05-11,BR01,Eluru,Andhra Pradesh,CUST00929,Priya Rao,Retail,P004,Wireless Earbuds,Mobile,1,5529.14,0.15,0.55,UPI
TXNC6F28D1612,2024-07-29,BR01,Eluru,Andhra Pradesh,CUST00570,Swathi Sharma,Retail,P016,Washing Machine,Home Appliances,1,27537.57,0.15,0.8,UPI
TXNB64EC133B4,2024-09-13,BR01,Eluru,Andhra Pradesh,CUST01083,Pooja Rao,Wholesale,P018,LED TV 43-inch,Electronics,1,30517.97,0.15,0.8,Credit Card
TXN4D9F44E36C,2024-09-02,BR01,Eluru,Andhra Pradesh,CUST00669,Suresh Rao,Retail,P009,Laptop Bag,Accessories,1,873.64,0.05,0.45,Credit Card
TXN9EBA3E7E80,2023-03-14,BR01,Eluru,Andhra Pradesh,CUST01287,Sandeep Babu,Wholesale,P012,Mobile Charger,Accessories,1,949.41,0.05,0.42,Debit Card
TXN03E879C2C1,2024-11-22,BR01,Eluru,Andhra Pradesh,CUST01965,Deepika Kumar,Retail,P021,Smart Watch,Electronics,1,3841.64,0.1,0.55,Debit Card
TXN92CEFC2247,2023-04-14,BR01,Eluru,Andhra Pradesh,CUST01820,Kiran Babu,Retail,P018,LED TV 43-inch,Electronics,1,22108.75,,0.8,UPI
TXN978286D3B9,2024-10-06,BR01,Eluru,Andhra Pradesh,CUST00328,Ajay Kumar,Retail,P013,Power Bank,Accessories,1,876.97,0.05,0.48,Net Banking
TXN2BF39CD073,2024-09-15,BR01,Eluru,Andhra Pradesh,CUST00297,Vikram Chowdary,Retail,P009,Laptop Bag,Accessories,1,1485.7,0.1,0.45,UPI
TXN8A29A62E16,2024-07-01,BR01,Eluru,Andhra Pradesh,CUST00901,Suresh Babu,Retail,P004,Wireless Earbuds,Mobile,1,4085.89,0.05,0.55,Credit Card
TXN4A9215EF23,2023-11-26,BR01,Eluru,Andhra Pradesh,CUST01856,Kiran Kumar,Retail,P021,Smart Watch,Electronics,1,4199.01,0.2,0.55,Credit Card
TXNB398D22F34,2024-11-11,BR01,Eluru,Andhra Pradesh,CUST01987,Anitha Prasad,Wholesale,P019,LED TV 55-inch,Electronics,1,56876.69,0.15,0.79,UPI
TXN48BF2BD2FA,2023-01-08,BR01,Eluru,Andhra Pradesh,CUST00273,Kavya Rao,Wholesale,P012,Mobile Charger,Accessories,1,1502.89,0.15,0.42,UPI
TXNF7C0703130,2023-02-08,BR01,Eluru,Andhra Pradesh,CUST00539,Priya Prasad,Retail,P013,Power Bank,Accessories,4,1571.75,0.05,0.48,Credit Card
TXNCA0E7FACCA,2024-10-27,BR01,Eluru,Andhra Pradesh,CUST01339,Meena Sharma,Wholesale,P013,Power Bank,Accessories,1,1644.99,0.15,0.48,UPI
TXN30FAA93AE4,2023-06-29,BR01,Eluru,Andhra Pradesh,CUST01583,Praveen Murthy,Wholesale,P020,Home Theatre System,Electronics,1,7597.56,0.05,0.6,Debit Card
TXN0047859131,2023-09-09,BR01,Eluru,Andhra Pradesh,CUST00540,Manoj Sarma,Retail,P018,LED TV 43-inch,Electronics,1,28581.4,0.05,0.8,Net Banking
TXN24E8230A22,2024-09-21,BR01,Eluru,Andhra Pradesh,CUST00604,Sneha Murthy,Retail,P013,Power Bank,Accessories,4,2072.7,0.0,0.48,Debit Card
TXNE3290FC05C,2023-12-05,BR01,Eluru,Andhra Pradesh,CUST01409,Kavya Reddy,Wholesale,P016,Washing Machine,Home Appliances,1,27249.72,0.0,0.8,UPI
TXNBE8ED1FEB5,2024-11-01,BR01,Eluru,Andhra Pradesh,CUST00799,Sneha Prasad,Wholesale,P010,Wireless Mouse,Accessories,3,712.02,0.2,0.4,Debit Card
TXN016EC8168F,2023-05-20,BR01,Eluru,Andhra Pradesh,CUST01791,Sneha Murthy,Retail,P007,Gaming Laptop i7,Laptop,1,104098.38,0.1,0.78,Credit Card
TXN4BF6EE73B6,2023-07-13,BR01,Eluru,Andhra Pradesh,CUST00217,Swathi Naidu,Wholesale,P001,Budget Smartphone 4G,Mobile,1,10820.87,0.0,0.8,UPI
TXN6C04EFC784,2023-09-06,BR01,Eluru,Andhra Pradesh,CUST00045,Lakshmi Babu,Wholesale,P018,LED TV 43-inch,Electronics,1,29764.02,0.0,0.8,UPI
TXN028D668C0C,2024-11-16,BR01,Eluru,Andhra Pradesh,CUST01316,Deepika Sharma,Wholesale,P004,Wireless Earbuds,Mobile,1,1959.39,0.15,0.55,Credit Card
TXN4608741880,2024-10-22,BR01,Eluru,Andhra Pradesh,CUST01621,Lakshmi Naidu,Wholesale,P016,Washing Machine,Home Appliances,1,22832.18,0.05,0.8,Debit Card
TXN83EAB0BB95,2023-01-22,BR01,Eluru,Andhra Pradesh,CUST00617,Kavya Babu,Retail,P013,Power Bank,Accessories,1,1593.11,0.0,0.48,UPI
TXNB5C6CB2A74,2024-06-07,BR01,Eluru,Andhra Pradesh,CUST01196,Harika Sharma,Retail,P003,Flagship Smartphone,Mobile,1,77730.47,0.0,0.75,Cash
TXNC0C743CEEB,2024-05-30,BR01,Eluru,Andhra Pradesh,CUST00768,Meena Naidu,Corporate,P006,Business Laptop i5,Laptop,1,48143.89,0.1,0.8,Net Banking
TXNC5C6D03521,2024-01-13,BR01,Eluru,Andhra Pradesh,CUST01843,Ramesh Sharma,Retail,P006,Business Laptop i5,Laptop,1,45884.77,0.0,0.8,Cash
TXN2A1285D294,2023-08-12,BR01,Eluru,Andhra Pradesh,CUST00018,Pooja Murthy,Retail,P006,Business Laptop i5,Laptop,1,53787.11,0.0,0.8,Cash
TXN22A3C5345F,2024-11-04,BR01,Eluru,Andhra Pradesh,CUST01769,Sandeep Reddy,Retail,P004,Wireless Earbuds,Mobile,1,5431.83,0.05,0.55,Net Banking
TXN9D5B393485,2024-12-31,BR01,Eluru,Andhra Pradesh,CUST01444,Priya Babu,Retail,P019,LED TV 55-inch,Electronics,1,48643.22,0.0,0.79,UPI
TXN1E955BDA34,2024-07-04,BR01,Eluru,Andhra Pradesh,CUST01535,Deepika Murthy,Retail,P003,Flagship Smartphone,Mobile,1,60266.93,0.1,0.75,Net Banking
TXN27C814F1D5,2024-04-13,BR01,Eluru,Andhra Pradesh,CUST01447,Meena Naidu,Retail,P016,Washing Machine,Home Appliances,1,27929.18,0.0,0.8,UPI
TXNF1312DD710,2024-09-11,BR01,Eluru,Andhra Pradesh,CUST00495,Lakshmi Sharma,Retail,P018,LED TV 43-inch,Electronics,1,28534.88,0.15,0.8,Cash
TXNCC84944E9E,2024-12-14,BR01,Eluru,Andhra Pradesh,CUST00802,Pooja Sarma,Retail,P004,Wireless Earbuds,Mobile,2,3099.04,0.0,0.55,UPI
TXN5D372B32DA,2024-06-01,BR01,Eluru,Andhra Pradesh,CUST01824,Ajay Kumar,Retail,P005,Entry Laptop i3,Laptop,1,32371.12,0.0,0.82,UPI
TXNF36BD8F2B0,2023-03-17,BR01,Eluru,Andhra Pradesh,CUST00796,Deepika Rao,Retail,P002,Mid-range Smartphone 5G,Mobile,1,21488.14,0.0,0.78,UPI
TXN72C247C833,2023-11-28,BR01,Eluru,Andhra Pradesh,CUST00458,Meena Sarma,Wholesale,P004,Wireless Earbuds,Mobile,1,5419.38,0.1,0.55,Cash
TXN15603E6B9D,2023-05-20,BR01,Eluru,Andhra Pradesh,CUST01722,Ajay Devi,Retail,P014,Split AC 1.5 Ton,Home Appliances,1,35716.27,0.1,0.83,Credit Card
TXNFE465209BF,2024-12-24,BR01,Eluru,Andhra Pradesh,CUST01523,Vikram Rao,Corporate,P019,LED TV 55-inch,Electronics,1,42305.28,0.05,0.79,UPI
TXNE3C422EE99,2024-02-24,BR01,Eluru,Andhra Pradesh,CUST00064,Ajay Naidu,Retail,P008,Ultrabook Thin & Light,Laptop,1,76854.26,0.1,0.79,Net Banking
TXN1494DA97EA,2024-05-07,BR01,Eluru,Andhra Pradesh,CUST01253,Sneha Murthy,Retail,P015,Refrigerator 300L,Home Appliances,1,32653.95,0.1,0.82,UPI
TXN28107E68CC,2024-08-07,BR01,Eluru,Andhra Pradesh,CUST00691,Praveen Reddy,Retail,P013,Power Bank,Accessories,1,1272.15,0.05,0.48,Credit Card
TXN3B43DDAF10,2024-11-22,BR01,Eluru,Andhra Pradesh,CUST01460,Kavya Sharma,Retail,P003,Flagship Smartphone,Mobile,1,87622.35,0.0,0.75,Cash
TXN4257A5C749,2023-06-23,BR01,Eluru,Andhra Pradesh,CUST01305,Vikram Rao,Retail,P009,Laptop Bag,Accessories,1,1836.02,0.0,0.45,Cash
TXN0E50FDF4A4,2023-02-22,BR01,Eluru,Andhra Pradesh,CUST01236,Anitha Reddy,Retail,P006,Business Laptop i5,Laptop,1,44925.82,0.1,0.8,UPI
TXNCEA61D513A,2023-04-07,BR01,Eluru,Andhra Pradesh,CUST01429,Sneha Sarma,Wholesale,P009,Laptop Bag,Accessories,3,1034.35,0.15,0.45,UPI
TXN2EC8E0D6DE,2023-02-24,BR01,Eluru,Andhra Pradesh,CUST01727,Meena Chowdary,Retail,P007,Gaming Laptop i7,Laptop,1,125313.45,0.0,0.78,Debit Card
TXN0FF2E5CA05,2023-06-26,BR01,Eluru,Andhra Pradesh,CUST00700,Pooja Devi,Retail,P015,Refrigerator 300L,Home Appliances,1,37044.41,0.1,0.82,Debit Card
TXN668DC28A26,2024-05-18,BR01,Eluru,Andhra Pradesh,CUST00376,Ramesh Naidu,Retail,P011,Bluetooth Speaker,Accessories,3,4899.48,0.0,0.5,UPI
TXNE7882498C7,2023-02-02,BR01,Eluru,Andhra Pradesh,CUST00595,Vikram Kumar,Retail,P020,Home Theatre System,Electronics,1,11250.27,0.05,0.6,UPI
TXN816BBE1550,2024-12-13,BR01,Eluru,Andhra Pradesh,CUST00206,Kavya Varma,Retail,P004,Wireless Earbuds,Mobile,3,2734.01,0.1,0.55,Credit Card
TXN7DE705F0E4,2023-02-19,BR01,Eluru,Andhra Pradesh,CUST01526,Swathi Reddy,Corporate,P020,Home Theatre System,Electronics,1,12787.55,0.05,0.6,UPI
TXN59401AC0C6,2024-05-07,BR01,Eluru,Andhra Pradesh,CUST01565,Ajay Naidu,Retail,P007,Gaming Laptop i7,Laptop,1,122768.25,0.05,0.78,Debit Card
TXN72DB767F7F,2024-02-26,BR01,Eluru,Andhra Pradesh,CUST01941,Kiran Kumar,Wholesale,P012,Mobile Charger,Accessories,1,404.29,0.0,0.42,Credit Card
TXNDA709EDD0A,2023-10-09,BR01,Eluru,Andhra Pradesh,CUST01335,Srinivas Chowdary,Retail,P016,Washing Machine,Home Appliances,1,30577.8,0.25,0.8,Debit Card
TXN87FB7951FE,2024-03-06,BR01,Eluru,Andhra Pradesh,CUST01146,Harika Babu,Retail,P001,Budget Smartphone 4G,Mobile,1,8749.37,0.0,0.8,Net Banking
TXND18E9EB845,2023-01-20,BR01,Eluru,Andhra Pradesh,CUST00813,Suresh Devi,Retail,P008,Ultrabook Thin & Light,Laptop,1,68720.22,0.15,0.79,Net Banking
TXN8E2C19A423,2023-08-09,BR01,Eluru,Andhra Pradesh,CUST00224,Sandeep Varma,Retail,P019,LED TV 55-inch,Electronics,1,49593.31,0.15,0.79,Credit Card
TXN2B0CA30C46,2023-05-31,BR01,Eluru,Andhra Pradesh,CUST00878,Kavya Varma,Retail,P021,Smart Watch,Electronics,4,10507.09,0.05,0.55,UPI
TXN3CB89043E0,2024-07-06,BR01,Eluru,Andhra Pradesh,CUST00369,Kiran Varma,Retail,P009,Laptop Bag,Accessories,1,807.78,0.0,0.45,Cash
TXNA65D2C6106,2023-12-17,BR01,Eluru,Andhra Pradesh,CUST01897,Arjun Chowdary,Wholesale,P001,Budget Smartphone 4G,Mobile,4,9498.11,0.1,0.8,UPI
TXN9E15D5B469,2023-03-27,BR01,Eluru,Andhra Pradesh,CUST00985,Divya Sarma,Retail,P009,Laptop Bag,Accessories,2,1715.96,0.0,0.45,Credit Card
TXN11A4E97CD2,2023-11-25,BR01,Eluru,Andhra Pradesh,CUST00827,Pooja Sarma,Retail,P004,Wireless Earbuds,Mobile,1,1768.32,0.1,0.55,Debit Card
TXNABA8BF36A7,2023-07-20,BR01,Eluru,Andhra Pradesh,CUST00011,Manoj Naidu,Retail,P009,Laptop Bag,Accessories,3,1763.91,0.1,0.45,UPI
TXN46E257CEDA,2023-04-17,BR01,Eluru,Andhra Pradesh,CUST00769,Ajay Naidu,Retail,P020,Home Theatre System,Electronics,2,12814.24,0.15,0.6,Net Banking
TXN19840FF5D9,2023-04-17,BR01,Eluru,Andhra Pradesh,CUST01950,Priya Sharma,Retail,P019,LED TV 55-inch,Electronics,1,48877.58,0.0,0.79,Debit Card
TXND009FCE275,2024-09-17,BR01,Eluru,Andhra Pradesh,CUST01412,Srinivas Rao,Wholesale,P009,Laptop Bag,Accessories,3,1680.12,0.1,0.45,Cash
TXN08EB3536FE,2023-04-13,BR01,Eluru,Andhra Pradesh,CUST00737,Harika Sarma,Retail,P010,Wireless Mouse,Accessories,1,350.7,0.15,0.4,Debit Card
TXN9BA512E62B,2024-04-30,BR01,Eluru,Andhra Pradesh,CUST00796,Deepika Rao,Retail,P008,Ultrabook Thin & Light,Laptop,1,68489.55,0.1,0.79,UPI
TXNF8752A8254,2024-07-29,BR01,Eluru,Andhra Pradesh,CUST01252,Kavya Reddy,Retail,P002,Mid-range Smartphone 5G,Mobile,1,24659.85,0.15,0.78,Credit Card
TXN7A73E219F8,2023-10-20,BR01,Eluru,Andhra Pradesh,CUST00529,Suresh Prasad,Retail,P003,Flagship Smartphone,Mobile,1,58271.96,0.2,0.75,Credit Card
TXN16A30C0DE8,2023-04-29,BR01,Eluru,Andhra Pradesh,CUST01786,Vikram Murthy,Retail,P009,Laptop Bag,Accessories,1,1338.32,0.05,0.45,UPI
TXNAB70528AB6,2024-10-15,BR01,Eluru,Andhra Pradesh,CUST00508,Sandeep Chowdary,Retail,P009,Laptop Bag,Accessories,4,673.16,0.05,0.45,Cash
TXN32C1434E54,2024-10-03,BR01,Eluru,Andhra Pradesh,CUST01952,Priya Murthy,Retail,P006,Business Laptop i5,Laptop,1,59359.04,0.05,0.8,Debit Card
TXN0C7D116A2F,2024-07-29,BR01,Eluru,Andhra Pradesh,CUST01002,Ajay Murthy,Retail,P009,Laptop Bag,Accessories,3,1795.23,0.15,0.45,Cash
TXN09BCEBDB5F,2024-11-01,BR01,Eluru,Andhra Pradesh,CUST00408,Lakshmi Babu,Retail,P005,Entry Laptop i3,Laptop,1,35983.85,0.15,0.82,Debit Card
TXN6057708D8F,2023-10-29,BR01,Eluru,Andhra Pradesh,CUST00691,Praveen Reddy,Retail,P018,LED TV 43-inch,Electronics,1,28510.68,0.05,0.8,Credit Card
TXNCFC1631CFB,2024-06-08,BR01,Eluru,Andhra Pradesh,CUST00052,Vikram Kumar,Retail,P015,Refrigerator 300L,Home Appliances,1,36793.9,0.15,0.82,UPI
TXN2D1BF4B4AC,2023-11-15,BR01,Eluru,Andhra Pradesh,CUST00829,Kavya Reddy,Retail,P012,Mobile Charger,Accessories,2,1181.36,0.2,0.42,Net Banking
TXN3942F3F9FF,2024-05-19,BR01,Eluru,Andhra Pradesh,CUST00531,Pooja Devi,Retail,P003,Flagship Smartphone,Mobile,1,69272.93,0.0,0.75,UPI
TXND1B600E344,2023-04-19,BR01,Eluru,Andhra Pradesh,CUST00033,Manoj Varma,Retail,P002,Mid-range Smartphone 5G,Mobile,1,22443.46,0.0,0.78,UPI
TXN52CE855551,2023-02-05,BR01,Eluru,Andhra Pradesh,CUST00015,Harika Prasad,Retail,P011,Bluetooth Speaker,Accessories,1,3871.48,0.15,0.5,Debit Card
TXNA83CFC3E86,2023-05-19,BR01,Eluru,Andhra Pradesh,CUST00026,Harika Varma,Retail,P021,Smart Watch,Electronics,2,2878.62,0.15,0.55,Cash
TXN6848EC37CA,2024-03-13,BR01,Eluru,Andhra Pradesh,CUST01589,Meena Chowdary,Retail,P019,LED TV 55-inch,Electronics,1,59615.34,0.1,0.79,UPI
TXNDC9E78D0DD,2023-06-17,BR01,Eluru,Andhra Pradesh,CUST01086,Divya Sharma,Retail,P005,Entry Laptop i3,Laptop,1,34213.87,0.0,0.82,Cash
TXN9509C579E7,2024-11-04,BR01,Eluru,Andhra Pradesh,CUST01917,Praveen Kumar,Retail,P010,Wireless Mouse,Accessories,2,1338.4,0.0,0.4,Credit Card
TXN8B65E04DF0,2023-10-18,BR01,Eluru,Andhra Pradesh,CUST01919,Manoj Devi,Wholesale,P006,Business Laptop i5,Laptop,1,52868.57,0.0,0.8,UPI
TXNED56897D06,2023-09-19,BR01,Eluru,Andhra Pradesh,CUST01295,Swathi Babu,Retail,P001,Budget Smartphone 4G,Mobile,2,10419.74,0.1,0.8,Debit Card
TXN086278EA97,2023-03-06,BR01,Eluru,Andhra Pradesh,CUST00083,Anitha Naidu,Retail,P012,Mobile Charger,Accessories,1,1666.03,0.0,0.42,Debit Card
TXNAAEBABF22E,2024-04-07,BR01,Eluru,Andhra Pradesh,CUST01035,Lakshmi Kumar,Retail,P007,Gaming Laptop i7,Laptop,1,114317.43,0.05,0.78,Credit Card
TXNC8A37EE1D4,2024-08-27,BR01,Eluru,Andhra Pradesh,CUST01939,Lakshmi Rao,Retail,P019,LED TV 55-inch,Electronics,1,39857.57,0.1,0.79,UPI
TXNF5DC318060,2023-09-11,BR01,Eluru,Andhra Pradesh,CUST00700,Pooja Devi,Retail,P008,Ultrabook Thin & Light,Laptop,1,84198.96,0.05,0.79,Cash
TXN4EE8F5F459,2024-01-27,BR01,Eluru,Andhra Pradesh,CUST01627,Praveen Kumar,Retail,P002,Mid-range Smartphone 5G,Mobile,1,20088.08,0.0,0.78,UPI
TXN7407827929,2023-06-18,BR01,Eluru,Andhra Pradesh,CUST01145,Aishwarya Reddy,Retail,P006,Business Laptop i5,Laptop,1,52281.08,0.15,0.8,UPI
TXN424360C222,2024-01-14,BR01,Eluru,Andhra Pradesh,CUST01875,Sneha Kumar,Retail,P021,Smart Watch,Electronics,1,4710.38,0.15,0.55,Cash
TXNED0F19E437,2023-08-22,BR01,Eluru,Andhra Pradesh,CUST00591,Kiran Reddy,Retail,P004,Wireless Earbuds,Mobile,1,5385.11,0.15,0.55,UPI
TXNFD864C60AF,2024-03-26,BR01,Eluru,Andhra Pradesh,CUST00882,Praveen Sharma,Retail,P003,Flagship Smartphone,Mobile,1,83762.37,0.1,0.75,UPI
TXN994F9FABD7,2023-12-19,BR01,Eluru,Andhra Pradesh,CUST01218,Ramesh Kumar,Retail,P018,LED TV 43-inch,Electronics,1,33190.85,0.05,0.8,UPI
TXNF818C8D3C5,2024-02-25,BR01,Eluru,Andhra Pradesh,CUST00670,Ajay Sarma,Retail,P008,Ultrabook Thin & Light,Laptop,1,93251.79,0.05,0.79,UPI
TXNC86F376D0D,2023-04-05,BR01,Eluru,Andhra Pradesh,CUST00521,Kiran Naidu,Retail,P009,Laptop Bag,Accessories,1,1202.36,0.0,0.45,Credit Card
TXN5089461DBE,2024-05-10,BR01,Eluru,Andhra Pradesh,CUST00567,Naveen Kumar,Retail,P010,Wireless Mouse,Accessories,2,933.95,0.1,0.4,UPI
TXN96E5AD8F80,2023-05-20,BR01,Eluru,Andhra Pradesh,CUST00747,Srinivas Murthy,Corporate,P001,Budget Smartphone 4G,Mobile,1,9699.62,0.1,0.8,UPI
TXN0420CB40FE,2024-07-22,BR01,Eluru,Andhra Pradesh,CUST01939,Lakshmi Rao,Retail,P004,Wireless Earbuds,Mobile,2,2433.36,0.0,0.55,UPI
TXN5E0253E8C7,2024-05-17,BR01,Eluru,Andhra Pradesh,CUST01982,Arjun Sharma,Wholesale,P011,Bluetooth Speaker,Accessories,2,2310.36,0.0,0.5,UPI
TXND1AED18B9E,2024-04-19,BR01,Eluru,Andhra Pradesh,CUST01669,Ravi Babu,Retail,P003,Flagship Smartphone,Mobile,1,72027.3,0.1,0.75,Debit Card
TXND58AC22EAA,2024-07-21,BR01,Eluru,Andhra Pradesh,CUST01300,Divya Naidu,Retail,P004,Wireless Earbuds,Mobile,3,4518.42,0.0,0.55,Credit Card
TXNB3C437F605,2024-06-23,BR01,Eluru,Andhra Pradesh,CUST00433,Meena Varma,Retail,P014,Split AC 1.5 Ton,Home Appliances,1,38161.24,0.0,0.83,Debit Card
TXN24B8D0B463,2024-12-18,BR01,Eluru,Andhra Pradesh,CUST01083,Pooja Rao,Wholesale,P004,Wireless Earbuds,Mobile,2,3846.62,0.05,0.55,Cash
TXN7523B6ABF0,2023-04-06,BR01,Eluru,Andhra Pradesh,CUST01318,Priya Chowdary,Wholesale,P003,Flagship Smartphone,Mobile,1,82041.01,0.1,0.75,UPI
TXN77B4204B21,2024-12-14,BR01,Eluru,Andhra Pradesh,CUST00015,Harika Prasad,Retail,P015,Refrigerator 300L,Home Appliances,1,25499.02,0.05,0.82,Debit Card
TXNA39A44EBB1,2024-09-22,BR01,Eluru,Andhra Pradesh,CUST01710,Deepika Sharma,Corporate,P010,Wireless Mouse,Accessories,1,662.37,0.15,0.4,UPI
TXNC3704FF06D,2024-07-13,BR01,Eluru,Andhra Pradesh,CUST00775,Kiran Reddy,Corporate,P012,Mobile Charger,Accessories,1,1589.01,0.0,0.42,Debit Card
TXN616D6C9BDC,2024-06-16,BR01,Eluru,Andhra Pradesh,CUST01654,Ramesh Prasad,Retail,P020,Home Theatre System,Electronics,1,19561.47,0.0,0.6,Credit Card
TXN0ABDF056BC,2023-04-02,BR01,Eluru,Andhra Pradesh,CUST00542,Ajay Prasad,Corporate,P016,Washing Machine,Home Appliances,1,32007.04,0.0,0.8,Debit Card
TXN71FAB4F858,2024-04-22,BR01,Eluru,Andhra Pradesh,CUST01644,Sneha Rao,Retail,P010,Wireless Mouse,Accessories,1,816.46,0.0,0.4,UPI
TXN80F6111F5D,2024-09-25,BR01,Eluru,Andhra Pradesh,CUST01609,Praveen Rao,Retail,P010,Wireless Mouse,Accessories,1,864.85,0.05,0.4,UPI
TXN0EF8B53E38,2023-06-14,BR01,Eluru,Andhra Pradesh,CUST00436,Kiran Kumar,Retail,P006,Business Laptop i5,Laptop,1,48856.44,0.0,0.8,UPI
TXNDC40EA8907,2023-06-10,BR01,Eluru,Andhra Pradesh,CUST00429,Praveen Babu,Retail,P012,Mobile Charger,Accessories,1,441.52,0.0,0.42,Cash
TXN57A97BE617,2024-08-20,BR01,Eluru,Andhra Pradesh,CUST01137,Aishwarya Kumar,Retail,P014,Split AC 1.5 Ton,Home Appliances,1,32172.51,0.05,0.83,Net Banking
TXN65090FF820,2023-12-01,BR01,Eluru,Andhra Pradesh,CUST01561,Lakshmi Murthy,Wholesale,P012,Mobile Charger,Accessories,4,646.2,0.0,0.42,UPI
TXNFC29E03079,2024-09-29,BR01,Eluru,Andhra Pradesh,CUST00179,Sneha Kumar,Retail,P019,LED TV 55-inch,Electronics,1,44822.1,0.0,0.79,Credit Card
TXNBC44AC8145,2023-02-02,BR01,Eluru,Andhra Pradesh,CUST00494,Arjun Varma,Wholesale,P005,Entry Laptop i3,Laptop,1,36800.12,0.15,0.82,Credit Card
TXN73CAB8D2BA,2023-06-18,BR01,Eluru,Andhra Pradesh,CUST01973,Ramesh Prasad,Corporate,P007,Gaming Laptop i7,Laptop,1,117256.76,0.15,0.78,Credit Card
TXN2BBA685DE1,2024-11-27,BR01,Eluru,Andhra Pradesh,CUST00438,Ravi Kumar,Retail,P008,Ultrabook Thin & Light,Laptop,1,76917.47,0.0,0.79,UPI
TXN67BFD87756,2024-02-04,BR01,Eluru,Andhra Pradesh,CUST00366,Ajay Naidu,Corporate,P002,Mid-range Smartphone 5G,Mobile,1,26711.86,0.15,0.78,UPI
TXNAC81542757,2023-03-10,BR01,Eluru,Andhra Pradesh,CUST01056,Vikram Chowdary,Retail,P004,Wireless Earbuds,Mobile,1,2395.07,0.0,0.55,Cash
TXNCE61F216C4,2023-06-03,BR01,Eluru,Andhra Pradesh,CUST01962,Ajay Babu,Retail,P021,Smart Watch,Electronics,1,5181.32,0.0,0.55,Cash
TXN848DBE5DF3,2023-06-09,BR01,Eluru,Andhra Pradesh,CUST00971,Naveen Sharma,Wholesale,P006,Business Laptop i5,Laptop,1,58054.4,0.0,0.8,Credit Card
TXN86A3C29494,2023-01-19,BR01,Eluru,Andhra Pradesh,CUST00686,Aishwarya Sarma,Corporate,P004,Wireless Earbuds,Mobile,1,4002.75,0.0,0.55,Credit Card
TXN0AF5C2502B,2024-11-17,BR01,Eluru,Andhra Pradesh,CUST01240,Sandeep Varma,Corporate,P013,Power Bank,Accessories,3,1188.14,0.0,0.48,Net Banking
TXND8DEA4135E,2023-07-02,BR01,Eluru,Andhra Pradesh,CUST01352,Manoj Naidu,Retail,P018,LED TV 43-inch,Electronics,1,26063.95,0.1,0.8,UPI
TXN1A90FF156A,2023-10-10,BR01,Eluru,Andhra Pradesh,CUST00527,Aishwarya Sharma,Wholesale,P019,LED TV 55-inch,Electronics,1,57998.62,0.1,0.79,Debit Card
TXN1D8EB5F8ED,2023-12-24,BR01,Eluru,Andhra Pradesh,CUST00287,Aishwarya Sarma,Retail,P013,Power Bank,Accessories,4,1469.1,0.0,0.48,Debit Card
TXN08336F04CA,2023-09-03,BR01,Eluru,Andhra Pradesh,CUST01192,Suresh Murthy,Retail,P003,Flagship Smartphone,Mobile,1,82958.46,0.1,0.75,UPI
TXNEC869A835E,2024-06-30,BR01,Eluru,Andhra Pradesh,CUST01026,Vikram Prasad,Retail,P018,LED TV 43-inch,Electronics,1,30492.02,0.0,0.8,Debit Card
TXN0A3BB3B7E7,2024-08-01,BR01,Eluru,Andhra Pradesh,CUST00959,Manoj Chowdary,Retail,P001,Budget Smartphone 4G,Mobile,1,11084.99,0.0,0.8,UPI
TXN26C34A9707,2023-04-08,BR01,Eluru,Andhra Pradesh,CUST01059,Suresh Prasad,Wholesale,P001,Budget Smartphone 4G,Mobile,3,12946.87,0.0,0.8,Credit Card
TXNC18688ADDD,2023-06-09,BR01,Eluru,Andhra Pradesh,CUST01725,Swathi Kumar,Retail,P004,Wireless Earbuds,Mobile,1,4491.35,0.0,0.55,UPI
TXN97B0ED98E4,2024-12-23,BR01,Eluru,Andhra Pradesh,CUST00137,Swathi Babu,Wholesale,P017,Microwave Oven,Home Appliances,1,11795.3,0.15,0.75,UPI
TXNE0DEB6AC11,2023-04-08,BR01,Eluru,Andhra Pradesh,CUST01906,Kavya Babu,Retail,P001,Budget Smartphone 4G,Mobile,4,9955.09,0.0,0.8,UPI
TXN57CB594957,2023-10-20,BR01,Eluru,Andhra Pradesh,CUST01247,Manoj Sarma,Retail,P003,Flagship Smartphone,Mobile,1,62355.05,0.25,0.75,Debit Card
TXNDDE5457A9A,2024-01-17,BR01,Eluru,Andhra Pradesh,CUST00329,Ravi Devi,Retail,P011,Bluetooth Speaker,Accessories,4,2654.74,0.0,0.5,UPI
TXNF937A9FD7D,2023-10-29,BR01,Eluru,Andhra Pradesh,CUST00180,Ravi Rao,Wholesale,P020,Home Theatre System,Electronics,1,18379.97,0.15,0.6,UPI
TXNE16AB583D2,2023-04-14,BR01,Eluru,Andhra Pradesh,CUST01240,Sandeep Varma,Corporate,P014,Split AC 1.5 Ton,Home Appliances,1,45159.16,0.0,0.83,UPI
TXN6A88D01CB4,2024-10-17,BR01,Eluru,Andhra Pradesh,CUST01138,Divya Rao,Retail,P003,Flagship Smartphone,Mobile,1,48222.23,0.05,0.75,Net Banking
TXN47A82B2D8A,2024-06-12,BR01,Eluru,Andhra Pradesh,CUST01415,Vikram Sharma,Retail,P013,Power Bank,Accessories,1,1729.41,0.0,0.48,Debit Card
TXNE29DA7E1EA,2024-10-05,BR01,Eluru,Andhra Pradesh,CUST00215,Ramesh Sharma,Retail,P003,Flagship Smartphone,Mobile,1,56972.57,0.25,0.75,Debit Card
TXNDB70C96944,2023-06-17,BR01,Eluru,Andhra Pradesh,CUST01083,Pooja Rao,Wholesale,P002,Mid-range Smartphone 5G,Mobile,3,15457.59,0.05,0.78,UPI
TXN2B6017D68A,2023-10-12,BR01,Eluru,Andhra Pradesh,CUST00400,Manoj Rao,Retail,P004,Wireless Earbuds,Mobile,1,5866.52,0.1,0.55,Credit Card
TXND25FDDAEF3,2024-06-20,BR01,Eluru,Andhra Pradesh,CUST01273,Manoj Murthy,Retail,P003,Flagship Smartphone,Mobile,1,63663.92,0.0,0.75,Cash
TXN3A8D18D3E5,2024-07-29,BR01,Eluru,Andhra Pradesh,CUST01003,Pooja Chowdary,Retail,P004,Wireless Earbuds,Mobile,2,4891.62,0.15,0.55,UPI
TXN91FFFA7715,2024-10-11,BR01,Eluru,Andhra Pradesh,CUST00690,Vikram Murthy,Retail,P003,Flagship Smartphone,Mobile,1,65916.26,0.1,0.75,UPI
TXN8E3FD6F2C1,2023-11-07,BR01,Eluru,Andhra Pradesh,CUST00382,Sandeep Sharma,Retail,P009,Laptop Bag,Accessories,1,1621.21,0.15,0.45,UPI
TXNE2E9350C8B,2023-12-29,BR01,Eluru,Andhra Pradesh,CUST00628,Kavya Sarma,Retail,P021,Smart Watch,Electronics,2,5980.86,0.0,0.55,UPI
TXNC42CA84A67,2024-08-14,BR01,Eluru,Andhra Pradesh,CUST01495,Praveen Chowdary,Retail,P004,Wireless Earbuds,Mobile,1,2728.96,0.0,0.55,UPI
TXN20BED80E60,2023-10-21,BR01,Eluru,Andhra Pradesh,CUST00454,Naveen Murthy,Retail,P002,Mid-range Smartphone 5G,Mobile,3,18111.51,0.25,0.78,Cash
TXNE1C3E90D5A,2024-12-18,BR01,Eluru,Andhra Pradesh,CUST00407,Naveen Babu,Corporate,P003,Flagship Smartphone,Mobile,1,72938.65,0.05,0.75,Credit Card
TXN56FA82BCB6,2024-10-19,BR01,Eluru,Andhra Pradesh,CUST00588,Suresh Sharma,Retail,P007,Gaming Laptop i7,Laptop,1,87092.2,0.25,0.78,UPI
TXNF109E62340,2024-07-05,BR01,Eluru,Andhra Pradesh,CUST00539,Priya Prasad,Retail,P001,Budget Smartphone 4G,Mobile,1,10616.75,0.05,0.8,UPI
TXN3A22246249,2024-08-25,BR01,Eluru,Andhra Pradesh,CUST01099,Ajay Rao,Retail,P003,Flagship Smartphone,Mobile,1,73962.64,0.1,0.75,Cash
TXN40B6432783,2023-04-23,BR01,Eluru,Andhra Pradesh,CUST01156,Kavya Prasad,Retail,P013,Power Bank,Accessories,2,1607.91,0.05,0.48,Net Banking
TXN3E1F2D5F0D,2023-11-19,BR01,Eluru,Andhra Pradesh,CUST01207,Sneha Sharma,Retail,P012,Mobile Charger,Accessories,4,1627.65,0.05,0.42,Net Banking
TXNA26766DCC6,2024-12-20,BR01,Eluru,Andhra Pradesh,CUST00584,Kiran Chowdary,Retail,P010,Wireless Mouse,Accessories,2,1108.18,0.1,0.4,UPI
TXN37B4FFE8A3,2024-07-10,BR01,Eluru,Andhra Pradesh,CUST00371,Anitha Kumar,Retail,P008,Ultrabook Thin & Light,Laptop,1,85841.02,0.0,0.79,Debit Card
TXNDF6F04FE0B,2024-08-05,BR01,Eluru,Andhra Pradesh,CUST00713,Aishwarya Babu,Retail,P003,Flagship Smartphone,Mobile,1,77637.13,0.15,0.75,Credit Card
TXNC9E8414A1D,2024-05-03,BR01,Eluru,Andhra Pradesh,CUST00831,Harika Babu,Corporate,P013,Power Bank,Accessories,3,885.51,0.15,0.48,Net Banking
TXN9DAF154B7C,2023-09-09,BR01,Eluru,Andhra Pradesh,CUST00381,Kavya Rao,Retail,P016,Washing Machine,Home Appliances,1,21739.26,0.0,0.8,UPI
TXNDD1D9C2FF3,2023-05-04,BR01,Eluru,Andhra Pradesh,CUST00068,Sandeep Devi,Retail,P018,LED TV 43-inch,Electronics,1,31486.67,0.15,0.8,Cash
TXND1CB0D3A39,2024-10-17,BR01,Eluru,Andhra Pradesh,CUST01322,Ajay Reddy,Retail,P002,Mid-range Smartphone 5G,Mobile,1,19540.82,0.25,0.78,UPI
TXN01362D263F,2024-01-06,BR01,Eluru,Andhra Pradesh,CUST00827,Pooja Sarma,Retail,P015,Refrigerator 300L,Home Appliances,1,30206.88,0.1,0.82,Debit Card
TXNB14CA221ED,2024-12-08,BR01,Eluru,Andhra Pradesh,CUST00077,Swathi Chowdary,Retail,P012,Mobile Charger,Accessories,1,1084.19,0.0,0.42,Net Banking
TXNB93BF4AD0E,2024-09-07,BR01,Eluru,Andhra Pradesh,CUST00700,Pooja Devi,Retail,P004,Wireless Earbuds,Mobile,1,2304.78,0.1,0.55,UPI
TXN4DD8745059,2024-12-11,BR01,Eluru,Andhra Pradesh,CUST00718,Priya Murthy,Retail,P005,Entry Laptop i3,Laptop,1,28016.46,0.15,0.82,Net Banking
TXN8C152CFE2D,2024-12-11,BR01,Eluru,Andhra Pradesh,CUST00061,Meena Kumar,Retail,P019,LED TV 55-inch,Electronics,1,43779.01,0.1,0.79,UPI
TXN1002EECBD0,2023-11-05,BR01,Eluru,Andhra Pradesh,CUST01673,Deepika Kumar,Retail,P020,Home Theatre System,Electronics,2,17161.7,0.0,0.6,UPI
TXN35924E9FEA,2023-12-21,BR01,Eluru,Andhra Pradesh,CUST01962,Ajay Babu,Retail,P011,Bluetooth Speaker,Accessories,4,4535.08,0.15,0.5,Cash
TXN7A7A91480D,2024-03-24,BR01,Eluru,Andhra Pradesh,CUST00576,Divya Chowdary,Retail,P013,Power Bank,Accessories,1,921.55,0.05,0.48,Credit Card
TXN2BB0945EF9,2024-07-29,BR01,Eluru,Andhra Pradesh,CUST00325,Kiran Naidu,Retail,P001,Budget Smartphone 4G,Mobile,1,10159.17,0.0,0.8,Debit Card
TXNB7C759EFB7,2024-01-20,BR01,Eluru,Andhra Pradesh,CUST01406,Divya Chowdary,Wholesale,P012,Mobile Charger,Accessories,1,1184.53,0.0,0.42,Debit Card
TXN25187B21B6,2024-01-31,BR01,Eluru,Andhra Pradesh,CUST00243,Harika Murthy,Retail,P021,Smart Watch,Electronics,2,9476.8,0.0,0.55,UPI
TXN13D8E3C9E1,2023-07-09,BR01,Eluru,Andhra Pradesh,CUST00102,Priya Murthy,Retail,P011,Bluetooth Speaker,Accessories,2,1575.16,0.1,0.5,UPI
TXN0DAFA54B47,2024-12-30,BR01,Eluru,Andhra Pradesh,CUST01454,Lakshmi Naidu,Retail,P017,Microwave Oven,Home Appliances,2,12899.21,0.0,0.75,Cash
TXN1F9E504624,2023-11-05,BR01,Eluru,Andhra Pradesh,CUST00155,Harika Sarma,Retail,P009,Laptop Bag,Accessories,2,1656.76,0.1,0.45,UPI
TXN26071A0D62,2023-07-02,BR01,Eluru,Andhra Pradesh,CUST01188,Srinivas Chowdary,Retail,P020,Home Theatre System,Electronics,2,10712.87,0.0,0.6,Cash
TXN247162784D,2024-04-08,BR01,Eluru,Andhra Pradesh,CUST00897,Pooja Kumar,Retail,P009,Laptop Bag,Accessories,4,1792.53,0.0,0.45,UPI
TXN785FD5AA77,2023-11-09,BR01,Eluru,Andhra Pradesh,CUST01007,Suresh Rao,Wholesale,P004,Wireless Earbuds,Mobile,1,4510.18,0.05,0.55,UPI
TXNA369ACCF77,2024-02-09,BR01,Eluru,Andhra Pradesh,CUST00275,Ramesh Sharma,Retail,P007,Gaming Laptop i7,Laptop,1,93440.39,0.0,0.78,Credit Card
TXNF46310AF3C,2023-03-28,BR01,Eluru,Andhra Pradesh,CUST01329,Praveen Kumar,Wholesale,P006,Business Laptop i5,Laptop,1,42352.92,0.1,0.8,Debit Card
TXNFAA427D58A,2024-08-21,BR01,Eluru,Andhra Pradesh,CUST00158,Deepika Rao,Retail,P003,Flagship Smartphone,Mobile,1,89765.83,0.15,0.75,Credit Card
TXN54612B6118,2024-03-27,BR01,Eluru,Andhra Pradesh,CUST01890,Suresh Kumar,Retail,P003,Flagship Smartphone,Mobile,1,45143.1,0.1,0.75,Net Banking
TXN360FA5692D,2024-09-08,BR01,Eluru,Andhra Pradesh,CUST01106,Lakshmi Sharma,Retail,P004,Wireless Earbuds,Mobile,4,2778.08,0.0,0.55,Cash
TXNF6B6E13858,2023-03-06,BR01,Eluru,Andhra Pradesh,CUST00090,Naveen Naidu,Corporate,P019,LED TV 55-inch,Electronics,1,52371.09,0.0,0.79,UPI
TXND4FCAE71C4,2024-03-13,BR01,Eluru,Andhra Pradesh,CUST00114,Praveen Devi,Retail,P019,LED TV 55-inch,Electronics,1,40708.9,0.0,0.79,Debit Card
TXNE6771DB7B3,2023-05-20,BR01,Eluru,Andhra Pradesh,CUST00546,Deepika Murthy,Retail,P010,Wireless Mouse,Accessories,1,1135.07,0.15,0.4,UPI
TXN73E3A0C58A,2024-01-09,BR01,Eluru,Andhra Pradesh,CUST00662,Ajay Sarma,Corporate,P020,Home Theatre System,Electronics,4,10798.91,0.0,0.6,Cash
TXN0E624987A7,2024-05-19,BR01,Eluru,Andhra Pradesh,CUST01818,Harika Kumar,Retail,P013,Power Bank,Accessories,1,804.94,0.0,0.48,UPI
TXN05C775C35C,2024-02-20,BR01,Eluru,Andhra Pradesh,CUST00606,Pooja Rao,Corporate,P019,LED TV 55-inch,Electronics,1,39841.37,0.15,0.79,Net Banking
TXN9099D48DAB,2023-09-11,BR01,Eluru,Andhra Pradesh,CUST00774,Ajay Prasad,Retail,P011,Bluetooth Speaker,Accessories,1,4004.75,0.05,0.5,Cash
TXND8BD18FE0C,2024-09-09,BR01,Eluru,Andhra Pradesh,CUST01119,Aishwarya Murthy,Retail,P011,Bluetooth Speaker,Accessories,2,4263.93,0.15,0.5,UPI
TXNF36E5E421A,2024-07-18,BR01,Eluru,Andhra Pradesh,CUST00802,Pooja Sarma,Retail,P021,Smart Watch,Electronics,1,9470.61,0.0,0.55,UPI
TXN59A2846E22,2024-06-23,BR01,Eluru,Andhra Pradesh,CUST00999,Manoj Chowdary,Retail,P020,Home Theatre System,Electronics,2,5920.57,0.15,0.6,UPI
TXNAB4BE1D013,2024-08-02,BR01,Eluru,Andhra Pradesh,CUST01737,Swathi Devi,Wholesale,P003,Flagship Smartphone,Mobile,1,79189.02,0.15,0.75,Net Banking
TXNB5F797B6AD,2023-06-01,BR01,Eluru,Andhra Pradesh,CUST00384,Deepika Chowdary,Retail,P015,Refrigerator 300L,Home Appliances,1,27302.44,0.15,0.82,UPI
TXND53DC7AE72,2023-08-05,BR01,Eluru,Andhra Pradesh,CUST01526,Swathi Reddy,Corporate,P021,Smart Watch,Electronics,1,8115.63,0.0,0.55,Cash
TXNF3B529E109,2024-12-03,BR01,Eluru,Andhra Pradesh,CUST01612,Priya Kumar,Wholesale,P011,Bluetooth Speaker,Accessories,1,2888.6,0.05,0.5,UPI
TXN164998B299,2024-06-07,BR01,Eluru,Andhra Pradesh,CUST01983,Sneha Varma,Retail,P009,Laptop Bag,Accessories,1,1293.51,0.15,0.45,Cash
TXN6D4CAB8D02,2024-11-21,BR01,Eluru,Andhra Pradesh,CUST01742,Deepika Rao,Retail,P018,LED TV 43-inch,Electronics,1,33020.91,0.2,0.8,Debit Card
TXNC60BF2D1E4,2023-10-03,BR01,Eluru,Andhra Pradesh,CUST01517,Manoj Sharma,Wholesale,P003,Flagship Smartphone,Mobile,1,85325.04,0.0,0.75,Debit Card
TXN207F2A4700,2023-10-21,BR01,Eluru,Andhra Pradesh,CUST00873,Sandeep Sarma,Retail,P004,Wireless Earbuds,Mobile,2,3806.99,0.15,0.55,UPI
TXN76450BD1B6,2023-06-06,BR01,Eluru,Andhra Pradesh,CUST00841,Pooja Kumar,Retail,P020,Home Theatre System,Electronics,2,7162.96,0.1,0.6,UPI
TXN1EF92A3C05,2023-06-25,BR01,Eluru,Andhra Pradesh,CUST01246,Anitha Kumar,Retail,P003,Flagship Smartphone,Mobile,1,88508.42,0.0,0.75,UPI
TXNEFC62B1FDA,2023-11-13,BR01,Eluru,Andhra Pradesh,CUST00156,Pooja Chowdary,Retail,P010,Wireless Mouse,Accessories,1,1497.93,0.0,0.4,UPI
TXNCC35B7350F,2023-10-04,BR01,Eluru,Andhra Pradesh,CUST01546,Pooja Babu,Retail,P001,Budget Smartphone 4G,Mobile,1,9098.08,0.0,0.8,Cash
TXN3B1CA0A7FA,2023-12-11,BR01,Eluru,Andhra Pradesh,CUST01119,Aishwarya Murthy,Retail,P002,Mid-range Smartphone 5G,Mobile,1,23550.88,0.15,0.78,UPI
TXN1FBB2B6E1E,2024-08-09,BR01,Eluru,Andhra Pradesh,CUST00441,Harika Chowdary,Retail,P013,Power Bank,Accessories,1,2259.01,0.05,0.48,Credit Card
TXN4E983998AA,2024-11-08,BR01,Eluru,Andhra Pradesh,CUST01086,Divya Sharma,Retail,P004,Wireless Earbuds,Mobile,1,4365.01,0.25,0.55,UPI
TXNDA8AF43723,2023-08-23,BR01,Eluru,Andhra Pradesh,CUST00460,Swathi Sharma,Wholesale,P010,Wireless Mouse,Accessories,4,1220.61,0.1,0.4,UPI
TXN8C9FA7983B,2024-06-06,BR01,Eluru,Andhra Pradesh,CUST01297,Manoj Varma,Corporate,P016,Washing Machine,Home Appliances,1,30986.97,0.05,0.8,UPI
TXNEA19133749,2023-10-10,BR01,Eluru,Andhra Pradesh,CUST00666,Kavya Reddy,Retail,P013,Power Bank,Accessories,1,922.59,0.2,0.48,UPI
TXNB90C132B31,2023-12-17,BR01,Eluru,Andhra Pradesh,CUST00532,Ramesh Prasad,Retail,P008,Ultrabook Thin & Light,Laptop,1,63958.83,0.05,0.79,UPI
TXN043A3397CD,2024-04-28,BR01,Eluru,Andhra Pradesh,CUST01805,Deepika Varma,Retail,P019,LED TV 55-inch,Electronics,1,44719.24,0.0,0.79,UPI
TXN22AA1FAE09,2023-10-21,BR01,Eluru,Andhra Pradesh,CUST01658,Vikram Naidu,Retail,P012,Mobile Charger,Accessories,1,721.26,0.05,0.42,UPI
TXNC53BDE54B2,2023-09-30,BR01,Eluru,Andhra Pradesh,CUST01642,Sandeep Prasad,Corporate,P010,Wireless Mouse,Accessories,3,1066.34,0.05,0.4,Net Banking
TXND229711C2E,2023-09-07,BR01,Eluru,Andhra Pradesh,CUST00940,Harika Sharma,Retail,P002,Mid-range Smartphone 5G,Mobile,1,22664.37,0.15,0.78,UPI
TXNCE79B5860B,2023-09-27,BR01,Eluru,Andhra Pradesh,CUST00266,Harika Murthy,Corporate,P012,Mobile Charger,Accessories,1,399.99,0.0,0.42,Cash
TXNF1DB661D3A,2023-07-01,BR01,Eluru,Andhra Pradesh,CUST00891,Kiran Varma,Retail,P005,Entry Laptop i3,Laptop,1,29982.99,0.0,0.82,Net Banking
TXNAC5C47D5FF,2023-12-14,BR01,Eluru,Andhra Pradesh,CUST00292,Aishwarya Prasad,Retail,P021,Smart Watch,Electronics,2,6831.82,0.05,0.55,UPI
TXN4F6A6A03A8,2024-03-27,BR01,Eluru,Andhra Pradesh,CUST01836,Praveen Kumar,Wholesale,P009,Laptop Bag,Accessories,1,1670.48,0.15,0.45,Cash
TXN172088C309,2023-12-17,BR01,Eluru,Andhra Pradesh,CUST01006,Kavya Rao,Retail,P010,Wireless Mouse,Accessories,2,1455.77,0.0,0.4,UPI
TXNA14C9F342B,2024-05-09,BR01,Eluru,Andhra Pradesh,CUST01355,Swathi Sarma,Retail,P008,Ultrabook Thin & Light,Laptop,1,87120.53,0.05,0.79,UPI
TXNAC8834214F,2024-10-04,BR01,Eluru,Andhra Pradesh,CUST01940,Suresh Reddy,Wholesale,P008,Ultrabook Thin & Light,Laptop,1,80787.27,0.0,0.79,Cash
